{"<cs>,it": 0.03963963963963964, "it,is": 0.023423423423423424, "it,<e>": 0.01981981981981982, "<cs>,my": 0.06306306306306306, "my,lords": 0.10810810810810811, "he,is": 0.014414414414414415, "<cs>,not": 0.016216216216216217, "is,not": 0.010810810810810811, "<cs>,what": 0.009009009009009009, "lords,<e>": 0.05765765765765766, "<cs>,and": 0.018018018018018018, "the,noble": 0.032432432432432434, "noble,lord": 0.02702702702702703, "<e>,<s>": 0.02702702702702703, "<cs>,hear": 0.03423423423423423, "hear,hear": 0.032432432432432434, "hear,<e>": 0.036036036036036036, "<cs>,why": 0.014414414414414415, "<cs>,or": 0.010810810810810811, "<cs>,yes": 0.014414414414414415, "yes,<e>": 0.009009009009009009, "<cs>,no": 0.04144144144144144, "no,<e>": 0.04144144144144144, "<cs>,that": 0.018018018018018018, "one,<e>": 0.010810810810810811, "<cs>,question": 0.010810810810810811, "question,<e>": 0.01981981981981982, "<cs>,the": 0.025225225225225224, "<cs>,he": 0.018018018018018018, "not,<e>": 0.012612612612612612, "<cs>,speech": 0.009009009009009009, "speech,<e>": 0.012612612612612612, "<cs>,order": 0.021621621621621623, "order,<e>": 0.01981981981981982, "<cs>,a": 0.021621621621621623, "<cs>,you": 0.014414414414414415, "<cs>,oh": 0.021621621621621623, "oh,<e>": 0.012612612612612612, "<cs>,they": 0.010810810810810811, "they,are": 0.009009009009009009, "it,was": 0.016216216216216217, "that,is": 0.014414414414414415}