{"<cs>,my": 0.03648068669527897, "my,lords": 0.03648068669527897, "lords,i": 0.015021459227467811, "i,must": 0.023605150214592276, "to,the": 0.05793991416309013, "the,noble": 0.06866952789699571, "noble,lord": 0.045064377682403435, "lord,lord": 0.034334763948497854, "for,his": 0.01072961373390558, "of,the": 0.10944206008583691, "<e>,<s>": 0.1223175965665236, "<s>,i": 0.03648068669527897, "<cs>,i": 0.017167381974248927, "noble,lords": 0.017167381974248927, "the,committee": 0.012875536480686695, "on,this": 0.012875536480686695, "this,amendment": 0.017167381974248927, "amendment,<e>": 0.01072961373390558, "i,am": 0.027896995708154508, "in,the": 0.03862660944206009, "the,government": 0.017167381974248927, "i,have": 0.012875536480686695, "<s>,the": 0.01072961373390558, "for,the": 0.034334763948497854, "that,i": 0.02145922746781116, "the,amendment": 0.012875536480686695, "on,the": 0.02145922746781116, "the,house": 0.012875536480686695, "have,been": 0.012875536480686695, "<s>,as": 0.012875536480686695, "the,community": 0.01072961373390558, "that,the": 0.02145922746781116, "it,is": 0.015021459227467811, "the,european": 0.01072961373390558, "to,be": 0.01072961373390558, "lord,mcintosh": 0.01072961373390558}