{"<cs>,my": 0.026919682259488084, "my,lords": 0.02669902912621359, "lords,i": 0.01059135039717564, "i,must": 0.0015445719329214476, "in,the": 0.017210944395410415, "the,subject": 0.0011032656663724624, "my,noble": 0.0037511032656663726, "noble,friend": 0.003971756398940865, "friend,lord": 0.0015445719329214476, "<e>,<s>": 0.09090909090909091, "<s>,in": 0.004192409532215357, "per,cent": 0.003089143865842895, "cent,<e>": 0.003089143865842895, "<s>,of": 0.0015445719329214476, "of,the": 0.022727272727272728, "students,are": 0.0011032656663724624, "<s>,i": 0.018093556928508385, "i,hope": 0.001323918799646955, "very,much": 0.0019858781994704323, "that,the": 0.012797881729920565, "can,be": 0.0015445719329214476, "<s>,if": 0.0019858781994704323, "will,be": 0.007281553398058253, "about,the": 0.00441306266548985, "system,of": 0.0011032656663724624, "education,<e>": 0.0024271844660194173, "people,who": 0.0011032656663724624, "that,many": 0.00176522506619594, "members,of": 0.0011032656663724624, "and,how": 0.001323918799646955, "has,been": 0.004192409532215357, "the,noble": 0.021844660194174758, "noble,baroness": 0.009708737864077669, "baroness,lady": 0.0033097969991173876, "on,this": 0.00176522506619594, "this,matter": 0.0011032656663724624, "that,i": 0.005736981465136805, "i,shall": 0.00264783759929391, "not,be": 0.0019858781994704323, "able,to": 0.0015445719329214476, "of,this": 0.0024271844660194173, "this,debate": 0.001323918799646955, "debate,<e>": 0.001323918799646955, "as,i": 0.0011032656663724624, "i,do": 0.00441306266548985, "i,should": 0.010370697263901147, "should,like": 0.007722859664607238, "that,she": 0.0011032656663724624, "said,about": 0.0011032656663724624, "<s>,as": 0.00176522506619594, "is,a": 0.005957634598411298, "which,is": 0.0015445719329214476, "to,my": 0.0011032656663724624, "that,this": 0.0011032656663724624, "local,authorities": 0.0015445719329214476, "who,are": 0.00176522506619594, "trying,to": 0.00176522506619594, "if,it": 0.0011032656663724624, "the,bill": 0.0019858781994704323, "going,to": 0.0011032656663724624, "to,the": 0.009708737864077669, "of,our": 0.0011032656663724624, "say,that": 0.002206531332744925, "this,house": 0.001323918799646955, "what,i": 0.0011032656663724624, "i,said": 0.001323918799646955, "in,this": 0.0033097969991173876, "like,to": 0.00794351279788173, "noble,lord": 0.00706090026478376, "lord,lord": 0.005957634598411298, "and,i": 0.0019858781994704323, "hope,that": 0.0015445719329214476, "that,we": 0.0024271844660194173, "we,shall": 0.0011032656663724624, "have,the": 0.001323918799646955, "lords,is": 0.003971756398940865, "is,the": 0.007281553398058253, "the,minister": 0.018093556928508385, "minister,aware": 0.0037511032656663726, "aware,that": 0.006840247131509268, "the,inner": 0.001323918799646955, "inner,london": 0.0015445719329214476, "education,authority": 0.0015445719329214476, "to,a": 0.0011032656663724624, "<s>,is": 0.00264783759929391, "that,in": 0.001323918799646955, "the,house": 0.0037511032656663726, "in,a": 0.0033097969991173876, "they,are": 0.00176522506619594, "are,not": 0.0019858781994704323, "<s>,can": 0.00264783759929391, "why,the": 0.0011032656663724624, "the,government": 0.009929390997352162, "government,are": 0.0011032656663724624, "on,the": 0.0048543689320388345, "there,are": 0.004633715798764342, "to,support": 0.002206531332744925, "support,the": 0.0019858781994704323, "the,amendment": 0.00706090026478376, "<s>,the": 0.005957634598411298, "the,first": 0.001323918799646955, "should,also": 0.0011032656663724624, "also,like": 0.0011032656663724624, "thank,the": 0.0024271844660194173, "<s>,there": 0.00264783759929391, "have,been": 0.005075022065313328, "no,<e>": 0.0011032656663724624, "i,believe": 0.0019858781994704323, "believe,that": 0.0024271844660194173, "has,just": 0.001323918799646955, "the,question": 0.001323918799646955, "what,the": 0.004192409532215357, "government,intend": 0.0011032656663724624, "intend,to": 0.0015445719329214476, "to,do": 0.00353045013239188, "do,not": 0.005516328331862313, "not,believe": 0.0011032656663724624, "my,question": 0.0011032656663724624, "question,<e>": 0.0011032656663724624, "<s>,it": 0.005957634598411298, "lords,the": 0.00176522506619594, "before,the": 0.0019858781994704323, "will,do": 0.001323918799646955, "it,is": 0.011253309796999117, "amendment,<e>": 0.005075022065313328, "system,<e>": 0.0011032656663724624, "of,course": 0.0011032656663724624, "that,it": 0.005736981465136805, "it,can": 0.0011032656663724624, "<cs>,i": 0.006398940864960283, "want,to": 0.0015445719329214476, "the,committee": 0.0028684907325684027, "of,a": 0.0015445719329214476, "national,curriculum": 0.0019858781994704323, "there,is": 0.0033097969991173876, "<cs>,perhaps": 0.0015445719329214476, "perhaps,the": 0.001323918799646955, "whether,the": 0.0011032656663724624, "government,have": 0.0015445719329214476, "local,education": 0.0011032656663724624, "<s>,however": 0.0048543689320388345, "however,i": 0.0015445719329214476, "it,would": 0.0019858781994704323, "would,be": 0.0037511032656663726, "kind,of": 0.0011032656663724624, "with,the": 0.0028684907325684027, "the,case": 0.001323918799646955, "should,be": 0.0024271844660194173, "to,this": 0.001323918799646955, "i,beg": 0.0015445719329214476, "beg,leave": 0.00176522506619594, "leave,to": 0.00176522506619594, "to,withdraw": 0.00176522506619594, "withdraw,the": 0.00176522506619594, "friend,lady": 0.0015445719329214476, "<s>,and": 0.0011032656663724624, "to,speak": 0.0011032656663724624, "the,purpose": 0.0011032656663724624, "purpose,of": 0.0011032656663724624, "amendment,is": 0.001323918799646955, "is,to": 0.00176522506619594, "and,to": 0.0024271844660194173, "teachers,and": 0.0011032656663724624, "noble,earl": 0.0024271844660194173, "earl,lord": 0.0019858781994704323, "during,the": 0.0011032656663724624, "it,will": 0.0011032656663724624, "they,will": 0.00176522506619594, "be,a": 0.003089143865842895, "perhaps,i": 0.0033097969991173876, "i,may": 0.002206531332744925, "ask,the": 0.0011032656663724624, "what,he": 0.0011032656663724624, "there,will": 0.00176522506619594, "will,not": 0.002206531332744925, "can,he": 0.002206531332744925, "to,be": 0.005075022065313328, "as,a": 0.002206531332744925, "i,am": 0.009929390997352162, "am,most": 0.0011032656663724624, "most,grateful": 0.0011032656663724624, "grateful,to": 0.0028684907325684027, "<s>,we": 0.003971756398940865, "we,are": 0.0028684907325684027, "to,take": 0.00353045013239188, "one,of": 0.00176522506619594, "available,for": 0.001323918799646955, "the,school": 0.0011032656663724624, "from,the": 0.00176522506619594, "the,secretary": 0.00176522506619594, "secretary,of": 0.00176522506619594, "of,state": 0.00176522506619594, "is,he": 0.0024271844660194173, "unable,to": 0.0011032656663724624, "of,them": 0.001323918799646955, "a,very": 0.0028684907325684027, "at,the": 0.001323918799646955, "the,process": 0.0011032656663724624, "is,not": 0.002206531332744925, "i,wish": 0.0011032656663724624, "wish,to": 0.0024271844660194173, "made,by": 0.00176522506619594, "by,the": 0.006840247131509268, "like,the": 0.001323918799646955, "i,think": 0.00264783759929391, "think,that": 0.001323918799646955, "many,of": 0.002206531332744925, "young,people": 0.002206531332744925, "in,which": 0.001323918799646955, "and,in": 0.0011032656663724624, "in,that": 0.0011032656663724624, "not,think": 0.0011032656663724624, "not,to": 0.001323918799646955, "of,us": 0.0019858781994704323, "who,have": 0.0011032656663724624, "have,had": 0.0015445719329214476, "involved,in": 0.0011032656663724624, "that,<e>": 0.002206531332744925, "rather,than": 0.0015445719329214476, "am,sure": 0.001323918799646955, "will,agree": 0.0011032656663724624, "agree,that": 0.006398940864960283, "if,the": 0.001323918799646955, "to,what": 0.0011032656663724624, "said,<e>": 0.001323918799646955, "that,they": 0.003089143865842895, "accept,that": 0.0015445719329214476, "that,there": 0.003089143865842895, "<s>,that": 0.00353045013239188,