{"<cs>,my": 0.02348364788935312, "my,lords": 0.02377179080824089, "lords,i": 0.010661287998847429, "i,rise": 0.0007203572972194209, "by,the": 0.004754358161648178, "the,noble": 0.025788791240455265, "noble,lord": 0.015991931998271144, "lord,lord": 0.010517216539403544, "i,am": 0.011381645296066849, "am,not": 0.0012966431349949576, "not,a": 0.0011525716755510734, "<e>,<s>": 0.07621380204581472, "<s>,i": 0.023627719348797004, "i,have": 0.005330643999423714, "have,to": 0.0018729289727704942, "in,this": 0.004610286702204294, "this,debate": 0.001584786053882726, "as,the": 0.001584786053882726, "the,regional": 0.0007203572972194209, "regional,chairman": 0.0007203572972194209, "of,the": 0.023051433511021468, "that,has": 0.0011525716755510734, "some,of": 0.000864428756663305, "i,agree": 0.000864428756663305, "agree,with": 0.0007203572972194209, "with,him": 0.000864428756663305, "per,cent": 0.002449214810546031, "cent,<e>": 0.002305143351102147, "<s>,that": 0.001584786053882726, "between,the": 0.0012966431349949576, "and,the": 0.004034000864428756, "committee,on": 0.0007203572972194209, "it,is": 0.010229073620515776, "and,that": 0.002593286269989915, "that,is": 0.004322143783316525, "is,the": 0.0037458579455409884, "to,the": 0.017144503673822215, "the,patient": 0.0012966431349949576, "i,wish": 0.0011525716755510734, "would,have": 0.001008500216107189, "have,been": 0.0030255006483215674, "in,the": 0.012966431349949575, "the,question": 0.0012966431349949576, "it,was": 0.001008500216107189, "of,his": 0.0012966431349949576, "<cs>,i": 0.006051001296643135, "am,sorry": 0.000864428756663305, "ask,the": 0.0030255006483215674, "the,department": 0.001584786053882726, "department,of": 0.001008500216107189, "for,that": 0.000864428756663305, "kind,of": 0.001008500216107189, "<s>,but": 0.0012966431349949576, "on,the": 0.005330643999423714, "and,i": 0.003601786486097104, "i,believe": 0.002593286269989915, "believe,that": 0.002017000432214378, "that,in": 0.001584786053882726, "the,future": 0.00172885751332661, "when,i": 0.001584786053882726, "that,it": 0.004898429621092062, "there,is": 0.004034000864428756, "is,a": 0.002593286269989915, "the,same": 0.0014407145944388417, "that,we": 0.004898429621092062, "i,should": 0.00792393026941363, "think,that": 0.0011525716755510734, "that,that": 0.001584786053882726, "that,was": 0.000864428756663305, "that,a": 0.001008500216107189, "the,right": 0.0018729289727704942, "i,was": 0.0050425010805359455, "to,join": 0.0021610718916582625, "i,must": 0.001584786053882726, "i,had": 0.0007203572972194209, "was,not": 0.0007203572972194209, "able,to": 0.001008500216107189, "to,be": 0.004466215242760409, "all,the": 0.0012966431349949576, "the,committee": 0.0011525716755510734, "but,i": 0.003169572107765452, "i,too": 0.0014407145944388417, "should,like": 0.004466215242760409, "like,to": 0.0066272871344186714, "join,in": 0.0007203572972194209, "noble,earl": 0.002737357729433799, "earl,lord": 0.000864428756663305, "on,his": 0.0007203572972194209, "maiden,speech": 0.000864428756663305, "speech,<e>": 0.0007203572972194209, "that,i": 0.0030255006483215674, "i,shall": 0.0021610718916582625, "the,debate": 0.002449214810546031, "debate,and": 0.000864428756663305, "future,<e>": 0.000864428756663305, "am,sure": 0.000864428756663305, "that,there": 0.002593286269989915, "there,are": 0.0012966431349949576, "which,we": 0.0007203572972194209, "on,this": 0.0011525716755510734, "going,to": 0.0012966431349949576, "with,a": 0.0007203572972194209, "i,think": 0.002449214810546031, "it,<e>": 0.001584786053882726, "<s>,it": 0.005330643999423714, "it,seems": 0.001008500216107189, "a,question": 0.001008500216107189, "may,i": 0.0038899294049848723, "not,being": 0.0007203572972194209, "when,he": 0.0007203572972194209, "the,house": 0.0030255006483215674, "house,<e>": 0.0012966431349949576, "of,my": 0.000864428756663305, "very,much": 0.0018729289727704942, "having,been": 0.0007203572972194209, "i,did": 0.0007203572972194209, "at,least": 0.0014407145944388417, "these,benches": 0.001008500216107189, "we,should": 0.001584786053882726, "at,the": 0.003169572107765452, "that,the": 0.012246074052730154, "noble,baroness": 0.005906929837199251, "baroness,lady": 0.003169572107765452, "and,to": 0.00172885751332661, "to,say": 0.0011525716755510734, "how,much": 0.0011525716755510734, "as,a": 0.002449214810546031, "and,his": 0.000864428756663305, "people,in": 0.0007203572972194209, "this,house": 0.002449214810546031, "about,the": 0.0037458579455409884, "the,health": 0.0030255006483215674, "health,service": 0.005330643999423714, "with,the": 0.005474715458867598, "the,second": 0.0007203572972194209, "of,a": 0.000864428756663305, "a,regional": 0.000864428756663305, "regional,health": 0.0012966431349949576, "health,authority": 0.001584786053882726, "so,that": 0.0007203572972194209, "before,the": 0.001008500216107189, "lord,for": 0.0011525716755510734, "for,a": 0.0021610718916582625, "will,be": 0.002449214810546031, "enough,to": 0.0007203572972194209, "to,me": 0.001008500216107189, "very,interested": 0.0007203572972194209, "in,a": 0.002449214810546031, "the,change": 0.0007203572972194209, "should,be": 0.00172885751332661, "in,that": 0.000864428756663305, "to,a": 0.0014407145944388417, "because,i": 0.0012966431349949576, "we,have": 0.004754358161648178, "a,large": 0.000864428756663305, "number,of": 0.001584786053882726, "national,health": 0.0037458579455409884, "if,the": 0.001008500216107189, "think,it": 0.000864428756663305, "for,the": 0.005618786918311482, "the,new": 0.0007203572972194209, "<cs>,may": 0.0007203572972194209, "the,end": 0.000864428756663305, "of,this": 0.002017000432214378, "debate,<e>": 0.001584786053882726, "should,have": 0.001584786053882726, "i,say": 0.001008500216107189, "say,that": 0.0011525716755510734, "the,last": 0.000864428756663305, "when,the": 0.0011525716755510734, "the,national": 0.0030255006483215674, "of,all": 0.0007203572972194209, "service,<e>": 0.002737357729433799, "<s>,so": 0.0007203572972194209, "so,i": 0.0007203572972194209, "hope,that": 0.0007203572972194209, "we,would": 0.0007203572972194209, "would,not": 0.001584786053882726, "not,have": 0.001008500216107189, "have,a": 0.0014407145944388417, "of,that": 0.0007203572972194209, "thought,that": 0.001008500216107189, "to,have": 0.001584786053882726, "have,an": 0.0007203572972194209, "to,deal": 0.001008500216107189, "deal,with": 0.000864428756663305, "within,the": 0.0011525716755510734, "the,region": 0.001008500216107189, "am,very": 0.001008500216107189, "very,grateful": 0.0012966431349949576, "grateful,to": 0.003169572107765452, "for,her": 0.0007203572972194209, "reply,<e>": 0.001584786053882726, "<s>,when": 0.001008500216107189, "use,of": 0.0007203572972194209, "i,thought": 0.001008500216107189, "which,the": 0.0011525716755510734, "there,was": 0.0007203572972194209, "<s>,the": 0.0038899294049848723, "health,authorities": 0.0018729289727704942, "members,of": 0.0012966431349949576, "the,way": 0.0007203572972194209, "way,in": 0.000864428756663305, "in,which": 0.0021610718916582625, "of,health": 0.0011525716755510734, "agree,that": 0.005474715458867598, "i,ask": 0.0021610718916582625, "it,would": 0.0012966431349949576, "not,be": 0.0012966431349949576, "from,the": 0.0028814291888776835, "<s>,in": 0.0028814291888776835, "is,an": 0.001008500216107189, "he,is": 0.0012966431349949576, "i,thank": 0.002737357729433799, "thank,the": 0.004466215242760409, "much,for": 0.001008500216107189, "reply,and": 0.0007203572972194209, "and,for": 0.001584786053882726, "would,be": 0.0018729289727704942, "be,very": 0.001008500216107189, "of,their": 0.001008500216107189, "is,no": 0.0011525716755510734, "that,this": 0.0011525716755510734, "am,grateful": 0.000864428756663305, "has,been": 0.0030255006483215674, "i,feel": 0.0007203572972194209, "about,what": 0.000864428756663305, "what,the": 0.002305143351102147, "the,government": 0.004754358161648178, "government,are": 0.0011525716755510734, "trying,to": 0.0014407145944388417,