{"<cs>,my": 0.02011403230915426, "my,lords": 0.019955654101995565, "it,is": 0.0066518847006651885, "is,a": 0.0030091859360152043, "a,great": 0.0011086474501108647, "me,to": 0.0023756731073804245, "lords,i": 0.007918910357934749, "i,think": 0.004117833386126069, "think,that": 0.0019005384859043396, "that,in": 0.0007918910357934748, "we,should": 0.0011086474501108647, "should,be": 0.003484320557491289, "the,situation": 0.0009502692429521698, "on,a": 0.0015837820715869496, "lords,in": 0.0019005384859043396, "the,question": 0.0020589166930630345, "by,the": 0.0066518847006651885, "the,noble": 0.02043078872347165, "noble,lord": 0.014254038644282548, "lord,lord": 0.008235666772252138, "in,relation": 0.0007918910357934748, "relation,to": 0.0009502692429521698, "to,the": 0.013937282229965157, "is,it": 0.0007918910357934748, "that,the": 0.006968641114982578, "of,all": 0.0009502692429521698, "all,the": 0.0017421602787456446, "in,the": 0.012670256572695597, "of,what": 0.0011086474501108647, "and,that": 0.0019005384859043396, "that,they": 0.0011086474501108647, "<e>,<s>": 0.0660437123851758, "to,that": 0.0009502692429521698, "take,the": 0.0007918910357934748, "<cs>,before": 0.0011086474501108647, "to,a": 0.0017421602787456446, "to,your": 0.0007918910357934748, "your,lordships": 0.0039594551789673745, "reply,to": 0.0011086474501108647, "the,last": 0.0007918910357934748, "for,the": 0.004434589800443459, "the,opposition": 0.0009502692429521698, "on,this": 0.0017421602787456446, "this,particular": 0.0011086474501108647, "i,should": 0.008077288565093443, "should,like": 0.005701615457713019, "like,to": 0.0066518847006651885, "the,committee": 0.0017421602787456446, "part,of": 0.0015837820715869496, "of,my": 0.0020589166930630345, "of,this": 0.003801076971808679, "this,bill": 0.0009502692429521698, "<s>,it": 0.005384859043395629, "it,was": 0.0020589166930630345, "was,not": 0.0014254038644282547, "not,a": 0.0007918910357934748, "a,question": 0.0011086474501108647, "question,of": 0.0014254038644282547, "there,was": 0.0007918910357934748, "in,this": 0.005543237250554324, "this,house": 0.0020589166930630345, "house,on": 0.0007918910357934748, "amendment,to": 0.0009502692429521698, "the,bill": 0.0039594551789673745, "point,<e>": 0.0011086474501108647, "my,noble": 0.018371872030408617, "noble,friend": 0.013620525815647768, "<s>,as": 0.0012670256572695597, "with,the": 0.0042762115932847644, "the,european": 0.011086474501108648, "european,community": 0.003801076971808679, "way,<e>": 0.0017421602787456446, "lords,would": 0.0009502692429521698, "would,my": 0.0009502692429521698, "on,the": 0.006810262907823884, "<s>,is": 0.0019005384859043396, "is,not": 0.0023756731073804245, "not,the": 0.0009502692429521698, "the,problem": 0.0007918910357934748, "have,been": 0.003484320557491289, "of,the": 0.029141590117199873, "the,world": 0.0007918910357934748, "<s>,surely": 0.0007918910357934748, "this,is": 0.0011086474501108647, "the,commission": 0.0012670256572695597, "members,of": 0.0030091859360152043, "of,our": 0.0007918910357934748, "i,beg": 0.0012670256572695597, "beg,leave": 0.0011086474501108647, "leave,to": 0.0011086474501108647, "my,name": 0.0007918910357934748, "i,thank": 0.0017421602787456446, "thank,the": 0.0023756731073804245, "the,minister": 0.003801076971808679, "for,that": 0.0009502692429521698, "reply,<e>": 0.0009502692429521698, "<s>,will": 0.0011086474501108647, "will,he": 0.0009502692429521698, "confirm,that": 0.0015837820715869496, "the,way": 0.0012670256572695597, "way,in": 0.0009502692429521698, "in,which": 0.0015837820715869496, "which,the": 0.0014254038644282547, "at,the": 0.0033259423503325942, "the,moment": 0.0012670256572695597, "kind,of": 0.0012670256572695597, "when,they": 0.0007918910357934748, "they,are": 0.0011086474501108647, "will,be": 0.0039594551789673745, "some,of": 0.0009502692429521698, "which,i": 0.0017421602787456446, "i,believe": 0.0020589166930630345, "to,go": 0.0009502692429521698, "the,community": 0.0033259423503325942, "the,future": 0.0011086474501108647, "to,join": 0.0011086474501108647, "noble,lords": 0.0042762115932847644, "in,thanking": 0.0007918910357934748, "friend,lord": 0.003642698764649984, "for,introducing": 0.0007918910357934748, "<s>,i": 0.016788089958821667, "i,know": 0.0007918910357934748, "know,that": 0.0011086474501108647, "that,we": 0.003484320557491289, "we,shall": 0.0009502692429521698, "friend,the": 0.0033259423503325942, "wonder,whether": 0.0020589166930630345, "the,time": 0.0007918910357934748, "speech,<e>": 0.0007918910357934748, "that,there": 0.003801076971808679, "there,is": 0.0023756731073804245, "to,be": 0.003642698764649984, "the,debate": 0.0015837820715869496, "that,i": 0.0039594551789673745, "lord,has": 0.0007918910357934748, "to,thank": 0.0017421602787456446, "thank,my": 0.0009502692429521698, "for,his": 0.0011086474501108647, "that,many": 0.0007918910357934748, "for,giving": 0.0014254038644282547, "<s>,if": 0.0022172949002217295, "to,say": 0.0019005384859043396, "about,the": 0.0009502692429521698, "the,fact": 0.0017421602787456446, "fact,that": 0.0017421602787456446, "was,a": 0.0007918910357934748, "one,of": 0.0025340513145391194, "wish,to": 0.0022172949002217295, "house,and": 0.0007918910357934748, "all,sides": 0.0007918910357934748, "is,the": 0.0033259423503325942, "<s>,that": 0.0022172949002217295, "that,is": 0.003801076971808679, "before,the": 0.0020589166930630345, "many,of": 0.0015837820715869496, "of,us": 0.0020589166930630345, "will,have": 0.0007918910357934748, "and,i": 0.0025340513145391194, "i,have": 0.0039594551789673745, "have,a": 0.0014254038644282547, "deal,with": 0.0009502692429521698, "that,my": 0.0012670256572695597, "i,wonder": 0.0020589166930630345, "the,amendment": 0.0028508077288565093, "it,would": 0.0022172949002217295, "in,fact": 0.0009502692429521698, "british,citizens": 0.0015837820715869496, "who,have": 0.0025340513145391194, "would,not": 0.0017421602787456446, "have,the": 0.0020589166930630345, "which,he": 0.0012670256572695597, "should,have": 0.0007918910357934748, "as,it": 0.0011086474501108647, "it,that": 0.0007918910357934748, "community,institutions": 0.0009502692429521698, "who,are": 0.0019005384859043396, "are,not": 0.0014254038644282547, "from,the": 0.0022172949002217295, "the,united": 0.0042762115932847644, "united,kingdom": 0.004117833386126069, "not,be": 0.0028508077288565093, "clause,<e>": 0.0022172949002217295, "friend,will": 0.0007918910357934748, "will,allow": 0.0011086474501108647, "allow,me": 0.0017421602787456446, "to,intervene": 0.0012670256572695597, "accept,that": 0.0012670256572695597, "that,one": 0.0007918910357934748, "we,have": 0.003642698764649984, "have,had": 0.0015837820715869496, "have,not": 0.0007918910357934748, "within,the": 0.0011086474501108647, "to,get": 0.0011086474501108647, "they,have": 0.0019005384859043396, "that,this": 0.0020589166930630345, "aware,that": 0.0022172949002217295, "that,if": 0.0009502692429521698, "if,he": 0.0011086474501108647, "and,the": 0.004434589800443459, "the,government": 0.0028508077288565093, "will,not": 0.0007918910357934748, "want,to": 0.0009502692429521698, "to,see": 0.0009502692429521698, "<s>,would": 0.0009502692429521698, "would,he": 0.0009502692429521698, "back,to": 0.0011086474501108647, "time,<e>": 0.0007918910357934748, "under,clause": 0.0025340513145391194, "the,child": 0.0015837820715869496, "as,a": 0.0019005384859043396, "a,british": 0.0012670256572695597, "<cs>,i": 0.0066518847006651885, "i,apologise": 0.0011086474501108647, "apologise,to": 0.0007918910357934748, "to,my": 0.0042762115932847644, "perhaps,i": 0.0011086474501108647, "this,point": 0.0009502692429521698, "would,be": 0.003642698764649984, "to,this": 0.0015837820715869496, "this,country": 0.004592968007602154, "country,and": 0.0007918910357934748, "should,not": 0.0009502692429521698, "be,able": 0.0019005384859043396, "able,to": 0.0023756731073804245, "british,citizen": 0.0011086474501108647, "very,much": 0.0019005384859043396,