{"<cs>,my": 0.013869625520110958, "my,lords": 0.013869625520110958, "lords,i": 0.009456562854621106, "i,am": 0.011852225444458454, "grateful,to": 0.0012608750472828142, "to,the": 0.008573950321523137, "the,noble": 0.02471315092674316, "noble,lord": 0.012230487958643298, "lord,lord": 0.010339175387719076, "lord,winstanley": 0.00088261253309797, "and,for": 0.0007565250283696885, "for,giving": 0.0007565250283696885, "giving,us": 0.0006304375236414071, "us,the": 0.0006304375236414071, "opportunity,to": 0.0010087000378262514, "to,hear": 0.0016391375614676585, "i,should": 0.013491363005926113, "should,like": 0.011978312949186736, "like,to": 0.011726137939730173, "most,warmly": 0.0013869625520110957, "<e>,<s>": 0.08359601563485058, "<s>,i": 0.02748707603076535, "for,the": 0.005673937712772664, "by,the": 0.0037826251418484427, "noble,baroness": 0.008573950321523137, "baroness,lady": 0.0037826251418484427, "i,have": 0.003278275122935317, "in,the": 0.008195687807338294, "feel,that": 0.0016391375614676585, "that,in": 0.00088261253309797, "to,take": 0.0006304375236414071, "in,this": 0.00088261253309797, "that,i": 0.00441306266548985, "<cs>,may": 0.0012608750472828142, "may,i": 0.0027739251040221915, "i,also": 0.001134787542554533, "support,my": 0.00088261253309797, "my,noble": 0.0063043752364140716, "noble,friend": 0.005169587693859538, "<s>,as": 0.002395662589837347, "he,has": 0.0010087000378262514, "has,already": 0.0013869625520110957, "<s>,the": 0.0066826377505989154, "is,that": 0.0010087000378262514, "that,the": 0.008952212835707981, "the,education": 0.0006304375236414071, "all,the": 0.001513050056739377, "the,local": 0.0007565250283696885, "local,authorities": 0.0010087000378262514, "<s>,they": 0.0018913125709242213, "they,are": 0.0018913125709242213, "as,the": 0.003908712646576724, "part,of": 0.00088261253309797, "of,the": 0.016643550624133148, "the,national": 0.001134787542554533, "in,a": 0.001513050056739377, "are,not": 0.0016391375614676585, "i,say": 0.00088261253309797, "say,a": 0.0018913125709242213, "a,few": 0.0025217500945656285, "few,words": 0.0016391375614676585, "to,my": 0.0007565250283696885, "noble,friends": 0.001134787542554533, "friends,amendment": 0.00088261253309797, "amendment,<e>": 0.00794351279788173, "<s>,we": 0.001513050056739377, "about,the": 0.004160887656033287, "people,with": 0.0012608750472828142, "of,disabled": 0.0010087000378262514, "disabled,people": 0.002395662589837347, "people,<e>": 0.0006304375236414071, "is,not": 0.0018913125709242213, "i,hope": 0.002395662589837347, "hope,that": 0.002395662589837347, "that,she": 0.002143487580380784, "<s>,it": 0.005673937712772664, "it,is": 0.010843525406632203, "is,a": 0.00264783759929391, "for,her": 0.00264783759929391, "this,amendment": 0.005673937712772664, "it,<e>": 0.00264783759929391, "<cs>,i": 0.009708737864077669, "to,support": 0.004539150170218132, "going,to": 0.0016391375614676585, "to,go": 0.0007565250283696885, "go,into": 0.0006304375236414071, "this,matter": 0.0006304375236414071, "that,we": 0.0029000126087504728, "we,are": 0.0018913125709242213, "schools,and": 0.0006304375236414071, "and,the": 0.00264783759929391, "the,ordinary": 0.0007565250283696885, "be,able": 0.001134787542554533, "able,to": 0.0018913125709242213, "i,ask": 0.00088261253309797, "ask,the": 0.001513050056739377, "the,minister": 0.011726137939730173, "whether,she": 0.0006304375236414071, "that,if": 0.001134787542554533, "section,of": 0.001134787542554533, "the,act": 0.002143487580380784, "had,been": 0.0006304375236414071, "we,have": 0.00176522506619594, "have,been": 0.001513050056739377, "am,not": 0.002143487580380784, "i,would": 0.0007565250283696885, "with,the": 0.0037826251418484427, "act,<e>": 0.0012608750472828142, "that,it": 0.0036565376371201614, "it,was": 0.001513050056739377, "was,not": 0.0006304375236414071, "and,i": 0.0037826251418484427, "i,think": 0.005421762703316102, "think,the": 0.0006304375236414071, "was,a": 0.00088261253309797, "at,report": 0.0007565250283696885, "an,amendment": 0.0012608750472828142, "at,committee": 0.0007565250283696885, "the,<e>": 0.0007565250283696885, "to,speak": 0.00088261253309797, "very,briefly": 0.0006304375236414071, "the,new": 0.0007565250283696885, "with,special": 0.0013869625520110957, "will,be": 0.0034043626276635984, "have,not": 0.0007565250283696885, "of,my": 0.0013869625520110957, "but,i": 0.005043500189131257, "should,be": 0.002395662589837347, "be,extremely": 0.00088261253309797, "to,me": 0.00088261253309797, "before,the": 0.00088261253309797, "report,stage": 0.00088261253309797, "at,the": 0.0025217500945656285, "the,same": 0.001513050056739377, "amendment,which": 0.0006304375236414071, "to,ensure": 0.0010087000378262514, "ensure,that": 0.0010087000378262514, "would,be": 0.003026100113478754, "be,made": 0.0007565250283696885, "<s>,this": 0.0007565250283696885, "try,to": 0.0006304375236414071, "the,amendment": 0.009582650359349389, "amendment,because": 0.001134787542554533, "and,that": 0.0007565250283696885, "<s>,although": 0.0006304375236414071, "and,it": 0.0007565250283696885, "a,very": 0.001513050056739377, "very,good": 0.0006304375236414071, "as,i": 0.00176522506619594, "i,can": 0.0010087000378262514, "<s>,if": 0.002017400075652503, "they,have": 0.0006304375236414071, "i,wonder": 0.00088261253309797, "lords,perhaps": 0.0007565250283696885, "perhaps,i": 0.0027739251040221915, "i,may": 0.0029000126087504728, "noble,lords": 0.002395662589837347, "on,this": 0.0013869625520110957, "and,also": 0.001134787542554533, "what,the": 0.001513050056739377, "lord,renton": 0.0013869625520110957, "has,said": 0.00176522506619594, "said,about": 0.0012608750472828142, "of,this": 0.0016391375614676585, "clause,<e>": 0.00088261253309797, "i,had": 0.0013869625520110957, "very,much": 0.0027739251040221915, "much,more": 0.0006304375236414071, "at,least": 0.00088261253309797, "the,whole": 0.001134787542554533, "to,have": 0.003026100113478754, "do,not": 0.003026100113478754, "to,thank": 0.004286975160761568, "thank,the": 0.006934812760055479, "baroness,<e>": 0.0006304375236414071, "think,that": 0.0025217500945656285, "that,one": 0.0007565250283696885, "people,and": 0.0006304375236414071, "also,the": 0.0006304375236414071, "hear,the": 0.0006304375236414071, "<s>,for": 0.0006304375236414071, "has,given": 0.0007565250283696885, "on,the": 0.003908712646576724, "we,shall": 0.0006304375236414071, "to,say": 0.0034043626276635984, "words,in": 0.001513050056739377, "in,support": 0.0013869625520110957, "support,of": 0.0016391375614676585, "amendment,no": 0.004034800151305006, "no,<e>": 0.004160887656033287, "as,well": 0.001134787542554533, "well,<e>": 0.0010087000378262514, "noble,and": 0.0006304375236414071, "and,learned": 0.0006304375236414071, "as,it": 0.0007565250283696885, "more,than": 0.0006304375236414071, "the,moment": 0.0010087000378262514, "<s>,is": 0.00088261253309797, "<s>,but": 0.0016391375614676585, "if,i": 0.001134787542554533, "to,prove": 0.0006304375236414071, "that,amendment": 0.0006304375236414071, "think,it": 0.0012608750472828142, "it,would": 0.00176522506619594, "have,a": 0.0018913125709242213, "could,be": 0.00088261253309797, "and,not": 0.0006304375236414071, "disabled,<e>": 0.0010087000378262514, "necessary,to": 0.0006304375236414071, "and,to": 0.0012608750472828142, "<s>,therefore": 0.0010087000378262514, "the,government": 0.001513050056739377, "seems,to": 0.0006304375236414071, "lord,campbell": 0.0010087000378262514, "campbell,of": 0.00088261253309797, "amendment,and": 0.0010087000378262514, "minister,for": 0.003908712646576724, "that,he": 0.0018913125709242213, "it,and": 0.0006304375236414071, "who,have": 0.0018913125709242213, "am,delighted": 0.001134787542554533, "delighted,to": 0.0007565250283696885, "that,they": 0.00176522506619594, "to,make": 0.0010087000378262514, "the,disabled": 0.00264783759929391, "bill,<e>": 0.00176522506619594, "i,shall": 0.003278275122935317, "shall,be": 0.0007565250283696885, "extremely,brief": 0.0006304375236414071,