{"<cs>,my": 0.030689613671922012, "my,lords": 0.03165242508123721, "lords,is": 0.0037308942110964014, "is,the": 0.006498977012877603, "the,noble": 0.017932362498495606, "noble,lord": 0.013960765435070405, "to,the": 0.004934408472740402, "if,we": 0.002286677097123601, "is,it": 0.003369839932603201, "it,not": 0.0044530027680828015, "not,true": 0.0013238656878084005, "true,to": 0.002527379949452401, "to,say": 0.0037308942110964014, "say,that": 0.0044530027680828015, "that,the": 0.005897219882055603, "the,government": 0.006017571308220003, "government,have": 0.0006017571308220002, "of,the": 0.010831628354796004, "from,the": 0.0018052713924660007, "when,they": 0.0008424599831508003, "true,that": 0.0007221085569864003, "on,the": 0.003971597063425201, "they,have": 0.0010831628354796004, "we,have": 0.005415814177398002, "lords,may": 0.008183896979179203, "may,i": 0.015525333975207606, "add,one": 0.0006017571308220002, "one,sentence": 0.0009628114093152004, "sentence,to": 0.0006017571308220002, "to,this": 0.0012035142616440004, "this,<e>": 0.0021663256709592007, "<e>,<s>": 0.07726561559754483, "<s>,there": 0.0020459742447948006, "there,is": 0.005175111325069202, "lord,lord": 0.005054759898904802, "one,of": 0.0012035142616440004, "the,first": 0.0019256228186304008, "in,this": 0.005415814177398002, "this,country": 0.0028884342279456013, "country,and": 0.0006017571308220002, "that,we": 0.004814057046576002, "lords,i": 0.005656517029726802, "i,am": 0.005656517029726802, "this,debate": 0.0008424599831508003, "debate,<e>": 0.0012035142616440004, "<s>,i": 0.014682873992056806, "i,wish": 0.0009628114093152004, "at,the": 0.002286677097123601, "some,of": 0.0012035142616440004, "the,speech": 0.0008424599831508003, "speech,of": 0.0007221085569864003, "of,my": 0.0006017571308220002, "my,noble": 0.005656517029726802, "noble,friend": 0.005536165603562402, "noble,viscount": 0.0008424599831508003, "with,him": 0.0012035142616440004, "one,point": 0.0006017571308220002, "and,that": 0.0009628114093152004, "he,said": 0.0010831628354796004, "we,could": 0.0006017571308220002, "could,not": 0.0006017571308220002, "not,be": 0.0037308942110964014, "education,<e>": 0.0008424599831508003, "<s>,if": 0.0020459742447948006, "is,going": 0.0012035142616440004, "going,to": 0.002407028523288001, "to,be": 0.003971597063425201, "has,to": 0.0006017571308220002, "be,a": 0.0010831628354796004, "in,a": 0.0009628114093152004, "before,the": 0.0032494885064388015, "lord,sits": 0.002527379949452401, "sits,down": 0.0038512456372608015, "down,may": 0.002768082801781201, "to,what": 0.0006017571308220002, "what,the": 0.0020459742447948006, "has,said": 0.0009628114093152004, "has,he": 0.0009628114093152004, "the,national": 0.0010831628354796004, "about,this": 0.002527379949452401, "this,bill": 0.0015645685401372007, "bill,<e>": 0.0013238656878084005, "<s>,has": 0.0008424599831508003, "about,the": 0.0037308942110964014, "the,bill": 0.0012035142616440004, "not,only": 0.0016849199663016006, "said,that": 0.0008424599831508003, "i,do": 0.0028884342279456013, "do,not": 0.006137922734384403, "not,know": 0.0007221085569864003, "but,he": 0.0006017571308220002, "he,has": 0.0021663256709592007, "i,add": 0.0007221085569864003, "<s>,what": 0.0028884342279456013, "for,the": 0.004091948489589601, "noble,baroness": 0.0015645685401372007, "baroness,lady": 0.0007221085569864003, "not,to": 0.0008424599831508003, "on,this": 0.0034901913587676013, "this,matter": 0.0018052713924660007, "i,ask": 0.011313034059453605, "ask,the": 0.008906005536165603, "the,minister": 0.012275845468768806, "he,is": 0.0018052713924660007, "is,to": 0.0009628114093152004, "that,he": 0.0010831628354796004, "unemployment,<e>": 0.0014442171139728006, "<s>,in": 0.0013238656878084005, "with,the": 0.0028884342279456013, "into,the": 0.0010831628354796004, "<s>,it": 0.008785654110001203, "it,seems": 0.002407028523288001, "seems,to": 0.002407028523288001, "to,me": 0.002768082801781201, "me,that": 0.0016849199663016006, "have,had": 0.0007221085569864003, "<s>,we": 0.0034901913587676013, "we,are": 0.0031291370802744014, "that,this": 0.0021663256709592007, "the,united": 0.0018052713924660007, "united,nations": 0.0015645685401372007, "when,the": 0.0012035142616440004, "not,think": 0.0008424599831508003, "it,is": 0.010590925502467204, "to,have": 0.0020459742447948006, "lords,does": 0.0008424599831508003, "does,the": 0.0007221085569864003, "noble,earl": 0.0006017571308220002, "not,agree": 0.0008424599831508003, "agree,that": 0.002286677097123601, "of,this": 0.0015645685401372007, "to,congratulate": 0.0007221085569864003, "congratulate,my": 0.0006017571308220002, "who,has": 0.0008424599831508003, "has,just": 0.0006017571308220002, "this,side": 0.0007221085569864003, "the,house": 0.0007221085569864003, "house,<e>": 0.0007221085569864003, "that,i": 0.0028884342279456013, "but,i": 0.0012035142616440004, "i,think": 0.0021663256709592007, "think,that": 0.0020459742447948006, "his,speech": 0.0015645685401372007, "and,i": 0.004212299915754001, "of,it": 0.0007221085569864003, "it,<e>": 0.0030087856541100013, "i,should": 0.006258274160548803, "like,to": 0.006017571308220003, "friend,lord": 0.002768082801781201, "lord,wells-pestell": 0.0006017571308220002, "on,his": 0.0007221085569864003, "which,i": 0.0010831628354796004, "i,shall": 0.0012035142616440004, "all,the": 0.002286677097123601, "the,conservative": 0.0006017571308220002, "as,i": 0.0013238656878084005, "<s>,my": 0.0008424599831508003, "that,is": 0.0043326513419184014, "is,not": 0.0057768684558912025, "me,<e>": 0.0006017571308220002, "wish,to": 0.0012035142616440004, "very,important": 0.0008424599831508003, "this,question": 0.0014442171139728006, "is,absolutely": 0.0007221085569864003, "we,shall": 0.0010831628354796004, "have,to": 0.0019256228186304008, "to,do": 0.0021663256709592007, "lords,before": 0.0031291370802744014, "ask,him": 0.0030087856541100013, "him,whether": 0.0006017571308220002, "whether,it": 0.0013238656878084005, "it,would": 0.0007221085569864003, "would,be": 0.0012035142616440004, "only,a": 0.0006017571308220002, "whether,the": 0.0009628114093152004, "government,are": 0.0013238656878084005, "of,what": 0.0008424599831508003, "they,are": 0.002768082801781201, "in,the": 0.008304248405343603, "the,world": 0.0009628114093152004, "today,<e>": 0.0006017571308220002, "lords,it": 0.0006017571308220002, "is,a": 0.006137922734384403, "me,to": 0.0010831628354796004, "to,follow": 0.0006017571308220002, "noble,and": 0.0007221085569864003, "and,learned": 0.0007221085569864003, "learned,lord": 0.0007221085569864003, "the,last": 0.0010831628354796004, "<s>,as": 0.0006017571308220002, "as,a": 0.0016849199663016006, "should,like": 0.005536165603562402, "i,have": 0.0043326513419184014, "part,of": 0.0007221085569864003, "i,say": 0.0010831628354796004, "i,support": 0.0008424599831508003, "support,the": 0.0013238656878084005, "i,would": 0.0010831628354796004, "because,it": 0.0007221085569864003, "it,was": 0.0021663256709592007, "the,whole": 0.0020459742447948006, "when,i": 0.0008424599831508003, "i,was": 0.0021663256709592007, "whole,of": 0.0006017571308220002, "world,and": 0.0006017571308220002, "and,the": 0.0030087856541100013, "of,which": 0.0006017571308220002, "people,in": 0.0006017571308220002, "have,the": 0.0015645685401372007, "what,has": 0.0009628114093152004, "has,happened": 0.0006017571308220002, "happened,to": 0.0006017571308220002, "we,had": 0.0006017571308220002, "if,the": 0.0008424599831508003, "do,something": 0.0006017571308220002, "something,about": 0.0006017571308220002, "a,small": 0.0006017571308220002, "is,there": 0.0007221085569864003, "or,the": 0.0009628114093152004, "<s>,is": 0.003369839932603201, "minister,aware": 0.0019256228186304008, "aware,that": 0.003369839932603201, "which,he": 0.0007221085569864003, "to,our": 0.0006017571308220002, "<s>,the": 0.0034901913587676013, "the,trade": 0.0007221085569864003, "trade,unionists": 0.0006017571308220002, "the,word": 0.0008424599831508003,