{"<cs>,my": 0.04251207729468599, "my,lords": 0.043478260869565216, "may,i": 0.005797101449275362, "the,noble": 0.043478260869565216, "noble,lord": 0.025120772946859903, "aware,that": 0.00676328502415459, "one,of": 0.005797101449275362, "of,the": 0.044444444444444446, "which,is": 0.005797101449275362, "<e>,<s>": 0.11594202898550725, "if,the": 0.004830917874396135, "that,it": 0.00966183574879227, "it,would": 0.004830917874396135, "would,be": 0.004830917874396135, "some,of": 0.00676328502415459, "to,be": 0.00966183574879227, "lords,i": 0.00966183574879227, "<s>,i": 0.028985507246376812, "and,i": 0.004830917874396135, "i,have": 0.012560386473429951, "your,lordships": 0.005797101449275362, "lordships,house": 0.004830917874396135, "is,the": 0.010628019323671498, "the,most": 0.004830917874396135, "that,i": 0.010628019323671498, "i,do": 0.005797101449275362, "do,not": 0.008695652173913044, "it,was": 0.007729468599033816, "we,have": 0.005797101449275362, "from,the": 0.007729468599033816, "the,minister": 0.011594202898550725, "noble,baroness": 0.012560386473429951, "difficult,to": 0.004830917874396135, "about,the": 0.005797101449275362, "the,education": 0.005797101449275362, "my,noble": 0.01642512077294686, "have,been": 0.00676328502415459, "it,is": 0.015458937198067632, "is,not": 0.014492753623188406, "a,very": 0.004830917874396135, "local,authorities": 0.007729468599033816, "that,the": 0.018357487922705314, "<s>,as": 0.005797101449275362, "as,i": 0.004830917874396135, "in,the": 0.020289855072463767, "<cs>,i": 0.004830917874396135, "the,bill": 0.004830917874396135, "<s>,the": 0.004830917874396135, "but,i": 0.010628019323671498, "what,the": 0.00676328502415459, "before,the": 0.005797101449275362, "and,the": 0.007729468599033816, "<s>,it": 0.00966183574879227, "noble,friend": 0.012560386473429951, "second,reading": 0.00676328502415459, "agree,that": 0.005797101449275362, "friend,lord": 0.004830917874396135, "on,the": 0.011594202898550725, "the,committee": 0.00676328502415459, "there,is": 0.012560386473429951, "at,the": 0.014492753623188406, "did,not": 0.005797101449275362, "amendment,<e>": 0.004830917874396135, "i,was": 0.012560386473429951, "that,there": 0.004830917874396135, "it,will": 0.005797101449275362, "will,be": 0.005797101449275362, "during,the": 0.007729468599033816, "to,the": 0.007729468599033816, "not,the": 0.00676328502415459, "the,government": 0.004830917874396135, "of,this": 0.00676328502415459, "i,should": 0.005797101449275362, "should,like": 0.004830917874396135, "i,am": 0.014492753623188406, "am,sure": 0.004830917874396135, "it,does": 0.004830917874396135, "does,not": 0.00676328502415459, "part,of": 0.004830917874396135, "to,go": 0.004830917874396135, "that,they": 0.004830917874396135, "the,second": 0.005797101449275362, "lords,is": 0.00676328502415459, "with,the": 0.005797101449275362, "lord,lord": 0.00966183574879227, "detention,centres": 0.007729468599033816, "centres,<e>": 0.004830917874396135, "and,in": 0.004830917874396135, "<s>,but": 0.005797101449275362, "west,yorkshire": 0.00676328502415459, "the,greater": 0.00676328502415459, "greater,london": 0.00676328502415459, "london,council": 0.004830917874396135}