{"<cs>,my": 0.07728706624605679, "my,lords": 0.07728706624605679, "my,noble": 0.055205047318611984, "noble,friend": 0.055205047318611984, "in,the": 0.015772870662460567, "lords,i": 0.04574132492113565, "the,noble": 0.011041009463722398, "and,i": 0.007886435331230283, "<e>,<s>": 0.07413249211356467, "will,my": 0.007886435331230283, "agree,that": 0.012618296529968454, "i,beg": 0.022082018927444796, "of,the": 0.017350157728706624, "by,the": 0.007886435331230283, "thank,my": 0.02365930599369085, "friend,for": 0.025236593059936908, "with,the": 0.00946372239747634, "<s>,i": 0.011041009463722398, "i,thank": 0.022082018927444796, "on,the": 0.028391167192429023, "beg,leave": 0.02050473186119874, "leave,to": 0.02050473186119874, "to,ask": 0.02050473186119874, "ask,the": 0.02050473186119874, "the,question": 0.02050473186119874, "in,my": 0.02050473186119874, "my,name": 0.02050473186119874, "name,on": 0.02050473186119874, "the,order": 0.02050473186119874, "order,paper": 0.02050473186119874, "paper,<e>": 0.02050473186119874, "for,that": 0.02365930599369085, "that,reply": 0.014195583596214511, "reply,<e>": 0.01892744479495268, "<s>,can": 0.012618296529968454, "it,is": 0.011041009463722398, "that,the": 0.007886435331230283, "can,my": 0.011041009463722398, "friend,say": 0.012618296529968454, "say,whether": 0.014195583596214511, "question,standing": 0.015772870662460567, "standing,in": 0.015772870662460567, "there,is": 0.00946372239747634}