{"<cs>,my": 0.038359083644112946, "my,lords": 0.038758657432072456, "lords,i": 0.017980820458177945, "of,the": 0.019445924347362812, "it,is": 0.009989344698987747, "is,to": 0.002530633990410229, "to,be": 0.006925945657964837, "your,lordships": 0.0037293553542887587, "lordships,house": 0.0014651038891848695, "on,this": 0.0017314864144912093, "<e>,<s>": 0.05780500799147576, "<s>,may": 0.0013319126265316996, "may,i": 0.008790623335109217, "for,the": 0.003995737879595098, "i,have": 0.002663825253063399, "<s>,my": 0.0014651038891848695, "this,bill": 0.001997868939797549, "<s>,this": 0.0015982951518380393, "so,far": 0.0006659563132658498, "in,the": 0.009190197123068726, "as,a": 0.0015982951518380393, "i,want": 0.0006659563132658498, "want,to": 0.0010655301012253596, "has,been": 0.0031965903036760787, "that,it": 0.0033297815663292487, "to,the": 0.008790623335109217, "the,good": 0.0006659563132658498, "of,disabled": 0.0011987213638785296, "possible,to": 0.0007991475759190197, "<s>,i": 0.010255727224294086, "is,very": 0.0007991475759190197, "in,that": 0.0006659563132658498, "can,be": 0.001997868939797549, "be,made": 0.0007991475759190197, "and,the": 0.002797016515716569, "that,i": 0.0038625466169419287, "i,feel": 0.0017314864144912093, "bound,to": 0.0006659563132658498, "to,support": 0.0007991475759190197, "support,the": 0.0006659563132658498, "the,amendment": 0.002797016515716569, "amendment,<e>": 0.0014651038891848695, "i,do": 0.0014651038891848695, "do,so": 0.0006659563132658498, "that,my": 0.0010655301012253596, "my,noble": 0.02397442727757059, "noble,friend": 0.02330847096430474, "friend,the": 0.013452317527970166, "the,minister": 0.015183803942461374, "the,government": 0.0038625466169419287, "government,have": 0.0009323388385721897, "for,this": 0.0006659563132658498, "at,a": 0.0006659563132658498, "we,are": 0.0017314864144912093, "<s>,it": 0.005327650506126798, "could,be": 0.0007991475759190197, "to,have": 0.0011987213638785296, "if,we": 0.0006659563132658498, "believe,that": 0.0014651038891848695, "that,this": 0.002663825253063399, "all,the": 0.0009323388385721897, "i,am": 0.007192328183271177, "find,it": 0.0006659563132658498, "<cs>,i": 0.002663825253063399, "i,should": 0.003995737879595098, "should,like": 0.0033297815663292487, "like,to": 0.0031965903036760787, "friend,lady": 0.0009323388385721897, "lady,faithfull": 0.0006659563132658498, "on,the": 0.013585508790623336, "as,to": 0.0007991475759190197, "to,get": 0.0011987213638785296, "that,is": 0.002930207778369739, "be,very": 0.0010655301012253596, "more,than": 0.0007991475759190197, "<s>,we": 0.0009323388385721897, "we,should": 0.0006659563132658498, "the,same": 0.0009323388385721897, "deal,with": 0.0006659563132658498, "part,of": 0.0007991475759190197, "of,a": 0.002930207778369739, "<s>,that": 0.001997868939797549, "is,not": 0.0011987213638785296, "when,the": 0.0010655301012253596, "the,question": 0.009190197123068726, "is,the": 0.002264251465103889, "one,of": 0.0010655301012253596, "it,will": 0.0009323388385721897, "if,the": 0.0006659563132658498, "the,very": 0.0014651038891848695, "in,fact": 0.0006659563132658498, "point,<e>": 0.0007991475759190197, "against,the": 0.0006659563132658498, "i,believe": 0.0011987213638785296, "feel,that": 0.0009323388385721897, "have,the": 0.0011987213638785296, "the,effect": 0.0010655301012253596, "effect,of": 0.0006659563132658498, "the,bill": 0.002397442727757059, "bill,<e>": 0.0010655301012253596, "to,what": 0.0007991475759190197, "what,the": 0.0006659563132658498, "the,noble": 0.009190197123068726, "noble,baroness": 0.0018646776771443793, "about,the": 0.002131060202450719, "in,order": 0.0009323388385721897, "order,to": 0.0007991475759190197, "to,see": 0.0013319126265316996, "be,a": 0.0010655301012253596, "<s>,in": 0.0017314864144912093, "of,this": 0.002131060202450719, "we,have": 0.0009323388385721897, "to,give": 0.0011987213638785296, "<s>,therefore": 0.0010655301012253596, "therefore,i": 0.0007991475759190197, "and,i": 0.0015982951518380393, "i,shall": 0.0007991475759190197, "shall,be": 0.0009323388385721897, "to,hear": 0.0007991475759190197, "tell,us": 0.0007991475759190197, "of,us": 0.002930207778369739, "have,been": 0.002930207778369739, "by,the": 0.004528502930207778, "friend,lord": 0.0017314864144912093, "<s>,but": 0.0009323388385721897, "but,i": 0.0010655301012253596, "that,he": 0.0010655301012253596, "he,has": 0.0009323388385721897, "a,very": 0.0017314864144912093, "there,is": 0.0017314864144912093, "they,have": 0.0007991475759190197, "have,to": 0.0007991475759190197, "to,make": 0.0011987213638785296, "lords,is": 0.002930207778369739, "is,my": 0.003063399041022909, "friend,aware": 0.0009323388385721897, "aware,that": 0.005460841768779968, "that,as": 0.0009323388385721897, "there,are": 0.0018646776771443793, "those,who": 0.0015982951518380393, "to,this": 0.0013319126265316996, "should,be": 0.002663825253063399, "that,the": 0.007591901971230687, "most,of": 0.0007991475759190197, "us,who": 0.0015982951518380393, "the,community": 0.0009323388385721897, "not,only": 0.0006659563132658498, "who,are": 0.001997868939797549, "voluntary,organisations": 0.0007991475759190197, "from,the": 0.002663825253063399, "<s>,the": 0.004528502930207778, "of,these": 0.0007991475759190197, "is,that": 0.0015982951518380393, "that,they": 0.0014651038891848695, "through,the": 0.0006659563132658498, "are,the": 0.0006659563132658498, "this,is": 0.0010655301012253596, "people,in": 0.0006659563132658498, "the,united": 0.0007991475759190197, "united,kingdom": 0.0009323388385721897, "the,debate": 0.0006659563132658498, "that,in": 0.002530633990410229, "in,this": 0.002930207778369739, "many,of": 0.0013319126265316996, "the,last": 0.0007991475759190197, "am,grateful": 0.0011987213638785296, "of,our": 0.0007991475759190197, "question,<e>": 0.0009323388385721897, "<s>,those": 0.0006659563132658498, "those,of": 0.0013319126265316996, "aware,of": 0.0006659563132658498, "and,to": 0.0013319126265316996, "it,<e>": 0.0013319126265316996, "i,find": 0.0006659563132658498, "i,beg": 0.009856153436334577, "beg,leave": 0.009057005860415556, "leave,to": 0.009057005860415556, "to,ask": 0.010255727224294086, "ask,the": 0.009190197123068726, "question,which": 0.002397442727757059, "which,stands": 0.002397442727757059, "stands,in": 0.002397442727757059, "in,my": 0.009989344698987747, "my,name": 0.009190197123068726, "name,on": 0.008923814597762387, "the,order": 0.009057005860415556, "order,paper": 0.008923814597762387, "paper,<e>": 0.009057005860415556, "lords,in": 0.004661694192860949, "that,very": 0.003063399041022909, "very,encouraging": 0.0011987213638785296, "encouraging,reply": 0.0014651038891848695, "regard,to": 0.0006659563132658498, "i,ask": 0.006259989344698988, "for,his": 0.002397442727757059, "for,disabled": 0.0009323388385721897, "disabled,people": 0.0037293553542887587, "with,the": 0.0033297815663292487, "lords,may": 0.002663825253063399, "ask,my": 0.002663825253063399, "whether,the": 0.001997868939797549, "the,present": 0.0010655301012253596, "people,<e>": 0.002397442727757059, "minister,aware": 0.002131060202450719, "and,that": 0.0014651038891848695, "for,instance": 0.0006659563132658498, "such,as": 0.0007991475759190197, "in,thanking": 0.0035961640916355887, "thanking,my": 0.0035961640916355887, "minister,for": 0.005594033031433138, "his,reply": 0.0010655301012253596, "reply,may": 0.002397442727757059, "ask,him": 0.001997868939797549, "him,whether": 0.0009323388385721897, "whether,he": 0.002797016515716569, "he,is": 0.0014651038891848695, "is,aware": 0.0011987213638785296, "<s>,is": 0.002264251465103889, "is,he": 0.0013319126265316996, "he,further": 0.0007991475759190197, "further,aware": 0.0006659563132658498, "as,i": 0.0014651038891848695, "lords,while": 0.0006659563132658498, "grateful,to": 0.0017314864144912093, "to,my": 0.002530633990410229, "i,hope": 0.0009323388385721897, "to,take": 0.0007991475759190197, "for,a": 0.0013319126265316996, "as,it": 0.0009323388385721897,