{"<cs>,my": 0.04684317718940937, "my,lords": 0.04752206381534284, "lords,i": 0.02172437202987101, "i,am": 0.011541072640868975, "grateful,to": 0.0047522063815342835, "to,the": 0.02172437202987101, "the,noble": 0.014256619144602852, "noble,lord": 0.009504412763068567, "lord,lord": 0.00746775288526816, "and,for": 0.0047522063815342835, "to,my": 0.00746775288526816, "<e>,<s>": 0.10658520027155464, "at,the": 0.005431093007467753, "<s>,i": 0.021045485403937542, "i,was": 0.004073319755600814, "by,the": 0.006109979633401222, "of,the": 0.038696537678207736, "as,the": 0.004073319755600814, "we,are": 0.0033944331296673455, "lords,it": 0.004073319755600814, "it,is": 0.01493550577053632, "that,i": 0.006109979633401222, "to,support": 0.0033944331296673455, "select,committee": 0.004073319755600814, "<s>,we": 0.004073319755600814, "for,the": 0.008146639511201629, "of,all": 0.0033944331296673455, "should,like": 0.0047522063815342835, "like,to": 0.005431093007467753, "thank,the": 0.0033944331296673455, "and,to": 0.006788866259334691, "to,hear": 0.004073319755600814, "of,my": 0.0033944331296673455, "my,noble": 0.038696537678207736, "noble,friend": 0.03801765105227427, "friend,lord": 0.0047522063815342835, "with,the": 0.006109979633401222, "of,our": 0.0033944331296673455, "that,my": 0.0033944331296673455, "is,not": 0.004073319755600814, "local,government": 0.0047522063815342835, "on,the": 0.008825526137135099, "in,the": 0.02376103190767142, "your,lordships": 0.008146639511201629, "lordships,house": 0.005431093007467753, "<s>,perhaps": 0.0033944331296673455, "has,been": 0.006109979633401222, "in,this": 0.004073319755600814, "i,have": 0.004073319755600814, "may,i": 0.005431093007467753, "ask,my": 0.0033944331296673455, "is,being": 0.0033944331296673455, "and,i": 0.006788866259334691, "they,are": 0.0033944331296673455, "of,a": 0.004073319755600814, "of,this": 0.0047522063815342835, "<s>,the": 0.006788866259334691, "and,the": 0.005431093007467753, "that,the": 0.010862186014935505, "the,government": 0.010183299389002037, "have,a": 0.004073319755600814, "i,thank": 0.006109979633401222, "thank,my": 0.004073319755600814, "friend,the": 0.012219959266802444, "the,minister": 0.010183299389002037, "<s>,it": 0.006109979633401222, "and,that": 0.0033944331296673455, "that,is": 0.004073319755600814, "is,a": 0.005431093007467753, "be,a": 0.004073319755600814, "<cs>,i": 0.008825526137135099, "will,be": 0.0047522063815342835, "able,to": 0.004073319755600814, "this,matter": 0.0047522063815342835, "matter,<e>": 0.0047522063815342835, "agree,that": 0.0033944331296673455, "the,commission": 0.0033944331296673455, "to,be": 0.006788866259334691, "that,it": 0.00746775288526816, "i,shall": 0.005431093007467753, "can,my": 0.004073319755600814, "which,i": 0.004073319755600814, "i,should": 0.005431093007467753, "this,amendment": 0.0033944331296673455, "the,amendment": 0.0047522063815342835, "the,secretary": 0.0047522063815342835, "secretary,of": 0.0047522063815342835, "of,state": 0.0047522063815342835, "would,be": 0.0033944331296673455, "i,must": 0.0033944331296673455, "the,bill": 0.0033944331296673455, "it,would": 0.004073319755600814, "should,be": 0.004073319755600814, "we,have": 0.0033944331296673455, "for,that": 0.0033944331296673455, "have,been": 0.0047522063815342835, "the,past": 0.0033944331296673455, "so,that": 0.005431093007467753, "lords,the": 0.0033944331296673455, "the,house": 0.004073319755600814, "this,important": 0.0033944331296673455, "that,there": 0.0047522063815342835, "over,the": 0.005431093007467753, "there,is": 0.004073319755600814, "the,matter": 0.0033944331296673455, "<s>,that": 0.004073319755600814, "<s>,will": 0.0033944331296673455, "a,great": 0.0033944331296673455, "the,equal": 0.00746775288526816, "equal,opportunities": 0.008825526137135099, "opportunities,commission": 0.00746775288526816, "commission,has": 0.0033944331296673455, "in,our": 0.004073319755600814, "the,future": 0.004073319755600814, "am,most": 0.0033944331296673455, "most,grateful": 0.0033944331296673455, "lords,is": 0.004073319755600814, "is,my": 0.0047522063815342835, "men,and": 0.0033944331296673455, "and,women": 0.0033944331296673455, "per,cent": 0.0047522063815342835, "cent,<e>": 0.0047522063815342835, "<s>,of": 0.004073319755600814, "amendment,<e>": 0.0033944331296673455, "friend,for": 0.0033944331296673455}