{"<cs>,my": 0.04331797235023042, "my,lords": 0.04423963133640553, "your,lordships": 0.016589861751152075, "for,the": 0.010138248847926268, "it,is": 0.012903225806451613, "is,the": 0.0064516129032258064, "me,to": 0.004608294930875576, "which,i": 0.0064516129032258064, "i,am": 0.013824884792626729, "<e>,<s>": 0.11797235023041475, "<s>,i": 0.0423963133640553, "an,historic": 0.004608294930875576, "i,should": 0.02119815668202765, "should,like": 0.017511520737327188, "like,to": 0.020276497695852536, "the,noble": 0.017511520737327188, "noble,lord": 0.011059907834101382, "lord,lord": 0.005529953917050691, "of,the": 0.029493087557603687, "which,is": 0.004608294930875576, "<s>,it": 0.011059907834101382, "it,was": 0.0064516129032258064, "to,the": 0.009216589861751152, "to,support": 0.004608294930875576, "i,believe": 0.008294930875576038, "believe,that": 0.005529953917050691, "that,the": 0.009216589861751152, "the,future": 0.005529953917050691, "in,the": 0.017511520737327188, "is,a": 0.0064516129032258064, "memorial,fund": 0.0064516129032258064, "i,have": 0.007373271889400922, "that,i": 0.005529953917050691, "by,the": 0.004608294930875576, "is,what": 0.004608294930875576, "but,i": 0.005529953917050691, "i,think": 0.0064516129032258064, "to,me": 0.004608294930875576, "that,there": 0.007373271889400922, "lords,i": 0.018433179723502304, "a,very": 0.010138248847926268, "i,was": 0.005529953917050691, "to,speak": 0.005529953917050691, "was,a": 0.005529953917050691, "<s>,he": 0.005529953917050691, "to,have": 0.005529953917050691, "<s>,this": 0.004608294930875576, "he,has": 0.007373271889400922, "have,had": 0.004608294930875576, "in,my": 0.004608294930875576, "that,we": 0.0064516129032258064, "we,are": 0.004608294930875576, "about,the": 0.004608294930875576, "and,i": 0.010138248847926268, "i,beg": 0.004608294930875576, "to,ask": 0.004608294930875576, "ask,the": 0.005529953917050691, "on,the": 0.005529953917050691, "my,noble": 0.025806451612903226, "noble,friend": 0.02304147465437788, "may,i": 0.014746543778801843, "i,ask": 0.011059907834101382, "whether,he": 0.004608294930875576, "he,is": 0.004608294930875576, "aware,that": 0.005529953917050691, "the,national": 0.005529953917050691, "national,heritage": 0.005529953917050691, "heritage,memorial": 0.005529953917050691, "i,may": 0.005529953917050691, "<s>,we": 0.004608294930875576, "with,the": 0.004608294930875576, "which,we": 0.004608294930875576, "will,be": 0.005529953917050691, "the,minister": 0.010138248847926268, "have,been": 0.010138248847926268, "should,be": 0.005529953917050691, "in,this": 0.0064516129032258064, "we,should": 0.005529953917050691, "this,evening": 0.016589861751152075, "we,have": 0.008294930875576038, "noble,lords": 0.011059907834101382, "who,have": 0.004608294930875576, "evening,<e>": 0.007373271889400922, "at,the": 0.004608294930875576, "it,has": 0.004608294930875576, "very,much": 0.005529953917050691, "friend,lord": 0.012903225806451613, "there,is": 0.004608294930875576, "i,would": 0.004608294930875576, "ask,my": 0.004608294930875576, "friend,the": 0.004608294930875576, "minister,whether": 0.004608294930875576, "what,we": 0.005529953917050691, "lords,may": 0.005529953917050691, "that,this": 0.005529953917050691, "has,been": 0.005529953917050691}