{"that,is": 0.0021729008225981686, "is,not": 0.0035697656371255627, "what,he": 0.0007760360080707744, "my,lords": 0.03445599875834239, "lords,<e>": 0.0012416576129132392, "<cs>,my": 0.03321434114542915, "lords,i": 0.006673909669408661, "i,am": 0.005742666459723731, "am,sure": 0.0024833152258264784, "sure,that": 0.0010864504112990843, "that,the": 0.015365512959801335, "the,noble": 0.03926742200838119, "noble,lord": 0.03135185472605929, "have,been": 0.004190594443582182, "a,little": 0.0012416576129132392, "from,the": 0.002948936830668943, "had,been": 0.0007760360080707744, "that,my": 0.0007760360080707744, "my,noble": 0.0062082880645661954, "noble,friend": 0.006053080862952041, "friend,lord": 0.0027937296290547883, "lord,goronwy-roberts": 0.0007760360080707744, "with,his": 0.0007760360080707744, "of,the": 0.03042061151637436, "the,whole": 0.004966630451652957, "he,has": 0.0012416576129132392, "as,a": 0.0007760360080707744, "<e>,<s>": 0.05618500698432407, "<s>,however": 0.0007760360080707744, "more,than": 0.0007760360080707744, "to,get": 0.0015520720161415489, "on,this": 0.003259351233897253, "this,side": 0.0034145584355114076, "side,of": 0.002017693620984014, "the,house": 0.0158311345646438, "house,and": 0.0017072792177557038, "and,we": 0.0015520720161415489, "that,it": 0.0038801800403538726, "it,was": 0.0027937296290547883, "him,to": 0.0013968648145273941, "in,this": 0.0037249728387397174, "this,debate": 0.0007760360080707744, "debate,<e>": 0.0009312432096849294, "<s>,the": 0.004035387241968028, "the,government": 0.00884681049200683, "chief,whip": 0.004345801645196337, "in,the": 0.00915722489523514, "your,lordships": 0.0018624864193698587, "i,should": 0.0021729008225981686, "should,like": 0.002017693620984014, "like,to": 0.0021729008225981686, "to,have": 0.0017072792177557038, "lords,is": 0.006673909669408661, "is,the": 0.010088468104920069, "noble,earl": 0.002638522427440633, "earl,aware": 0.0007760360080707744, "aware,that": 0.012416576129132391, "that,if": 0.002017693620984014, "to,the": 0.011485332919447462, "there,were": 0.0007760360080707744, "on,the": 0.00729473847586528, "part,of": 0.0015520720161415489, "noble,lords": 0.0038801800403538726, "would,be": 0.0018624864193698587, "lords,while": 0.0023281080242123233, "the,present": 0.0009312432096849294, "may,we": 0.0017072792177557038, "that,her": 0.0017072792177557038, "her,majestys": 0.002948936830668943, "majestys,government": 0.002948936830668943, "have,an": 0.0007760360080707744, "<cs>,i": 0.0023281080242123233, "i,do": 0.0024833152258264784, "do,not": 0.0035697656371255627, "not,think": 0.0012416576129132392, "think,that": 0.0031041440322830977, "that,this": 0.0027937296290547883, "this,is": 0.002638522427440633, "lord,aware": 0.006053080862952041, "by,the": 0.004035387241968028, "<s>,it": 0.0027937296290547883, "it,is": 0.00729473847586528, "they,are": 0.0009312432096849294, "and,since": 0.0010864504112990843, "since,the": 0.0017072792177557038, "referred,to": 0.0007760360080707744, "for,the": 0.004656216048424647, "ask,him": 0.0018624864193698587, "the,united": 0.0013968648145273941, "united,states": 0.0009312432096849294, "but,i": 0.0017072792177557038, "i,think": 0.007449945677479435, "think,it": 0.0007760360080707744, "has,been": 0.0035697656371255627, "in,many": 0.0009312432096849294, "<s>,i": 0.00915722489523514, "i,have": 0.0010864504112990843, "for,a": 0.0024833152258264784, "a,long": 0.0009312432096849294, "time,<e>": 0.0015520720161415489, "whole,house": 0.0023281080242123233, "lord,lord": 0.0024833152258264784, "made,a": 0.0007760360080707744, "<s>,we": 0.006829116871022815, "we,are": 0.004035387241968028, "grateful,to": 0.002017693620984014, "to,him": 0.0010864504112990843, "because,we": 0.0007760360080707744, "we,on": 0.0021729008225981686, "on,these": 0.0009312432096849294, "these,benches": 0.0010864504112990843, "and,i": 0.0024833152258264784, "believe,that": 0.0007760360080707744, "the,most": 0.0009312432096849294, "most,important": 0.0009312432096849294, "that,we": 0.0071395312742511255, "we,have": 0.0024833152258264784, "understand,the": 0.0013968648145273941, "as,the": 0.002017693620984014, "noble,viscount": 0.0013968648145273941, "did,not": 0.0012416576129132392, "not,have": 0.0013968648145273941, "have,to": 0.0017072792177557038, "<s>,there": 0.0015520720161415489, "for,that": 0.0009312432096849294, "that,<e>": 0.0018624864193698587, "<s>,one": 0.0007760360080707744, "is,that": 0.0017072792177557038, "the,way": 0.0007760360080707744, "way,in": 0.0007760360080707744, "in,which": 0.0013968648145273941, "which,we": 0.0018624864193698587, "we,understand": 0.0010864504112990843, "it,<e>": 0.0021729008225981686, "the,point": 0.0007760360080707744, "to,be": 0.004656216048424647, "was,not": 0.0007760360080707744, "has,said": 0.0010864504112990843, "lord,for": 0.0015520720161415489, "should,be": 0.0024833152258264784, "<s>,but": 0.0017072792177557038, "i,must": 0.0015520720161415489, "lord,that": 0.0012416576129132392, "that,on": 0.0009312432096849294, "the,question": 0.0013968648145273941, "question,of": 0.0015520720161415489, "members,of": 0.0010864504112990843, "lordships,house": 0.0009312432096849294, "who,were": 0.0007760360080707744, "going,to": 0.0021729008225981686, "parts,of": 0.0034145584355114076, "who,are": 0.0010864504112990843, "there,is": 0.002948936830668943, "during,the": 0.0007760360080707744, "should,have": 0.0007760360080707744, "house,is": 0.0007760360080707744, "unable,to": 0.0007760360080707744, "lords,the": 0.0023281080242123233, "the,previous": 0.0010864504112990843, "government,have": 0.0017072792177557038, "which,is": 0.0018624864193698587, "what,the": 0.0013968648145273941, "<s>,when": 0.0009312432096849294, "when,we": 0.0010864504112990843, "we,had": 0.0009312432096849294, "at,the": 0.003259351233897253, "the,end": 0.0010864504112990843, "end,of": 0.0010864504112990843, "of,a": 0.0015520720161415489, "is,a": 0.003259351233897253, "a,great": 0.0015520720161415489, "to,make": 0.0015520720161415489, "make,a": 0.0007760360080707744, "<s>,in": 0.0009312432096849294, "to,ask": 0.0024833152258264784, "ask,the": 0.005897873661337886, "lord,whether": 0.0017072792177557038, "whether,he": 0.0037249728387397174, "to,say": 0.0013968648145273941, "<s>,that": 0.0010864504112990843, "<s>,is": 0.004811423250038802, "of,us": 0.0012416576129132392, "the,world": 0.002948936830668943, "which,has": 0.0009312432096849294, "of,our": 0.0007760360080707744, "lords,since": 0.0013968648145273941, "which,the": 0.0015520720161415489, "may,i": 0.00760515287909359, "i,ask": 0.005742666459723731, "he,is": 0.003259351233897253, "is,aware": 0.0015520720161415489, "hope,that": 0.0007760360080707744, "government,are": 0.0007760360080707744, "and,the": 0.0031041440322830977, "committee,on": 0.0009312432096849294, "lord,to": 0.0013968648145273941, "to,go": 0.0012416576129132392, "house,will": 0.003259351233897253, "will,be": 0.0018624864193698587, "lord,the": 0.004501008846810492, "the,leader": 0.0010864504112990843, "leader,of": 0.0009312432096849294, "about,the": 0.004501008846810492, "the,bill": 0.0023281080242123233, "bill,<e>": 0.0012416576129132392, "ought,to": 0.0010864504112990843, "say,that": 0.0024833152258264784, "if,the": 0.002638522427440633, "<s>,secondly": 0.0007760360080707744, "lords,may": 0.0027937296290547883, "we,ask": 0.0009312432096849294, "i,say": 0.0013968648145273941, "very,much": 0.0024833152258264784, "government,<e>": 0.0007760360080707744, "and,that": 0.0027937296290547883, "but,that": 0.0007760360080707744, "have,a": 0.0012416576129132392, "we,should": 0.0024833152258264784, "it,not": 0.0010864504112990843, "if,he": 0.0007760360080707744, "he,had": 0.0007760360080707744, "the,beginning": 0.0007760360080707744, "what,we": 0.0009312432096849294, "the,<e>": 0.0009312432096849294, "the,opposition": 0.0007760360080707744, "the,other": 0.0013968648145273941, "house,to": 0.0009312432096849294, "ask,whether": 0.0013968648145273941,