{"in,the": 0.017792604948568252, "my,noble": 0.0211287183764248, "noble,friend": 0.020294690019460663, "friend,lord": 0.003614122880177926, "would,have": 0.0022240756185710315, "to,join": 0.0025020850708924102, "with,the": 0.003892132332499305, "the,noble": 0.019738671114817904, "noble,lord": 0.014734500973033082, "lord,lord": 0.006672226855713094, "i,should": 0.0061162079510703364, "should,like": 0.0052821795941062, "like,to": 0.0052821795941062, "to,raise": 0.0013900472616068947, "which,the": 0.0013900472616068947, "<e>,<s>": 0.08785098693355574, "<s>,the": 0.0052821795941062, "seems,to": 0.0013900472616068947, "noble,lords": 0.0019460661662496525, "in,this": 0.004170141784820684, "believe,that": 0.0016680567139282735, "<s>,if": 0.005838198498748957, "he,is": 0.0022240756185710315, "for,years": 0.0013900472616068947, "i,was": 0.003614122880177926, "to,be": 0.006672226855713094, "<s>,i": 0.019738671114817904, "i,had": 0.0030581039755351682, "had,a": 0.0013900472616068947, "into,the": 0.0019460661662496525, "that,i": 0.005838198498748957, "a,great": 0.0016680567139282735, "one,of": 0.0025020850708924102, "of,them": 0.0013900472616068947, "have,been": 0.004726160689463442, "of,the": 0.02418682235195997, "if,they": 0.0019460661662496525, "to,say": 0.0013900472616068947, "i,do": 0.0030581039755351682, "do,not": 0.0050041701417848205, "not,want": 0.0013900472616068947, "want,to": 0.003336113427856547, "to,support": 0.0016680567139282735, "if,the": 0.0019460661662496525, "that,it": 0.004170141784820684, "it,was": 0.003614122880177926, "it,not": 0.0025020850708924102, "to,pay": 0.0013900472616068947, "<cs>,my": 0.027800945232137893, "my,lords": 0.027244926327495134, "lords,i": 0.0105643591882124, "i,beg": 0.003336113427856547, "beg,leave": 0.003336113427856547, "leave,to": 0.003336113427856547, "to,ask": 0.003614122880177926, "ask,the": 0.003336113427856547, "the,question": 0.003336113427856547, "question,which": 0.0030581039755351682, "which,stands": 0.0027800945232137894, "stands,in": 0.0027800945232137894, "in,my": 0.004726160689463442, "my,name": 0.003336113427856547, "name,on": 0.0030581039755351682, "on,the": 0.010008340283569641, "the,order": 0.0030581039755351682, "order,paper": 0.0030581039755351682, "paper,<e>": 0.0027800945232137894, "lords,may": 0.0022240756185710315, "may,i": 0.006672226855713094, "i,thank": 0.0016680567139282735, "thank,the": 0.0016680567139282735, "for,that": 0.0027800945232137894, "that,reply": 0.0019460661662496525, "<s>,it": 0.006672226855713094, "it,would": 0.003892132332499305, "have,not": 0.0013900472616068947, "<s>,would": 0.0016680567139282735, "not,agree": 0.0022240756185710315, "agree,that": 0.004448151237142063, "that,this": 0.0030581039755351682, "that,the": 0.011398387545176535, "which,is": 0.0025020850708924102, "some,of": 0.0013900472616068947, "their,own": 0.0025020850708924102, "<s>,is": 0.0022240756185710315, "i,am": 0.006672226855713094, "am,sure": 0.0022240756185710315, "your,lordships": 0.004170141784820684, "would,my": 0.0030581039755351682, "friend,not": 0.0016680567139282735, "of,their": 0.0025020850708924102, "a,very": 0.004170141784820684, "number,of": 0.0016680567139282735, "they,are": 0.004448151237142063, "interest,in": 0.0013900472616068947, "in,their": 0.0022240756185710315, "it,is": 0.012510425354462052, "is,not": 0.003892132332499305, "of,these": 0.0016680567139282735, "that,they": 0.003614122880177926, "wish,to": 0.0013900472616068947, "to,have": 0.0027800945232137894, "to,a": 0.0027800945232137894, "<cs>,before": 0.0016680567139282735, "before,the": 0.0019460661662496525, "sits,down": 0.0016680567139282735, "and,the": 0.0052821795941062, "noble,baroness": 0.0027800945232137894, "from,the": 0.0025020850708924102, "to,this": 0.0016680567139282735, "this,bill": 0.0016680567139282735, "that,we": 0.0052821795941062, "we,should": 0.0027800945232137894, "per,cent": 0.003336113427856547, "cent,<e>": 0.003336113427856547, "<s>,as": 0.0013900472616068947, "we,are": 0.0052821795941062, "for,the": 0.009174311926605505, "at,the": 0.0019460661662496525, "made,a": 0.0013900472616068947, "which,i": 0.0019460661662496525, "i,believe": 0.0025020850708924102, "by,the": 0.006672226855713094, "the,industry": 0.0022240756185710315, "to,the": 0.012788434806783431, "the,eec": 0.0019460661662496525, "there,is": 0.0030581039755351682, "the,other": 0.0025020850708924102, "aware,that": 0.004448151237142063, "this,country": 0.005838198498748957, "of,this": 0.003614122880177926, "they,were": 0.0019460661662496525, "say,that": 0.0025020850708924102, "it,will": 0.0025020850708924102, "will,be": 0.003892132332499305, "be,very": 0.0013900472616068947, "industry,<e>": 0.0019460661662496525, "<s>,may": 0.0013900472616068947, "i,ask": 0.0022240756185710315, "whether,he": 0.0013900472616068947, "there,are": 0.0013900472616068947, "dealt,with": 0.0013900472616068947, "as,the": 0.0013900472616068947, "should,be": 0.0025020850708924102, "<s>,but": 0.0016680567139282735, "that,has": 0.0016680567139282735, "has,been": 0.006394217403391716, "in,view": 0.0019460661662496525, "view,of": 0.0019460661662496525, "and,to": 0.0022240756185710315, "who,have": 0.003336113427856547, "going,to": 0.0016680567139282735, "the,bill": 0.0025020850708924102, "it,<e>": 0.0019460661662496525, "where,the": 0.0025020850708924102, "country,<e>": 0.0019460661662496525, "when,the": 0.0013900472616068947, "would,be": 0.004170141784820684, "under,the": 0.0016680567139282735, "is,the": 0.0027800945232137894, "<s>,in": 0.0022240756185710315, "lords,is": 0.0025020850708924102, "when,they": 0.0025020850708924102, "on,a": 0.0016680567139282735, "that,he": 0.0027800945232137894, "the,minister": 0.0025020850708924102, "he,will": 0.0027800945232137894, "in,mind": 0.0016680567139282735, "we,have": 0.005560189046427579, "not,only": 0.0013900472616068947, "against,the": 0.0013900472616068947, "and,indeed": 0.0016680567139282735, "will,not": 0.0025020850708924102, "make,it": 0.0013900472616068947, "they,have": 0.0022240756185710315, "to,make": 0.0013900472616068947, "had,to": 0.0025020850708924102, "did,not": 0.0019460661662496525, "whether,they": 0.0013900472616068947, "have,a": 0.0027800945232137894, "<s>,they": 0.0022240756185710315, "trying,to": 0.0016680567139282735, "to,get": 0.0027800945232137894, "out,of": 0.0025020850708924102, "the,country": 0.0019460661662496525, "to,find": 0.0013900472616068947, "people,who": 0.0027800945232137894, "give,us": 0.0013900472616068947, "of,our": 0.0022240756185710315, "as,well": 0.0016680567139282735, "in,a": 0.0027800945232137894, "join,in": 0.0022240756185710315, "the,very": 0.0019460661662496525, "he,has": 0.0022240756185710315, "and,i": 0.003336113427856547, "tell,us": 0.0013900472616068947, "not,be": 0.0027800945232137894, "many,of": 0.0025020850708924102, "i,support": 0.0016680567139282735, "support,my": 0.0025020850708924102, "to,see": 0.0013900472616068947, "have,to": 0.0030581039755351682, "i,hope": 0.0013900472616068947, "hope,that": 0.0013900472616068947, "that,my": 0.0013900472616068947, "<s>,however": 0.0016680567139282735, "<cs>,i": 0.0027800945232137894, "i,think": 0.004170141784820684, "think,that": 0.0022240756185710315, "is,to": 0.0013900472616068947, "the,public": 0.0013900472616068947, "public,interest": 0.0013900472616068947, "does,not": 0.0013900472616068947, "and,that": 0.0019460661662496525, "if,we": 0.0027800945232137894, "such,a": 0.0013900472616068947, "to,go": 0.0030581039755351682, "that,<e>": 0.0013900472616068947, "amendment,<e>": 0.0016680567139282735, "the,fact": 0.0013900472616068947, "fact,that": 0.0019460661662496525, "this,amendment": 0.0022240756185710315, "the,same": 0.0016680567139282735, "<s>,that": 0.0013900472616068947, "and,not": 0.0019460661662496525, "that,there": 0.0013900472616068947, "who,has": 0.0022240756185710315, "go,to": 0.0019460661662496525, "<s>,we": 0.004726160689463442, "are,not": 0.0019460661662496525, "me,to": 0.0013900472616068947,