{"<cs>,my": 0.052110625909752545, "my,lords": 0.05240174672489083, "lords,can": 0.00611353711790393, "can,my": 0.007860262008733625, "my,noble": 0.04425036390101892, "noble,friend": 0.04395924308588064, "friend,the": 0.0017467248908296944, "the,minister": 0.0020378457059679767, "please,tell": 0.001455604075691412, "tell,us": 0.001455604075691412, "whether,the": 0.0023289665211062593, "lords,would": 0.0017467248908296944, "would,my": 0.002911208151382824, "agree,that": 0.008151382823871907, "that,the": 0.010771470160116448, "lords,i": 0.033478893740902474, "i,beg": 0.014264919941775837, "beg,leave": 0.013973799126637555, "leave,to": 0.013973799126637555, "to,ask": 0.013973799126637555, "ask,the": 0.013973799126637555, "the,question": 0.014264919941775837, "question,which": 0.008442503639010189, "which,stands": 0.008442503639010189, "stands,in": 0.008442503639010189, "in,my": 0.013973799126637555, "my,name": 0.013973799126637555, "name,on": 0.013682678311499273, "on,the": 0.016302765647743814, "the,order": 0.013682678311499273, "order,paper": 0.013682678311499273, "paper,<e>": 0.013682678311499273, "i,thank": 0.016593886462882096, "thank,my": 0.017467248908296942, "of,the": 0.014847161572052401, "the,house": 0.0017467248908296944, "for,that": 0.017758369723435224, "that,reply": 0.010480349344978166, "reply,<e>": 0.011353711790393014, "<e>,<s>": 0.05502183406113537, "<s>,is": 0.005240174672489083, "i,am": 0.0040756914119359534, "and,i": 0.0023289665211062593, "<s>,the": 0.0017467248908296944, "have,been": 0.004657933042212519, "has,been": 0.004366812227074236, "to,be": 0.0034934497816593887, "<s>,will": 0.003202328966521106, "will,he": 0.0017467248908296944, "whether,he": 0.0026200873362445414, "for,the": 0.0017467248908296944, "friend,for": 0.018049490538573507, "for,his": 0.001455604075691412, "may,i": 0.0026200873362445414, "i,ask": 0.001455604075691412, "with,the": 0.001455604075691412, "i,should": 0.003202328966521106, "should,like": 0.003202328966521106, "like,to": 0.003202328966521106, "about,the": 0.0020378457059679767, "is,not": 0.001455604075691412, "in,the": 0.009024745269286753, "<s>,i": 0.009315866084425037, "lords,is": 0.003202328966521106, "is,my": 0.004366812227074236, "your,lordships": 0.001455604075691412, "grateful,to": 0.0020378457059679767, "for,initiating": 0.0017467248908296944, "initiating,this": 0.001455604075691412, "that,there": 0.003202328966521106, "there,is": 0.0023289665211062593, "in,this": 0.0023289665211062593, "this,country": 0.001455604075691412, "we,are": 0.001455604075691412, "are,not": 0.001455604075691412, "which,the": 0.001455604075691412, "will,be": 0.004657933042212519, "lords,while": 0.0017467248908296944, "while,thanking": 0.001455604075691412, "the,noble": 0.005240174672489083, "noble,lord": 0.004366812227074236, "reply,which": 0.0017467248908296944, "which,is": 0.0026200873362445414, "that,i": 0.004366812227074236, "i,have": 0.0026200873362445414, "<s>,can": 0.007569141193595342, "can,he": 0.0069868995633187774, "it,is": 0.0026200873362445414, "is,the": 0.0017467248908296944, "and,the": 0.0020378457059679767, "which,are": 0.0017467248908296944, "lord,lord": 0.003784570596797671, "to,the": 0.00611353711790393, "<s>,in": 0.0017467248908296944, "number,of": 0.0026200873362445414, "by,the": 0.0040756914119359534, "the,government": 0.0017467248908296944, "<cs>,i": 0.0017467248908296944, "small,businesses": 0.002911208151382824, "<s>,does": 0.002911208151382824, "does,he": 0.0020378457059679767, "he,agree": 0.0026200873362445414, "<s>,would": 0.002911208151382824, "not,be": 0.001455604075691412, "<s>,could": 0.001455604075691412, "friend,aware": 0.002911208151382824, "aware,that": 0.007569141193595342, "amount,of": 0.001455604075691412, "a,great": 0.001455604075691412, "do,not": 0.0020378457059679767, "within,the": 0.0023289665211062593, "the,time": 0.001455604075691412, "friend,agree": 0.0040756914119359534, "that,in": 0.001455604075691412, "are,in": 0.001455604075691412, "in,fact": 0.001455604075691412, "who,are": 0.0023289665211062593, "they,are": 0.0023289665211062593, "them,<e>": 0.001455604075691412, "is,he": 0.0040756914119359534, "he,aware": 0.002911208151382824, "he,further": 0.0017467248908296944, "and,that": 0.003202328966521106, "that,it": 0.0020378457059679767, "is,a": 0.0017467248908296944, "a,very": 0.001455604075691412, "would,he": 0.0023289665211062593, "young,people": 0.001455604075691412, "he,please": 0.0017467248908296944, "given,to": 0.0017467248908296944, "lords,will": 0.001455604075691412, "will,my": 0.0020378457059679767, "i,was": 0.003202328966521106, "wish,to": 0.001455604075691412, "to,thank": 0.001455604075691412, "that,encouraging": 0.0017467248908296944, "encouraging,reply": 0.0020378457059679767, "understand,that": 0.0023289665211062593, "friend,say": 0.004949053857350801, "say,how": 0.0034934497816593887, "how,many": 0.005240174672489083, "as,i": 0.001455604075691412, "i,understand": 0.002911208151382824, "should,be": 0.001455604075691412, "very,grateful": 0.001455604075691412, "the,police": 0.0023289665211062593, "he,also": 0.002911208151382824, "say,whether": 0.004366812227074236, "there,are": 0.0023289665211062593, "friend,lord": 0.001455604075691412, "friend,please": 0.0017467248908296944, "to,see": 0.001455604075691412, "answer,<e>": 0.0026200873362445414, "is,extremely": 0.001455604075691412, "extremely,encouraging": 0.001455604075691412, "tell,me": 0.0023289665211062593, "of,<e>": 0.001455604075691412, "which,i": 0.0020378457059679767, "lords,does": 0.0020378457059679767, "does,my": 0.002911208151382824, "as,a": 0.001455604075691412, "i,also": 0.0017467248908296944, "when,they": 0.001455604075691412, "the,ceiling": 0.001455604075691412, "at,the": 0.0026200873362445414, "confirm,that": 0.0017467248908296944, "i,think": 0.0017467248908296944, "question,standing": 0.005240174672489083, "standing,in": 0.005240174672489083, "that,very": 0.0017467248908296944, "he,say": 0.0020378457059679767, "also,say": 0.001455604075691412, "are,now": 0.0017467248908296944, "satisfactory,reply": 0.001455604075691412, "schemes,are": 0.001455604075691412, "neighbourhood,watch": 0.0017467248908296944, "watch,schemes": 0.0017467248908296944}