{"<cs>,i": 0.008753861997940269, "i,too": 0.001544799176107106, "like,to": 0.0038619979402677654, "this,amendment": 0.004891864057672502, "amendment,<e>": 0.004891864057672502, "<e>,<s>": 0.11122554067971163, "<s>,i": 0.028578784757981462, "i,think": 0.005664263645726055, "think,it": 0.0012873326467559218, "in,london": 0.002317198764160659, "there,is": 0.004376930998970134, "is,a": 0.006179196704428424, "those,who": 0.001544799176107106, "who,are": 0.0012873326467559218, "and,the": 0.007723995880535531, "in,the": 0.013388259526261586, "<s>,there": 0.0028321318228630276, "has,been": 0.004891864057672502, "as,i": 0.0020597322348094747, "it,is": 0.016992790937178166, "for,a": 0.0012873326467559218, "<s>,it": 0.008496395468589083, "it,was": 0.0020597322348094747, "<s>,this": 0.001544799176107106, "was,a": 0.0012873326467559218, "a,matter": 0.0012873326467559218, "matter,of": 0.0012873326467559218, "to,the": 0.014933058702368692, "<s>,they": 0.006179196704428424, "they,were": 0.0025746652935118436, "and,they": 0.001544799176107106, "to,this": 0.0025746652935118436, "this,particular": 0.0018022657054582905, "for,the": 0.006951596292481977, "my,noble": 0.002317198764160659, "noble,friend": 0.002317198764160659, "friend,lord": 0.0012873326467559218, "and,then": 0.002317198764160659, "about,the": 0.003604531410916581, "do,not": 0.006694129763130793, "not,know": 0.0012873326467559218, "into,the": 0.001544799176107106, "try,to": 0.001544799176107106, "to,get": 0.0012873326467559218, "get,the": 0.0012873326467559218, "with,the": 0.004891864057672502, "<cs>,the": 0.0012873326467559218, "the,minister": 0.007981462409886715, "said,that": 0.0012873326467559218, "it,might": 0.0012873326467559218, "to,come": 0.0012873326467559218, "<s>,is": 0.0018022657054582905, "is,it": 0.0012873326467559218, "and,to": 0.0020597322348094747, "to,me": 0.0012873326467559218, "fact,that": 0.0018022657054582905, "that,they": 0.002317198764160659, "have,to": 0.0025746652935118436, "through,the": 0.0012873326467559218, "i,believe": 0.0012873326467559218, "that,is": 0.007981462409886715, "is,so": 0.0012873326467559218, "country,<e>": 0.0012873326467559218, "<s>,the": 0.007209062821833162, "the,people": 0.0018022657054582905, "i,am": 0.014418125643666324, "are,not": 0.0028321318228630276, "on,this": 0.003604531410916581, "that,the": 0.01132852729145211, "should,be": 0.001544799176107106, "of,the": 0.018280123583934087, "<s>,if": 0.0038619979402677654, "if,the": 0.0012873326467559218, "the,noble": 0.017507723995880537, "noble,lord": 0.012358393408856848, "by,the": 0.003089598352214212, "were,not": 0.0018022657054582905, "in,a": 0.0018022657054582905, "to,a": 0.0025746652935118436, "it,would": 0.002317198764160659, "would,be": 0.0038619979402677654, "the,fact": 0.0012873326467559218, "the,local": 0.0025746652935118436, "local,authority": 0.0018022657054582905, "the,same": 0.002317198764160659, "that,i": 0.005149330587023687, "i,cannot": 0.0020597322348094747, "<cs>,my": 0.014675592173017508, "my,lords": 0.015447991761071062, "lords,i": 0.008238928939237899, "i,wish": 0.0018022657054582905, "wish,to": 0.0018022657054582905, "lord,lord": 0.008238928939237899, "lord,bellwin": 0.0025746652935118436, "of,this": 0.0012873326467559218, "this,bill": 0.0018022657054582905, "which,is": 0.002317198764160659, "a,very": 0.0025746652935118436, "one,<e>": 0.0012873326467559218, "<s>,he": 0.002317198764160659, "helpful,to": 0.0012873326467559218, "want,to": 0.0025746652935118436, "he,is": 0.002317198764160659, "and,i": 0.007209062821833162, "am,sure": 0.0020597322348094747, "i,should": 0.0038619979402677654, "should,like": 0.003604531410916581, "to,make": 0.0020597322348094747, "<s>,as": 0.0018022657054582905, "been,said": 0.0012873326467559218, "i,have": 0.005664263645726055, "an,amendment": 0.0012873326467559218, "but,i": 0.003604531410916581, "<s>,that": 0.004119464469618949, "the,government": 0.009011328527291453, "i,hope": 0.0028321318228630276, "hope,that": 0.003089598352214212, "may,i": 0.0018022657054582905, "they,are": 0.004119464469618949, "<s>,my": 0.002317198764160659, "the,point": 0.0012873326467559218, "able,to": 0.002317198764160659, "<s>,one": 0.0012873326467559218, "we,have": 0.003604531410916581, "the,amendment": 0.004634397528321318, "i,do": 0.0033470648815653965, "but,it": 0.0018022657054582905, "ought,to": 0.0012873326467559218, "to,be": 0.009268795056642637, "the,bill": 0.004119464469618949, "bill,<e>": 0.0020597322348094747, "can,be": 0.001544799176107106, "the,situation": 0.0018022657054582905, "<s>,but": 0.003089598352214212, "what,we": 0.0012873326467559218, "we,are": 0.008496395468589083, "is,that": 0.0020597322348094747, "at,the": 0.003604531410916581, "and,it": 0.001544799176107106, "i,know": 0.001544799176107106, "know,that": 0.0012873326467559218, "that,in": 0.0012873326467559218, "will,be": 0.005149330587023687, "up,<e>": 0.001544799176107106, "if,i": 0.003089598352214212, "not,be": 0.001544799176107106, "on,the": 0.005664263645726055, "in,order": 0.0012873326467559218, "order,to": 0.0012873326467559218, "they,will": 0.0028321318228630276, "i,thank": 0.0025746652935118436, "thank,the": 0.0018022657054582905, "to,withdraw": 0.0012873326467559218, "withdraw,the": 0.001544799176107106, "give,the": 0.0012873326467559218, "noble,baroness": 0.003089598352214212, "baroness,lady": 0.0012873326467559218, "said,<e>": 0.0012873326467559218, "have,been": 0.003604531410916581, "at,all": 0.002317198764160659, "<s>,however": 0.0012873326467559218, "as,the": 0.0020597322348094747, "if,they": 0.0012873326467559218, "because,they": 0.001544799176107106, "<s>,we": 0.005664263645726055, "we,do": 0.001544799176107106, "part,of": 0.0018022657054582905, "your,lordships": 0.003604531410916581, "i,shall": 0.0028321318228630276, "in,this": 0.006694129763130793, "this,country": 0.0012873326467559218, "if,it": 0.0012873326467559218, "to,do": 0.003089598352214212, "is,to": 0.001544799176107106, "that,we": 0.00592173017507724, "from,the": 0.0025746652935118436, "because,it": 0.0012873326467559218, "that,there": 0.003089598352214212, "there,are": 0.0025746652935118436, "<s>,in": 0.0025746652935118436, "this,is": 0.0020597322348094747, "to,help": 0.0012873326467559218, "housing,associations": 0.001544799176107106, "some,of": 0.0020597322348094747, "of,it": 0.001544799176107106, "which,i": 0.002317198764160659, "i,was": 0.0033470648815653965, "a,member": 0.001544799176107106, "say,that": 0.0025746652935118436, "the,committee": 0.0033470648815653965, "to,my": 0.0012873326467559218, "their,own": 0.0012873326467559218, "the,greater": 0.0012873326467559218, "greater,london": 0.001544799176107106, "london,council": 0.001544799176107106, "all,the": 0.002317198764160659, "the,other": 0.002317198764160659, "is,the": 0.006694129763130793, "i,must": 0.0020597322348094747, "to,deal": 0.001544799176107106, "deal,with": 0.0018022657054582905, "i,want": 0.0012873326467559218, "am,very": 0.0012873326467559218, "is,very": 0.002317198764160659, "to,have": 0.0033470648815653965, "have,a": 0.001544799176107106, "up,the": 0.0020597322348094747, "of,those": 0.001544799176107106, "i,beg": 0.0012873326467559218, "we,shall": 0.0012873326467559218, "a,great": 0.0012873326467559218, "lords,it": 0.0012873326467559218, "this,chamber": 0.0020597322348094747, "is,not": 0.00592173017507724, "this,matter": 0.0025746652935118436, "what,the": 0.002317198764160659, "local,authorities": 0.0025746652935118436, "the,housing": 0.0012873326467559218, "housing,association": 0.0012873326467559218, "about,it": 0.002317198764160659, "is,an": 0.0020597322348094747, "to,say": 0.003089598352214212, "because,i": 0.003089598352214212, "matter,<e>": 0.001544799176107106, "on,it": 0.0012873326467559218, "not,to": 0.0020597322348094747, "is,going": 0.0012873326467559218, "going,to": 0.0028321318228630276, "all,<e>": 0.001544799176107106, "it,<e>": 0.005406797116374871, "of,us": 0.0025746652935118436, "not,only": 0.0012873326467559218,