{"<cs>,my": 0.04472843450479233, "my,lords": 0.04472843450479233, "with,the": 0.01597444089456869, "the,noble": 0.03514376996805112, "lord,lord": 0.019169329073482427, "to,the": 0.04153354632587859, "on,the": 0.03514376996805112, "<cs>,i": 0.01597444089456869, "this,debate": 0.01597444089456869, "i,should": 0.01597444089456869, "like,to": 0.01597444089456869, "to,be": 0.019169329073482427, "<e>,<s>": 0.2108626198083067, "i,think": 0.01597444089456869, "that,the": 0.019169329073482427, "of,the": 0.08945686900958466, "your,lordships": 0.019169329073482427, "is,to": 0.01597444089456869, "lords,i": 0.03194888178913738, "<s>,i": 0.04472843450479233, "noble,lord": 0.019169329073482427, "is,a": 0.022364217252396165, "the,amendment": 0.01597444089456869, "amendment,<e>": 0.01597444089456869, "a,very": 0.01597444089456869, "is,the": 0.01597444089456869, "it,is": 0.022364217252396165, "<s>,however": 0.025559105431309903, "in,the": 0.01597444089456869, "<s>,in": 0.01597444089456869, "there,is": 0.019169329073482427, "the,child": 0.02875399361022364}