{"<cs>,my": 0.040419161676646706, "my,lords": 0.04116766467065868, "lords,i": 0.011976047904191617, "i,should": 0.009730538922155689, "should,like": 0.012724550898203593, "like,to": 0.023203592814371257, "to,the": 0.021706586826347306, "the,noble": 0.03218562874251497, "noble,lord": 0.021706586826347306, "lord,lord": 0.008233532934131737, "and,i": 0.005988023952095809, "hope,that": 0.0037425149700598802, "it,is": 0.008233532934131737, "<e>,<s>": 0.08907185628742514, "<s>,i": 0.016467065868263474, "<s>,the": 0.005988023952095809, "i,am": 0.009730538922155689, "that,the": 0.014970059880239521, "in,the": 0.015718562874251496, "of,the": 0.04341317365269461, "noble,lords": 0.008233532934131737, "to,do": 0.0074850299401197605, "they,are": 0.005988023952095809, "there,is": 0.004491017964071856, "to,be": 0.019461077844311378, "out,of": 0.005239520958083832, "there,are": 0.0037425149700598802, "to,support": 0.005988023952095809, "noble,baroness": 0.006736526946107785, "about,the": 0.0037425149700598802, "the,red": 0.006736526946107785, "red,cross": 0.010479041916167664, "first,aid": 0.006736526946107785, "that,they": 0.006736526946107785, "to,take": 0.004491017964071856, "by,the": 0.008982035928143712, "it,was": 0.006736526946107785, "and,to": 0.006736526946107785, "that,this": 0.0037425149700598802, "a,very": 0.008982035928143712, "that,in": 0.0037425149700598802, "at,the": 0.004491017964071856, "cross-bench,peers": 0.008982035928143712, "i,was": 0.0037425149700598802, "<s>,we": 0.0187125748502994, "we,should": 0.004491017964071856, "have,been": 0.004491017964071856, "am,sure": 0.006736526946107785, "sure,that": 0.006736526946107785, "we,are": 0.006736526946107785, "committee,of": 0.0037425149700598802, "agree,that": 0.004491017964071856, "would,be": 0.005988023952095809, "sitting,on": 0.008233532934131737, "on,the": 0.023203592814371257, "the,cross-benches": 0.01721556886227545, "very,happy": 0.005239520958083832, "happy,to": 0.0037425149700598802, "be,associated": 0.01122754491017964, "associated,with": 0.010479041916167664, "with,the": 0.014970059880239521, "the,leader": 0.0037425149700598802, "leader,of": 0.004491017964071856, "the,house": 0.01122754491017964, "house,<e>": 0.004491017964071856, "will,the": 0.004491017964071856, "the,health": 0.0037425149700598802, "this,is": 0.0037425149700598802, "the,cross-bench": 0.0074850299401197605, "would,also": 0.0037425149700598802, "also,like": 0.005988023952095809, "this,house": 0.004491017964071856, "his,royal": 0.0037425149700598802, "royal,highness": 0.0037425149700598802, "in,schools": 0.0037425149700598802, "which,is": 0.005239520958083832, "one,of": 0.0037425149700598802, "it,would": 0.004491017964071856, "a,great": 0.005988023952095809, "the,government": 0.0037425149700598802, "with,a": 0.0037425149700598802, "<s>,it": 0.005988023952095809, "your,lordships": 0.0037425149700598802, "seat,belts": 0.005239520958083832, "i,think": 0.0037425149700598802, "those,sitting": 0.005239520958083832, "want,to": 0.0037425149700598802, "support,the": 0.005988023952095809, "should,be": 0.004491017964071856, "those,who": 0.0037425149700598802, "for,the": 0.006736526946107785, "wish,to": 0.004491017964071856, "these,benches": 0.0037425149700598802, "of,course": 0.004491017964071856, "as,a": 0.0037425149700598802, "the,tributes": 0.005988023952095809, "tributes,already": 0.0037425149700598802, "already,paid": 0.0037425149700598802, "paid,to": 0.0037425149700598802, "already,been": 0.004491017964071856, "very,much": 0.0037425149700598802, "and,with": 0.0037425149700598802, "cross-benches,would": 0.0037425149700598802, "is,the": 0.0037425149700598802, "aware,that": 0.0037425149700598802, "the,minister": 0.0037425149700598802, "to,join": 0.0037425149700598802, "have,already": 0.005239520958083832, "we,on": 0.0074850299401197605, "lords,we": 0.005239520958083832, "and,his": 0.0037425149700598802, "thanks,to": 0.0037425149700598802, "all,the": 0.005988023952095809, "that,he": 0.004491017964071856}