{"<cs>,my": 0.05516921650440427, "my,lords": 0.05516921650440427, "your,lordships": 0.00880853036624942, "lordships,will": 0.0023180343069077423, "will,be": 0.003245248029670839, "it,is": 0.010199350950394067, "with,the": 0.0037088548910523874, "that,i": 0.005099675475197033, "in,this": 0.0027816411682892906, "<e>,<s>": 0.10152990264255911, "<s>,i": 0.02086230876216968, "the,same": 0.0027816411682892906, "i,was": 0.0027816411682892906, "not,be": 0.0023180343069077423, "for,the": 0.005099675475197033, "the,minister": 0.022253129346314324, "her,majestys": 0.0023180343069077423, "majestys,government": 0.0023180343069077423, "that,the": 0.015299026425591099, "on,the": 0.006490496059341678, "of,the": 0.02086230876216968, "i,am": 0.010662957811775614, "that,in": 0.0037088548910523874, "in,a": 0.0037088548910523874, "many,of": 0.0023180343069077423, "to,say": 0.004172461752433936, "i,shall": 0.006490496059341678, "lords,is": 0.01205377839592026, "is,the": 0.006954102920723227, "minister,aware": 0.005563282336578581, "aware,that": 0.019935095039406582, "is,not": 0.0027816411682892906, "is,a": 0.004172461752433936, "a,very": 0.003245248029670839, "that,is": 0.004636068613815485, "<s>,is": 0.00880853036624942, "is,he": 0.007881316643486324, "he,further": 0.0023180343069077423, "some,of": 0.0027816411682892906, "of,my": 0.003245248029670839, "is,my": 0.011126564673157162, "my,noble": 0.04265183124710246, "noble,friend": 0.037552155771905425, "friend,aware": 0.006954102920723227, "the,whole": 0.0023180343069077423, "of,a": 0.0027816411682892906, "lords,i": 0.025498377375985166, "<s>,does": 0.006954102920723227, "does,he": 0.006954102920723227, "he,agree": 0.0027816411682892906, "agree,that": 0.01205377839592026, "that,it": 0.004172461752433936, "there,is": 0.0037088548910523874, "of,our": 0.004636068613815485, "does,the": 0.0027816411682892906, "<s>,it": 0.00880853036624942, "to,be": 0.005563282336578581, "in,the": 0.009735744089012517, "the,noble": 0.007881316643486324, "noble,lord": 0.004636068613815485, "lord,lord": 0.004172461752433936, "speech,<e>": 0.0023180343069077423, "am,also": 0.0027816411682892906, "grateful,to": 0.004172461752433936, "to,the": 0.00927213722763097, "for,initiating": 0.0027816411682892906, "initiating,this": 0.0027816411682892906, "debate,<e>": 0.0023180343069077423, "i,should": 0.00602688919796013, "should,like": 0.005099675475197033, "like,to": 0.005563282336578581, "agree,with": 0.0023180343069077423, "friend,lady": 0.004636068613815485, "friend,lord": 0.0037088548910523874, "i,beg": 0.0023180343069077423, "beg,leave": 0.0023180343069077423, "leave,to": 0.0023180343069077423, "i,thank": 0.01483541956420955, "thank,my": 0.012517385257301807, "friend,the": 0.01205377839592026, "minister,for": 0.007881316643486324, "for,his": 0.011126564673157162, "his,courteous": 0.0027816411682892906, "reply,<e>": 0.012980992118683357, "he,not": 0.003245248029670839, "not,agree": 0.0023180343069077423, "be,a": 0.004172461752433936, "like,a": 0.0023180343069077423, "lords,does": 0.004636068613815485, "does,my": 0.0027816411682892906, "friend,agree": 0.0027816411682892906, "of,your": 0.0023180343069077423, "which,i": 0.0023180343069077423, "i,wish": 0.0027816411682892906, "wish,to": 0.0037088548910523874, "from,the": 0.003245248029670839, "thank,the": 0.003245248029670839, "<s>,however": 0.004172461752433936, "he,aware": 0.005563282336578581, "in,scotland": 0.0027816411682892906, "and,i": 0.0023180343069077423, "say,a": 0.0023180343069077423, "noble,friends": 0.0023180343069077423, "minister,agree": 0.0027816411682892906, "should,be": 0.0027816411682892906, "<cs>,i": 0.0037088548910523874, "i,have": 0.0037088548910523874, "is,very": 0.0023180343069077423, "to,me": 0.0027816411682892906, "our,british": 0.0023180343069077423, "us,all": 0.0027816411682892906, "friend,for": 0.005099675475197033, "that,there": 0.0023180343069077423, "of,their": 0.0023180343069077423, "the,amendment": 0.004636068613815485, "amendment,<e>": 0.0027816411682892906, "do,not": 0.003245248029670839, "all,<e>": 0.0023180343069077423, "he,also": 0.0023180343069077423, "and,also": 0.003245248029670839, "as,a": 0.0027816411682892906, "that,we": 0.004172461752433936, "<s>,the": 0.0023180343069077423, "which,is": 0.0023180343069077423, "not,have": 0.0023180343069077423, "<s>,can": 0.005099675475197033, "are,all": 0.0023180343069077423, "encouraging,reply": 0.00602688919796013, "and,that": 0.005563282336578581, "also,aware": 0.0023180343069077423, "and,the": 0.0037088548910523874, "would,be": 0.0027816411682892906, "we,are": 0.004636068613815485, "<s>,that": 0.0023180343069077423, "<s>,will": 0.0023180343069077423, "tell,us": 0.0027816411682892906, "to,us": 0.0023180343069077423, "to,speak": 0.0023180343069077423, "his,encouraging": 0.0023180343069077423, "not,only": 0.0027816411682892906, "this,debate": 0.0023180343069077423, "can,he": 0.0027816411682892906, "very,much": 0.0027816411682892906, "the,rose": 0.0023180343069077423}