{"<cs>,my": 0.037927615270203274, "my,lords": 0.0384234010907288, "lords,i": 0.011403073872087258, "i,beg": 0.0034705007436787306, "beg,to": 0.002726822012890431, "to,introduce": 0.001487357461576599, "a,person": 0.0012394645513138325, "of,a": 0.004462072384729797, "a,former": 0.0012394645513138325, "<e>,<s>": 0.08254833911750124, "<s>,i": 0.011650966782350025, "to,move": 0.002478929102627665, "move,that": 0.002478929102627665, "that,the": 0.012890431333663858, "the,bill": 0.004462072384729797, "bill,be": 0.0019831432821021317, "be,now": 0.0019831432821021317, "now,read": 0.0017352503718393653, "read,a": 0.0017352503718393653, "time,<e>": 0.0022310361923648984, "lords,would": 0.002726822012890431, "would,the": 0.002974714923153198, "the,noble": 0.025037183936539417, "noble,earl": 0.0034705007436787306, "to,the": 0.011155180961824492, "for,a": 0.0019831432821021317, "in,the": 0.015369360436291522, "of,the": 0.02330193356470005, "government,<e>": 0.001487357461576599, "lords,may": 0.002726822012890431, "that,this": 0.0034705007436787306, "this,bill": 0.0034705007436787306, "a,second": 0.0019831432821021317, "second,time": 0.0012394645513138325, "your,lordships": 0.0034705007436787306, "that,it": 0.0037183936539414973, "it,is": 0.00991571641051066, "second,reading": 0.0017352503718393653, "of,an": 0.0012394645513138325, "a,number": 0.001487357461576599, "number,of": 0.002726822012890431, "of,these": 0.001487357461576599, "which,is": 0.002974714923153198, "is,the": 0.008180466038671294, "the,first": 0.0019831432821021317, "in,this": 0.0034705007436787306, "this,house": 0.002478929102627665, "of,parliament": 0.001487357461576599, "<s>,that": 0.002726822012890431, "hope,that": 0.002478929102627665, "lords,if": 0.002974714923153198, "if,the": 0.0032226078334159644, "the,right": 0.0017352503718393653, "allow,me": 0.0012394645513138325, "me,to": 0.0017352503718393653, "i,should": 0.008924144769459593, "should,like": 0.006941001487357461, "like,to": 0.00495785820525533, "that,i": 0.0034705007436787306, "my,bill": 0.0012394645513138325, "that,are": 0.001487357461576599, "are,not": 0.0032226078334159644, "out,<e>": 0.0012394645513138325, "at,present": 0.0012394645513138325, "lords,on": 0.001487357461576599, "on,the": 0.007684680218145761, "was,a": 0.001487357461576599, "by,the": 0.00495785820525533, "the,national": 0.0012394645513138325, "<s>,can": 0.001487357461576599, "can,the": 0.0019831432821021317, "the,minister": 0.009419930589985127, "i,am": 0.0074367873078829945, "grateful,to": 0.001487357461576599, "to,your": 0.0012394645513138325, "for,the": 0.005205751115518097, "of,this": 0.0037183936539414973, "bill,<e>": 0.002478929102627665, "able,to": 0.0019831432821021317, "i,think": 0.006445215666831929, "it,would": 0.002478929102627665, "would,be": 0.00421417947446703, "if,i": 0.0017352503718393653, "noble,lords": 0.0017352503718393653, "lords,<e>": 0.0012394645513138325, "lords,is": 0.0032226078334159644, "is,not": 0.004709965294992563, "noble,baroness": 0.00421417947446703, "there,are": 0.0019831432821021317, "it,<e>": 0.0019831432821021317, "does,it": 0.0012394645513138325, "and,that": 0.0039662865642042635, "of,my": 0.0019831432821021317, "way,<e>": 0.001487357461576599, "noble,lord": 0.012890431333663858, "i,wonder": 0.001487357461576599, "wonder,whether": 0.001487357461576599, "whether,he": 0.0012394645513138325, "will,be": 0.0039662865642042635, "he,has": 0.0019831432821021317, "members,of": 0.002974714923153198, "for,his": 0.0012394645513138325, "as,the": 0.0019831432821021317, "with,the": 0.0066931085770946955, "of,us": 0.0017352503718393653, "question,<e>": 0.0022310361923648984, "at,the": 0.0037183936539414973, "there,is": 0.0074367873078829945, "is,a": 0.00495785820525533, "may,i": 0.004709965294992563, "i,ask": 0.002726822012890431, "the,rules": 0.0017352503718393653, "if,he": 0.0012394645513138325, "what,is": 0.002974714923153198, "lords,the": 0.0017352503718393653, "that,there": 0.0034705007436787306, "centres,<e>": 0.001487357461576599, "<s>,is": 0.002974714923153198, "lords,does": 0.0017352503718393653, "does,the": 0.001487357461576599, "lords,it": 0.0012394645513138325, "it,does": 0.0012394645513138325, "does,not": 0.002974714923153198, "to,a": 0.0017352503718393653, "member,of": 0.0012394645513138325, "<s>,it": 0.006445215666831929, "a,great": 0.0017352503718393653, "it,has": 0.0022310361923648984, "to,me": 0.0017352503718393653, "lord,lord": 0.00495785820525533, "agree,that": 0.001487357461576599, "they,are": 0.0039662865642042635, "to,be": 0.006941001487357461, "<s>,but": 0.0019831432821021317, "that,is": 0.0066931085770946955, "not,the": 0.002726822012890431, "the,fact": 0.001487357461576599, "<s>,the": 0.006941001487357461, "is,that": 0.0039662865642042635, "that,they": 0.005453644025780862, "it,may": 0.0012394645513138325, "may,not": 0.0012394645513138325, "not,be": 0.0019831432821021317, "the,government": 0.004709965294992563, "but,it": 0.001487357461576599, "a,fact": 0.0012394645513138325, "and,the": 0.004462072384729797, "to,say": 0.0034705007436787306, "obliged,to": 0.0012394645513138325, "am,very": 0.0012394645513138325, "<s>,we": 0.002974714923153198, "collective,bargaining": 0.0012394645513138325, "a,very": 0.0017352503718393653, "ask,the": 0.002726822012890431, "lord,the": 0.0019831432821021317, "fact,that": 0.0017352503718393653, "should,be": 0.004709965294992563, "in,relation": 0.001487357461576599, "relation,to": 0.001487357461576599, "aware,that": 0.0012394645513138325, "a,year": 0.0012394645513138325, "most,of": 0.001487357461576599, "do,not": 0.004709965294992563, "this,is": 0.001487357461576599, "the,house": 0.002726822012890431, "the,position": 0.0012394645513138325, "the,law": 0.001487357461576599, "is,it": 0.002974714923153198, "in,which": 0.0022310361923648984, "<s>,if": 0.0037183936539414973, "kind,of": 0.0019831432821021317, "is,going": 0.0012394645513138325, "<s>,surely": 0.0019831432821021317, "it,not": 0.002974714923153198, "supplementary,benefit": 0.0012394645513138325, "about,to": 0.001487357461576599, "than,the": 0.0012394645513138325, "we,are": 0.0032226078334159644, "but,i": 0.0022310361923648984, "i,do": 0.002974714923153198, "not,think": 0.0017352503718393653, "think,that": 0.002974714923153198, "can,be": 0.001487357461576599, "in,favour": 0.0012394645513138325, "favour,of": 0.0012394645513138325, "am,not": 0.0012394645513138325, "it,will": 0.0012394645513138325, "which,it": 0.0012394645513138325, "not,<e>": 0.0012394645513138325, "<cs>,i": 0.005701536936043629, "what,the": 0.001487357461576599, "that,we": 0.0034705007436787306, "me,that": 0.0012394645513138325, "is,now": 0.001487357461576599, "we,should": 0.001487357461576599, "i,have": 0.0039662865642042635, "i,hope": 0.0017352503718393653, "under,the": 0.0012394645513138325, "<s>,they": 0.002478929102627665, "and,they": 0.0012394645513138325, "and,then": 0.0012394645513138325, "has,been": 0.005453644025780862, "to,which": 0.001487357461576599, "which,the": 0.002726822012890431, "have,been": 0.002726822012890431, "local,authorities": 0.0017352503718393653, "very,much": 0.0017352503718393653, "the,question": 0.002478929102627665, "to,have": 0.0019831432821021317, "this,kind": 0.0012394645513138325, "that,a": 0.0022310361923648984, "the,amendment": 0.002478929102627665, "amendment,<e>": 0.0022310361923648984, "many,of": 0.001487357461576599, "minister,to": 0.0012394645513138325, "this,amendment": 0.0022310361923648984, "<cs>,the": 0.001487357461576599, "to,make": 0.00421417947446703, "people,who": 0.0019831432821021317, "my,noble": 0.007188894397620228, "noble,friend": 0.005453644025780862, "friend,lord": 0.0017352503718393653, "from,the": 0.001487357461576599, "one,is": 0.0012394645513138325, "which,i": 0.0022310361923648984, "to,support": 0.002974714923153198, "support,my": 0.0012394645513138325, "think,it": 0.001487357461576599, "whether,the": 0.0022310361923648984, "and,to": 0.0012394645513138325, "have,a": 0.0017352503718393653,