{"<cs>,my": 0.01565377532228361, "my,lords": 0.01565377532228361, "to,the": 0.011663597298956415, "your,lordships": 0.004297114794352364, "my,noble": 0.028238182934315532, "noble,friend": 0.025475751995089013, "friend,lord": 0.009515039901780233, "this,is": 0.003376304481276857, "is,the": 0.003376304481276857, "i,have": 0.007059545733578883, "have,had": 0.001534683855125844, "<e>,<s>": 0.09668508287292818, "<s>,i": 0.03222836095764273, "on,a": 0.002148557397176182, "that,is": 0.006752608962553714, "is,not": 0.003683241252302026, "to,my": 0.0052179251074278695, "as,a": 0.001841620626151013, "but,i": 0.0052179251074278695, "i,am": 0.019030079803560467, "that,i": 0.010128913443830571, "i,must": 0.003990178023327195, "one,of": 0.0024554941682013503, "of,the": 0.0187231430325353, "the,house": 0.001841620626151013, "this,bill": 0.0024554941682013503, "the,fact": 0.001534683855125844, "fact,that": 0.001841620626151013, "national,parks": 0.003069367710251688, "<s>,the": 0.0052179251074278695, "for,having": 0.001841620626151013, "he,has": 0.002148557397176182, "if,i": 0.002148557397176182, "i,may": 0.0027624309392265192, "may,i": 0.001534683855125844, "i,should": 0.010128913443830571, "should,like": 0.008594229588704727, "like,to": 0.009208103130755065, "what,the": 0.0024554941682013503, "the,noble": 0.017188459177409455, "noble,lord": 0.012584407612031922, "lord,lord": 0.00798035604665439, "has,said": 0.003683241252302026, "said,<e>": 0.004297114794352364, "<s>,in": 0.004297114794352364, "in,view": 0.001534683855125844, "view,of": 0.001534683855125844, "that,this": 0.002148557397176182, "to,try": 0.002148557397176182, "try,to": 0.0027624309392265192, "it,is": 0.012277470841006752, "noble,lords": 0.004910988336402701, "that,if": 0.0027624309392265192, "to,be": 0.007673419275629221, "the,farmer": 0.001841620626151013, "the,matter": 0.001841620626151013, "that,he": 0.0027624309392265192, "should,be": 0.001841620626151013, "there,is": 0.0055248618784530384, "point,<e>": 0.0027624309392265192, "on,the": 0.009821976672805401, "i,would": 0.0024554941682013503, "agree,with": 0.003069367710251688, "this,amendment": 0.004910988336402701, "amendment,<e>": 0.008287292817679558, "must,say": 0.001534683855125844, "<cs>,i": 0.014426028238182934, "both,sides": 0.001534683855125844, "and,i": 0.005831798649478207, "<s>,however": 0.004910988336402701, "however,i": 0.0024554941682013503, "i,support": 0.001841620626151013, "believe,that": 0.0027624309392265192, "is,a": 0.006445672191528545, "<s>,we": 0.003683241252302026, "we,have": 0.0052179251074278695, "about,the": 0.0024554941682013503, "in,this": 0.004297114794352364, "this,country": 0.002148557397176182, "is,very": 0.001534683855125844, "very,much": 0.003376304481276857, "must,be": 0.001534683855125844, "which,i": 0.0027624309392265192, "i,can": 0.001841620626151013, "with,the": 0.004910988336402701, "and,the": 0.003990178023327195, "has,been": 0.004297114794352364, "in,fact": 0.002148557397176182, "a,great": 0.003376304481276857, "great,deal": 0.003069367710251688, "deal,of": 0.0027624309392265192, "in,the": 0.009821976672805401, "the,case": 0.002148557397176182, "when,the": 0.001534683855125844, "have,been": 0.002148557397176182, "have,a": 0.003376304481276857, "to,support": 0.003376304481276857, "this,<e>": 0.001841620626151013, "that,the": 0.010435850214855739, "the,word": 0.001534683855125844, "the,bill": 0.003990178023327195, "<s>,it": 0.007059545733578883, "it,would": 0.004604051565377533, "to,me": 0.003683241252302026, "me,that": 0.0027624309392265192, "that,it": 0.0027624309392265192, "is,no": 0.0024554941682013503, "for,a": 0.001841620626151013, "for,the": 0.003683241252302026, "the,hen": 0.001534683855125844, "hen,harrier": 0.001534683855125844, "i,think": 0.007673419275629221, "think,that": 0.003683241252302026, "in,saying": 0.001534683855125844, "saying,that": 0.001841620626151013, "that,my": 0.001841620626151013, "would,be": 0.004910988336402701, "<s>,as": 0.0027624309392265192, "as,i": 0.003990178023327195, "it,has": 0.001534683855125844, "if,the": 0.001534683855125844, "the,minister": 0.0027624309392265192, "on,this": 0.003376304481276857, "think,i": 0.001841620626151013, "<s>,this": 0.0024554941682013503, "say,that": 0.003990178023327195, "by,the": 0.003069367710251688, "the,point": 0.003069367710251688, "by,my": 0.001534683855125844, "the,nature": 0.0027624309392265192, "nature,conservancy": 0.003376304481276857, "conservancy,council": 0.003069367710251688, "hope,that": 0.002148557397176182, "with,this": 0.001841620626151013, "will,be": 0.003376304481276857, "no,doubt": 0.001534683855125844, "it,will": 0.001534683855125844, "i,do": 0.006445672191528545, "the,future": 0.001534683855125844, "that,we": 0.004297114794352364, "they,will": 0.001841620626151013, "to,this": 0.001841620626151013, "lord,stanley": 0.001841620626151013, "lords,i": 0.00798035604665439, "support,my": 0.001534683855125844, "friend,on": 0.003683241252302026, "do,not": 0.006752608962553714, "not,know": 0.001841620626151013, "the,countryside": 0.003069367710251688, "going,to": 0.002148557397176182, "the,government": 0.003069367710251688, "lord,swinton": 0.001534683855125844, "i,hope": 0.002148557397176182, "at,this": 0.001534683855125844, "in,a": 0.0027624309392265192, "have,to": 0.002148557397176182, "i,believe": 0.003069367710251688, "the,act": 0.001534683855125844, "it,seems": 0.003069367710251688, "we,were": 0.001534683855125844, "bill,<e>": 0.002148557397176182, "it,was": 0.002148557397176182, "i,agree": 0.001841620626151013, "support,the": 0.001841620626151013, "to,say": 0.003376304481276857, "<s>,but": 0.0027624309392265192, "in,principle": 0.001841620626151013, "as,my": 0.001534683855125844, "of,my": 0.0024554941682013503, "i,too": 0.003069367710251688, "that,there": 0.001534683855125844, "is,that": 0.002148557397176182, "point,that": 0.001534683855125844, "this,matter": 0.0027624309392265192, "seems,to": 0.0027624309392265192, "have,the": 0.001534683855125844, "<s>,to": 0.001534683855125844, "to,do": 0.001841620626151013, "the,way": 0.001841620626151013, "am,sure": 0.001534683855125844, "sure,that": 0.001534683855125844, "<s>,if": 0.003069367710251688, "if,we": 0.001534683855125844, "we,are": 0.003376304481276857, "friend,for": 0.001534683855125844, "<s>,my": 0.001841620626151013, "that,<e>": 0.001534683855125844, "i,beg": 0.0024554941682013503, "beg,leave": 0.0027624309392265192, "leave,to": 0.0027624309392265192, "to,withdraw": 0.0027624309392265192, "withdraw,the": 0.0027624309392265192, "the,amendment": 0.008287292817679558, "lord,melchett": 0.001534683855125844, "to,amendment": 0.001841620626151013, "amendment,no": 0.0027624309392265192, "no,<e>": 0.003069367710251688, "am,grateful": 0.003069367710251688, "grateful,to": 0.004297114794352364, "the,question": 0.001534683855125844, "too,should": 0.001841620626151013, "what,my": 0.003683241252302026, "friend,has": 0.002148557397176182, "through,the": 0.001534683855125844, "it,<e>": 0.002148557397176182, "to,all": 0.001534683855125844, "we,can": 0.001534683855125844, "the,committee": 0.0024554941682013503, "am,not": 0.0024554941682013503, "at,the": 0.003376304481276857, "<s>,he": 0.001841620626151013, "perhaps,i": 0.001534683855125844, "but,there": 0.001534683855125844, "the,front": 0.0027624309392265192, "front,bench": 0.0027624309392265192, "number,of": 0.001841620626151013, "<s>,that": 0.003376304481276857, "think,it": 0.002148557397176182, "noble,friends": 0.0024554941682013503, "is,to": 0.001841620626151013, "are,not": 0.002148557397176182, "do,so": 0.001534683855125844, "not,wish": 0.001534683855125844, "wish,to": 0.0024554941682013503, "the,moment": 0.001534683855125844, "countryside,commission": 0.001841620626151013, "i,was": 0.0027624309392265192, "matter,<e>": 0.002148557397176182, "were,to": 0.001534683855125844, "of,course": 0.001534683855125844, "such,a": 0.001841620626151013, "as,regards": 0.002148557397176182, "of,police": 0.001534683855125844,