{"<cs>,my": 0.0661625708884688, "my,lords": 0.06805293005671077, "lords,i": 0.03780718336483932, "i,should": 0.022684310018903593, "should,like": 0.024574669187145556, "like,to": 0.026465028355387523, "to,the": 0.01890359168241966, "the,noble": 0.034026465028355386, "noble,lord": 0.026465028355387523, "lord,lord": 0.01890359168241966, "<e>,<s>": 0.1720226843100189, "<s>,i": 0.035916824196597356, "i,am": 0.013232514177693762, "to,say": 0.00945179584120983, "<s>,however": 0.00945179584120983, "i,would": 0.00945179584120983, "in,the": 0.017013232514177693, "my,noble": 0.026465028355387523, "noble,friend": 0.024574669187145556, "of,the": 0.02835538752362949, "for,the": 0.00945179584120983, "friend,lord": 0.011342155009451797, "i,was": 0.011342155009451797, "on,the": 0.013232514177693762, "paper,<e>": 0.00945179584120983, "that,the": 0.024574669187145556, "by,the": 0.013232514177693762, "may,i": 0.013232514177693762, "<s>,it": 0.011342155009451797, "it,is": 0.011342155009451797, "and,i": 0.017013232514177693, "<s>,the": 0.017013232514177693, "has,been": 0.00945179584120983, "to,speak": 0.017013232514177693, "i,have": 0.013232514177693762, "i,shall": 0.00945179584120983, "i,too": 0.00945179584120983, "<cs>,i": 0.00945179584120983, "the,number": 0.00945179584120983, "number,of": 0.013232514177693762, "agree,with": 0.00945179584120983, "this,amendment": 0.00945179584120983, "which,is": 0.00945179584120983, "would,be": 0.01890359168241966, "white,paper": 0.00945179584120983}