{"<cs>,my": 0.029914529914529916, "my,lords": 0.029914529914529916, "lords,i": 0.014957264957264958, "in,the": 0.03632478632478633, "the,forestry": 0.017094017094017096, "i,am": 0.010683760683760684, "of,a": 0.010683760683760684, "<e>,<s>": 0.1517094017094017, "<s>,i": 0.05555555555555555, "my,noble": 0.038461538461538464, "noble,friend": 0.03632478632478633, "friend,lord": 0.017094017094017096, "and,the": 0.014957264957264958, "the,noble": 0.07905982905982906, "noble,lord": 0.04700854700854701, "lord,lord": 0.023504273504273504, "your,lordships": 0.023504273504273504, "lordships,house": 0.010683760683760684, "with,the": 0.010683760683760684, "noble,earl": 0.019230769230769232, "<s>,the": 0.014957264957264958, "wonder,whether": 0.010683760683760684, "in,this": 0.01282051282051282, "would,be": 0.01282051282051282, "on,the": 0.010683760683760684, "of,the": 0.0405982905982906, "may,i": 0.01282051282051282, "the,forest": 0.01282051282051282, "forest,of": 0.01282051282051282, "of,dean": 0.01282051282051282, "that,the": 0.019230769230769232, "the,bill": 0.01282051282051282, "which,the": 0.010683760683760684, "<cs>,i": 0.01282051282051282, "by,the": 0.01282051282051282, "think,that": 0.010683760683760684, "to,be": 0.010683760683760684, "to,say": 0.010683760683760684, "i,hope": 0.010683760683760684, "it,is": 0.021367521367521368, "i,do": 0.010683760683760684, "do,not": 0.01282051282051282, "to,the": 0.01282051282051282}