{"<cs>,my": 0.03669724770642202, "my,lords": 0.03669724770642202, "lords,i": 0.014908256880733946, "i,am": 0.017201834862385322, "of,the": 0.047018348623853214, "in,this": 0.008027522935779817, "in,my": 0.005733944954128441, "<cs>,i": 0.009174311926605505, "the,noble": 0.02522935779816514, "noble,baroness": 0.008027522935779817, "baroness,lady": 0.005733944954128441, "about,the": 0.005733944954128441, "need,to": 0.006880733944954129, "in,the": 0.0194954128440367, "<e>,<s>": 0.15711009174311927, "<s>,i": 0.03096330275229358, "i,shall": 0.010321100917431193, "shall,not": 0.006880733944954129, "that,there": 0.005733944954128441, "there,is": 0.008027522935779817, "is,a": 0.01834862385321101, "<s>,the": 0.014908256880733946, "<s>,that": 0.005733944954128441, "that,<e>": 0.005733944954128441, "with,the": 0.011467889908256881, "to,look": 0.005733944954128441, "at,the": 0.010321100917431193, "we,have": 0.010321100917431193, "by,the": 0.006880733944954129, "i,think": 0.009174311926605505, "it,is": 0.02408256880733945, "is,the": 0.010321100917431193, "on,the": 0.011467889908256881, "that,we": 0.006880733944954129, "the,bill": 0.010321100917431193, "we,are": 0.010321100917431193, "i,believe": 0.006880733944954129, "to,the": 0.01261467889908257, "noble,lord": 0.009174311926605505, "and,i": 0.006880733944954129, "i,have": 0.010321100917431193, "think,that": 0.005733944954128441, "that,it": 0.005733944954128441, "of,course": 0.005733944954128441, "<s>,it": 0.014908256880733946, "which,is": 0.006880733944954129, "this,amendment": 0.009174311926605505, "i,do": 0.008027522935779817, "do,not": 0.009174311926605505, "that,i": 0.008027522935779817, "i,thought": 0.005733944954128441, "that,the": 0.011467889908256881, "the,government": 0.005733944954128441, "look,at": 0.005733944954128441, "i,should": 0.008027522935779817, "should,like": 0.005733944954128441, "<s>,we": 0.008027522935779817, "but,i": 0.006880733944954129, "i,wish": 0.005733944954128441, "wish,to": 0.006880733944954129, "<s>,there": 0.009174311926605505, "<s>,in": 0.006880733944954129, "and,that": 0.005733944954128441, "lord,lord": 0.009174311926605505, "the,most": 0.006880733944954129, "this,is": 0.008027522935779817, "that,this": 0.005733944954128441, "should,be": 0.006880733944954129, "it,<e>": 0.006880733944954129, "believe,that": 0.008027522935779817, "it,would": 0.006880733944954129, "would,be": 0.006880733944954129, "the,time": 0.005733944954128441, "to,be": 0.017201834862385322, "your,lordships": 0.005733944954128441, "the,debate": 0.009174311926605505, "has,been": 0.005733944954128441, "for,a": 0.005733944954128441, "as,i": 0.005733944954128441, "will,be": 0.005733944954128441, "grateful,for": 0.005733944954128441, "for,the": 0.01261467889908257, "the,amendment": 0.006880733944954129}