{"<cs>,my": 0.02689075630252101, "my,lords": 0.031932773109243695, "lords,i": 0.013445378151260505, "to,the": 0.01680672268907563, "to,be": 0.020168067226890758, "in,this": 0.008403361344537815, "this,debate": 0.010084033613445379, "the,committee": 0.008403361344537815, "<e>,<s>": 0.146218487394958, "<s>,i": 0.043697478991596636, "the,act": 0.010084033613445379, "<s>,we": 0.008403361344537815, "very,much": 0.008403361344537815, "in,the": 0.030252100840336135, "that,is": 0.011764705882352941, "is,a": 0.01680672268907563, "that,we": 0.013445378151260505, "we,have": 0.013445378151260505, "may,i": 0.008403361344537815, "that,that": 0.008403361344537815, "that,i": 0.015126050420168067, "i,have": 0.011764705882352941, "of,the": 0.05378151260504202, "by,the": 0.015126050420168067, "i,am": 0.031932773109243695, "am,not": 0.010084033613445379, "not,a": 0.008403361344537815, "<s>,the": 0.008403361344537815, "the,noble": 0.02857142857142857, "noble,lord": 0.018487394957983194, "lord,lord": 0.011764705882352941, "we,are": 0.008403361344537815, "<cs>,i": 0.015126050420168067, "<s>,but": 0.008403361344537815, "it,is": 0.023529411764705882, "<s>,it": 0.020168067226890758, "it,has": 0.008403361344537815, "and,i": 0.018487394957983194, "that,the": 0.018487394957983194, "i,was": 0.021848739495798318, "the,forestry": 0.008403361344537815, "have,been": 0.008403361344537815, "we,were": 0.010084033613445379, "i,should": 0.011764705882352941, "like,to": 0.008403361344537815, "as,the": 0.011764705882352941, "has,been": 0.011764705882352941, "on,the": 0.018487394957983194, "i,think": 0.010084033613445379, "my,noble": 0.010084033613445379, "noble,friend": 0.010084033613445379, "friend,lord": 0.008403361344537815, "i,do": 0.008403361344537815, "do,not": 0.008403361344537815, "that,this": 0.008403361344537815, "that,it": 0.008403361344537815, "from,the": 0.010084033613445379, "of,this": 0.008403361344537815, "to,legislate": 0.008403361344537815}