{"<cs>,my": 0.06352087114337568, "my,lords": 0.06533575317604355, "lords,i": 0.032667876588021776, "i,beg": 0.009074410163339383, "beg,leave": 0.009074410163339383, "leave,to": 0.009074410163339383, "in,my": 0.010889292196007259, "on,the": 0.010889292196007259, "the,noble": 0.038112522686025406, "noble,lord": 0.025408348457350273, "<e>,<s>": 0.16152450090744103, "i,am": 0.025408348457350273, "am,grateful": 0.009074410163339383, "grateful,to": 0.019963702359346643, "to,the": 0.045372050816696916, "lord,lord": 0.009074410163339383, "the,government": 0.018148820326678767, "that,the": 0.021778584392014518, "of,the": 0.05263157894736842, "to,be": 0.009074410163339383, "in,the": 0.021778584392014518, "<s>,i": 0.039927404718693285, "welcome,the": 0.009074410163339383, "by,the": 0.010889292196007259, "it,is": 0.019963702359346643, "is,a": 0.010889292196007259, "bill,<e>": 0.010889292196007259, "the,bill": 0.012704174228675136, "<s>,we": 0.010889292196007259, "lords,we": 0.014519056261343012, "we,on": 0.016333938294010888, "on,these": 0.016333938294010888, "these,benches": 0.016333938294010888, "should,like": 0.009074410163339383, "like,to": 0.009074410163339383, "per,cent": 0.012704174228675136, "cent,<e>": 0.012704174228675136, "this,bill": 0.023593466424682397, "<s>,it": 0.012704174228675136, "<s>,the": 0.012704174228675136, "there,is": 0.009074410163339383, "to,take": 0.009074410163339383, "the,amendment": 0.010889292196007259, "amendment,<e>": 0.012704174228675136, "withdraw,the": 0.009074410163339383}