{"<cs>,my": 0.05991440798858773, "my,lords": 0.06134094151212553, "it,is": 0.014265335235378032, "the,noble": 0.025677603423680456, "noble,lord": 0.021398002853067047, "lord,lord": 0.015691868758915834, "maiden,speech": 0.007132667617689016, "<e>,<s>": 0.09415121255349501, "he,has": 0.015691868758915834, "in,this": 0.011412268188302425, "this,debate": 0.009985734664764621, "in,the": 0.02282453637660485, "and,the": 0.009985734664764621, "that,he": 0.009985734664764621, "on,the": 0.012838801711840228, "of,the": 0.0456490727532097, "will,be": 0.011412268188302425, "in,your": 0.007132667617689016, "your,lordships": 0.009985734664764621, "lordships,house": 0.007132667617689016, "which,he": 0.007132667617689016, "our,defence": 0.007132667617689016, "i,should": 0.014265335235378032, "like,to": 0.012838801711840228, "my,noble": 0.037089871611982884, "noble,friend": 0.037089871611982884, "friend,lord": 0.011412268188302425, "lords,i": 0.024251069900142655, "to,the": 0.019971469329529243, "with,the": 0.007132667617689016, "that,in": 0.007132667617689016, "that,it": 0.007132667617689016, "<s>,i": 0.02710413694721826, "that,the": 0.028530670470756064, "grateful,to": 0.008559201141226819, "for,the": 0.015691868758915834, "the,opportunity": 0.007132667617689016, "should,like": 0.008559201141226819, "at,the": 0.008559201141226819, "i,am": 0.015691868758915834, "friend,the": 0.015691868758915834, "the,minister": 0.021398002853067047, "confirm,that": 0.008559201141226819, "i,beg": 0.007132667617689016, "thank,my": 0.007132667617689016, "the,house": 0.008559201141226819, "agree,that": 0.015691868758915834, "lords,will": 0.009985734664764621, "not,only": 0.007132667617689016, "of,our": 0.008559201141226819, "as,a": 0.007132667617689016, "<s>,the": 0.008559201141226819, "is,not": 0.007132667617689016, "of,this": 0.007132667617689016, "to,discuss": 0.008559201141226819, "the,debate": 0.007132667617689016, "of,defence": 0.007132667617689016, "i,must": 0.008559201141226819, "noble,lords": 0.011412268188302425, "minister,agree": 0.007132667617689016, "lords,would": 0.007132667617689016, "by,the": 0.008559201141226819, "to,be": 0.008559201141226819}