{"<cs>,my": 0.02861230329041488, "my,lords": 0.028898426323319026, "lords,i": 0.020314735336194562, "i,should": 0.009728183118741058, "should,like": 0.007439198855507869, "like,to": 0.008011444921316165, "to,start": 0.0017167381974248926, "start,by": 0.0034334763948497852, "my,noble": 0.004864091559370529, "<e>,<s>": 0.11416309012875536, "<s>,it": 0.006008583690987125, "it,is": 0.009155937052932762, "is,not": 0.002575107296137339, "the,noble": 0.031473533619456366, "noble,baroness": 0.005722460658082976, "<s>,my": 0.0022889842632331904, "your,lordships": 0.006008583690987125, "in,the": 0.011158798283261802, "<s>,as": 0.002575107296137339, "as,a": 0.002575107296137339, "and,i": 0.0054363376251788265, "i,also": 0.0020028612303290413, "when,i": 0.0020028612303290413, "i,was": 0.008297567954220314, "was,a": 0.0017167381974248926, "to,a": 0.001430615164520744, "that,i": 0.012303290414878397, "a,very": 0.002575107296137339, "very,much": 0.001430615164520744, "i,apologise": 0.001430615164520744, "my,name": 0.002575107296137339, "was,not": 0.002861230329041488, "to,my": 0.0020028612303290413, "<s>,i": 0.03662374821173105, "i,am": 0.015164520743919885, "because,the": 0.0017167381974248926, "noble,viscount": 0.002861230329041488, "has,been": 0.0031473533619456365, "to,me": 0.002861230329041488, "what,the": 0.0022889842632331904, "i,have": 0.009728183118741058, "going,to": 0.004291845493562232, "with,the": 0.0037195994277539344, "<cs>,i": 0.005722460658082976, "i,think": 0.0020028612303290413, "think,that": 0.001430615164520744, "that,the": 0.00715307582260372, "the,right": 0.0017167381974248926, "he,was": 0.001430615164520744, "about,the": 0.0017167381974248926, "of,the": 0.013447782546494993, "per,cent": 0.0020028612303290413, "cent,<e>": 0.0020028612303290413, "<s>,but": 0.0022889842632331904, "but,i": 0.0037195994277539344, "that,he": 0.0022889842632331904, "he,has": 0.002575107296137339, "the,point": 0.001430615164520744, "<s>,the": 0.0054363376251788265, "that,we": 0.004864091559370529, "we,have": 0.0037195994277539344, "people,who": 0.0020028612303290413, "who,are": 0.0022889842632331904, "disabled,<e>": 0.002861230329041488, "<s>,if": 0.005150214592274678, "if,you": 0.001430615164520744, "at,the": 0.004005722460658083, "the,other": 0.0017167381974248926, "is,that": 0.0017167381974248926, "that,a": 0.0017167381974248926, "will,not": 0.001430615164520744, "all,the": 0.0017167381974248926, "we,are": 0.0022889842632331904, "i,beg": 0.0017167381974248926, "leave,to": 0.001430615164520744, "in,my": 0.0020028612303290413, "on,the": 0.0054363376251788265, "i,thank": 0.002575107296137339, "thank,the": 0.0037195994277539344, "for,that": 0.0020028612303290413, "i,must": 0.0031473533619456365, "admit,that": 0.0020028612303290413, "am,not": 0.001430615164520744, "that,there": 0.0022889842632331904, "have,been": 0.0037195994277539344, "if,i": 0.002861230329041488, "i,may": 0.0020028612303290413, "is,the": 0.0022889842632331904, "to,the": 0.010300429184549357, "minister,for": 0.0020028612303290413, "to,be": 0.004291845493562232, "should,be": 0.0034334763948497852, "part,of": 0.001430615164520744, "the,bill": 0.002575107296137339, "to,what": 0.001430615164520744, "has,said": 0.0020028612303290413, "that,in": 0.002575107296137339, "which,i": 0.002575107296137339, "as,i": 0.001430615164520744, "i,know": 0.0017167381974248926, "there,are": 0.001430615164520744, "are,not": 0.0017167381974248926, "who,has": 0.0017167381974248926, "is,in": 0.0017167381974248926, "in,a": 0.0034334763948497852, "it,would": 0.0017167381974248926, "would,be": 0.002861230329041488, "they,are": 0.002575107296137339, "and,the": 0.0037195994277539344, "by,the": 0.0037195994277539344, "baroness,lady": 0.0034334763948497852, "that,if": 0.0022889842632331904, "for,the": 0.005150214592274678, "the,disabled": 0.0031473533619456365, "have,a": 0.002575107296137339, "that,this": 0.0020028612303290413, "would,not": 0.0020028612303290413, "that,it": 0.004864091559370529, "for,a": 0.0017167381974248926, "is,very": 0.001430615164520744, "i,would": 0.002861230329041488, "knew,that": 0.001430615164520744, "this,amendment": 0.0017167381974248926, "amendment,<e>": 0.005150214592274678, "noble,lord": 0.018311874105865523, "lord,lord": 0.012875536480686695, "lord,tordoff": 0.0017167381974248926, "i,do": 0.005150214592274678, "do,not": 0.00715307582260372, "believe,that": 0.002575107296137339, "<s>,however": 0.004005722460658083, "however,i": 0.0022889842632331904, "at,least": 0.0020028612303290413, "is,a": 0.004577968526466381, "<s>,to": 0.001430615164520744, "one,of": 0.0020028612303290413, "to,support": 0.0022889842632331904, "noble,friend": 0.004291845493562232, "friend,lord": 0.0037195994277539344, "have,to": 0.002575107296137339, "with,a": 0.002575107296137339, "a,small": 0.0022889842632331904, "<s>,that": 0.002861230329041488, "that,is": 0.004577968526466381, "to,say": 0.004864091559370529, "the,minister": 0.004577968526466381, "will,be": 0.0020028612303290413, "if,the": 0.001430615164520744, "could,not": 0.001430615164520744, "agree,with": 0.001430615164520744, "the,first": 0.0022889842632331904, "has,not": 0.0017167381974248926, "lord,<e>": 0.001430615164520744, "lord,mottistone": 0.001430615164520744, "in,your": 0.002575107296137339, "lordships,house": 0.0022889842632331904, "lords,<e>": 0.001430615164520744, "agree,that": 0.001430615164520744, "in,this": 0.002861230329041488, "there,is": 0.004577968526466381, "only,one": 0.0017167381974248926, "which,is": 0.0017167381974248926, "and,that": 0.002861230329041488, "the,amendment": 0.004005722460658083, "be,in": 0.0022889842632331904, "in,that": 0.004005722460658083, "noble,earl": 0.002861230329041488, "speech,<e>": 0.0020028612303290413, "the,police": 0.001430615164520744, "know,the": 0.0017167381974248926, "lady,masham": 0.001430615164520744, "this,bill": 0.0037195994277539344, "bill,<e>": 0.0022889842632331904, "not,have": 0.0017167381974248926, "amendment,no": 0.001430615164520744, "no,<e>": 0.001430615164520744, "not,know": 0.0017167381974248926, "congratulate,the": 0.002575107296137339, "from,the": 0.0020028612303290413, "that,she": 0.001430615164520744, "begin,by": 0.001430615164520744, "by,declaring": 0.001430615164520744, "i,shall": 0.004864091559370529, "shall,be": 0.0022889842632331904, "in,receipt": 0.0022889842632331904, "receipt,of": 0.0022889842632331904, "of,a": 0.006294706723891273, "pension,from": 0.002575107296137339, "from,british": 0.002861230329041488, "i,believe": 0.001430615164520744, "sure,that": 0.001430615164520744, "as,the": 0.0017167381974248926, "<s>,when": 0.0017167381974248926, "was,very": 0.001430615164520744, "the,age": 0.001430615164520744, "age,of": 0.001430615164520744, "i,support": 0.0020028612303290413, "the,government": 0.0022889842632331904, "it,was": 0.004577968526466381, "have,had": 0.001430615164520744, "<s>,in": 0.002861230329041488, "<s>,we": 0.0020028612303290413, "british,rail": 0.0031473533619456365, "rail,<e>": 0.0022889842632331904, "them,<e>": 0.001430615164520744, "<s>,there": 0.0020028612303290413, "this,is": 0.0017167381974248926, "it,<e>": 0.0034334763948497852, "that,<e>": 0.001430615164520744, "i,had": 0.0031473533619456365, "had,a": 0.001430615164520744, "did,not": 0.002861230329041488, "he,said": 0.0022889842632331904, "said,<e>": 0.0020028612303290413, "i,thought": 0.002575107296137339, "thought,that": 0.0022889842632331904, "if,one": 0.001430615164520744, "noble,lords": 0.004864091559370529, "said,that": 0.0022889842632331904, "that,they": 0.001430615164520744, "to,do": 0.0037195994277539344, "<s>,therefore": 0.001430615164520744, "therefore,i": 0.001430615164520744, "say,that": 0.002861230329041488, "was,going": 0.001430615164520744, "i,did": 0.0022889842632331904, "other,noble": 0.001430615164520744, "this,debate": 0.001430615164520744, "debate,<e>": 0.0017167381974248926, "support,the": 0.0020028612303290413, "or,a": 0.001430615164520744, "it,seems": 0.001430615164520744,