{"<cs>,my": 0.043478260869565216, "my,lords": 0.043478260869565216, "lords,i": 0.02835538752362949, "i,beg": 0.013232514177693762, "beg,leave": 0.013232514177693762, "leave,to": 0.013232514177693762, "in,my": 0.00945179584120983, "on,the": 0.013232514177693762, "the,minister": 0.00945179584120983, "it,is": 0.020793950850661626, "to,make": 0.011342155009451797, "sure,that": 0.00945179584120983, "in,the": 0.034026465028355386, "i,should": 0.022684310018903593, "should,like": 0.020793950850661626, "like,to": 0.017013232514177693, "the,noble": 0.02835538752362949, "amendment,<e>": 0.017013232514177693, "<e>,<s>": 0.16446124763705103, "to,be": 0.013232514177693762, "<s>,i": 0.034026465028355386, "the,amendment": 0.017013232514177693, "i,am": 0.011342155009451797, "has,been": 0.011342155009451797, "noble,lord": 0.017013232514177693, "lord,lord": 0.015122873345935728, "<s>,it": 0.015122873345935728, "of,the": 0.05860113421550094, "that,i": 0.00945179584120983, "to,withdraw": 0.011342155009451797, "withdraw,the": 0.00945179584120983, "by,my": 0.00945179584120983, "my,noble": 0.030245746691871456, "noble,friend": 0.030245746691871456, "friend,lord": 0.020793950850661626, "by,the": 0.011342155009451797, "<s>,the": 0.013232514177693762, "and,the": 0.013232514177693762, "i,was": 0.00945179584120983, "to,add": 0.011342155009451797, "add,my": 0.015122873345935728, "to,the": 0.026465028355387523, "<cs>,i": 0.015122873345935728, "as,a": 0.017013232514177693, "<s>,as": 0.011342155009451797, "the,bill": 0.00945179584120983}