{"<cs>,my": 0.09183673469387756, "my,lords": 0.09183673469387756, "lords,i": 0.04336734693877551, "i,thank": 0.02040816326530612, "the,minister": 0.017857142857142856, "for,his": 0.02295918367346939, "his,reply": 0.02040816326530612, "reply,<e>": 0.012755102040816327, "<e>,<s>": 0.05612244897959184, "can,he": 0.012755102040816327, "tell,the": 0.015306122448979591, "the,house": 0.015306122448979591, "i,beg": 0.017857142857142856, "beg,leave": 0.017857142857142856, "leave,to": 0.017857142857142856, "to,ask": 0.02040816326530612, "ask,the": 0.02040816326530612, "the,question": 0.017857142857142856, "question,which": 0.017857142857142856, "which,stands": 0.017857142857142856, "stands,in": 0.017857142857142856, "in,my": 0.02040816326530612, "my,name": 0.017857142857142856, "name,on": 0.017857142857142856, "on,the": 0.02295918367346939, "the,order": 0.017857142857142856, "order,paper": 0.017857142857142856, "paper,<e>": 0.017857142857142856, "lords,while": 0.015306122448979591, "while,thanking": 0.012755102040816327, "my,noble": 0.04846938775510204, "noble,friend": 0.04591836734693878, "friend,for": 0.025510204081632654, "may,i": 0.012755102040816327, "aware,that": 0.025510204081632654, "thank,my": 0.015306122448979591, "agree,that": 0.015306122448979591, "in,the": 0.015306122448979591, "<s>,is": 0.012755102040816327, "of,the": 0.015306122448979591, "that,the": 0.02040816326530612}