{"<cs>,my": 0.04230769230769231, "my,lords": 0.04230769230769231, "lords,i": 0.025, "i,too": 0.013461538461538462, "thank,the": 0.021153846153846155, "the,noble": 0.05961538461538462, "noble,lord": 0.051923076923076926, "lord,for": 0.009615384615384616, "is,a": 0.015384615384615385, "as,the": 0.009615384615384616, "the,government": 0.019230769230769232, "that,the": 0.025, "on,the": 0.009615384615384616, "of,the": 0.04230769230769231, "<e>,<s>": 0.15, "british,airways": 0.013461538461538462, "for,the": 0.011538461538461539, "to,the": 0.019230769230769232, "i,am": 0.011538461538461539, "to,be": 0.01730769230769231, "is,not": 0.009615384615384616, "in,the": 0.032692307692307694, "will,be": 0.013461538461538462, "there,is": 0.009615384615384616, "should,like": 0.025, "like,to": 0.03076923076923077, "to,thank": 0.01730769230769231, "lord,lord": 0.03076923076923077, "i,should": 0.01730769230769231, "these,benches": 0.011538461538461539, "<s>,i": 0.023076923076923078, "lord,trefgarne": 0.011538461538461539, "has,been": 0.011538461538461539, "the,minister": 0.013461538461538462, "i,think": 0.009615384615384616, "to,support": 0.009615384615384616, "by,the": 0.011538461538461539, "that,this": 0.011538461538461539, "it,is": 0.019230769230769232, "in,that": 0.009615384615384616, "per,cent": 0.011538461538461539, "cent,<e>": 0.011538461538461539, "<s>,as": 0.009615384615384616, "<s>,the": 0.009615384615384616, "<s>,this": 0.009615384615384616, "and,the": 0.009615384615384616}