{"<cs>,my": 0.032469381942466534, "my,lords": 0.032469381942466534, "lords,i": 0.014240956992309883, "noble,lords": 0.0019937339789233835, "the,noble": 0.024779265166619196, "noble,lord": 0.0122472230133865, "lord,lord": 0.009399031614924523, "this,debate": 0.0022785531187695814, "and,for": 0.0014240956992309882, "the,report": 0.001708914839077186, "<e>,<s>": 0.10652235830247793, "<s>,in": 0.008829393335232128, "in,a": 0.0022785531187695814, "of,this": 0.002563372258615779, "it,is": 0.011107946454001708, "them,<e>": 0.001708914839077186, "<s>,it": 0.009114212475078326, "to,make": 0.0022785531187695814, "but,it": 0.0014240956992309882, "<s>,i": 0.015095414411848477, "in,our": 0.0014240956992309882, "how,many": 0.0014240956992309882, "and,the": 0.005981201936770151, "lords,the": 0.0031330105383081744, "no,<e>": 0.00484192537738536, "which,the": 0.0019937339789233835, "noble,baroness": 0.008259755055539733, "baroness,lady": 0.006550840216462546, "<s>,there": 0.0031330105383081744, "there,are": 0.004557106237539163, "of,disabled": 0.0019937339789233835, "disabled,children": 0.001708914839077186, "they,are": 0.001708914839077186, "<s>,if": 0.002563372258615779, "in,the": 0.019937339789233836, "the,bill": 0.006835659356308744, "will,be": 0.00370264881800057, "of,the": 0.019652520649387637, "to,the": 0.006550840216462546, "children,<e>": 0.0014240956992309882, "have,a": 0.0022785531187695814, "those,who": 0.0022785531187695814, "who,are": 0.003987467957846767, "for,the": 0.009399031614924523, "disabled,people": 0.005126744517231558, "i,beg": 0.0019937339789233835, "beg,leave": 0.0019937339789233835, "leave,to": 0.0019937339789233835, "ask,the": 0.0019937339789233835, "on,the": 0.006550840216462546, "noble,and": 0.0031330105383081744, "and,learned": 0.0031330105383081744, "learned,lord": 0.0031330105383081744, "lord,the": 0.001708914839077186, "the,lord": 0.0014240956992309882, "lord,chancellor": 0.001708914839077186, "for,his": 0.0019937339789233835, "may,i": 0.001708914839077186, "i,ask": 0.0022785531187695814, "would,not": 0.0019937339789233835, "not,agree": 0.001708914839077186, "agree,that": 0.0022785531187695814, "that,there": 0.0031330105383081744, "there,is": 0.005411563657077755, "is,a": 0.005696382796923953, "by,the": 0.005411563657077755, "the,same": 0.0019937339789233835, "<cs>,i": 0.008259755055539733, "i,support": 0.006266021076616349, "support,this": 0.0019937339789233835, "this,amendment": 0.006266021076616349, "amendment,<e>": 0.011392765593847906, "is,very": 0.0022785531187695814, "to,have": 0.0019937339789233835, "as,a": 0.002563372258615779, "<s>,the": 0.0122472230133865, "likely,to": 0.0019937339789233835, "which,is": 0.0014240956992309882, "number,of": 0.0031330105383081744, "the,case": 0.001708914839077186, "the,mentally": 0.0014240956992309882, "who,have": 0.0028481913984619764, "have,been": 0.003417829678154372, "they,can": 0.001708914839077186, "many,of": 0.0014240956992309882, "not,to": 0.0014240956992309882, "to,be": 0.007120478496154941, "<s>,this": 0.0028481913984619764, "the,minister": 0.007974935915693534, "and,in": 0.0019937339789233835, "that,he": 0.0014240956992309882, "at,the": 0.0014240956992309882, "to,withdraw": 0.0014240956992309882, "withdraw,the": 0.0014240956992309882, "the,amendment": 0.011392765593847906, "in,this": 0.0028481913984619764, "i,should": 0.011677584733694105, "should,like": 0.011107946454001708, "like,to": 0.011107946454001708, "thank,the": 0.0028481913984619764, "wish,to": 0.004272287097692965, "can,the": 0.003417829678154372, "of,a": 0.0019937339789233835, "has,been": 0.004557106237539163, "i,am": 0.00484192537738536, "it,has": 0.0022785531187695814, "i,have": 0.004272287097692965, "to,see": 0.0028481913984619764, "that,this": 0.0019937339789233835, "to,support": 0.00854457419538593, "child,is": 0.0014240956992309882, "do,not": 0.002563372258615779, "to,a": 0.002563372258615779, "a,few": 0.0014240956992309882, "i,hope": 0.003987467957846767, "i,may": 0.001708914839077186, "may,be": 0.002563372258615779, "to,speak": 0.0019937339789233835, "<s>,my": 0.001708914839077186, "my,noble": 0.003417829678154372, "noble,friend": 0.003417829678154372, "friend,lady": 0.002563372258615779, "debate,<e>": 0.0014240956992309882, "is,an": 0.001708914839077186, "local,authorities": 0.00484192537738536, "be,congratulated": 0.0014240956992309882, "congratulated,on": 0.0014240956992309882, "very,much": 0.001708914839077186, "the,local": 0.003417829678154372, "<s>,is": 0.0022785531187695814, "they,have": 0.0022785531187695814, "the,government": 0.005696382796923953, "are,to": 0.0014240956992309882, "that,i": 0.0022785531187695814, "that,the": 0.012532042153232698, "people,<e>": 0.0028481913984619764, "and,that": 0.0022785531187695814, "to,take": 0.0019937339789233835, "it,was": 0.001708914839077186, "that,it": 0.00484192537738536, "should,have": 0.0014240956992309882, "i,wish": 0.0028481913984619764, "in,his": 0.0014240956992309882, "what,is": 0.0014240956992309882, "a,great": 0.0014240956992309882, "he,is": 0.0019937339789233835, "support,the": 0.008829393335232128, "lords,can": 0.0028481913984619764, "minister,say": 0.0019937339789233835, "say,whether": 0.002563372258615779, "have,already": 0.001708914839077186, "can,be": 0.002563372258615779, "bill,<e>": 0.003417829678154372, "should,be": 0.005411563657077755, "to,me": 0.0014240956992309882, "it,should": 0.0019937339789233835, "one,of": 0.001708914839077186, "in,york": 0.0022785531187695814, "<s>,as": 0.005126744517231558, "this,bill": 0.002563372258615779, "to,say": 0.001708914839077186, "say,that": 0.001708914839077186, "have,the": 0.0022785531187695814, "<s>,however": 0.0014240956992309882, "did,not": 0.0014240956992309882, "all,the": 0.0019937339789233835, "hope,that": 0.003987467957846767, "if,a": 0.0014240956992309882, "about,the": 0.0019937339789233835, "aware,of": 0.0014240956992309882, "is,to": 0.0014240956992309882, "not,be": 0.0014240956992309882, "<s>,for": 0.0019937339789233835, "that,when": 0.0014240956992309882, "able,to": 0.005411563657077755, "for,a": 0.0028481913984619764, "as,it": 0.0014240956992309882, "amendment,no": 0.004557106237539163, "has,said": 0.002563372258615779, "said,<e>": 0.0019937339789233835, "for,those": 0.0019937339789233835, "i,understand": 0.0014240956992309882, "with,the": 0.0028481913984619764, "is,the": 0.00370264881800057, "people,who": 0.0022785531187695814, "is,that": 0.0014240956992309882, "have,to": 0.0014240956992309882, "mental,handicap": 0.001708914839077186, "if,they": 0.0019937339789233835, "whether,the": 0.002563372258615779, "care,for": 0.0014240956992309882, "the,community": 0.004272287097692965, "receive,the": 0.001708914839077186, "it,<e>": 0.0019937339789233835, "such,as": 0.0014240956992309882, "from,the": 0.001708914839077186, "<s>,they": 0.0028481913984619764, "young,people": 0.0022785531187695814, "lords,is": 0.0022785531187695814, "aware,that": 0.0019937339789233835, "for,disabled": 0.001708914839077186, "provision,for": 0.0014240956992309882, "children,with": 0.0014240956992309882, "with,mental": 0.0014240956992309882, "the,number": 0.001708914839077186, "or,another": 0.0014240956992309882, "the,secretary": 0.001708914839077186, "secretary,of": 0.0019937339789233835, "of,state": 0.0022785531187695814, "into,the": 0.0014240956992309882, "community,<e>": 0.0014240956992309882, "out,of": 0.001708914839077186, "it,would": 0.001708914839077186, "would,be": 0.002563372258615779, "<s>,therefore": 0.0014240956992309882, "<s>,perhaps": 0.0014240956992309882, "that,they": 0.001708914839077186, "does,not": 0.0014240956992309882, "is,essential": 0.0014240956992309882, "agree,with": 0.0019937339789233835, "<s>,<e>": 0.0031330105383081744, "lady,faithfull": 0.002563372258615779, "amendment,is": 0.0014240956992309882, "i,thank": 0.0014240956992309882, "a,school": 0.0014240956992309882, "of,children": 0.0014240956992309882, "these,amendments": 0.001708914839077186, "amendments,<e>": 0.002563372258615779,