{"<cs>,my": 0.030992416749093307, "my,lords": 0.03115727002967359, "lords,can": 0.0009891196834817012, "can,the": 0.001813386086383119, "the,noble": 0.033300362677217275, "noble,earl": 0.004615891856247939, "will,not": 0.0013188262446422684, "not,be": 0.00280250576986482, "wish,to": 0.0023079459281239697, "to,do": 0.002637652489284537, "do,so": 0.0019782393669634025, "<e>,<s>": 0.07682162875041214, "<s>,a": 0.0013188262446422684, "a,great": 0.0019782393669634025, "have,not": 0.0008242664029014178, "not,<e>": 0.001483679525222552, "lords,will": 0.0016485328058028356, "will,the": 0.002637652489284537, "noble,baroness": 0.005440158259149357, "in,mind": 0.0021430926475436863, "and,that": 0.0013188262446422684, "that,this": 0.0019782393669634025, "lords,i": 0.011374876360039565, "to,say": 0.002967359050445104, "say,a": 0.001813386086383119, "a,word": 0.0013188262446422684, "on,the": 0.004945598417408506, "<s>,it": 0.006923837784371909, "it,is": 0.00972634355423673, "is,very": 0.0008242664029014178, "very,important": 0.0008242664029014178, "important,that": 0.0009891196834817012, "does,not": 0.0021430926475436863, "not,have": 0.0011539729640619848, "have,to": 0.0023079459281239697, "to,be": 0.005440158259149357, "<s>,i": 0.019617540389053743, "i,know": 0.0008242664029014178, "i,was": 0.002637652489284537, "by,a": 0.0013188262446422684, "it,was": 0.0021430926475436863, "lords,if": 0.0009891196834817012, "if,i": 0.002637652489284537, "i,may": 0.0021430926475436863, "there,is": 0.0031322123310253873, "is,that": 0.0013188262446422684, "possibly,be": 0.0008242664029014178, "to,know": 0.0009891196834817012, "i,should": 0.006923837784371909, "very,much": 0.0013188262446422684, "like,to": 0.006594131223211342, "a,few": 0.0011539729640619848, "words,about": 0.0008242664029014178, "in,scotland": 0.0021430926475436863, "because,i": 0.0008242664029014178, "i,too": 0.0021430926475436863, "i,am": 0.0130234091658424, "am,not": 0.0019782393669634025, "not,quite": 0.0009891196834817012, "that,the": 0.010056050115397296, "the,right": 0.0011539729640619848, "<s>,as": 0.0009891196834817012, "we,have": 0.0023079459281239697, "have,been": 0.0034619188921859545, "scotland,<e>": 0.0011539729640619848, "<s>,the": 0.006429277942631058, "of,this": 0.0009891196834817012, "this,bill": 0.0011539729640619848, "say,that": 0.001813386086383119, "at,the": 0.0021430926475436863, "the,time": 0.0009891196834817012, "was,not": 0.002472799208704253, "for,the": 0.005440158259149357, "one,of": 0.0011539729640619848, "of,them": 0.0008242664029014178, "i,cannot": 0.001483679525222552, "what,the": 0.0031322123310253873, "may,have": 0.0009891196834817012, "the,case": 0.0008242664029014178, "i,do": 0.002472799208704253, "do,not": 0.003956478733926805, "believe,that": 0.0021430926475436863, "that,it": 0.004945598417408506, "or,two": 0.001483679525222552, "lords,would": 0.0008242664029014178, "noble,lord": 0.01483679525222552, "comment,on": 0.0008242664029014178, "the,fact": 0.001813386086383119, "fact,that": 0.001813386086383119, "is,the": 0.00280250576986482, "of,the": 0.01615562149686779, "<s>,can": 0.0013188262446422684, "can,he": 0.001813386086383119, "this,house": 0.0013188262446422684, "have,an": 0.0008242664029014178, "the,whole": 0.0011539729640619848, "to,hear": 0.0013188262446422684, "noble,lords": 0.00280250576986482, "think,that": 0.00280250576986482, "the,bill": 0.0021430926475436863, "on,a": 0.0008242664029014178, "if,they": 0.0011539729640619848, "them,to": 0.0009891196834817012, "or,not": 0.0008242664029014178, "is,important": 0.0008242664029014178, "is,not": 0.003956478733926805, "it,has": 0.0009891196834817012, "has,been": 0.002967359050445104, "<s>,in": 0.00280250576986482, "very,often": 0.0008242664029014178, "who,is": 0.0011539729640619848, "lords,as": 0.0009891196834817012, "as,the": 0.002637652489284537, "of,a": 0.003297065611605671, "it,and": 0.0008242664029014178, "in,his": 0.0008242664029014178, "the,house": 0.0016485328058028356, "who,are": 0.001483679525222552, "and,who": 0.0009891196834817012, "under,the": 0.0016485328058028356, "the,present": 0.0011539729640619848, "at,all": 0.0008242664029014178, "lords,before": 0.0016485328058028356, "before,the": 0.0016485328058028356, "the,minister": 0.00280250576986482, "sits,down": 0.0013188262446422684, "be,a": 0.002472799208704253, "or,a": 0.0008242664029014178, "lords,the": 0.0016485328058028356, "lord,lord": 0.01022090339597758, "and,the": 0.002967359050445104, "baroness,lady": 0.002472799208704253, "when,the": 0.0021430926475436863, "in,this": 0.00280250576986482, "and,i": 0.002637652489284537, "it,would": 0.002472799208704253, "is,it": 0.0013188262446422684, "at,least": 0.0013188262446422684, "in,which": 0.0016485328058028356, "which,i": 0.001483679525222552, "i,have": 0.00511045169798879, "seems,to": 0.0021430926475436863, "be,the": 0.0009891196834817012, "the,same": 0.0009891196834817012, "and,it": 0.0008242664029014178, "it,should": 0.0009891196834817012, "should,be": 0.003626772172766238, "so,that": 0.0008242664029014178, "if,you": 0.0008242664029014178, "you,are": 0.0011539729640619848, "are,in": 0.0008242664029014178, "am,very": 0.0009891196834817012, "very,grateful": 0.0008242664029014178, "grateful,to": 0.004615891856247939, "to,the": 0.014177382129904385, "i,must": 0.0019782393669634025, "as,i": 0.0011539729640619848, "should,like": 0.005275304978569074, "to,give": 0.0013188262446422684, "this,is": 0.001483679525222552, "is,to": 0.0011539729640619848, "it,seems": 0.0013188262446422684, "to,me": 0.0019782393669634025, "it,will": 0.0011539729640619848, "will,be": 0.0021430926475436863, "be,very": 0.0011539729640619848, "in,the": 0.009891196834817012, "no,<e>": 0.00280250576986482, "which,is": 0.001483679525222552, "perhaps,the": 0.0011539729640619848, "i,wonder": 0.001483679525222552, "wonder,whether": 0.0011539729640619848, "whether,the": 0.0011539729640619848, "would,be": 0.003956478733926805, "if,it": 0.0008242664029014178, "<s>,if": 0.00280250576986482, "i,think": 0.0037916254533465216, "think,it": 0.0008242664029014178, "is,a": 0.0031322123310253873, "with,a": 0.0013188262446422684, "<cs>,i": 0.007253544345532476, "support,the": 0.0021430926475436863, "by,the": 0.004615891856247939, "if,the": 0.0021430926475436863, "the,secretary": 0.0009891196834817012, "secretary,of": 0.0009891196834817012, "of,state": 0.0008242664029014178, "he,has": 0.001483679525222552, "be,able": 0.001813386086383119, "able,to": 0.002472799208704253, "but,i": 0.00280250576986482, "that,<e>": 0.0011539729640619848, "<s>,perhaps": 0.0011539729640619848, "perhaps,i": 0.002967359050445104, "if,not": 0.0008242664029014178, "in,that": 0.001483679525222552, "with,the": 0.002637652489284537, "the,first": 0.0009891196834817012, "where,the": 0.0008242664029014178, "noble,viscount": 0.001813386086383119, "viscount,lord": 0.0009891196834817012, "in,a": 0.0031322123310253873, "in,another": 0.0009891196834817012, "may,be": 0.002472799208704253, "i,entirely": 0.0008242664029014178, "on,this": 0.0013188262446422684, "he,is": 0.0009891196834817012, "have,had": 0.001813386086383119, "i,hope": 0.001813386086383119, "hope,that": 0.001483679525222552, "of,what": 0.0009891196834817012, "said,<e>": 0.0016485328058028356, "lord,for": 0.002472799208704253, "for,his": 0.0013188262446422684, "i,beg": 0.003626772172766238, "beg,leave": 0.0034619188921859545, "leave,to": 0.0034619188921859545, "to,withdraw": 0.002967359050445104, "withdraw,the": 0.0019782393669634025, "the,amendment": 0.005934718100890208, "amendment,<e>": 0.005769864820309925, "<cs>,perhaps": 0.0011539729640619848, "lord,will": 0.0011539729640619848, "will,give": 0.0008242664029014178, "give,way": 0.0009891196834817012, "this,amendment": 0.0037916254533465216, "amendments,nos": 0.0009891196834817012, "nos,<e>": 0.0009891196834817012, "there,are": 0.0019782393669634025, "<cs>,it": 0.0008242664029014178, "it,might": 0.0009891196834817012, "might,be": 0.0016485328058028356,