{"<cs>,my": 0.037639007698887936, "my,lords": 0.03792415169660679, "it,is": 0.01140575990875392, "that,i": 0.00427715996578272, "of,the": 0.023952095808383235, "the,house": 0.0022811519817507843, "maiden,speech": 0.001996007984031936, "<e>,<s>": 0.08383233532934131, "<s>,i": 0.023952095808383235, "to,be": 0.006558311947533505, "to,say": 0.003992015968063872, "what,i": 0.0022811519817507843, "i,should": 0.00855431993156544, "should,like": 0.00855431993156544, "like,to": 0.00998003992015968, "to,congratulate": 0.00142571998859424, "the,noble": 0.040490447676076416, "noble,baroness": 0.00427715996578272, "baroness,lady": 0.003136583974907328, "speech,<e>": 0.00142571998859424, "and,i": 0.006843455945252352, "i,hope": 0.00427715996578272, "in,the": 0.016823495865412035, "to,hear": 0.00142571998859424, "if,the": 0.0025662959794696323, "may,i": 0.003421727972626176, "i,ask": 0.0022811519817507843, "ask,the": 0.00285143997718848, "the,government": 0.010265183917878529, "they,will": 0.001996007984031936, "about,it": 0.00142571998859424, "it,to": 0.00142571998859424, "to,the": 0.01454234388366125, "to,see": 0.00142571998859424, "<s>,this": 0.003136583974907328, "this,is": 0.0025662959794696323, "is,a": 0.00427715996578272, "which,is": 0.0025662959794696323, "with,the": 0.00427715996578272, "and,the": 0.004562303963501569, "<s>,it": 0.003421727972626176, "it,seems": 0.001996007984031936, "seems,to": 0.0025662959794696323, "to,me": 0.003136583974907328, "me,that": 0.001710863986313088, "that,if": 0.003136583974907328, "to,make": 0.001710863986313088, "that,they": 0.00285143997718848, "would,be": 0.003992015968063872, "be,very": 0.00142571998859424, "their,own": 0.00142571998859424, "very,much": 0.004562303963501569, "there,is": 0.003992015968063872, "in,scotland": 0.00285143997718848, "<s>,in": 0.00427715996578272, "the,case": 0.001710863986313088, "they,are": 0.0051325919589392645, "the,bill": 0.0022811519817507843, "as,it": 0.00142571998859424, "<cs>,i": 0.006843455945252352, "i,beg": 0.004562303963501569, "beg,leave": 0.0051325919589392645, "leave,to": 0.0051325919589392645, "to,withdraw": 0.003421727972626176, "amendment,no": 0.001996007984031936, "no,<e>": 0.001710863986313088, "i,would": 0.001710863986313088, "say,a": 0.00142571998859424, "of,this": 0.0025662959794696323, "this,bill": 0.00427715996578272, "agree,with": 0.00285143997718848, "noble,lord": 0.023666951810664385, "lord,lord": 0.014827487881380098, "said,<e>": 0.001996007984031936, "he,has": 0.00142571998859424, "has,said": 0.001996007984031936, "most,of": 0.00142571998859424, "of,what": 0.00142571998859424, "i,was": 0.001996007984031936, "which,i": 0.00142571998859424, "<s>,the": 0.00285143997718848, "is,that": 0.001710863986313088, "as,i": 0.00142571998859424, "i,think": 0.0051325919589392645, "instead,of": 0.001710863986313088, "the,local": 0.00142571998859424, "i,am": 0.016823495865412035, "i,know": 0.001996007984031936, "know,that": 0.001710863986313088, "that,the": 0.014827487881380098, "i,do": 0.003421727972626176, "do,not": 0.005417735956658112, "not,think": 0.0022811519817507843, "think,that": 0.0037068719703450244, "which,the": 0.001710863986313088, "from,the": 0.003136583974907328, "<s>,as": 0.001710863986313088, "lords,i": 0.01568291987453664, "seat,belts": 0.001996007984031936, "but,i": 0.003136583974907328, "like,the": 0.001996007984031936, "wearing,of": 0.00142571998859424, "<s>,first": 0.00142571998859424, "i,believe": 0.0022811519817507843, "believe,that": 0.00142571998859424, "that,it": 0.00285143997718848, "and,to": 0.003992015968063872, "<s>,we": 0.001996007984031936, "are,not": 0.0025662959794696323, "to,give": 0.00142571998859424, "your,lordships": 0.0022811519817507843, "the,present": 0.00142571998859424, "before,the": 0.00142571998859424, "the,same": 0.00285143997718848, "on,the": 0.007698887938408896, "the,situation": 0.00142571998859424, "so,that": 0.00142571998859424, "with,a": 0.0022811519817507843, "at,all": 0.001996007984031936, "i,have": 0.0037068719703450244, "have,to": 0.001996007984031936, "they,have": 0.003136583974907328, "to,thank": 0.001710863986313088, "it,<e>": 0.00427715996578272, "hope,that": 0.0037068719703450244, "grateful,to": 0.003421727972626176, "it,will": 0.001710863986313088, "<s>,if": 0.0025662959794696323, "to,a": 0.00142571998859424, "who,has": 0.0022811519817507843, "to,ask": 0.0025662959794696323, "the,question": 0.001996007984031936, "in,my": 0.001996007984031936, "my,name": 0.0022811519817507843, "name,on": 0.001710863986313088, "the,order": 0.001710863986313088, "order,paper": 0.001710863986313088, "paper,<e>": 0.001996007984031936, "are,the": 0.001710863986313088, "in,a": 0.001996007984031936, "and,that": 0.00285143997718848, "lords,will": 0.001996007984031936, "will,the": 0.00285143997718848, "in,mind": 0.00142571998859424, "<s>,they": 0.0022811519817507843, "of,my": 0.001996007984031936, "by,the": 0.0037068719703450244, "as,a": 0.00285143997718848, "second,reading": 0.001710863986313088, "has,been": 0.003421727972626176, "a,few": 0.001710863986313088, "at,the": 0.0025662959794696323, "is,very": 0.00142571998859424, "as,the": 0.001996007984031936, "of,a": 0.00427715996578272, "it,and": 0.00142571998859424, "should,be": 0.0025662959794696323, "when,the": 0.001710863986313088, "lord,nugent": 0.001710863986313088, "not,to": 0.001996007984031936, "<s>,but": 0.003136583974907328, "i,must": 0.001710863986313088, "must,be": 0.001710863986313088, "i,entirely": 0.00142571998859424, "support,the": 0.001710863986313088, "the,amendment": 0.004847447961220416, "amendment,<e>": 0.0051325919589392645, "what,the": 0.0037068719703450244, "have,been": 0.003992015968063872, "a,very": 0.00285143997718848, "lords,would": 0.001710863986313088, "would,the": 0.0025662959794696323, "is,not": 0.00285143997718848, "i,can": 0.00142571998859424, "may,be": 0.001996007984031936, "in,that": 0.001710863986313088, "<s>,therefore": 0.001710863986313088, "able,to": 0.001710863986313088, "have,a": 0.001710863986313088, "in,this": 0.00285143997718848, "thank,the": 0.0025662959794696323, "for,the": 0.004847447961220416, "the,post": 0.00142571998859424, "of,it": 0.001710863986313088, "about,the": 0.001710863986313088, "this,house": 0.003992015968063872, "agree,that": 0.001710863986313088, "that,this": 0.0025662959794696323, "am,very": 0.0022811519817507843, "will,be": 0.001710863986313088, "that,is": 0.001710863986313088, "that,we": 0.001996007984031936, "for,that": 0.00285143997718848, "withdraw,the": 0.00285143997718848, "am,most": 0.00142571998859424, "most,grateful": 0.001710863986313088, "noble,earl": 0.0051325919589392645, "in,view": 0.0037068719703450244, "view,of": 0.003992015968063872, "the,matter": 0.001710863986313088, "that,he": 0.001710863986313088, "this,amendment": 0.003136583974907328, "number,of": 0.001710863986313088, "earl,lord": 0.0025662959794696323, "does,not": 0.00285143997718848, "not,agree": 0.001710863986313088, "lords,like": 0.00142571998859424, "for,a": 0.003421727972626176, "am,not": 0.00285143997718848, "<s>,a": 0.00142571998859424, "noble,lords": 0.00285143997718848, "to,do": 0.003992015968063872, "do,so": 0.001710863986313088, "i,cannot": 0.001996007984031936, "noble,viscount": 0.00142571998859424, "viscount,lord": 0.00142571998859424, "and,learned": 0.00285143997718848, "lord,not": 0.00142571998859424, "is,to": 0.001710863986313088, "government,consider": 0.00142571998859424, "lord,for": 0.00142571998859424, "what,they": 0.00142571998859424, "of,which": 0.00142571998859424, "the,committee": 0.001996007984031936, "i,too": 0.003421727972626176, "the,country": 0.001710863986313088, "if,they": 0.00142571998859424, "we,have": 0.00285143997718848, "noble,and": 0.00285143997718848, "learned,lord": 0.0025662959794696323, "too,should": 0.001996007984031936, "did,not": 0.00142571998859424, "the,debate": 0.00142571998859424, "i,thank": 0.00142571998859424, "the,fact": 0.003992015968063872, "fact,that": 0.003992015968063872,