{"<cs>,my": 0.046218487394957986, "my,lords": 0.046218487394957986, "lords,perhaps": 0.0026260504201680674, "perhaps,i": 0.003676470588235294, "i,may": 0.004726890756302521, "<e>,<s>": 0.09611344537815127, "i,should": 0.004201680672268907, "should,like": 0.0026260504201680674, "like,to": 0.0031512605042016808, "of,the": 0.03676470588235294, "this,house": 0.0031512605042016808, "<s>,i": 0.009453781512605041, "of,this": 0.004201680672268907, "i,have": 0.003676470588235294, "to,the": 0.01680672268907563, "not,only": 0.0026260504201680674, "on,the": 0.006827731092436975, "lords,is": 0.008403361344537815, "is,my": 0.009453781512605041, "my,noble": 0.044642857142857144, "noble,friend": 0.043592436974789914, "friend,aware": 0.008403361344537815, "aware,that": 0.01365546218487395, "that,the": 0.02153361344537815, "has,been": 0.005777310924369748, "the,royal": 0.004726890756302521, "royal,fine": 0.003676470588235294, "fine,art": 0.003676470588235294, "art,commission": 0.003676470588235294, "which,i": 0.0031512605042016808, "<s>,will": 0.007878151260504201, "will,the": 0.0026260504201680674, "the,minister": 0.003676470588235294, "has,said": 0.0031512605042016808, "with,the": 0.004201680672268907, "the,secretary": 0.0026260504201680674, "secretary,of": 0.0026260504201680674, "of,state": 0.0026260504201680674, "for,the": 0.007878151260504201, "so,that": 0.0031512605042016808, "that,we": 0.0026260504201680674, "one,of": 0.004201680672268907, "the,most": 0.0031512605042016808, "in,the": 0.016281512605042018, "lords,does": 0.007878151260504201, "does,my": 0.0063025210084033615, "friend,agree": 0.007878151260504201, "agree,that": 0.013130252100840336, "it,is": 0.012605042016806723, "<s>,does": 0.006827731092436975, "does,not": 0.0031512605042016808, "the,noble": 0.011029411764705883, "does,he": 0.0063025210084033615, "to,my": 0.004201680672268907, "he,agree": 0.0026260504201680674, "and,the": 0.005252100840336135, "should,be": 0.004201680672268907, "not,be": 0.004726890756302521, "be,a": 0.005777310924369748, "<s>,if": 0.0031512605042016808, "in,our": 0.0031512605042016808, "realise,that": 0.0026260504201680674, "have,been": 0.005252100840336135, "lords,i": 0.01523109243697479, "noble,lord": 0.008928571428571428, "<s>,is": 0.012605042016806723, "is,it": 0.007352941176470588, "it,not": 0.008928571428571428, "would,be": 0.003676470588235294, "from,the": 0.0063025210084033615, "<s>,however": 0.0031512605042016808, "is,not": 0.007878151260504201, "not,the": 0.005252100840336135, "lord,lord": 0.006827731092436975, "this,matter": 0.0026260504201680674, "friend,lord": 0.003676470588235294, "the,government": 0.01207983193277311, "into,a": 0.0026260504201680674, "to,be": 0.008928571428571428, "<s>,in": 0.005777310924369748, "can,he": 0.0031512605042016808, "the,house": 0.003676470588235294, "the,great": 0.0031512605042016808, "will,be": 0.004201680672268907, "is,now": 0.0031512605042016808, "many,people": 0.0026260504201680674, "grateful,to": 0.0031512605042016808, "the,public": 0.003676470588235294, "i,am": 0.009453781512605041, "and,that": 0.003676470588235294, "that,is": 0.004726890756302521, "in,this": 0.006827731092436975, "in,view": 0.0031512605042016808, "view,of": 0.0031512605042016808, "can,she": 0.0026260504201680674, "would,it": 0.0026260504201680674, "i,thank": 0.007878151260504201, "thank,my": 0.008928571428571428, "friend,for": 0.01207983193277311, "for,that": 0.01050420168067227, "reply,<e>": 0.005777310924369748, "will,she": 0.0026260504201680674, "that,it": 0.004726890756302521, "is,she": 0.0026260504201680674, "<s>,it": 0.004726890756302521, "at,the": 0.004726890756302521, "answer,<e>": 0.003676470588235294, "is,to": 0.0026260504201680674, "<s>,can": 0.005252100840336135, "the,british": 0.0026260504201680674, "what,has": 0.0026260504201680674, "have,a": 0.0026260504201680674, "by,the": 0.005252100840336135, "part,of": 0.0026260504201680674, "there,is": 0.003676470588235294, "lords,will": 0.003676470588235294, "will,my": 0.0063025210084033615, "is,a": 0.004726890756302521, "am,grateful": 0.0026260504201680674, "<s>,the": 0.003676470588235294, "<s>,but": 0.0031512605042016808, "it,<e>": 0.0026260504201680674, "the,nation": 0.0026260504201680674, "that,my": 0.0026260504201680674, "a,major": 0.0031512605042016808, "which,is": 0.004726890756302521, "is,the": 0.0026260504201680674, "that,i": 0.0026260504201680674, "<s>,would": 0.0031512605042016808, "of,our": 0.004201680672268907, "is,he": 0.004201680672268907, "he,aware": 0.0031512605042016808, "that,reply": 0.003676470588235294, "will,he": 0.0031512605042016808, "should,not": 0.0026260504201680674}