{"<cs>,my": 0.03680336487907466, "my,lords": 0.03785488958990536, "i,may": 0.008412197686645636, "for,the": 0.006309148264984227, "have,been": 0.008412197686645636, "in,this": 0.010515247108307046, "your,lordships": 0.006309148264984227, "<e>,<s>": 0.12828601472134596, "<s>,it": 0.010515247108307046, "it,was": 0.014721345951629864, "as,the": 0.005257623554153523, "the,noble": 0.0473186119873817, "noble,lord": 0.03785488958990536, "lord,lord": 0.03470031545741325, "to,sit": 0.006309148264984227, "under,the": 0.011566771819137749, "the,chairmanship": 0.010515247108307046, "chairmanship,of": 0.010515247108307046, "my,noble": 0.014721345951629864, "noble,friend": 0.012618296529968454, "friend,lord": 0.011566771819137749, "lord,sherfield": 0.005257623554153523, "of,the": 0.048370136698212406, "the,report": 0.014721345951629864, "that,the": 0.008412197686645636, "<s>,we": 0.00946372239747634, "lords,it": 0.00946372239747634, "was,a": 0.005257623554153523, "a,privilege": 0.005257623554153523, "privilege,to": 0.005257623554153523, "sit,on": 0.005257623554153523, "<s>,as": 0.005257623554153523, "it,is": 0.00946372239747634, "is,a": 0.005257623554153523, "the,committee": 0.010515247108307046, "and,i": 0.008412197686645636, "i,think": 0.00946372239747634, "<s>,the": 0.017875920084121977, "the,very": 0.005257623554153523, "and,the": 0.005257623554153523, "that,i": 0.005257623554153523, "in,the": 0.017875920084121977, "to,be": 0.008412197686645636, "<s>,i": 0.029442691903259727, "i,should": 0.014721345951629864, "should,like": 0.010515247108307046, "like,to": 0.012618296529968454, "to,thank": 0.00946372239747634, "thank,all": 0.005257623554153523, "noble,lords": 0.006309148264984227, "the,debate": 0.007360672975814932, "debate,<e>": 0.007360672975814932, "by,the": 0.010515247108307046, "to,the": 0.019978969505783387, "on,the": 0.007360672975814932, "him,on": 0.005257623554153523, "maiden,speech": 0.007360672975814932, "speech,<e>": 0.007360672975814932, "that,he": 0.005257623554153523, "i,was": 0.005257623554153523, "that,we": 0.005257623554153523, "<s>,in": 0.006309148264984227, "i,have": 0.005257623554153523, "as,a": 0.005257623554153523, "very,much": 0.006309148264984227, "lords,i": 0.011566771819137749, "i,am": 0.007360672975814932, "had,the": 0.006309148264984227, "the,house": 0.006309148264984227, "on,a": 0.005257623554153523, "member,of": 0.005257623554153523, "of,his": 0.005257623554153523, "sub-committee,b": 0.005257623554153523, "report,<e>": 0.005257623554153523, "with,the": 0.007360672975814932, "the,minister": 0.006309148264984227, "points,made": 0.005257623554153523, "the,amendment": 0.006309148264984227, "per,cent": 0.011566771819137749, "cent,<e>": 0.00946372239747634}