{"<cs>,my": 0.021325209444021324, "my,lords": 0.02030972328002031, "years,ago": 0.002284843869002285, "i,was": 0.0033003300330033004, "in,the": 0.013455191673013456, "one,of": 0.0027925869510027927, "of,the": 0.02767199796902767, "<e>,<s>": 0.09621731403909621, "<s>,i": 0.018024879411018026, "i,had": 0.004315816197004316, "but,i": 0.002030972328002031, "on,the": 0.0063467885250063465, "of,my": 0.002284843869002285, "thought,that": 0.002030972328002031, "that,i": 0.005331302361005331, "i,should": 0.0063467885250063465, "to,the": 0.011678090886011678, "lords,i": 0.009647118558009647, "your,lordships": 0.0027925869510027927, "<s>,it": 0.009647118558009647, "it,was": 0.005585173902005585, "of,appeal": 0.0030464584920030465, "appeal,in": 0.0012693577050012694, "in,this": 0.002030972328002031, "<s>,as": 0.0030464584920030465, "we,have": 0.002030972328002031, "have,been": 0.003554201574003554, "that,he": 0.004315816197004316, "that,there": 0.003554201574003554, "to,do": 0.001777100787001777, "to,his": 0.001777100787001777, "which,he": 0.0012693577050012694, "to,deal": 0.0012693577050012694, "i,am": 0.008123889312008125, "he,will": 0.0012693577050012694, "that,the": 0.010408733181010408, "and,i": 0.003808073115003808, "they,are": 0.002284843869002285, "lords,it": 0.001777100787001777, "it,is": 0.01243970550901244, "is,a": 0.0063467885250063465, "to,my": 0.0033003300330033004, "my,noble": 0.02107133790302107, "noble,friend": 0.0030464584920030465, "friend,lord": 0.006600660066006601, "under,the": 0.002030972328002031, "of,his": 0.001777100787001777, "the,court": 0.0012693577050012694, "court,of": 0.0015232292460015233, "the,master": 0.0012693577050012694, "master,of": 0.0012693577050012694, "the,rolls": 0.0012693577050012694, "lord,denning": 0.0015232292460015233, "with,a": 0.0015232292460015233, "the,bar": 0.0027925869510027927, "<s>,we": 0.001777100787001777, "was,not": 0.002030972328002031, "referred,to": 0.002030972328002031, "as,the": 0.0033003300330033004, "<s>,but": 0.0015232292460015233, "the,noble": 0.010662604722010662, "noble,lord": 0.004823559279004823, "lord,lord": 0.004315816197004316, "to,say": 0.002538715410002539, "perhaps,he": 0.0012693577050012694, "house,<e>": 0.0012693577050012694, "is,not": 0.003808073115003808, "not,the": 0.0012693577050012694, "<s>,when": 0.0015232292460015233, "when,i": 0.0012693577050012694, "had,the": 0.0012693577050012694, "on,this": 0.001777100787001777, "i,shall": 0.003808073115003808, "refer,to": 0.0015232292460015233, "with,the": 0.007108403148007108, "seeking,to": 0.0012693577050012694, "some,of": 0.002030972328002031, "<cs>,i": 0.009647118558009647, "i,wish": 0.002284843869002285, "wish,to": 0.0027925869510027927, "what,i": 0.0015232292460015233, "i,believe": 0.0012693577050012694, "this,matter": 0.001777100787001777, "was,in": 0.0012693577050012694, "committee,<e>": 0.001777100787001777, "<s>,the": 0.010154861640010155, "the,amendment": 0.009647118558009647, "to,<e>": 0.0012693577050012694, "the,lord": 0.013709063214013708, "lord,chief": 0.0012693577050012694, "chief,justice": 0.002538715410002539, "in,favour": 0.0015232292460015233, "because,the": 0.001777100787001777, "to,that": 0.0012693577050012694, "the,committee": 0.005585173902005585, "me,to": 0.002030972328002031, "to,intervene": 0.0012693577050012694, "i,have": 0.007362274689007363, "<s>,there": 0.0015232292460015233, "there,is": 0.0063467885250063465, "and,that": 0.0012693577050012694, "that,is": 0.005077430820005078, "not,a": 0.0015232292460015233, "reference,to": 0.002284843869002285, "he,is": 0.0030464584920030465, "should,have": 0.002538715410002539, "which,is": 0.001777100787001777, "is,to": 0.002538715410002539, "<s>,my": 0.002538715410002539, "from,the": 0.0027925869510027927, "was,to": 0.0015232292460015233, "say,that": 0.001777100787001777, "that,this": 0.002538715410002539, "this,is": 0.002284843869002285, "that,it": 0.0030464584920030465, "not,be": 0.0015232292460015233, "dealt,with": 0.0012693577050012694, "i,thought": 0.001777100787001777, "before,the": 0.0012693577050012694, "noble,and": 0.02284843869002285, "and,learned": 0.02284843869002285, "learned,lord": 0.004315816197004316, "it,would": 0.002284843869002285, "would,be": 0.003808073115003808, "the,scottish": 0.0027925869510027927, "would,not": 0.0012693577050012694, "in,scotland": 0.0012693577050012694, "support,the": 0.002284843869002285, "up,to": 0.0012693577050012694, "ago,that": 0.0012693577050012694, "that,my": 0.002284843869002285, "at,the": 0.0030464584920030465, "of,those": 0.001777100787001777, "a,great": 0.002284843869002285, "great,deal": 0.0012693577050012694, "lord,the": 0.002538715410002539, "lord,chancellor": 0.011931962427011932, "by,the": 0.00456968773800457, "but,the": 0.0012693577050012694, "that,<e>": 0.0030464584920030465, "the,subject": 0.0012693577050012694, "amendment,no": 0.0015232292460015233, "no,<e>": 0.0015232292460015233, "judicial,review": 0.0015232292460015233, "be,a": 0.002030972328002031, "is,the": 0.004061944656004062, "as,i": 0.002538715410002539, "i,understand": 0.002284843869002285, "has,been": 0.004315816197004316, "the,law": 0.002030972328002031, "not,only": 0.0012693577050012694, "and,the": 0.0027925869510027927, "for,the": 0.004315816197004316, "should,like": 0.0030464584920030465, "like,to": 0.0027925869510027927, "to,support": 0.001777100787001777, "amendment,<e>": 0.0063467885250063465, "<s>,if": 0.005331302361005331, "if,the": 0.0015232292460015233, "to,be": 0.007616146230007616, "<s>,for": 0.0012693577050012694, "to,make": 0.0033003300330033004, "the,matter": 0.0012693577050012694, "<s>,in": 0.0033003300330033004, "lord,mishcon": 0.0015232292460015233, "perhaps,i": 0.0012693577050012694, "i,may": 0.001777100787001777, "what,is": 0.0015232292460015233, "to,have": 0.0015232292460015233, "have,the": 0.0015232292460015233, "learned,friend": 0.018024879411018026, "friend,the": 0.008377760853008377, "i,would": 0.001777100787001777, "which,i": 0.003554201574003554, "would,have": 0.0015232292460015233, "what,my": 0.0012693577050012694, "the,fact": 0.002030972328002031, "fact,that": 0.002030972328002031, "he,would": 0.0012693577050012694, "whether,the": 0.0012693577050012694, "committee,has": 0.0012693577050012694, "of,this": 0.001777100787001777, "this,<e>": 0.001777100787001777, "lord,hailsham": 0.0015232292460015233, "in,regard": 0.0015232292460015233, "regard,to": 0.002284843869002285, "<s>,that": 0.0027925869510027927, "members,of": 0.0015232292460015233, "amendment,which": 0.0015232292460015233, "have,thought": 0.0015232292460015233, "legal,aid": 0.0012693577050012694, "advisory,committee": 0.002030972328002031, "<s>,this": 0.0012693577050012694, "able,to": 0.0015232292460015233, "as,a": 0.001777100787001777, "i,do": 0.004315816197004316, "do,not": 0.005839045443005839, "to,which": 0.0012693577050012694, "which,my": 0.0012693577050012694, "<s>,however": 0.0030464584920030465, "however,i": 0.001777100787001777, "this,amendment": 0.002030972328002031, "in,mind": 0.0012693577050012694, "stage,<e>": 0.0015232292460015233, "said,<e>": 0.0015232292460015233, "cases,<e>": 0.0015232292460015233, "does,not": 0.0015232292460015233, "is,that": 0.0033003300330033004, "the,house": 0.0015232292460015233, "the,other": 0.0012693577050012694, "it,<e>": 0.0027925869510027927, "it,has": 0.0015232292460015233, "i,support": 0.0015232292460015233, "in,a": 0.002030972328002031, "that,that": 0.0012693577050012694, "should,be": 0.003554201574003554, "the,same": 0.0015232292460015233, "will,be": 0.003808073115003808, "is,an": 0.0012693577050012694, "what,the": 0.001777100787001777, "in,my": 0.002030972328002031, "dealing,with": 0.0015232292460015233, "there,will": 0.0012693577050012694, "<s>,he": 0.002538715410002539, "the,debate": 0.001777100787001777, "leave,to": 0.003554201574003554, "<cs>,before": 0.0015232292460015233, "before,my": 0.0027925869510027927, "sits,down": 0.002030972328002031, "are,to": 0.0015232292460015233,