{"<cs>,my": 0.020739790463972632, "my,lords": 0.02052597819114817, "we,have": 0.0027795595467179817, "have,had": 0.0014966859097712208, "had,a": 0.0012828736369467607, "on,a": 0.0010690613641223007, "must,be": 0.0010690613641223007, "be,of": 0.0010690613641223007, "<e>,<s>": 0.07633098139833226, "<s>,i": 0.02052597819114817, "i,have": 0.004062433183664742, "have,been": 0.004703870002138123, "at,the": 0.004276245456489203, "of,the": 0.026726534103057517, "the,house": 0.003207184092366902, "has,been": 0.004917682274962583, "in,the": 0.011759675005345306, "it,has": 0.0012828736369467607, "by,the": 0.005772931366260423, "for,the": 0.005345306820611503, "<s>,the": 0.004276245456489203, "the,noble": 0.015608295916185589, "noble,lord": 0.005559119093435963, "lord,lord": 0.0029933718195424416, "noble,lords": 0.001924310455420141, "but,i": 0.0014966859097712208, "i,should": 0.006628180457558264, "should,like": 0.005131494547787043, "like,to": 0.004703870002138123, "to,make": 0.0014966859097712208, "to,say": 0.0025657472738935213, "i,agree": 0.0010690613641223007, "agree,with": 0.0012828736369467607, "my,noble": 0.009407740004276246, "noble,friend": 0.008766303185802866, "friend,lord": 0.001710498182595681, "about,the": 0.0025657472738935213, "and,i": 0.005772931366260423, "i,am": 0.013042548642292068, "am,sure": 0.004490057729313663, "sure,that": 0.0027795595467179817, "that,this": 0.004276245456489203, "this,is": 0.0021381227282446015, "is,a": 0.004917682274962583, "in,which": 0.0010690613641223007, "much,more": 0.0012828736369467607, "lords,i": 0.009407740004276246, "i,beg": 0.004062433183664742, "beg,leave": 0.004703870002138123, "leave,to": 0.004703870002138123, "to,ask": 0.0014966859097712208, "ask,the": 0.001924310455420141, "the,question": 0.0023519350010690614, "question,which": 0.0010690613641223007, "which,stands": 0.0010690613641223007, "stands,in": 0.0010690613641223007, "in,my": 0.0023519350010690614, "my,name": 0.001924310455420141, "name,on": 0.0012828736369467607, "on,the": 0.005986743639084883, "the,order": 0.0012828736369467607, "order,paper": 0.0012828736369467607, "paper,<e>": 0.0010690613641223007, "i,thank": 0.0036348086380158223, "thank,my": 0.0025657472738935213, "friend,for": 0.0023519350010690614, "for,that": 0.0021381227282446015, "reply,<e>": 0.0014966859097712208, "<s>,is": 0.001710498182595681, "is,he": 0.0012828736369467607, "aware,that": 0.0029933718195424416, "in,this": 0.004062433183664742, "that,the": 0.014753046824887749, "would,be": 0.003420996365191362, "that,there": 0.004276245456489203, "there,will": 0.0021381227282446015, "will,be": 0.009621552277100705, "and,also": 0.001710498182595681, "for,many": 0.001710498182595681, "many,years": 0.001924310455420141, "from,the": 0.0027795595467179817, "<s>,in": 0.0036348086380158223, "into,the": 0.0012828736369467607, "of,a": 0.001924310455420141, "done,<e>": 0.0010690613641223007, "there,are": 0.0012828736369467607, "who,are": 0.0012828736369467607, "and,that": 0.001710498182595681, "<cs>,i": 0.0072696172760316445, "with,the": 0.005772931366260423, "the,committee": 0.0023519350010690614, "to,withdraw": 0.005559119093435963, "this,amendment": 0.006628180457558264, "amendment,<e>": 0.010690613641223007, "concerned,with": 0.0025657472738935213, "warmly,welcome": 0.0010690613641223007, "wish,to": 0.001924310455420141, "interest,as": 0.0010690613641223007, "as,president": 0.0010690613641223007, "president,of": 0.0012828736369467607, "regard,to": 0.0012828736369467607, "may,i": 0.003207184092366902, "i,ask": 0.0010690613641223007, "agree,that": 0.001710498182595681, "that,it": 0.004917682274962583, "it,is": 0.013042548642292068, "to,the": 0.009835364549925165, "that,they": 0.0025657472738935213, "do,not": 0.004490057729313663, "have,to": 0.0023519350010690614, "thank,the": 0.0014966859097712208, "noble,earl": 0.005986743639084883, "that,is": 0.003207184092366902, "the,new": 0.0027795595467179817, "the,bill": 0.004703870002138123, "<s>,he": 0.0012828736369467607, "the,heritage": 0.001710498182595681, "the,same": 0.001710498182595681, "he,has": 0.0014966859097712208, "i,hope": 0.005559119093435963, "hope,that": 0.004276245456489203, "that,he": 0.001924310455420141, "he,will": 0.0014966859097712208, "committee,stage": 0.0014966859097712208, "and,to": 0.0012828736369467607, "the,debate": 0.0010690613641223007, "<cs>,in": 0.001924310455420141, "in,view": 0.003848620910840282, "view,of": 0.003848620910840282, "withdraw,the": 0.005559119093435963, "the,amendment": 0.009193927731451786, "very,much": 0.0025657472738935213, "that,in": 0.001924310455420141, "what,the": 0.0014966859097712208, "i,think": 0.005345306820611503, "they,have": 0.0014966859097712208, "a,good": 0.0010690613641223007, "bill,<e>": 0.0027795595467179817, "commission,is": 0.001710498182595681, "there,is": 0.005131494547787043, "support,this": 0.0012828736369467607, "i,believe": 0.0027795595467179817, "believe,that": 0.0023519350010690614, "the,museums": 0.0014966859097712208, "the,trustees": 0.0014966859097712208, "to,be": 0.004917682274962583, "aware,of": 0.0010690613641223007, "is,going": 0.0010690613641223007, "on,<e>": 0.0010690613641223007, "of,course": 0.0012828736369467607, "can,be": 0.0029933718195424416, "that,we": 0.003848620910840282, "i,must": 0.001924310455420141, "is,that": 0.001924310455420141, "a,very": 0.0025657472738935213, "very,good": 0.0012828736369467607, "rather,than": 0.0010690613641223007, "<s>,however": 0.004276245456489203, "however,i": 0.0014966859097712208, "think,that": 0.0025657472738935213, "perhaps,the": 0.001924310455420141, "it,<e>": 0.0025657472738935213, "he,is": 0.0010690613641223007, "going,to": 0.0012828736369467607, "to,do": 0.001924310455420141, "is,not": 0.0014966859097712208, "to,support": 0.0023519350010690614, "support,the": 0.0023519350010690614, "perhaps,i": 0.001710498182595681, "i,may": 0.0010690613641223007, "amendment,in": 0.0010690613641223007, "the,fact": 0.0021381227282446015, "fact,that": 0.001710498182595681, "and,in": 0.0010690613641223007, "and,the": 0.005772931366260423, "the,british": 0.0010690613641223007, "of,all": 0.0010690613641223007, "historic,buildings": 0.005559119093435963, "buildings,and": 0.0029933718195424416, "museums,<e>": 0.0010690613641223007, "<s>,it": 0.0072696172760316445, "<s>,but": 0.0014966859097712208, "is,important": 0.0012828736369467607, "<s>,as": 0.0014966859097712208, "say,that": 0.001924310455420141, "that,i": 0.005772931366260423, "to,have": 0.0023519350010690614, "the,moment": 0.001924310455420141, "moment,<e>": 0.0010690613641223007, "so,far": 0.0010690613641223007, "far,as": 0.0010690613641223007, "i,can": 0.0014966859097712208, "is,very": 0.0014966859097712208, "i,do": 0.003420996365191362, "because,i": 0.0012828736369467607, "the,past": 0.001924310455420141, "past,years": 0.0010690613641223007, "if,the": 0.0023519350010690614, "look,at": 0.0010690613641223007, "it,should": 0.0010690613641223007, "should,be": 0.0021381227282446015, "is,my": 0.001924310455420141, "point,<e>": 0.0012828736369467607, "and,if": 0.0012828736369467607, "on,this": 0.003420996365191362, "of,that": 0.001924310455420141, "am,happy": 0.0014966859097712208, "happy,to": 0.0027795595467179817, "to,beg": 0.0010690613641223007, "said,that": 0.0010690613641223007, "the,assurance": 0.0010690613641223007, "am,very": 0.0012828736369467607, "which,is": 0.001924310455420141, "is,to": 0.001924310455420141, "will,look": 0.0012828736369467607, "in,supporting": 0.0014966859097712208, "noble,baroness": 0.0029933718195424416, "baroness,lady": 0.0014966859097712208, "the,museum": 0.0010690613641223007, "the,<e>": 0.0010690613641223007, "the,word": 0.0012828736369467607, "the,government": 0.004062433183664742, "the,whole": 0.0012828736369467607, "matter,<e>": 0.0014966859097712208, "the,environment": 0.0010690613641223007, "the,staff": 0.0010690613641223007, "the,armouries": 0.0010690613641223007, "they,are": 0.0027795595467179817, "in,some": 0.0012828736369467607,