{"<cs>,my": 0.049019607843137254, "my,lords": 0.0457516339869281, "my,noble": 0.03594771241830065, "noble,friend": 0.032679738562091505, "<e>,<s>": 0.16666666666666666, "to,say": 0.0196078431372549, "say,a": 0.0196078431372549, "a,few": 0.0196078431372549, "few,words": 0.016339869281045753, "of,the": 0.0457516339869281, "the,noble": 0.02287581699346405, "noble,lord": 0.02287581699346405, "lord,lord": 0.016339869281045753, "for,the": 0.02287581699346405, "that,this": 0.026143790849673203, "lords,i": 0.032679738562091505, "on,the": 0.016339869281045753, "i,have": 0.0196078431372549, "i,am": 0.03594771241830065, "<s>,i": 0.06862745098039216, "it,is": 0.016339869281045753, "your,lordships": 0.0196078431372549, "in,the": 0.0196078431372549, "friend,lord": 0.0196078431372549, "i,beg": 0.016339869281045753, "beg,to": 0.016339869281045753, "to,move": 0.0196078431372549, "move,that": 0.016339869281045753, "this,bill": 0.029411764705882353, "and,i": 0.02287581699346405, "to,thank": 0.016339869281045753, "the,bill": 0.029411764705882353, "that,the": 0.02287581699346405}