{"<cs>,my": 0.024046001045478306, "my,lords": 0.023523261892315735, "what,is": 0.0026136957658128594, "i,am": 0.01150026136957658, "not,a": 0.0026136957658128594, "<e>,<s>": 0.10297961317302666, "<s>,i": 0.029796131730266597, "i,rise": 0.0026136957658128594, "for,the": 0.005227391531625719, "<s>,in": 0.0031364349189754314, "<s>,it": 0.010454783063251438, "it,is": 0.017250392054364874, "that,i": 0.006795608991113434, "from,the": 0.004704652378463147, "the,bar": 0.006795608991113434, "in,this": 0.005227391531625719, "that,is": 0.009932043910088865, "as,i": 0.004181913225300575, "should,have": 0.0031364349189754314, "have,been": 0.00575013068478829, "of,the": 0.04495556717198118, "of,that": 0.0026136957658128594, "is,the": 0.005227391531625719, "is,a": 0.009932043910088865, "to,be": 0.01150026136957658, "in,the": 0.018295870360690015, "on,the": 0.005227391531625719, "of,my": 0.004181913225300575, "my,noble": 0.013068478829064296, "noble,and": 0.023523261892315735, "and,learned": 0.023523261892315735, "learned,friend": 0.01150026136957658, "friend,lord": 0.0031364349189754314, "i,have": 0.012023000522739153, "as,a": 0.00575013068478829, "and,in": 0.0026136957658128594, "in,relation": 0.005227391531625719, "relation,to": 0.005227391531625719, "to,the": 0.01986408782017773, "the,solicitors": 0.004704652378463147, "master,of": 0.0026136957658128594, "the,rolls": 0.0026136957658128594, "to,my": 0.0026136957658128594, "that,there": 0.0036591740721380033, "there,is": 0.005227391531625719, "lords,i": 0.013068478829064296, "the,noble": 0.026659696811291166, "noble,lord": 0.014113957135389441, "lord,lord": 0.010454783063251438, "but,i": 0.0026136957658128594, "i,should": 0.00575013068478829, "should,like": 0.0026136957658128594, "like,to": 0.0026136957658128594, "to,say": 0.004704652378463147, "that,it": 0.004181913225300575, "it,would": 0.0026136957658128594, "would,not": 0.004181913225300575, "at,the": 0.004181913225300575, "that,if": 0.0026136957658128594, "<s>,if": 0.0036591740721380033, "that,the": 0.017773131207527444, "the,bill": 0.00575013068478829, "in,which": 0.0031364349189754314, "which,the": 0.0031364349189754314, "<s>,that": 0.005227391531625719, "would,be": 0.0031364349189754314, "be,a": 0.0031364349189754314, "the,judges": 0.0026136957658128594, "have,to": 0.0036591740721380033, "perhaps,i": 0.00575013068478829, "i,may": 0.007318348144276007, "<s>,the": 0.006795608991113434, "a,solicitor": 0.005227391531625719, "<s>,however": 0.008886565603763722, "able,to": 0.0036591740721380033, "to,make": 0.004181913225300575, "is,that": 0.0036591740721380033, "<cs>,i": 0.007841087297438577, "say,that": 0.0036591740721380033, "the,high": 0.0026136957658128594, "high,court": 0.0036591740721380033, "i,would": 0.0036591740721380033, "has,been": 0.004704652378463147, "that,he": 0.0031364349189754314, "question,of": 0.0031364349189754314, "the,matter": 0.004704652378463147, "<s>,there": 0.0026136957658128594, "i,believe": 0.004181913225300575, "to,have": 0.0026136957658128594, "that,a": 0.0026136957658128594, "if,i": 0.005227391531625719, "however,i": 0.0036591740721380033, "and,the": 0.0036591740721380033, "the,amendment": 0.004181913225300575, "by,the": 0.00836382645060115, "amendment,<e>": 0.0036591740721380033, "with,the": 0.004704652378463147, "hope,that": 0.0031364349189754314, "friend,the": 0.005227391531625719, "the,lord": 0.015159435441714584, "lord,chancellor": 0.014636696288552013, "i,hope": 0.0031364349189754314, "lord,mishcon": 0.006272869837950863, "the,committee": 0.0031364349189754314, "which,are": 0.0036591740721380033, "is,not": 0.006795608991113434, "i,do": 0.006795608991113434, "do,not": 0.006795608991113434, "i,understood": 0.0026136957658128594, "i,understand": 0.0026136957658128594, "the,point": 0.0026136957658128594, "learned,lord": 0.01097752221641401, "lord,the": 0.007318348144276007, "subject,to": 0.004181913225300575, "the,law": 0.006795608991113434, "law,society": 0.00575013068478829, "which,i": 0.0026136957658128594, "rules,of": 0.0031364349189754314, "should,be": 0.005227391531625719, "mishcon,<e>": 0.0026136957658128594, "under,the": 0.0031364349189754314, "must,be": 0.0026136957658128594, "the,same": 0.0026136957658128594, "<cs>,perhaps": 0.0026136957658128594, "sure,that": 0.0031364349189754314, "not,have": 0.0026136957658128594, "rights,of": 0.0026136957658128594, "of,audience": 0.0031364349189754314, "before,the": 0.004181913225300575, "wish,to": 0.0026136957658128594, "and,i": 0.0031364349189754314, "sits,down": 0.0031364349189754314, "because,i": 0.0026136957658128594, "solicitors,act": 0.0031364349189754314, "as,to": 0.0026136957658128594, "i,shall": 0.0026136957658128594, "the,interests": 0.0026136957658128594, "interests,of": 0.0026136957658128594, "have,a": 0.0036591740721380033, "the,rules": 0.0026136957658128594}