{"<cs>,my": 0.02981139728249848, "my,lords": 0.030622591766375988, "lords,in": 0.001419590346785642, "your,lordships": 0.0026363820726019063, "for,the": 0.006286757250050699, "the,first": 0.002839180693571284, "first,time": 0.002027986209693774, "i,am": 0.011559521395254513, "by,the": 0.008720340701683229, "the,great": 0.001013993104846887, "that,i": 0.007503548975866964, "i,shall": 0.0036503751774487935, "all,the": 0.0018251875887243967, "<e>,<s>": 0.07483269113770026, "of,all": 0.001013993104846887, "of,<e>": 0.001013993104846887, "lords,i": 0.01804907726627459, "to,the": 0.010748326911377002, "the,noble": 0.042587710403569255, "noble,lord": 0.028797404177651593, "lord,lord": 0.022307848306631513, "the,opportunity": 0.001013993104846887, "opportunity,to": 0.002027986209693774, "a,great": 0.0016223889677550193, "<s>,i": 0.024538633137294666, "i,have": 0.008111944838775096, "from,the": 0.009531535185560738, "and,i": 0.007706347596836341, "who,have": 0.001013993104846887, "have,a": 0.001419590346785642, "as,a": 0.004867166903265057, "of,the": 0.031028189008314742, "the,cross-benches": 0.0032447779355100387, "in,the": 0.013181910363009532, "lord,kaldor": 0.001013993104846887, "on,his": 0.002839180693571284, "i,think": 0.0038531737984181707, "think,it": 0.001013993104846887, "it,may": 0.001013993104846887, "may,be": 0.0022307848306631515, "be,in": 0.001013993104846887, "over,a": 0.001419590346785642, "there,is": 0.003041979314540661, "grateful,to": 0.0012167917258162643, "for,his": 0.001013993104846887, "of,his": 0.0016223889677550193, "i,was": 0.003041979314540661, "at,any": 0.0012167917258162643, "any,rate": 0.0012167917258162643, "that,we": 0.004461569661326303, "about,the": 0.0026363820726019063, "which,i": 0.00466436828229568, "<s>,however": 0.0016223889677550193, "i,must": 0.0038531737984181707, "must,say": 0.001013993104846887, "say,that": 0.0026363820726019063, "in,my": 0.0026363820726019063, "is,that": 0.004055972419387548, "that,the": 0.008517542080713852, "is,the": 0.0024335834516325287, "<s>,it": 0.004867166903265057, "it,was": 0.0024335834516325287, "noble,baroness": 0.004461569661326303, "baroness,lady": 0.003041979314540661, "us,that": 0.001419590346785642, "that,this": 0.0016223889677550193, "<s>,in": 0.0026363820726019063, "the,s": 0.0012167917258162643, "we,had": 0.0012167917258162643, "and,a": 0.0016223889677550193, "one,of": 0.001013993104846887, "that,they": 0.001013993104846887, "it,seems": 0.001013993104846887, "seems,to": 0.0018251875887243967, "to,me": 0.0018251875887243967, "that,it": 0.0032447779355100387, "it,is": 0.006286757250050699, "we,have": 0.0026363820726019063, "would,be": 0.003041979314540661, "we,should": 0.001013993104846887, "in,this": 0.00466436828229568, "this,house": 0.001013993104846887, "because,the": 0.001013993104846887, "on,a": 0.0012167917258162643, "terms,of": 0.001013993104846887, "<s>,that": 0.001419590346785642, "trade,unions": 0.001013993104846887, "lords,it": 0.002027986209693774, "no,doubt": 0.001013993104846887, "for,me": 0.0012167917258162643, "me,to": 0.001419590346785642, "what,i": 0.0012167917258162643, "i,thought": 0.0024335834516325287, "be,a": 0.0018251875887243967, "house,<e>": 0.001419590346785642, "<s>,the": 0.006083958629081322, "look,forward": 0.001419590346785642, "forward,to": 0.001419590346785642, "some,of": 0.001013993104846887, "have,had": 0.0016223889677550193, "to,follow": 0.00466436828229568, "maiden,speaker": 0.0012167917258162643, "is,a": 0.004258771040356926, "that,he": 0.004867166903265057, "he,would": 0.0018251875887243967, "noble,and": 0.0026363820726019063, "and,learned": 0.0018251875887243967, "to,hear": 0.0016223889677550193, "that,there": 0.0016223889677550193, "on,the": 0.00932873656459136, "closed,shop": 0.001013993104846887, "kind,of": 0.0016223889677550193, "it,has": 0.002027986209693774, "has,been": 0.0032447779355100387, "as,an": 0.001013993104846887, "with,the": 0.004258771040356926, "which,the": 0.001419590346785642, "the,government": 0.005678361387142568, "government,have": 0.0012167917258162643, "may,i": 0.0026363820726019063, "and,the": 0.005881160008111945, "viscount,lord": 0.001013993104846887, "<s>,as": 0.0016223889677550193, "as,i": 0.0022307848306631515, "of,these": 0.001013993104846887, "is,to": 0.001013993104846887, "will,not": 0.001013993104846887, "to,be": 0.005881160008111945, "against,the": 0.001419590346785642, "lords,we": 0.0012167917258162643, "we,are": 0.0022307848306631515, "the,amendment": 0.0016223889677550193, "i,may": 0.0022307848306631515, "may,say": 0.001419590346785642, "of,this": 0.003041979314540661, "the,european": 0.001013993104846887, "will,be": 0.003447576556479416, "i,ask": 0.001419590346785642, "ask,the": 0.0026363820726019063, "lord,for": 0.0012167917258162643, "i,want": 0.0022307848306631515, "want,to": 0.0026363820726019063, "to,ask": 0.0036503751774487935, "ask,him": 0.0012167917258162643, "<s>,if": 0.0026363820726019063, "of,a": 0.002839180693571284, "if,i": 0.0024335834516325287, "by,a": 0.001013993104846887, "trade,union": 0.001013993104846887, "in,a": 0.0022307848306631515, "and,to": 0.002839180693571284, "him,to": 0.001013993104846887, "to,our": 0.0016223889677550193, "i,would": 0.0038531737984181707, "would,have": 0.002027986209693774, "a,little": 0.001013993104846887, "but,i": 0.0024335834516325287, "am,glad": 0.0012167917258162643, "glad,to": 0.0018251875887243967, "thanking,the": 0.0022307848306631515, "lord,beswick": 0.001013993104846887, "to,join": 0.0018251875887243967, "join,in": 0.001419590346785642, "debate,<e>": 0.0022307848306631515, "say,so": 0.001013993104846887, "that,his": 0.0012167917258162643, "whether,he": 0.001013993104846887, "he,is": 0.001013993104846887, "<s>,he": 0.0016223889677550193, "i,congratulate": 0.0016223889677550193, "congratulate,him": 0.0012167917258162643, "him,on": 0.001419590346785642, "i,thank": 0.002027986209693774, "thank,the": 0.0026363820726019063, "i,find": 0.0012167917258162643, "of,what": 0.001013993104846887, "the,liberal": 0.0016223889677550193, "liberal,benches": 0.001013993104846887, "my,noble": 0.0032447779355100387, "noble,friend": 0.0026363820726019063, "friend,lord": 0.0036503751774487935, "lord,spens": 0.0016223889677550193, "this,debate": 0.0024335834516325287, "with,which": 0.001419590346785642, "which,was": 0.0012167917258162643, "with,a": 0.001013993104846887, "that,in": 0.001013993104846887, "that,is": 0.003041979314540661, "noble,earl": 0.004258771040356926, "earl,lord": 0.002839180693571284, "i,hope": 0.0024335834516325287, "the,right": 0.002027986209693774, "right,reverend": 0.0018251875887243967, "reverend,prelate": 0.0018251875887243967, "i,do": 0.0018251875887243967, "do,not": 0.0024335834516325287, "at,the": 0.0032447779355100387, "have,been": 0.002839180693571284, "of,which": 0.001013993104846887, "which,he": 0.001013993104846887, "<s>,my": 0.001013993104846887, "the,social": 0.001419590346785642, "i,should": 0.0038531737984181707, "should,like": 0.003041979314540661, "like,to": 0.0036503751774487935, "in,thanking": 0.0016223889677550193, "lady,trumpington": 0.001013993104846887, "bringing,this": 0.0012167917258162643, "this,motion": 0.0012167917258162643, "before,us": 0.0012167917258162643, "to,congratulate": 0.001013993104846887, "in,which": 0.001013993104846887, "am,delighted": 0.001419590346785642, "delighted,to": 0.0018251875887243967, "follow,the": 0.002839180693571284, "deal,of": 0.001013993104846887, "i,can": 0.001419590346785642, "can,only": 0.001013993104846887, "i,beg": 0.0032447779355100387, "beg,leave": 0.0022307848306631515, "leave,to": 0.0024335834516325287, "the,question": 0.002027986209693774, "my,name": 0.0016223889677550193, "name,on": 0.0016223889677550193, "the,order": 0.0016223889677550193, "order,paper": 0.0016223889677550193, "paper,<e>": 0.0016223889677550193, "for,that": 0.0022307848306631515, "after,the": 0.001013993104846887, "the,minister": 0.001419590346785642, "local,government": 0.0012167917258162643,