{"<cs>,my": 0.06457925636007827, "my,lords": 0.06457925636007827, "that,we": 0.004892367906066536, "<e>,<s>": 0.0949119373776908, "<s>,but": 0.004892367906066536, "but,i": 0.005870841487279843, "i,think": 0.014677103718199608, "think,that": 0.009784735812133072, "that,the": 0.026418786692759294, "is,the": 0.00684931506849315, "and,the": 0.007827788649706457, "have,to": 0.004892367906066536, "to,be": 0.009784735812133072, "of,the": 0.036203522504892366, "<s>,the": 0.005870841487279843, "lords,i": 0.01761252446183953, "i,should": 0.01761252446183953, "like,to": 0.01761252446183953, "the,noble": 0.014677103718199608, "noble,lord": 0.007827788649706457, "lord,lord": 0.007827788649706457, "there,is": 0.004892367906066536, "in,the": 0.0273972602739726, "it,is": 0.019569471624266144, "with,the": 0.010763209393346379, "have,been": 0.004892367906066536, "<s>,i": 0.02054794520547945, "i,believe": 0.00684931506849315, "believe,that": 0.005870841487279843, "should,like": 0.0136986301369863, "in,this": 0.009784735812133072, "this,country": 0.007827788649706457, "in,fact": 0.00684931506849315, "i,am": 0.009784735812133072, "to,the": 0.010763209393346379, "by,the": 0.007827788649706457, "i,was": 0.004892367906066536, "to,say": 0.005870841487279843, "i,hope": 0.005870841487279843, "hope,that": 0.004892367906066536, "i,have": 0.005870841487279843, "my,noble": 0.04598825831702544, "noble,friend": 0.04500978473581213, "on,the": 0.007827788649706457, "for,a": 0.00684931506849315, "say,whether": 0.00684931506849315, "as,a": 0.005870841487279843, "that,there": 0.005870841487279843, "and,i": 0.007827788649706457, "lords,in": 0.00684931506849315, "<s>,it": 0.004892367906066536, "that,i": 0.00684931506849315, "the,house": 0.00684931506849315, "as,the": 0.005870841487279843, "which,is": 0.005870841487279843, "for,the": 0.0136986301369863, "will,be": 0.010763209393346379, "is,a": 0.004892367906066536, "that,it": 0.005870841487279843, "friend,lord": 0.00684931506849315, "in,view": 0.007827788649706457, "view,of": 0.007827788649706457, "has,said": 0.005870841487279843, "at,the": 0.009784735812133072, "<s>,in": 0.004892367906066536, "the,minister": 0.00684931506849315, "which,are": 0.004892367906066536, "i,may": 0.004892367906066536, "can,my": 0.012720156555772993, "they,have": 0.004892367906066536, "not,agree": 0.004892367906066536, "agree,that": 0.008806262230919765, "we,are": 0.007827788649706457, "lords,will": 0.005870841487279843, "will,my": 0.00684931506849315, "friend,say": 0.009784735812133072, "<s>,will": 0.004892367906066536, "the,fact": 0.004892367906066536, "fact,that": 0.004892367906066536, "the,government": 0.005870841487279843, "lords,can": 0.00684931506849315, "say,what": 0.00684931506849315}