{"<cs>,my": 0.031413612565445025, "my,lords": 0.03337696335078534, "as,a": 0.007853403141361256, "<e>,<s>": 0.1099476439790576, "in,the": 0.013089005235602094, "of,the": 0.047774869109947646, "house,is": 0.0032722513089005235, "is,that": 0.004581151832460733, "the,house": 0.009162303664921465, "and,i": 0.004581151832460733, "lords,i": 0.010471204188481676, "the,minister": 0.01112565445026178, "he,is": 0.0058900523560209425, "prepared,to": 0.003926701570680628, "<s>,i": 0.020942408376963352, "he,would": 0.003926701570680628, "to,the": 0.01963350785340314, "would,be": 0.005235602094240838, "<cs>,i": 0.010471204188481676, "i,am": 0.015052356020942409, "that,it": 0.006544502617801047, "it,is": 0.011780104712041885, "that,the": 0.015052356020942409, "the,noble": 0.03926701570680628, "noble,lord": 0.015706806282722512, "lord,lord": 0.0058900523560209425, "on,the": 0.005235602094240838, "is,a": 0.0058900523560209425, "the,amendment": 0.0058900523560209425, "i,should": 0.009162303664921465, "should,like": 0.007853403141361256, "like,to": 0.007198952879581152, "to,ask": 0.003926701570680628, "ask,the": 0.006544502617801047, "noble,and": 0.0058900523560209425, "and,learned": 0.0058900523560209425, "learned,lord": 0.0058900523560209425, "lord,the": 0.004581151832460733, "the,lord": 0.004581151832460733, "lord,advocate": 0.004581151832460733, "question,<e>": 0.003926701570680628, "<s>,the": 0.007853403141361256, "by,the": 0.012434554973821989, "has,been": 0.005235602094240838, "<s>,if": 0.006544502617801047, "may,i": 0.007198952879581152, "i,ask": 0.004581151832460733, "whether,the": 0.0032722513089005235, "number,of": 0.0032722513089005235, "<s>,it": 0.008507853403141362, "as,i": 0.003926701570680628, "that,a": 0.0032722513089005235, "from,the": 0.006544502617801047, "can,the": 0.004581151832460733, "a,solicitor": 0.0032722513089005235, "in,a": 0.004581151832460733, "is,to": 0.003926701570680628, "for,the": 0.007853403141361256, "of,a": 0.006544502617801047, "will,be": 0.009162303664921465, "and,the": 0.005235602094240838, "as,to": 0.0032722513089005235, "that,is": 0.004581151832460733, "it,will": 0.004581151832460733, "have,been": 0.0032722513089005235, "out,of": 0.003926701570680628, "under,the": 0.003926701570680628, "criminal,injuries": 0.003926701570680628, "what,the": 0.0058900523560209425, "the,question": 0.004581151832460733, "that,if": 0.004581151832460733, "have,to": 0.003926701570680628, "the,other": 0.003926701570680628, "be,a": 0.003926701570680628, "because,of": 0.0032722513089005235, "which,he": 0.004581151832460733, "and,that": 0.003926701570680628, "as,the": 0.0032722513089005235, "going,to": 0.003926701570680628, "is,the": 0.007853403141361256, "they,are": 0.0032722513089005235, "noble,earl": 0.0137434554973822, "<cs>,the": 0.0032722513089005235, "<s>,in": 0.006544502617801047, "what,is": 0.004581151832460733, "people,who": 0.0032722513089005235, "if,the": 0.0032722513089005235, "may,be": 0.003926701570680628, "with,the": 0.003926701570680628, "the,government": 0.004581151832460733, "if,it": 0.004581151832460733, "we,are": 0.0058900523560209425, "wish,to": 0.003926701570680628, "said,that": 0.0032722513089005235, "the,local": 0.007198952879581152, "local,authority": 0.005235602094240838, "in,scotland": 0.004581151832460733, "all,the": 0.003926701570680628, "local,authorities": 0.0032722513089005235, "a,house": 0.007198952879581152, "house,that": 0.0032722513089005235, "my,noble": 0.005235602094240838, "noble,friend": 0.005235602094240838, "think,that": 0.003926701570680628, "i,do": 0.003926701570680628, "do,not": 0.007198952879581152, "in,order": 0.0032722513089005235, "that,he": 0.006544502617801047, "he,has": 0.003926701570680628, "the,fact": 0.0032722513089005235, "house,<e>": 0.0032722513089005235, "houses,<e>": 0.003926701570680628, "<s>,he": 0.007198952879581152, "i,have": 0.006544502617801047, "they,have": 0.0058900523560209425, "this,amendment": 0.0032722513089005235, "to,be": 0.00981675392670157, "friend,lord": 0.004581151832460733, "lord,ross": 0.003926701570680628, "before,the": 0.0032722513089005235, "them,<e>": 0.0032722513089005235, "lords,may": 0.0032722513089005235, "be,the": 0.0032722513089005235, "i,hope": 0.0032722513089005235, "this,afternoon": 0.004581151832460733, "the,whole": 0.003926701570680628, "that,we": 0.0032722513089005235, "interested,in": 0.0032722513089005235, "of,order": 0.0032722513089005235, "<s>,we": 0.0032722513089005235, "is,what": 0.0032722513089005235, "in,view": 0.0032722513089005235, "view,of": 0.0032722513089005235, "will,the": 0.0032722513089005235, "the,courts": 0.0032722513089005235}