{"with,the": 0.02304147465437788, "the,amendment": 0.018433179723502304, "<e>,<s>": 0.21428571428571427, "<s>,there": 0.018433179723502304, "there,is": 0.02534562211981567, "is,a": 0.013824884792626729, "on,the": 0.013824884792626729, "of,governors": 0.01152073732718894, "they,are": 0.016129032258064516, "are,not": 0.01152073732718894, "<s>,in": 0.01152073732718894, "of,the": 0.05069124423963134, "we,are": 0.02534562211981567, "<s>,the": 0.020737327188940093, "it,is": 0.02304147465437788, "<s>,i": 0.029953917050691243, "to,be": 0.013824884792626729, "governing,bodies": 0.013824884792626729, "articles,of": 0.01152073732718894, "i,am": 0.018433179723502304, "<s>,we": 0.02304147465437788, "in,the": 0.03686635944700461, "the,school": 0.016129032258064516, "what,is": 0.013824884792626729, "school,<e>": 0.013824884792626729, "from,the": 0.01152073732718894, "be,a": 0.01152073732718894, "is,the": 0.02534562211981567, "<s>,if": 0.013824884792626729, "the,noble": 0.029953917050691243, "noble,lord": 0.013824884792626729, "noble,baroness": 0.016129032258064516, "is,not": 0.01152073732718894, "that,is": 0.020737327188940093, "the,local": 0.016129032258064516, "the,area": 0.01152073732718894, "to,the": 0.02304147465437788, "that,the": 0.016129032258064516, "<cs>,i": 0.013824884792626729, "physically,handicapped": 0.01152073732718894, "has,been": 0.01152073732718894, "local,authority": 0.01152073732718894, "the,minister": 0.016129032258064516, "parental,choice": 0.01152073732718894, "my,lords": 0.013824884792626729}