{"<cs>,my": 0.03352050365832908, "my,lords": 0.034371277862855196, "in,a": 0.0023821677726731326, "for,a": 0.0011910838863365663, "another,place": 0.0015313935681470138, "to,make": 0.0018717032499574614, "your,lordships": 0.0011910838863365663, "<e>,<s>": 0.07180534286200442, "<s>,i": 0.013442232431512676, "i,was": 0.0011910838863365663, "to,be": 0.005785264590777607, "during,the": 0.00136123872724179, "there,is": 0.002041858090862685, "because,i": 0.0010209290454313426, "i,have": 0.003913561340820147, "that,it": 0.006125574272588055, "and,a": 0.0010209290454313426, "a,very": 0.0032329419771992512, "<s>,in": 0.004424025863535817, "i,hope": 0.002552322613578356, "make,a": 0.0008507742045261188, "to,that": 0.0008507742045261188, "to,have": 0.00136123872724179, "it,has": 0.0023821677726731326, "to,the": 0.01310192274970223, "i,do": 0.0022120129317679087, "do,not": 0.003403096818104475, "i,wish": 0.0008507742045261188, "i,believe": 0.0015313935681470138, "believe,that": 0.0015313935681470138, "between,the": 0.0015313935681470138, "lords,may": 0.0010209290454313426, "may,i": 0.0017015484090522376, "i,ask": 0.00136123872724179, "ask,the": 0.0022120129317679087, "the,minister": 0.0071465033180193975, "he,said": 0.0008507742045261188, "said,that": 0.0011910838863365663, "that,the": 0.01310192274970223, "and,indeed": 0.0008507742045261188, "would,the": 0.0011910838863365663, "the,noble": 0.029606942317508933, "noble,lord": 0.02041858090862685, "agree,that": 0.0018717032499574614, "that,if": 0.00136123872724179, "if,the": 0.0030627871362940277, "to,withdraw": 0.0030627871362940277, "it,would": 0.002552322613578356, "would,be": 0.003403096818104475, "and,the": 0.006976348477114174, "lords,i": 0.009868980772502978, "have,been": 0.004424025863535817, "by,the": 0.004764335545346265, "of,the": 0.03335034881742385, "the,bill": 0.0028926322953888037, "and,i": 0.003913561340820147, "as,a": 0.0032329419771992512, "a,member": 0.0018717032499574614, "member,of": 0.00136123872724179, "one,of": 0.0008507742045261188, "the,local": 0.0018717032499574614, "local,authorities": 0.0018717032499574614, "in,which": 0.0030627871362940277, "support,of": 0.0011910838863365663, "of,this": 0.0028926322953888037, "this,bill": 0.0017015484090522376, "i,am": 0.007656967840735069, "am,grateful": 0.00136123872724179, "grateful,to": 0.00272247745448358, "lord,lord": 0.005104645227156712, "of,his": 0.0010209290454313426, "happy,to": 0.0008507742045261188, "the,point": 0.0011910838863365663, "he,made": 0.0008507742045261188, "will,not": 0.0008507742045261188, "not,be": 0.0022120129317679087, "in,the": 0.014633316317849242, "<s>,the": 0.006295729113493279, "concerned,with": 0.0008507742045261188, "with,the": 0.004764335545346265, "i,too": 0.0010209290454313426, "should,like": 0.004934490386251489, "like,to": 0.004934490386251489, "to,thank": 0.0015313935681470138, "thank,the": 0.00136123872724179, "for,the": 0.005955419431682831, "the,opportunity": 0.0015313935681470138, "which,he": 0.0015313935681470138, "he,has": 0.0022120129317679087, "has,given": 0.0017015484090522376, "us,to": 0.00136123872724179, "to,discuss": 0.0011910838863365663, "subject,<e>": 0.0008507742045261188, "i,should": 0.005785264590777607, "will,be": 0.0032329419771992512, "of,them": 0.00136123872724179, "the,house": 0.004424025863535817, "the,future": 0.0015313935681470138, "i,want": 0.0011910838863365663, "want,to": 0.0018717032499574614, "who,have": 0.0010209290454313426, "a,number": 0.00136123872724179, "but,i": 0.0010209290454313426, "is,a": 0.0035732516590096988, "the,problems": 0.0008507742045261188, "forestry,policy": 0.0008507742045261188, "<s>,it": 0.005615109749872384, "can,be": 0.0010209290454313426, "lords,we": 0.0008507742045261188, "<s>,this": 0.0017015484090522376, "of,our": 0.00136123872724179, "if,i": 0.0011910838863365663, "not,just": 0.0010209290454313426, "<s>,but": 0.0015313935681470138, "but,the": 0.0008507742045261188, "the,fact": 0.0023821677726731326, "fact,that": 0.0018717032499574614, "could,be": 0.0010209290454313426, "the,greatest": 0.0008507742045261188, "may,be": 0.002041858090862685, "northern,ireland": 0.0010209290454313426, "the,united": 0.0023821677726731326, "united,kingdom": 0.0018717032499574614, "will,the": 0.005104645227156712, "bear,in": 0.002552322613578356, "in,mind": 0.0030627871362940277, "mind,that": 0.002552322613578356, "that,a": 0.0008507742045261188, "has,the": 0.0008507742045261188, "of,local": 0.002041858090862685, "<s>,as": 0.0008507742045261188, "as,the": 0.0028926322953888037, "noble,earl": 0.005615109749872384, "has,said": 0.002041858090862685, "the,report": 0.0018717032499574614, "report,of": 0.0008507742045261188, "the,whole": 0.0017015484090522376, "<s>,will": 0.0035732516590096988, "will,he": 0.0030627871362940277, "lords,is": 0.004424025863535817, "is,the": 0.0074868129998298455, "minister,aware": 0.0008507742045261188, "aware,that": 0.006976348477114174, "that,this": 0.0035732516590096988, "this,has": 0.0008507742045261188, "to,a": 0.0022120129317679087, "that,there": 0.0023821677726731326, "in,our": 0.0011910838863365663, "as,i": 0.0011910838863365663, "accept,that": 0.002552322613578356, "the,paper": 0.0017015484090522376, "paper,industry": 0.0008507742045261188, "industry,and": 0.0010209290454313426, "<cs>,i": 0.0037434064999149227, "the,committee": 0.00272247745448358, "at,the": 0.0037434064999149227, "the,same": 0.0011910838863365663, "time,<e>": 0.00136123872724179, "am,most": 0.0008507742045261188, "most,grateful": 0.0008507742045261188, "earl,for": 0.0008507742045261188, "for,giving": 0.0011910838863365663, "way,<e>": 0.0011910838863365663, "<s>,he": 0.0015313935681470138, "about,the": 0.0015313935681470138, "at,a": 0.0011910838863365663, "number,of": 0.003403096818104475, "made,by": 0.0017015484090522376, "not,want": 0.0008507742045261188, "leave,to": 0.002552322613578356, "amendment,no": 0.0010209290454313426, "no,<e>": 0.0010209290454313426, "in,local": 0.00136123872724179, "local,government": 0.004424025863535817, "government,and": 0.0008507742045261188, "of,a": 0.0028926322953888037, "a,local": 0.0010209290454313426, "local,authority": 0.0022120129317679087, "is,that": 0.0017015484090522376, "there,was": 0.0008507742045261188, "in,any": 0.0018717032499574614, "the,matter": 0.00136123872724179, "other,countries": 0.0008507742045261188, "to,this": 0.00136123872724179, "on,the": 0.006636038795303726, "part,of": 0.0018717032499574614, "the,government": 0.0064658839543985025, "government,to": 0.0010209290454313426, "in,other": 0.0015313935681470138, "in,my": 0.0017015484090522376, "paper,and": 0.0011910838863365663, "and,board": 0.0010209290454313426, "board,industry": 0.0010209290454313426, "and,in": 0.0008507742045261188, "in,many": 0.00136123872724179, "this,is": 0.0022120129317679087, "lords,will": 0.0023821677726731326, "that,in": 0.0010209290454313426, "per,cent": 0.002041858090862685, "cent,<e>": 0.002041858090862685, "<s>,of": 0.0008507742045261188, "<s>,if": 0.002041858090862685, "the,<e>": 0.0008507742045261188, "noble,lords": 0.00136123872724179, "lords,would": 0.0008507742045261188, "does,not": 0.0010209290454313426, "members,of": 0.00136123872724179, "government,<e>": 0.0010209290454313426, "the,secretary": 0.0011910838863365663, "secretary,of": 0.00136123872724179, "of,state": 0.0015313935681470138, "since,the": 0.0010209290454313426, "is,to": 0.0015313935681470138, "when,the": 0.0011910838863365663, "the,amendment": 0.00272247745448358, "amendment,<e>": 0.0022120129317679087, "there,are": 0.00136123872724179, "i,think": 0.0015313935681470138, "have,had": 0.0010209290454313426, "should,be": 0.0018717032499574614, "would,it": 0.0008507742045261188, "i,beg": 0.0035732516590096988, "beg,to": 0.0015313935681470138, "to,move": 0.00136123872724179, "for,his": 0.0018717032499574614, "he,will": 0.0011910838863365663, "that,these": 0.0008507742045261188, "we,should": 0.0010209290454313426, "beg,leave": 0.0022120129317679087,