{"<cs>,my": 0.025240384615384616, "my,lords": 0.025240384615384616, "lords,i": 0.014423076923076924, "wish,to": 0.006009615384615385, "to,make": 0.007211538461538462, "of,the": 0.037259615384615384, "in,the": 0.013221153846153846, "<e>,<s>": 0.13701923076923078, "<cs>,i": 0.018028846153846152, "what,the": 0.007211538461538462, "the,noble": 0.026442307692307692, "noble,lord": 0.007211538461538462, "lord,lord": 0.014423076923076924, "for,the": 0.007211538461538462, "the,clause": 0.008413461538461538, "<s>,i": 0.036057692307692304, "noble,and": 0.018028846153846152, "and,learned": 0.018028846153846152, "with,the": 0.014423076923076924, "learned,lord": 0.013221153846153846, "lord,mccluskey": 0.006009615384615385, "seems,to": 0.007211538461538462, "to,me": 0.006009615384615385, "to,be": 0.019230769230769232, "it,is": 0.021634615384615384, "<s>,that": 0.006009615384615385, "that,is": 0.008413461538461538, "is,a": 0.006009615384615385, "i,am": 0.016826923076923076, "am,not": 0.007211538461538462, "by,the": 0.01201923076923077, "<s>,if": 0.009615384615384616, "would,be": 0.009615384615384616, "<s>,it": 0.018028846153846152, "is,not": 0.014423076923076924, "the,committee": 0.006009615384615385, "the,amendment": 0.007211538461538462, "amendment,<e>": 0.007211538461538462, "my,amendment": 0.007211538461538462, "on,the": 0.008413461538461538, "that,the": 0.015625, "that,<e>": 0.006009615384615385, "lord,the": 0.006009615384615385, "the,lord": 0.009615384615384616, "lord,advocate": 0.009615384615384616, "there,is": 0.006009615384615385, "<s>,the": 0.014423076923076924, "as,i": 0.007211538461538462, "said,that": 0.006009615384615385, "be,a": 0.007211538461538462, "at,the": 0.007211538461538462, "i,do": 0.013221153846153846, "do,not": 0.015625, "to,the": 0.013221153846153846, "think,that": 0.009615384615384616, "in,his": 0.006009615384615385, "is,to": 0.006009615384615385, "this,amendment": 0.008413461538461538, "and,i": 0.009615384615384616, "but,it": 0.006009615384615385, "i,should": 0.021634615384615384, "should,like": 0.013221153846153846, "like,to": 0.009615384615384616, "i,think": 0.007211538461538462, "the,points": 0.006009615384615385, "may,i": 0.006009615384615385, "in,my": 0.006009615384615385, "should,be": 0.007211538461538462, "in,scotland": 0.009615384615384616, "amendment,no": 0.007211538461538462, "no,<e>": 0.008413461538461538, "in,private": 0.006009615384615385, "be,an": 0.006009615384615385, "an,offence": 0.006009615384615385, "of,this": 0.006009615384615385, "that,it": 0.008413461538461538, "it,was": 0.010817307692307692, "should,have": 0.007211538461538462, "have,thought": 0.006009615384615385}