{"<cs>,my": 0.05042016806722689, "my,lords": 0.04873949579831933, "lords,i": 0.031932773109243695, "i,hope": 0.015126050420168067, "hope,that": 0.011764705882352941, "that,it": 0.008403361344537815, "it,is": 0.02689075630252101, "this,debate": 0.010084033613445379, "as,chairman": 0.008403361344537815, "chairman,of": 0.008403361344537815, "of,the": 0.040336134453781515, "the,national": 0.013445378151260505, "national,heritage": 0.011764705882352941, "heritage,memorial": 0.011764705882352941, "memorial,fund": 0.011764705882352941, "<e>,<s>": 0.15630252100840336, "<s>,it": 0.013445378151260505, "i,should": 0.013445378151260505, "should,like": 0.010084033613445379, "like,to": 0.011764705882352941, "to,the": 0.021848739495798318, "the,noble": 0.043697478991596636, "noble,lord": 0.020168067226890758, "lord,lord": 0.015126050420168067, "maiden,speech": 0.008403361344537815, "your,lordships": 0.011764705882352941, "have,been": 0.008403361344537815, "that,we": 0.011764705882352941, "<s>,i": 0.05042016806722689, "i,have": 0.011764705882352941, "and,i": 0.008403361344537815, "he,has": 0.008403361344537815, "i,may": 0.010084033613445379, "do,not": 0.008403361344537815, "to,be": 0.015126050420168067, "in,the": 0.013445378151260505, "<s>,however": 0.008403361344537815, "noble,baroness": 0.011764705882352941, "i,think": 0.013445378151260505, "think,that": 0.008403361344537815, "<s>,the": 0.008403361344537815, "<s>,that": 0.008403361344537815, "has,been": 0.008403361344537815, "we,have": 0.011764705882352941, "able,to": 0.008403361344537815, "speech,<e>": 0.008403361344537815, "i,am": 0.02689075630252101, "noble,earl": 0.010084033613445379, "earl,lord": 0.008403361344537815, "that,is": 0.013445378151260505, "that,the": 0.01680672268907563, "is,the": 0.010084033613445379, "the,amendment": 0.010084033613445379, "it,<e>": 0.010084033613445379, "is,that": 0.008403361344537815, "<cs>,i": 0.008403361344537815}