{"<cs>,my": 0.043478260869565216, "my,lords": 0.043478260869565216, "lords,as": 0.007246376811594203, "as,the": 0.008695652173913044, "of,the": 0.0782608695652174, "the,bill": 0.01884057971014493, "in,the": 0.02608695652173913, "the,debate": 0.007246376811594203, "as,a": 0.011594202898550725, "the,british": 0.011594202898550725, "british,museum": 0.008695652173913044, "<e>,<s>": 0.13043478260869565, "<s>,i": 0.0391304347826087, "i,do": 0.008695652173913044, "on,this": 0.007246376811594203, "is,the": 0.010144927536231883, "with,the": 0.013043478260869565, "i,have": 0.011594202898550725, "have,had": 0.007246376811594203, "<s>,the": 0.014492753623188406, "this,bill": 0.013043478260869565, "bill,and": 0.007246376811594203, "and,i": 0.008695652173913044, "<s>,as": 0.008695652173913044, "the,noble": 0.04782608695652174, "by,the": 0.01884057971014493, "noble,lord": 0.03188405797101449, "lord,lord": 0.02463768115942029, "to,the": 0.013043478260869565, "<s>,it": 0.011594202898550725, "that,the": 0.007246376811594203, "of,a": 0.010144927536231883, "no,<e>": 0.008695652173913044, "on,the": 0.015942028985507246, "and,the": 0.008695652173913044, "at,the": 0.013043478260869565, "second,reading": 0.008695652173913044, "i,am": 0.008695652173913044, "that,this": 0.010144927536231883, "has,been": 0.02608695652173913, "that,it": 0.007246376811594203, "would,be": 0.010144927536231883, "the,government": 0.007246376811594203, "it,is": 0.02463768115942029, "to,be": 0.010144927536231883, "in,this": 0.007246376811594203, "bill,<e>": 0.007246376811594203, "noble,and": 0.008695652173913044, "and,learned": 0.008695652173913044, "the,house": 0.011594202898550725, "lords,i": 0.014492753623188406, "i,should": 0.014492753623188406, "noble,lords": 0.011594202898550725, "that,is": 0.008695652173913044, "should,like": 0.008695652173913044, "like,to": 0.008695652173913044, "we,have": 0.008695652173913044, "who,have": 0.011594202898550725}