{"<cs>,my": 0.10106382978723404, "my,lords": 0.09840425531914894, "lords,i": 0.013297872340425532, "the,question": 0.013297872340425532, "on,the": 0.02127659574468085, "my,noble": 0.02127659574468085, "noble,friend": 0.02127659574468085, "and,the": 0.015957446808510637, "may,i": 0.023936170212765957, "the,government": 0.023936170212765957, "do,not": 0.015957446808510637, "by,the": 0.018617021276595744, "the,noble": 0.047872340425531915, "that,the": 0.04521276595744681, "in,the": 0.015957446808510637, "of,the": 0.06914893617021277, "i,should": 0.013297872340425532, "<e>,<s>": 0.10904255319148937, "i,think": 0.015957446808510637, "and,that": 0.013297872340425532, "that,it": 0.013297872340425532, "it,is": 0.026595744680851064, "<s>,i": 0.02925531914893617, "he,has": 0.013297872340425532, "to,be": 0.013297872340425532, "think,that": 0.013297872340425532, "lords,may": 0.013297872340425532, "<s>,the": 0.015957446808510637, "noble,lord": 0.031914893617021274, "lords,is": 0.013297872340425532, "is,the": 0.013297872340425532, "the,minister": 0.02127659574468085, "recognise,that": 0.015957446808510637, "to,the": 0.015957446808510637, "that,we": 0.013297872340425532, "of,our": 0.018617021276595744}