{"<cs>,my": 0.05037783375314862, "my,lords": 0.05037783375314862, "lords,i": 0.030226700251889168, "of,the": 0.04030226700251889, "on,the": 0.017632241813602016, "to,the": 0.020151133501259445, "the,government": 0.015113350125944584, "that,the": 0.012594458438287154, "<e>,<s>": 0.19899244332493704, "<s>,we": 0.012594458438287154, "we,have": 0.015113350125944584, "<s>,i": 0.05289672544080604, "i,would": 0.022670025188916875, "have,been": 0.012594458438287154, "noble,lords": 0.017632241813602016, "we,are": 0.015113350125944584, "grateful,to": 0.020151133501259445, "the,noble": 0.022670025188916875, "noble,lord": 0.020151133501259445, "lord,lord": 0.020151133501259445, "i,have": 0.04534005037783375, "in,the": 0.037783375314861464, "<s>,it": 0.020151133501259445, "for,the": 0.020151133501259445, "my,noble": 0.037783375314861464, "it,was": 0.012594458438287154, "i,am": 0.04030226700251889, "noble,friend": 0.030226700251889168, "friend,lord": 0.017632241813602016, "that,we": 0.012594458438287154, "as,a": 0.020151133501259445, "your,lordships": 0.012594458438287154, "lordships,house": 0.012594458438287154, "that,i": 0.012594458438287154}