{"the,noble": 0.043010752688172046, "say,that": 0.008064516129032258, "that,i": 0.009408602150537635, "i,am": 0.016129032258064516, "your,lordships": 0.006720430107526882, "it,is": 0.01478494623655914, "<cs>,my": 0.05241935483870968, "my,lords": 0.05241935483870968, "lords,i": 0.0228494623655914, "have,been": 0.008064516129032258, "in,the": 0.016129032258064516, "of,the": 0.033602150537634407, "on,the": 0.009408602150537635, "my,noble": 0.03225806451612903, "noble,friend": 0.028225806451612902, "that,the": 0.01747311827956989, "will,be": 0.016129032258064516, "that,this": 0.008064516129032258, "for,the": 0.010752688172043012, "with,the": 0.006720430107526882, "is,not": 0.008064516129032258, "<e>,<s>": 0.13306451612903225, "<s>,i": 0.03763440860215054, "by,the": 0.009408602150537635, "<cs>,i": 0.016129032258064516, "i,should": 0.01478494623655914, "should,like": 0.010752688172043012, "like,to": 0.013440860215053764, "to,say": 0.006720430107526882, "i,believe": 0.008064516129032258, "in,this": 0.009408602150537635, "this,house": 0.006720430107526882, "i,think": 0.008064516129032258, "that,it": 0.006720430107526882, "would,be": 0.006720430107526882, "we,have": 0.008064516129032258, "have,had": 0.006720430107526882, "it,has": 0.006720430107526882, "has,been": 0.01478494623655914, "to,the": 0.021505376344086023, "noble,lord": 0.026881720430107527, "lord,lord": 0.01478494623655914, "i,have": 0.009408602150537635, "to,be": 0.013440860215053764, "there,are": 0.006720430107526882, "the,house": 0.006720430107526882, "and,the": 0.006720430107526882, "so,that": 0.006720430107526882, "that,there": 0.010752688172043012, "a,very": 0.006720430107526882, "fact,that": 0.006720430107526882, "at,all": 0.006720430107526882, "<s>,it": 0.009408602150537635, "all,the": 0.006720430107526882, "friend,the": 0.006720430107526882, "should,be": 0.008064516129032258, "perhaps,i": 0.008064516129032258, "i,may": 0.008064516129032258, "noble,baroness": 0.012096774193548387, "to,see": 0.008064516129032258, "the,amendment": 0.009408602150537635, "the,committee": 0.006720430107526882, "the,bill": 0.006720430107526882, "<s>,the": 0.008064516129032258, "the,position": 0.006720430107526882, "the,trustees": 0.006720430107526882}