{"<cs>,my": 0.05942492012779553, "my,lords": 0.060063897763578275, "your,lordships": 0.003194888178913738, "to,congratulate": 0.0038338658146964857, "congratulate,the": 0.0038338658146964857, "in,this": 0.003194888178913738, "government,<e>": 0.003194888178913738, "<e>,<s>": 0.12268370607028754, "it,is": 0.014696485623003195, "is,that": 0.0038338658146964857, "that,it": 0.0038338658146964857, "by,the": 0.005750798722044728, "does,not": 0.006389776357827476, "and,the": 0.005111821086261981, "from,the": 0.003194888178913738, "on,the": 0.014057507987220448, "lords,the": 0.007028753993610224, "we,have": 0.005111821086261981, "of,a": 0.005111821086261981, "he,was": 0.003194888178913738, "what,the": 0.003194888178913738, "<s>,he": 0.003194888178913738, "it,<e>": 0.003194888178913738, "<s>,i": 0.014057507987220448, "i,am": 0.007028753993610224, "noble,friend": 0.003194888178913738, "friend,lord": 0.0038338658146964857, "has,been": 0.007028753993610224, "<s>,this": 0.006389776357827476, "the,government": 0.010223642172523962, "going,to": 0.0038338658146964857, "<s>,it": 0.009584664536741214, "is,a": 0.010223642172523962, "is,the": 0.005111821086261981, "the,minister": 0.017252396166134186, "of,the": 0.038977635782747606, "the,noble": 0.03706070287539936, "lords,it": 0.003194888178913738, "noble,lord": 0.021725239616613417, "lord,lord": 0.005750798722044728, "a,very": 0.0038338658146964857, "to,the": 0.014057507987220448, "of,this": 0.005111821086261981, "this,house": 0.0038338658146964857, "<s>,we": 0.005111821086261981, "noble,earl": 0.008945686900958467, "that,the": 0.025559105431309903, "may,i": 0.0038338658146964857, "i,ask": 0.0038338658146964857, "<s>,the": 0.011501597444089457, "the,first": 0.003194888178913738, "with,the": 0.005750798722044728, "think,that": 0.006389776357827476, "in,the": 0.014057507987220448, "the,country": 0.0044728434504792336, "country,<e>": 0.003194888178913738, "that,there": 0.003194888178913738, "ought,to": 0.0038338658146964857, "lords,i": 0.0134185303514377, "i,beg": 0.003194888178913738, "beg,leave": 0.003194888178913738, "leave,to": 0.003194888178913738, "to,ask": 0.0044728434504792336, "ask,the": 0.0038338658146964857, "the,question": 0.003194888178913738, "question,which": 0.0038338658146964857, "which,stands": 0.003194888178913738, "stands,in": 0.003194888178913738, "in,my": 0.005111821086261981, "my,name": 0.003194888178913738, "name,on": 0.003194888178913738, "the,order": 0.003194888178913738, "order,paper": 0.003194888178913738, "paper,<e>": 0.003194888178913738, "not,the": 0.0044728434504792336, "the,situation": 0.006389776357827476, "that,we": 0.0038338658146964857, "lords,does": 0.012140575079872205, "does,the": 0.01597444089456869, "realise,that": 0.012140575079872205, "this,country": 0.003194888178913738, "that,is": 0.005750798722044728, "minister,realise": 0.006389776357827476, "that,he": 0.0044728434504792336, "he,is": 0.003194888178913738, "in,a": 0.006389776357827476, "and,that": 0.007028753993610224, "<s>,does": 0.0038338658146964857, "noble,viscount": 0.003194888178913738, "to,do": 0.0038338658146964857, "is,it": 0.0038338658146964857, "it,not": 0.003194888178913738, "it,seems": 0.0038338658146964857, "seems,to": 0.0038338658146964857, "to,me": 0.005111821086261981, "me,that": 0.0044728434504792336, "to,be": 0.005750798722044728, "part,of": 0.003194888178913738, "in,which": 0.0044728434504792336, "lords,would": 0.003194888178913738, "would,the": 0.003194888178913738, "agree,that": 0.0038338658146964857, "can,be": 0.003194888178913738, "i,hope": 0.003194888178913738, "hope,that": 0.003194888178913738, "the,whole": 0.003194888178913738, "will,be": 0.0044728434504792336, "we,shall": 0.005111821086261981, "at,the": 0.005750798722044728, "the,same": 0.003194888178913738, "i,was": 0.0038338658146964857, "that,this": 0.003194888178913738, "the,two": 0.003194888178913738, "the,oil": 0.003194888178913738, "and,i": 0.0044728434504792336, "i,think": 0.003194888178913738, "do,not": 0.003194888178913738, "this,is": 0.0038338658146964857, "is,not": 0.005750798722044728, "which,are": 0.003194888178913738, "lord,the": 0.003194888178913738, "there,is": 0.0038338658146964857, "is,still": 0.003194888178913738, "tell,us": 0.003194888178913738, "what,is": 0.003194888178913738, "<s>,what": 0.005111821086261981, "<s>,but": 0.003194888178913738, "market,forces": 0.0038338658146964857, "the,market": 0.003194888178913738, "i,have": 0.003194888178913738}