{"<cs>,my": 0.04264099037138927, "my,lords": 0.04264099037138927, "in,this": 0.013755158184319119, "i,should": 0.013755158184319119, "should,like": 0.012379642365887207, "like,to": 0.013755158184319119, "to,the": 0.0453920220082531, "the,minister": 0.016506189821182942, "<e>,<s>": 0.0921595598349381, "we,are": 0.02063273727647868, "<s>,it": 0.011004126547455296, "with,the": 0.012379642365887207, "that,we": 0.008253094910591471, "of,a": 0.0068775790921595595, "it,is": 0.009628610729023384, "<s>,i": 0.039889958734525444, "i,have": 0.008253094910591471, "of,the": 0.04264099037138927, "this,debate": 0.0068775790921595595, "and,also": 0.008253094910591471, "and,the": 0.009628610729023384, "i,think": 0.0068775790921595595, "lords,i": 0.016506189821182942, "to,add": 0.0068775790921595595, "have,been": 0.0068775790921595595, "the,noble": 0.05364511691884457, "noble,lord": 0.03851444291609354, "for,the": 0.0068775790921595595, "which,he": 0.011004126547455296, "he,is": 0.0068775790921595595, "not,only": 0.0068775790921595595, "i,am": 0.012379642365887207, "am,sure": 0.009628610729023384, "sure,that": 0.0068775790921595595, "that,he": 0.012379642365887207, "he,has": 0.012379642365887207, "your,lordships": 0.011004126547455296, "lordships,house": 0.011004126547455296, "this,country": 0.008253094910591471, "in,the": 0.02200825309491059, "may,i": 0.008253094910591471, "i,ask": 0.008253094910591471, "in,his": 0.0068775790921595595, "very,much": 0.012379642365887207, "going,to": 0.009628610729023384, "to,be": 0.008253094910591471, "have,to": 0.008253094910591471, "lords,we": 0.008253094910591471, "noble,earl": 0.008253094910591471, "the,speech": 0.011004126547455296, "and,i": 0.008253094910591471, "that,the": 0.011004126547455296, "lord,lord": 0.026134800550206328, "very,interesting": 0.009628610729023384, "speech,of": 0.011004126547455296, "of,this": 0.0068775790921595595, "a,very": 0.0068775790921595595, "at,the": 0.008253094910591471, "i,agree": 0.011004126547455296, "which,i": 0.008253094910591471, "in,your": 0.008253094910591471, "house,<e>": 0.0068775790921595595, "will,be": 0.008253094910591471, "i,hope": 0.0068775790921595595, "agree,with": 0.008253094910591471, "no,doubt": 0.0068775790921595595, "when,he": 0.0068775790921595595, "the,government": 0.0068775790921595595}