{"<cs>,my": 0.028277634961439587, "my,lords": 0.02699228791773779, "lords,i": 0.021850899742930592, "i,am": 0.032133676092544985, "grateful,to": 0.007712082262210797, "to,the": 0.033419023136246784, "the,noble": 0.04498714652956298, "noble,lord": 0.02056555269922879, "lord,lord": 0.017994858611825194, "of,the": 0.03598971722365039, "the,bill": 0.011568123393316195, "<e>,<s>": 0.14010282776349614, "<s>,it": 0.011568123393316195, "opportunity,to": 0.006426735218508998, "to,make": 0.012853470437017995, "for,the": 0.012853470437017995, "i,should": 0.019280205655526992, "should,like": 0.014138817480719794, "like,to": 0.010282776349614395, "to,my": 0.006426735218508998, "<s>,i": 0.05012853470437018, "on,the": 0.014138817480719794, "i,may": 0.017994858611825194, "make,a": 0.006426735218508998, "i,hope": 0.010282776349614395, "by,the": 0.012853470437017995, "<s>,the": 0.008997429305912597, "to,me": 0.006426735218508998, "that,it": 0.010282776349614395, "with,the": 0.011568123393316195, "noble,baroness": 0.016709511568123392, "baroness,lady": 0.008997429305912597, "and,the": 0.006426735218508998, "in,the": 0.02956298200514139, "the,debate": 0.006426735218508998, "about,the": 0.010282776349614395, "that,i": 0.012853470437017995, "is,the": 0.007712082262210797, "who,are": 0.010282776349614395, "perhaps,i": 0.014138817480719794, "wish,to": 0.007712082262210797, "it,is": 0.011568123393316195, "of,people": 0.006426735218508998, "who,have": 0.006426735218508998, "have,been": 0.010282776349614395, "that,we": 0.008997429305912597, "the,minister": 0.010282776349614395, "<s>,that": 0.006426735218508998, "<cs>,i": 0.015424164524421594, "hope,that": 0.008997429305912597, "that,the": 0.015424164524421594, "not,be": 0.008997429305912597, "is,a": 0.006426735218508998, "should,be": 0.007712082262210797, "amendment,<e>": 0.006426735218508998, "the,amendment": 0.007712082262210797, "have,to": 0.007712082262210797, "to,be": 0.014138817480719794, "able,to": 0.010282776349614395, "<cs>,perhaps": 0.008997429305912597, "the,committee": 0.006426735218508998, "be,able": 0.006426735218508998, "to,say": 0.006426735218508998, "<s>,we": 0.006426735218508998}