{"<cs>,i": 0.015527950310559006, "the,noble": 0.034161490683229816, "noble,lord": 0.024844720496894408, "lord,lord": 0.018633540372670808, "i,think": 0.021739130434782608, "<e>,<s>": 0.16149068322981366, "to,the": 0.018633540372670808, "in,the": 0.027950310559006212, "of,the": 0.06832298136645963, "<cs>,my": 0.043478260869565216, "my,lords": 0.043478260869565216, "for,the": 0.021739130434782608, "my,noble": 0.043478260869565216, "<s>,i": 0.059006211180124224, "i,should": 0.031055900621118012, "should,like": 0.024844720496894408, "like,to": 0.021739130434782608, "that,the": 0.021739130434782608, "it,is": 0.018633540372670808, "the,government": 0.018633540372670808, "that,have": 0.015527950310559006, "have,been": 0.018633540372670808, "to,make": 0.015527950310559006, "the,amendment": 0.018633540372670808, "amendment,<e>": 0.018633540372670808, "we,have": 0.015527950310559006, "lords,i": 0.027950310559006212, "think,that": 0.015527950310559006, "with,the": 0.018633540372670808, "the,bill": 0.024844720496894408, "noble,friend": 0.034161490683229816, "i,am": 0.021739130434782608, "friend,lord": 0.015527950310559006}