{"<cs>,my": 0.018018018018018018, "my,lords": 0.018018018018018018, "to,ask": 0.010810810810810811, "on,the": 0.012612612612612612, "my,noble": 0.018018018018018018, "noble,friend": 0.014414414414414415, "<e>,<s>": 0.15675675675675677, "may,i": 0.014414414414414415, "that,the": 0.018018018018018018, "of,the": 0.04684684684684685, "by,the": 0.010810810810810811, "post,office": 0.014414414414414415, "would,be": 0.012612612612612612, "to,the": 0.03783783783783784, "the,noble": 0.03963963963963964, "noble,lord": 0.03063063063063063, "lord,lord": 0.025225225225225224, "to,be": 0.018018018018018018, "<cs>,i": 0.025225225225225224, "that,i": 0.012612612612612612, "i,am": 0.016216216216216217, "the,only": 0.009009009009009009, "of,a": 0.010810810810810811, "<s>,i": 0.03063063063063063, "there,is": 0.021621621621621623, "is,a": 0.012612612612612612, "i,may": 0.009009009009009009, "the,amendment": 0.010810810810810811, "amendment,<e>": 0.009009009009009009, "that,he": 0.012612612612612612, "<s>,it": 0.012612612612612612, "it,is": 0.012612612612612612, "is,no": 0.010810810810810811, "form,of": 0.010810810810810811, "does,not": 0.009009009009009009, "<cs>,the": 0.010810810810810811, "in,this": 0.010810810810810811, "and,the": 0.012612612612612612, "that,is": 0.009009009009009009, "<s>,the": 0.023423423423423424, "have,to": 0.010810810810810811, "this,amendment": 0.016216216216216217, "in,the": 0.016216216216216217, "a,very": 0.010810810810810811, "for,the": 0.010810810810810811, "british,telecom": 0.009009009009009009, "might,be": 0.009009009009009009, "from,the": 0.010810810810810811, "do,not": 0.009009009009009009, "i,cannot": 0.010810810810810811, "cannot,see": 0.009009009009009009, "the,same": 0.009009009009009009, "the,monopoly": 0.009009009009009009, "seems,to": 0.009009009009009009, "<s>,in": 0.012612612612612612, "noble,lords": 0.009009009009009009, "the,government": 0.009009009009009009}