{"<cs>,i": 0.00643915003219575, "i,am": 0.0206052801030264, "grateful,to": 0.0077269800386349004, "to,the": 0.02189311010946555, "the,noble": 0.050225370251126854, "noble,baroness": 0.0077269800386349004, "baroness,lady": 0.0051513200257566, "and,for": 0.0038634900193174502, "for,the": 0.00901481004507405, "this,debate": 0.004507405022537025, "on,the": 0.0038634900193174502, "me,to": 0.003219575016097875, "your,lordships": 0.0051513200257566, "<e>,<s>": 0.12298776561493883, "<s>,i": 0.032839665164198326, "to,follow": 0.004507405022537025, "follow,the": 0.004507405022537025, "noble,lord": 0.0360592401802962, "lord,lord": 0.030907920154539602, "in,a": 0.003219575016097875, "<cs>,my": 0.03412749517063748, "my,lords": 0.03477141017385705, "lords,i": 0.014810045074050225, "i,should": 0.013522215067611075, "should,like": 0.0103026400515132, "like,to": 0.0103026400515132, "noble,lords": 0.004507405022537025, "that,it": 0.005795235028976175, "<s>,the": 0.010946555054732776, "of,the": 0.03992273019961365, "it,<e>": 0.003219575016097875, "have,been": 0.005795235028976175, "that,is": 0.0070830650354153256, "should,be": 0.003219575016097875, "to,be": 0.0103026400515132, "to,me": 0.0038634900193174502, "in,the": 0.014166130070830651, "i,have": 0.004507405022537025, "to,make": 0.0038634900193174502, "i,shall": 0.003219575016097875, "however,i": 0.0038634900193174502, "to,say": 0.0051513200257566, "it,is": 0.019961365099806824, "is,to": 0.003219575016097875, "lord,sherfield": 0.0038634900193174502, "that,in": 0.0038634900193174502, "as,the": 0.004507405022537025, "has,said": 0.003219575016097875, "not,be": 0.003219575016097875, "<s>,it": 0.012234385061171926, "the,minister": 0.0103026400515132, "the,universities": 0.0038634900193174502, "and,the": 0.0077269800386349004, "the,university": 0.004507405022537025, "<s>,but": 0.003219575016097875, "i,do": 0.00643915003219575, "do,not": 0.005795235028976175, "and,i": 0.009658725048293626, "am,grateful": 0.0038634900193174502, "to,do": 0.003219575016097875, "is,a": 0.0070830650354153256, "about,the": 0.005795235028976175, "from,the": 0.0051513200257566, "the,house": 0.00901481004507405, "speech,and": 0.003219575016097875, "to,congratulate": 0.0038634900193174502, "on,his": 0.003219575016097875, "maiden,speech": 0.004507405022537025, "<s>,in": 0.0038634900193174502, "as,a": 0.003219575016097875, "that,we": 0.004507405022537025, "am,sure": 0.003219575016097875, "that,i": 0.0051513200257566, "i,speak": 0.003219575016097875, "house,<e>": 0.003219575016097875, "<s>,we": 0.00643915003219575, "<s>,he": 0.004507405022537025, "at,the": 0.005795235028976175, "university,of": 0.003219575016097875, "i,was": 0.004507405022537025, "we,are": 0.005795235028976175, "i,may": 0.004507405022537025, "<s>,however": 0.00643915003219575, "we,have": 0.0051513200257566, "that,the": 0.013522215067611075, "the,government": 0.003219575016097875, "which,i": 0.004507405022537025, "be,a": 0.003219575016097875, "he,has": 0.00643915003219575, "that,he": 0.0038634900193174502, "has,been": 0.004507405022537025, "i,must": 0.0051513200257566, "i,also": 0.0038634900193174502, "say,that": 0.003219575016097875, "on,behalf": 0.003219575016097875, "behalf,of": 0.003219575016097875, "i,hope": 0.0038634900193174502, "and,therefore": 0.003219575016097875, "would,be": 0.0038634900193174502, "a,question": 0.0038634900193174502, "hope,that": 0.003219575016097875, "attention,to": 0.003219575016097875, "said,<e>": 0.003219575016097875, "could,be": 0.003219575016097875, "there,is": 0.003219575016097875, "some,of": 0.0038634900193174502, "with,the": 0.004507405022537025, "i,would": 0.003219575016097875, "will,not": 0.003219575016097875, "by,the": 0.0051513200257566, "is,not": 0.0051513200257566, "what,the": 0.003219575016097875, "<s>,that": 0.0038634900193174502, "the,amendment": 0.005795235028976175, "very,much": 0.003219575016097875, "amendment,<e>": 0.0038634900193174502, "support,the": 0.003219575016097875, "the,governments": 0.0038634900193174502}