{"<cs>,my": 0.038237738985868665, "my,lords": 0.0399002493765586, "may,i": 0.004156275976724855, "your,lordships": 0.00914380714879468, "<e>,<s>": 0.10390689941812137, "<s>,i": 0.032418952618453865, "my,noble": 0.017456359102244388, "noble,friend": 0.017456359102244388, "friend,lord": 0.00914380714879468, "of,the": 0.04239401496259352, "the,bill": 0.004987531172069825, "that,i": 0.010806317539484621, "i,am": 0.024106400665004156, "to,be": 0.011637572734829594, "i,think": 0.007481296758104738, "with,the": 0.007481296758104738, "to,say": 0.00914380714879468, "by,the": 0.00997506234413965, "i,had": 0.004987531172069825, "had,the": 0.004156275976724855, "and,i": 0.011637572734829594, "local,government": 0.006650041562759767, "i,shall": 0.004156275976724855, "regard,to": 0.006650041562759767, "at,the": 0.00831255195344971, "to,the": 0.021612635078969242, "think,that": 0.005818786367414797, "<cs>,i": 0.006650041562759767, "i,should": 0.006650041562759767, "should,like": 0.005818786367414797, "like,to": 0.006650041562759767, "what,the": 0.004156275976724855, "the,noble": 0.0399002493765586, "lord,lord": 0.0199501246882793, "to,a": 0.004156275976724855, "will,be": 0.015793848711554447, "in,the": 0.014962593516209476, "so,far": 0.005818786367414797, "<s>,in": 0.004987531172069825, "on,the": 0.014962593516209476, "<s>,the": 0.007481296758104738, "friend,the": 0.004156275976724855, "lords,i": 0.01828761429758936, "the,government": 0.004156275976724855, "amount,of": 0.004156275976724855, "that,the": 0.02743142144638404, "and,that": 0.004987531172069825, "of,this": 0.004987531172069825, "noble,lord": 0.029925187032418952, "say,that": 0.006650041562759767, "that,he": 0.004156275976724855, "he,has": 0.004156275976724855, "that,it": 0.006650041562759767, "it,is": 0.012468827930174564, "i,believe": 0.004156275976724855, "the,house": 0.004987531172069825, "of,my": 0.004987531172069825, "this,debate": 0.004156275976724855, "far,as": 0.004987531172069825, "as,i": 0.005818786367414797, "an,interest": 0.005818786367414797, "declare,an": 0.004987531172069825, "interest,as": 0.004987531172069825, "<s>,one": 0.004156275976724855, "i,was": 0.00997506234413965, "and,the": 0.005818786367414797, "<s>,it": 0.007481296758104738, "i,beg": 0.005818786367414797, "would,be": 0.005818786367414797, "i,do": 0.00997506234413965, "do,not": 0.00997506234413965, "<s>,if": 0.005818786367414797, "find,that": 0.004156275976724855, "is,a": 0.006650041562759767, "have,been": 0.004156275976724855, "from,the": 0.004987531172069825, "to,do": 0.004156275976724855, "the,word": 0.005818786367414797, "in,my": 0.006650041562759767, "perhaps,i": 0.007481296758104738, "i,may": 0.007481296758104738, "building,society": 0.004156275976724855, "of,a": 0.007481296758104738, "i,have": 0.004987531172069825, "is,the": 0.004987531172069825, "i,hope": 0.004156275976724855, "in,this": 0.004156275976724855, "lords,perhaps": 0.004156275976724855, "for,the": 0.005818786367414797, "chairman,of": 0.004987531172069825, "of,an": 0.004156275976724855, "the,amendment": 0.004156275976724855, "this,bill": 0.00831255195344971, "that,this": 0.004987531172069825, "noble,viscount": 0.004156275976724855, "second,reading": 0.004156275976724855}