{"<cs>,my": 0.013031275060144346, "my,lords": 0.013833199679230152, "lords,i": 0.0048115477145148355, "i,have": 0.007016840417000802, "for,those": 0.0010024057738572574, "those,who": 0.0014033680834001604, "and,i": 0.00400962309542903, "with,the": 0.006415396952686447, "the,noble": 0.022453889334402566, "noble,lord": 0.012429831595829992, "lord,lord": 0.008420208500400962, "about,the": 0.0018043303929430633, "part,of": 0.0014033680834001604, "of,it": 0.0014033680834001604, "from,the": 0.0032076984763432237, "noble,and": 0.015236567762630313, "and,learned": 0.015036086607858861, "learned,lord": 0.008420208500400962, "do,not": 0.003809141940657578, "with,great": 0.0018043303929430633, "<e>,<s>": 0.08460304731355253, "i,believe": 0.0022052927024859663, "believe,that": 0.0014033680834001604, "as,the": 0.0024057738572574178, "the,right": 0.0024057738572574178, "right,reverend": 0.0010024057738572574, "reverend,prelate": 0.0010024057738572574, "in,a": 0.0026062550120288693, "that,it": 0.006014434643143544, "it,was": 0.004210104250200481, "was,the": 0.0022052927024859663, "of,the": 0.023255813953488372, "in,the": 0.014234161988773055, "up,to": 0.0010024057738572574, "to,that": 0.0010024057738572574, "at,the": 0.00400962309542903, "on,the": 0.0048115477145148355, "that,time": 0.0014033680834001604, "<s>,the": 0.005813953488372093, "had,the": 0.0012028869286287089, "right,of": 0.0010024057738572574, "and,that": 0.0016038492381716118, "that,is": 0.004611066559743384, "is,what": 0.0016038492381716118, "what,i": 0.0018043303929430633, "have,been": 0.0048115477145148355, "trying,to": 0.0012028869286287089, "<s>,we": 0.0028067361668003207, "we,have": 0.0032076984763432237, "have,a": 0.0022052927024859663, "the,united": 0.0010024057738572574, "by,the": 0.00681635926222935, "<s>,that": 0.0032076984763432237, "the,position": 0.0010024057738572574, "and,therefore": 0.0010024057738572574, "as,i": 0.0028067361668003207, "i,said": 0.0022052927024859663, "had,to": 0.0012028869286287089, "to,be": 0.005813953488372093, "over,the": 0.0016038492381716118, "this,is": 0.0024057738572574178, "i,do": 0.00400962309542903, "it,has": 0.0012028869286287089, "<s>,it": 0.00681635926222935, "was,not": 0.0022052927024859663, "who,were": 0.0014033680834001604, "out,of": 0.0010024057738572574, "people,who": 0.0016038492381716118, "of,a": 0.002004811547714515, "a,very": 0.0022052927024859663, "has,been": 0.0036086607858861267, "in,this": 0.0052125100240577385, "lords,it": 0.0010024057738572574, "to,me": 0.0026062550120288693, "to,take": 0.0016038492381716118, "your,lordships": 0.003007217321571772, "to,the": 0.0136327185244587, "may,i": 0.0014033680834001604, "i,say": 0.002004811547714515, "say,that": 0.003007217321571772, "it,is": 0.01343223736968725, "i,was": 0.005012028869286287, "for,the": 0.004611066559743384, "of,your": 0.0012028869286287089, "in,my": 0.0012028869286287089, "that,i": 0.007016840417000802, "able,to": 0.0014033680834001604, "with,what": 0.0012028869286287089, "the,whole": 0.0016038492381716118, "is,a": 0.0048115477145148355, "of,my": 0.0016038492381716118, "in,another": 0.0016038492381716118, "another,place": 0.002004811547714515, "he,was": 0.0010024057738572574, "of,that": 0.0014033680834001604, "the,committee": 0.0028067361668003207, "to,hear": 0.0014033680834001604, "and,to": 0.0022052927024859663, "to,see": 0.0022052927024859663, "<s>,i": 0.022453889334402566, "that,the": 0.007618283881315156, "this,house": 0.0032076984763432237, "as,he": 0.0012028869286287089, "i,hope": 0.0016038492381716118, "years,<e>": 0.0010024057738572574, "if,i": 0.0022052927024859663, "i,may": 0.0022052927024859663, "lord,the": 0.0026062550120288693, "i,should": 0.0036086607858861267, "clear,that": 0.0012028869286287089, "i,think": 0.003007217321571772, "before,the": 0.002004811547714515, "member,of": 0.0018043303929430633, "i,can": 0.0018043303929430633, "think,that": 0.0012028869286287089, "be,a": 0.0024057738572574178, "i,am": 0.008420208500400962, "from,my": 0.0010024057738572574, "the,house": 0.0026062550120288693, "house,<e>": 0.0018043303929430633, "position,<e>": 0.0010024057738572574, "as,a": 0.003408179631114675, "a,member": 0.0016038492381716118, "the,government": 0.0018043303929430633, "which,i": 0.003007217321571772, "lordships,house": 0.0010024057738572574, "want,to": 0.0018043303929430633, "to,make": 0.0026062550120288693, "that,what": 0.0010024057738572574, "have,to": 0.0018043303929430633, "to,say": 0.0036086607858861267, "which,he": 0.002004811547714515, "he,has": 0.003408179631114675, "has,just": 0.0016038492381716118, "given,to": 0.0014033680834001604, "dealing,with": 0.0012028869286287089, "lord,scarman": 0.0014033680834001604, "<s>,they": 0.0024057738572574178, "they,were": 0.0014033680834001604, "when,he": 0.0016038492381716118, "<s>,all": 0.0012028869286287089, "all,i": 0.0014033680834001604, "is,that": 0.0024057738572574178, "that,there": 0.003408179631114675, "there,was": 0.0012028869286287089, "was,no": 0.0010024057738572574, "and,it": 0.0014033680834001604, "had,been": 0.002004811547714515, "as,to": 0.0016038492381716118, "to,what": 0.0012028869286287089, "what,he": 0.0014033680834001604, "be,the": 0.0010024057738572574, "so,<e>": 0.0010024057738572574, "of,course": 0.0026062550120288693, "it,would": 0.0014033680834001604, "would,have": 0.0012028869286287089, "with,regard": 0.0016038492381716118, "regard,to": 0.002004811547714515, "what,the": 0.003007217321571772, "look,at": 0.0010024057738572574, "me,<e>": 0.0012028869286287089, "has,to": 0.0022052927024859663, "as,it": 0.0016038492381716118, "it,were": 0.0010024057738572574, "a,matter": 0.002004811547714515, "matter,of": 0.0018043303929430633, "noble,lords": 0.002004811547714515, "will,be": 0.003007217321571772, "to,my": 0.0018043303929430633, "<cs>,before": 0.0010024057738572574, "before,my": 0.0010024057738572574, "my,noble": 0.014434643143544507, "noble,friend": 0.007618283881315156, "friend,replies": 0.0010024057738572574, "should,like": 0.0012028869286287089, "like,to": 0.002004811547714515, "these,matters": 0.0010024057738572574, "that,this": 0.003007217321571772, "this,clause": 0.0012028869286287089, "going,to": 0.002004811547714515, "the,bill": 0.0052125100240577385, "bill,<e>": 0.0026062550120288693, "accept,that": 0.0012028869286287089, "and,the": 0.006014434643143544, "is,very": 0.0016038492381716118, "not,be": 0.0018043303929430633, "wish,to": 0.0010024057738572574, "which,is": 0.002004811547714515, "lords,as": 0.0010024057738572574, "with,my": 0.0010024057738572574, "responsibility,for": 0.0010024057738572574, "of,law": 0.002004811547714515, "<s>,but": 0.0032076984763432237, "but,i": 0.0028067361668003207, "that,in": 0.0016038492381716118, "was,a": 0.0018043303929430633, "<s>,when": 0.0012028869286287089, "when,i": 0.0016038492381716118, "the,present": 0.0014033680834001604, "thought,that": 0.002004811547714515, "a,great": 0.003007217321571772, "the,power": 0.0010024057738572574, "because,of": 0.0012028869286287089, "some,years": 0.0010024057738572574, "with,a": 0.002004811547714515, "the,lord": 0.005813953488372093, "lord,chancellor": 0.005813953488372093, "on,this": 0.0010024057738572574, "lord,hutchinson": 0.0010024057738572574, "house,of": 0.0014033680834001604, "the,court": 0.0016038492381716118, "on,a": 0.0010024057738572574, "which,was": 0.0016038492381716118, "<cs>,i": 0.007217321571772253, "apologise,to": 0.0010024057738572574, "to,speak": 0.0016038492381716118, "amendment,<e>": 0.0026062550120288693, "that,which": 0.0010024057738572574, "to,do": 0.0032076984763432237, "do,that": 0.0010024057738572574, "whole,of": 0.0010024057738572574, "this,matter": 0.0012028869286287089, "<cs>,it": 0.0010024057738572574, "lord,has": 0.002004811547714515, "said,<e>": 0.0010024057738572574, "<s>,he": 0.0028067361668003207, "very,much": 0.0012028869286287089, "they,are": 0.0024057738572574178, "we,are": 0.0036086607858861267, "into,the": 0.0014033680834001604, "kind,of": 0.0014033680834001604,