{"<cs>,my": 0.041643835616438356, "my,lords": 0.040547945205479455, "it,is": 0.01315068493150685, "the,noble": 0.03726027397260274, "noble,lord": 0.02904109589041096, "lord,lord": 0.01808219178082192, "on,this": 0.007671232876712329, "one,of": 0.0032876712328767125, "of,his": 0.0027397260273972603, "<e>,<s>": 0.1073972602739726, "we,have": 0.004931506849315068, "<s>,in": 0.006575342465753425, "i,am": 0.021369863013698632, "<s>,i": 0.030684931506849315, "i,should": 0.010958904109589041, "should,like": 0.010410958904109589, "like,to": 0.011506849315068493, "with,the": 0.006575342465753425, "to,the": 0.02684931506849315, "lords,i": 0.022465753424657533, "thank,the": 0.0027397260273972603, "i,shall": 0.0038356164383561643, "of,the": 0.02904109589041096, "a,little": 0.0032876712328767125, "from,the": 0.0027397260273972603, "at,the": 0.007671232876712329, "to,say": 0.004931506849315068, "<s>,at": 0.0032876712328767125, "at,present": 0.004383561643835616, "they,were": 0.0027397260273972603, "on,a": 0.0027397260273972603, "as,a": 0.0038356164383561643, "noble,earl": 0.0038356164383561643, "this,bill": 0.006027397260273973, "for,a": 0.0027397260273972603, "second,reading": 0.0027397260273972603, "i,also": 0.004383561643835616, "the,bill": 0.009315068493150684, "bill,<e>": 0.005479452054794521, "<s>,it": 0.007123287671232876, "in,this": 0.0027397260273972603, "that,we": 0.0038356164383561643, "<cs>,i": 0.008767123287671232, "am,most": 0.0032876712328767125, "most,grateful": 0.0032876712328767125, "grateful,to": 0.006575342465753425, "for,his": 0.0032876712328767125, "my,amendment": 0.0032876712328767125, "amendment,<e>": 0.008767123287671232, "i,was": 0.0038356164383561643, "happy,to": 0.0038356164383561643, "matter,<e>": 0.0027397260273972603, "for,the": 0.007123287671232876, "i,beg": 0.0027397260273972603, "leave,to": 0.0027397260273972603, "to,withdraw": 0.004931506849315068, "is,a": 0.0038356164383561643, "a,very": 0.0032876712328767125, "<s>,the": 0.008767123287671232, "the,government": 0.006027397260273973, "to,be": 0.005479452054794521, "noble,lords": 0.0032876712328767125, "in,the": 0.01808219178082192, "and,the": 0.0038356164383561643, "that,he": 0.006027397260273973, "into,the": 0.0032876712328767125, "the,general": 0.0027397260273972603, "<s>,as": 0.0027397260273972603, "is,not": 0.004383561643835616, "of,a": 0.0032876712328767125, "the,house": 0.0038356164383561643, "on,the": 0.008767123287671232, "of,this": 0.0027397260273972603, "lords,is": 0.0027397260273972603, "is,the": 0.004931506849315068, "the,minister": 0.022465753424657533, "agree,that": 0.0038356164383561643, "that,the": 0.01643835616438356, "has,been": 0.0038356164383561643, "such,as": 0.004383561643835616, "as,the": 0.0038356164383561643, "and,i": 0.00821917808219178, "your,lordships": 0.0027397260273972603, "<s>,if": 0.004383561643835616, "before,the": 0.0032876712328767125, "point,<e>": 0.0027397260273972603, "the,port": 0.0032876712328767125, "under,the": 0.0032876712328767125, "able,to": 0.0027397260273972603, "the,ship": 0.0027397260273972603, "as,i": 0.0038356164383561643, "in,that": 0.0032876712328767125, "the,amendment": 0.008767123287671232, "lord,underhill": 0.0032876712328767125, "say,that": 0.0038356164383561643, "that,i": 0.004383561643835616, "i,do": 0.0038356164383561643, "again,<e>": 0.0027397260273972603, "about,the": 0.0027397260273972603, "<s>,however": 0.0038356164383561643, "i,have": 0.004931506849315068, "might,be": 0.0027397260273972603, "the,present": 0.0032876712328767125, "should,be": 0.0032876712328767125, "these,amendments": 0.0032876712328767125, "what,the": 0.006575342465753425, "has,said": 0.004383561643835616, "my,noble": 0.004383561643835616, "i,think": 0.007671232876712329, "think,that": 0.0038356164383561643, "amendment,no": 0.0027397260273972603, "no,<e>": 0.0027397260273972603, "i,believe": 0.0038356164383561643, "there,is": 0.0038356164383561643, "minister,for": 0.004931506849315068, "that,is": 0.0027397260273972603, "perhaps,i": 0.0027397260273972603, "i,may": 0.004383561643835616, "have,been": 0.0038356164383561643, "number,of": 0.0027397260273972603, "do,not": 0.0027397260273972603, "at,this": 0.0032876712328767125, "has,just": 0.0027397260273972603, "am,grateful": 0.0027397260273972603, "in,his": 0.0032876712328767125, "if,i": 0.0038356164383561643, "regard,to": 0.0032876712328767125, "perhaps,the": 0.0027397260273972603, "that,it": 0.0032876712328767125, "am,sure": 0.0027397260273972603, "by,the": 0.0038356164383561643, "that,in": 0.0027397260273972603, "noble,friend": 0.0038356164383561643, "friend,lord": 0.0027397260273972603, "am,happy": 0.0027397260273972603, "boating,interests": 0.0032876712328767125, "the,boating": 0.0027397260273972603, "withdraw,the": 0.0038356164383561643}