{"<cs>,my": 0.051153846153846154, "my,lords": 0.051153846153846154, "lords,i": 0.007692307692307693, "i,should": 0.004230769230769231, "should,like": 0.0034615384615384616, "like,to": 0.002307692307692308, "the,house": 0.0019230769230769232, "for,the": 0.007692307692307693, "that,is": 0.005384615384615384, "<e>,<s>": 0.08269230769230769, "<s>,it": 0.005, "it,is": 0.013461538461538462, "of,the": 0.02923076923076923, "secretary,of": 0.003076923076923077, "of,state": 0.002692307692307692, "<s>,i": 0.011538461538461539, "<s>,that": 0.004230769230769231, "my,noble": 0.004230769230769231, "noble,friend": 0.004615384615384616, "friend,lord": 0.002692307692307692, "that,this": 0.002692307692307692, "is,a": 0.0038461538461538464, "not,be": 0.005384615384615384, "that,the": 0.019230769230769232, "as,the": 0.005, "and,the": 0.007307692307692308, "from,the": 0.006538461538461538, "the,common": 0.0019230769230769232, "all,the": 0.0034615384615384616, "in,the": 0.02653846153846154, "the,year": 0.0019230769230769232, "will,be": 0.0038461538461538464, "the,s": 0.0019230769230769232, "on,the": 0.008076923076923077, "they,are": 0.0019230769230769232, "by,the": 0.008076923076923077, "the,noble": 0.019230769230769232, "noble,lord": 0.01423076923076923, "lord,lord": 0.009615384615384616, "i,am": 0.0057692307692307696, "years,<e>": 0.002307692307692308, "to,ask": 0.002307692307692308, "ask,the": 0.0019230769230769232, "the,question": 0.002307692307692308, "lords,as": 0.0034615384615384616, "london,transport": 0.002307692307692308, "the,government": 0.01653846153846154, "lords,if": 0.0034615384615384616, "there,is": 0.004230769230769231, "wish,to": 0.0019230769230769232, "a,result": 0.0019230769230769232, "the,present": 0.005384615384615384, "the,past": 0.002692307692307692, "per,cent": 0.008461538461538461, "cent,<e>": 0.008461538461538461, "is,now": 0.002692307692307692, "<cs>,i": 0.0034615384615384616, "noble,baroness": 0.0019230769230769232, "the,minister": 0.02346153846153846, "that,he": 0.004230769230769231, "he,is": 0.002307692307692308, "is,not": 0.006153846153846154, "in,this": 0.0057692307692307696, "local,authorities": 0.0034615384615384616, "<s>,he": 0.002692307692307692, "the,secretary": 0.002307692307692308, "of,which": 0.0019230769230769232, "of,that": 0.0019230769230769232, "to,the": 0.016153846153846154, "of,these": 0.002692307692307692, "is,to": 0.002307692307692308, "before,the": 0.0034615384615384616, "question,<e>": 0.0019230769230769232, "with,the": 0.006923076923076923, "do,not": 0.002692307692307692, "agree,with": 0.002692307692307692, "he,said": 0.0019230769230769232, "that,i": 0.0019230769230769232, "lords,does": 0.0019230769230769232, "are,now": 0.0019230769230769232, "believe,that": 0.002307692307692308, "of,us": 0.002692307692307692, "in,that": 0.0019230769230769232, "am,sure": 0.0019230769230769232, "sure,that": 0.002307692307692308, "that,they": 0.0019230769230769232, "to,be": 0.006538461538461538, "which,is": 0.002692307692307692, "lords,is": 0.007307692307692308, "is,the": 0.006923076923076923, "minister,aware": 0.002692307692307692, "aware,that": 0.005, "lords,would": 0.002307692307692308, "would,it": 0.005, "it,not": 0.006153846153846154, "if,the": 0.004615384615384616, "the,ec": 0.002692307692307692, "at,the": 0.0034615384615384616, "which,the": 0.002692307692307692, "the,british": 0.0038461538461538464, "is,an": 0.002307692307692308, "which,has": 0.002307692307692308, "<s>,can": 0.0019230769230769232, "government,will": 0.0019230769230769232, "is,it": 0.005, "the,governments": 0.004615384615384616, "due,to": 0.0019230769230769232, "government,<e>": 0.002307692307692308, "<s>,the": 0.005384615384615384, "of,this": 0.004230769230769231, "this,kind": 0.0019230769230769232, "that,we": 0.0057692307692307696, "we,are": 0.0038461538461538464, "with,a": 0.0019230769230769232, "have,been": 0.0038461538461538464, "year,<e>": 0.002307692307692308, "<s>,if": 0.0038461538461538464, "i,understand": 0.002692307692307692, "to,say": 0.002692307692307692, "say,that": 0.003076923076923077, "that,there": 0.002307692307692308, "of,any": 0.0019230769230769232, "<s>,as": 0.0038461538461538464, "the,bill": 0.008846153846153846, "bill,<e>": 0.0019230769230769232, "to,make": 0.0019230769230769232, "<cs>,the": 0.0019230769230769232, "seems,to": 0.002692307692307692, "to,me": 0.002692307692307692, "number,of": 0.002307692307692308, "will,the": 0.003076923076923077, "<s>,in": 0.0034615384615384616, "i,think": 0.002692307692307692, "think,that": 0.002307692307692308, "at,all": 0.002307692307692308, "<s>,is": 0.0038461538461538464, "is,that": 0.0038461538461538464, "as,i": 0.002692307692307692, "are,not": 0.002692307692307692, "to,pay": 0.0019230769230769232, "have,to": 0.002692307692307692, "be,a": 0.002307692307692308, "a,great": 0.003076923076923077, "will,have": 0.0019230769230769232, "has,been": 0.002692307692307692, "<s>,we": 0.002692307692307692, "as,a": 0.004230769230769231, "that,<e>": 0.0019230769230769232, "perhaps,the": 0.0019230769230769232, "should,be": 0.002692307692307692, "can,the": 0.005384615384615384, "tell,us": 0.002307692307692308, "about,the": 0.002307692307692308, "it,to": 0.0019230769230769232, "lord,boyd-carpenter": 0.002307692307692308, "of,our": 0.002692307692307692, "that,it": 0.004230769230769231, "that,if": 0.002692307692307692, "did,not": 0.0034615384615384616, "said,that": 0.002307692307692308, "it,was": 0.002307692307692308, "was,not": 0.0019230769230769232, "not,a": 0.002307692307692308, "<s>,however": 0.002307692307692308, "would,be": 0.0034615384615384616, "<cs>,it": 0.0019230769230769232, "some,of": 0.0019230769230769232, "will,not": 0.002692307692307692, "income,<e>": 0.0019230769230769232, "the,local": 0.002692307692307692, "local,authority": 0.003076923076923077, "to,have": 0.002307692307692308, "does,not": 0.002692307692307692, "seem,to": 0.0019230769230769232, "we,have": 0.003076923076923077, "in,which": 0.0019230769230769232, "the,case": 0.002692307692307692, "case,of": 0.002307692307692308, "that,in": 0.002692307692307692, "when,the": 0.0019230769230769232, "level,of": 0.0019230769230769232, "at,least": 0.0019230769230769232, "minister,said": 0.0019230769230769232, "this,country": 0.002692307692307692, "if,there": 0.0019230769230769232, "lords,will": 0.0019230769230769232, "lords,the": 0.002307692307692308, "deal,of": 0.002307692307692308, "balance,of": 0.0034615384615384616, "of,payments": 0.003076923076923077, "payments,deficit": 0.002692307692307692, "likely,to": 0.0019230769230769232, "would,not": 0.0019230769230769232, "the,chancellor": 0.0019230769230769232, "the,balance": 0.0019230769230769232, "are,the": 0.0034615384615384616, "one,of": 0.0038461538461538464, "lords,in": 0.002692307692307692, "of,those": 0.002307692307692308, "what,is": 0.0019230769230769232, "minister,also": 0.002307692307692308, "an,offence": 0.002307692307692308, "<s>,but": 0.0019230769230769232, "lords,can": 0.002307692307692308, "civil,service": 0.003076923076923077, "in,his": 0.0019230769230769232, "the,national": 0.002307692307692308, "national,civil": 0.002307692307692308}