{"<cs>,my": 0.03932584269662921, "my,lords": 0.03932584269662921, "lords,i": 0.018726591760299626, "i,too": 0.003121098626716604, "in,this": 0.004993757802746567, "<e>,<s>": 0.09987515605493133, "<s>,the": 0.008114856429463172, "to,the": 0.02372034956304619, "<s>,i": 0.023096129837702872, "i,was": 0.00749063670411985, "the,noble": 0.03495630461922597, "and,i": 0.008114856429463172, "want,to": 0.003745318352059925, "to,say": 0.0056179775280898875, "that,<e>": 0.0056179775280898875, "that,the": 0.017478152309612985, "the,world": 0.003121098626716604, "and,that": 0.003121098626716604, "<s>,in": 0.003745318352059925, "of,this": 0.006242197253433208, "<s>,as": 0.003121098626716604, "it,is": 0.0149812734082397, "which,is": 0.00686641697877653, "this,is": 0.004993757802746567, "is,a": 0.008114856429463172, "your,lordships": 0.016229712858926344, "lordships,house": 0.00686641697877653, "<s>,but": 0.0056179775280898875, "we,have": 0.009987515605493134, "i,should": 0.004369538077403246, "should,like": 0.004993757802746567, "like,to": 0.004993757802746567, "begin,by": 0.004369538077403246, "with,the": 0.004369538077403246, "a,good": 0.003121098626716604, "is,that": 0.004993757802746567, "have,a": 0.003745318352059925, "of,the": 0.03745318352059925, "in,the": 0.016853932584269662, "i,have": 0.00686641697877653, "to,be": 0.012484394506866416, "be,a": 0.003121098626716604, "a,member": 0.003745318352059925, "the,subject": 0.003745318352059925, "have,to": 0.003745318352059925, "and,the": 0.008114856429463172, "that,we": 0.008739076154806492, "we,are": 0.009363295880149813, "a,great": 0.004993757802746567, "very,much": 0.004369538077403246, "agree,with": 0.003745318352059925, "i,am": 0.008739076154806492, "but,i": 0.00749063670411985, "i,cannot": 0.003121098626716604, "part,of": 0.003121098626716604, "to,have": 0.003745318352059925, "agree,that": 0.006242197253433208, "by,the": 0.008114856429463172, "<s>,it": 0.00686641697877653, "this,country": 0.003121098626716604, "that,there": 0.003121098626716604, "there,are": 0.003121098626716604, "of,a": 0.003121098626716604, "lords,would": 0.003121098626716604, "the,minister": 0.011860174781523096, "not,agree": 0.003121098626716604, "that,that": 0.003121098626716604, "for,the": 0.0056179775280898875, "is,the": 0.008114856429463172, "a,very": 0.004993757802746567, "noble,lord": 0.02933832709113608, "lord,lord": 0.02184769038701623, "the,debate": 0.003121098626716604, "i,hope": 0.003121098626716604, "one,of": 0.003121098626716604, "from,the": 0.003745318352059925, "to,us": 0.003121098626716604, "to,make": 0.003121098626716604, "able,to": 0.003121098626716604, "great,deal": 0.003121098626716604, "the,government": 0.009363295880149813, "may,i": 0.003121098626716604, "whether,the": 0.003745318352059925, "the,most": 0.004369538077403246, "the,whole": 0.004993757802746567, "is,to": 0.003121098626716604, "we,shall": 0.003745318352059925, "there,is": 0.0056179775280898875, "do,not": 0.00749063670411985, "what,the": 0.003745318352059925, "i,think": 0.015605493133583021, "that,i": 0.0056179775280898875, "member,of": 0.003121098626716604, "have,been": 0.004369538077403246, "has,been": 0.003745318352059925, "<s>,they": 0.003121098626716604, "they,are": 0.004369538077403246, "are,very": 0.003745318352059925, "think,that": 0.00686641697877653, "about,the": 0.00686641697877653, "ought,to": 0.004369538077403246, "all,the": 0.00686641697877653, "and,it": 0.003745318352059925, "<cs>,i": 0.003121098626716604, "i,do": 0.0056179775280898875, "at,the": 0.0056179775280898875, "on,the": 0.004369538077403246, "it,was": 0.004369538077403246, "is,very": 0.003121098626716604, "i,must": 0.003745318352059925, "so,far": 0.003745318352059925, "going,to": 0.003121098626716604, "that,is": 0.00686641697877653, "was,a": 0.003745318352059925, "much,more": 0.003745318352059925, "<s>,we": 0.004369538077403246, "was,the": 0.003121098626716604, "lord,spens": 0.003121098626716604, "we,should": 0.003121098626716604, "the,present": 0.003121098626716604, "in,a": 0.003745318352059925, "to,discuss": 0.003745318352059925, "discuss,this": 0.003121098626716604, "he,has": 0.003121098626716604, "about,it": 0.003745318352059925, "this,subject": 0.003121098626716604, "will,be": 0.004369538077403246, "he,was": 0.003745318352059925, "not,think": 0.003121098626716604, "think,it": 0.003121098626716604}