{"<cs>,my": 0.03161397670549085, "my,lords": 0.03161397670549085, "it,is": 0.021630615640599003, "with,the": 0.0074875207986688855, "have,been": 0.009983361064891847, "<e>,<s>": 0.129783693843594, "to,the": 0.019966722129783693, "of,this": 0.0074875207986688855, "and,i": 0.004159733777038269, "know,that": 0.004991680532445923, "noble,lords": 0.004991680532445923, "in,this": 0.005823627287853577, "of,the": 0.033277870216306155, "the,house": 0.004159733777038269, "for,the": 0.009983361064891847, "that,he": 0.0066555740432612314, "your,lordships": 0.0074875207986688855, "to,make": 0.004991680532445923, "a,few": 0.0066555740432612314, "on,the": 0.014143094841930116, "the,bill": 0.010815307820299502, "the,noble": 0.03826955074875208, "noble,and": 0.029950083194675542, "and,learned": 0.029118136439267885, "learned,lord": 0.019966722129783693, "<s>,i": 0.042429284525790346, "i,do": 0.0066555740432612314, "<s>,the": 0.009151414309484194, "is,that": 0.005823627287853577, "that,i": 0.009151414309484194, "i,hope": 0.004159733777038269, "i,am": 0.013311148086522463, "i,wish": 0.004159733777038269, "wish,to": 0.0074875207986688855, "i,should": 0.010815307820299502, "should,like": 0.008319467554076539, "like,to": 0.009151414309484194, "of,a": 0.004159733777038269, "from,the": 0.004159733777038269, "<cs>,i": 0.010815307820299502, "to,add": 0.005823627287853577, "noble,lord": 0.009151414309484194, "lord,lord": 0.008319467554076539, "to,be": 0.0074875207986688855, "and,the": 0.0074875207986688855, "that,the": 0.014143094841930116, "on,this": 0.004159733777038269, "this,bill": 0.0074875207986688855, "bill,<e>": 0.008319467554076539, "at,the": 0.004159733777038269, "the,report": 0.004159733777038269, "in,a": 0.0066555740432612314, "a,very": 0.004991680532445923, "who,have": 0.004159733777038269, "i,think": 0.004159733777038269, "it,<e>": 0.004991680532445923, "the,amendment": 0.005823627287853577, "by,the": 0.012479201331114808, "lords,i": 0.014975041597337771, "to,say": 0.009151414309484194, "i,may": 0.008319467554076539, "has,been": 0.011647254575707155, "i,shall": 0.004991680532445923, "but,i": 0.004159733777038269, "i,have": 0.009151414309484194, "the,point": 0.004159733777038269, "few,words": 0.005823627287853577, "been,said": 0.004159733777038269, "<s>,we": 0.004159733777038269, "in,which": 0.004991680532445923, "is,the": 0.004159733777038269, "that,it": 0.008319467554076539, "my,noble": 0.009151414309484194, "learned,friends": 0.004159733777038269, "we,are": 0.005823627287853577, "the,case": 0.004159733777038269, "he,has": 0.005823627287853577, "no,<e>": 0.004159733777038269, "<s>,it": 0.009151414309484194, "is,not": 0.004159733777038269, "what,i": 0.004991680532445923, "in,the": 0.016638935108153077, "<s>,in": 0.004991680532445923, "do,not": 0.0074875207986688855, "<s>,that": 0.0066555740432612314, "which,i": 0.0074875207986688855, "is,a": 0.009151414309484194, "<s>,one": 0.004159733777038269, "may,be": 0.004991680532445923, "that,in": 0.004159733777038269, "which,he": 0.004991680532445923, "there,is": 0.0066555740432612314, "the,convention": 0.004159733777038269}