{"<cs>,my": 0.023600605143721635, "my,lords": 0.02481089258698941, "lords,i": 0.008472012102874432, "i,think": 0.004236006051437216, "i,should": 0.0033282904689863843, "<e>,<s>": 0.09682299546142209, "<s>,i": 0.025416036308623297, "i,do": 0.004236006051437216, "do,so": 0.002420574886535552, "because,i": 0.002420574886535552, "i,have": 0.005748865355521936, "in,the": 0.01573373676248109, "the,education": 0.009984871406959153, "education,service": 0.005748865355521936, "service,<e>": 0.002118003025718608, "<s>,in": 0.0066565809379727685, "years,i": 0.0015128593040847202, "have,a": 0.002420574886535552, "of,education": 0.0030257186081694403, "education,<e>": 0.001815431164901664, "<s>,therefore": 0.002420574886535552, "therefore,i": 0.001815431164901664, "i,accept": 0.0015128593040847202, "accept,the": 0.001815431164901664, "and,i": 0.0045385779122541605, "<s>,the": 0.008169440242057489, "the,future": 0.0015128593040847202, "of,this": 0.0030257186081694403, "to,the": 0.015128593040847202, "the,bill": 0.0045385779122541605, "bill,<e>": 0.001815431164901664, "as,i": 0.002118003025718608, "i,understand": 0.002420574886535552, "understand,it": 0.001815431164901664, "it,is": 0.008169440242057489, "do,not": 0.004841149773071104, "that,<e>": 0.0030257186081694403, "accept,that": 0.002118003025718608, "that,it": 0.005748865355521936, "it,would": 0.0030257186081694403, "would,be": 0.003933434190620273, "that,the": 0.017549167927382755, "should,be": 0.004841149773071104, "in,fact": 0.002118003025718608, "<s>,but": 0.0030257186081694403, "this,is": 0.004236006051437216, "is,not": 0.004841149773071104, "to,do": 0.0027231467473524964, "it,<e>": 0.001815431164901664, "at,all": 0.0015128593040847202, "of,that": 0.001815431164901664, "be,a": 0.002118003025718608, "of,the": 0.02934947049924357, "the,local": 0.005143721633888048, "local,authority": 0.003630862329803328, "and,there": 0.0015128593040847202, "there,is": 0.004841149773071104, "is,no": 0.0015128593040847202, "the,secretary": 0.004841149773071104, "secretary,of": 0.006051437216338881, "of,state": 0.005748865355521936, "should,not": 0.001815431164901664, "not,be": 0.003630862329803328, "that,that": 0.001815431164901664, "that,is": 0.004841149773071104, "i,was": 0.0030257186081694403, "and,the": 0.005446293494704993, "involved,in": 0.0015128593040847202, "i,find": 0.002420574886535552, "in,my": 0.0030257186081694403, "<cs>,i": 0.009682299546142208, "i,hope": 0.0033282904689863843, "the,government": 0.005748865355521936, "this,amendment": 0.005748865355521936, "amendment,<e>": 0.003933434190620273, "<s>,it": 0.006354009077155824, "to,have": 0.002118003025718608, "in,this": 0.004841149773071104, "in,a": 0.003630862329803328, "may,be": 0.002420574886535552, "with,the": 0.003630862329803328, "hope,that": 0.003630862329803328, "the,committee": 0.002420574886535552, "<s>,if": 0.002118003025718608, "the,effect": 0.0030257186081694403, "will,be": 0.002420574886535552, "people,who": 0.0015128593040847202, "members,of": 0.001815431164901664, "to,be": 0.009682299546142208, "schools,<e>": 0.0015128593040847202, "of,a": 0.001815431164901664, "as,a": 0.001815431164901664, "not,think": 0.0015128593040847202, "think,that": 0.002118003025718608, "that,this": 0.003630862329803328, "is,a": 0.004841149773071104, "i,am": 0.01059001512859304, "that,i": 0.005143721633888048, "to,support": 0.002420574886535552, "support,this": 0.0015128593040847202, "believe,that": 0.001815431164901664, "by,the": 0.004236006051437216, "are,not": 0.002420574886535552, "for,the": 0.006959152798789713, "<s>,this": 0.001815431164901664, "to,a": 0.002420574886535552, "there,are": 0.001815431164901664, "in,other": 0.001815431164901664, "i,cannot": 0.001815431164901664, "that,there": 0.002118003025718608, "the,whole": 0.0015128593040847202, "from,the": 0.003630862329803328, "the,most": 0.001815431164901664, "children,<e>": 0.001815431164901664, "before,the": 0.002420574886535552, "the,war": 0.0015128593040847202, "the,noble": 0.014826021180030256, "i,had": 0.002420574886535552, "in,every": 0.0015128593040847202, "school,in": 0.001815431164901664, "which,i": 0.0027231467473524964, "but,i": 0.003933434190620273, "i,can": 0.0015128593040847202, "and,say": 0.0015128593040847202, "say,that": 0.003933434190620273, "a,little": 0.002118003025718608, "as,the": 0.0015128593040847202, "noble,lord": 0.007866868381240545, "lord,lord": 0.0027231467473524964, "on,the": 0.005748865355521936, "is,the": 0.003630862329803328, "will,not": 0.0015128593040847202, "for,a": 0.005143721633888048, "a,very": 0.0030257186081694403, "very,long": 0.0015128593040847202, "local,education": 0.0015128593040847202, "in,any": 0.001815431164901664, "that,they": 0.002420574886535552, "they,are": 0.001815431164901664, "relating,to": 0.0030257186081694403, "to,say": 0.0030257186081694403, "is,an": 0.002420574886535552, "<s>,for": 0.0015128593040847202, "did,not": 0.002118003025718608, "would,not": 0.0030257186081694403, "much,more": 0.001815431164901664, "that,in": 0.001815431164901664, "it,was": 0.003933434190620273, "and,that": 0.002420574886535552, "the,ministers": 0.0015128593040847202, "which,the": 0.0030257186081694403, "have,been": 0.003630862329803328, "the,house": 0.0045385779122541605, "can,be": 0.0015128593040847202, "the,other": 0.0015128593040847202, "<s>,as": 0.0015128593040847202, "as,to": 0.0015128593040847202, "i,would": 0.001815431164901664, "has,been": 0.0030257186081694403, "if,the": 0.001815431164901664, "the,fact": 0.002420574886535552, "fact,that": 0.003933434190620273, "the,amendment": 0.003630862329803328, "we,are": 0.0027231467473524964, "<s>,what": 0.0015128593040847202, "is,to": 0.0027231467473524964, "the,minister": 0.007866868381240545, "who,are": 0.0015128593040847202, "he,is": 0.0015128593040847202, "more,than": 0.001815431164901664, "than,the": 0.0015128593040847202, "i,wonder": 0.003630862329803328, "wonder,whether": 0.003630862329803328, "whether,the": 0.002118003025718608, "<s>,we": 0.0015128593040847202, "rate,support": 0.0015128593040847202, "made,in": 0.001815431164901664, "<s>,my": 0.0015128593040847202, "with,a": 0.001815431164901664, "lords,is": 0.002420574886535552, "to,make": 0.0033282904689863843, "this,country": 0.002420574886535552, "other,words": 0.0015128593040847202, "of,local": 0.002420574886535552, "local,authorities": 0.005748865355521936, "authorities,to": 0.001815431164901664, "that,we": 0.003933434190620273, "which,is": 0.002118003025718608, "lords,would": 0.001815431164901664, "would,the": 0.0015128593040847202, "agree,that": 0.003933434190620273, "since,the": 0.0015128593040847202, "between,central": 0.0015128593040847202, "central,and": 0.0015128593040847202, "and,local": 0.0015128593040847202, "local,government": 0.003630862329803328, "in,which": 0.002118003025718608, "central,government": 0.002118003025718608, "this,debate": 0.0015128593040847202, "education,act": 0.0030257186081694403, "education,and": 0.002118003025718608, "am,bound": 0.0015128593040847202, "bound,to": 0.0015128593040847202, "in,that": 0.001815431164901664, "years,ago": 0.001815431164901664, "does,not": 0.001815431164901664, "effect,of": 0.002420574886535552, "we,have": 0.0015128593040847202, "to,this": 0.002118003025718608, "and,to": 0.002420574886535552, "her,majestys": 0.0015128593040847202, "to,those": 0.0015128593040847202, "those,who": 0.001815431164901664, "noble,baroness": 0.0033282904689863843, "when,the": 0.001815431164901664, "we,should": 0.0015128593040847202, "very,much": 0.002118003025718608, "i,did": 0.002118003025718608, "to,me": 0.003933434190620273, "increase,in": 0.0015128593040847202, "should,like": 0.002118003025718608, "like,to": 0.002118003025718608, "as,it": 0.0015128593040847202, "me,to": 0.002118003025718608, "per,cent": 0.0033282904689863843, "cent,<e>": 0.0033282904689863843, "<s>,of": 0.0015128593040847202, "the,children": 0.0015128593040847202, "special,educational": 0.0015128593040847202, "educational,needs": 0.002118003025718608,