{"<cs>,my": 0.05456570155902005, "my,lords": 0.05456570155902005, "lords,i": 0.01002227171492205, "in,this": 0.005011135857461025, "and,the": 0.014476614699331848, "for,the": 0.0077951002227171495, "<e>,<s>": 0.12305122494432072, "<s>,however": 0.0033407572383073497, "that,i": 0.0033407572383073497, "i,am": 0.0038975501113585748, "at,the": 0.004454342984409799, "in,the": 0.02839643652561247, "of,the": 0.030623608017817373, "the,government": 0.007238307349665924, "<s>,it": 0.009465478841870824, "it,is": 0.012249443207126948, "is,not": 0.005567928730512249, "of,our": 0.0027839643652561247, "between,the": 0.0033407572383073497, "<s>,that": 0.005011135857461025, "that,is": 0.006124721603563474, "lords,is": 0.01893095768374165, "the,noble": 0.013919821826280624, "noble,lord": 0.01002227171492205, "aware,that": 0.022271714922048998, "they,are": 0.0027839643652561247, "of,per": 0.0027839643652561247, "per,cent": 0.0066815144766146995, "cent,<e>": 0.0066815144766146995, "<s>,will": 0.0027839643652561247, "will,the": 0.004454342984409799, "the,minister": 0.02951002227171492, "her,majestys": 0.010579064587973273, "majestys,government": 0.01002227171492205, "british,coal": 0.0027839643652561247, "the,north": 0.0038975501113585748, "lords,will": 0.0027839643652561247, "explain,to": 0.0027839643652561247, "to,the": 0.0200445434298441, "the,house": 0.011135857461024499, "<s>,secondly": 0.0038975501113585748, "this,country": 0.005011135857461025, "and,that": 0.005567928730512249, "lord,lord": 0.0027839643652561247, "is,the": 0.02505567928730512, "<s>,i": 0.012249443207126948, "the,department": 0.0033407572383073497, "department,of": 0.0027839643652561247, "as,a": 0.0033407572383073497, "tonnes,of": 0.0027839643652561247, "into,the": 0.0033407572383073497, "that,we": 0.005011135857461025, "has,been": 0.0038975501113585748, "to,be": 0.0066815144766146995, "on,the": 0.008351893095768375, "that,the": 0.017817371937639197, "that,it": 0.0038975501113585748, "have,been": 0.0077951002227171495, "house,what": 0.0033407572383073497, "<cs>,i": 0.0027839643652561247, "i,rise": 0.0033407572383073497, "<s>,the": 0.008351893095768375, "there,are": 0.005567928730512249, "will,be": 0.009465478841870824, "do,not": 0.0038975501113585748, "my,noble": 0.0033407572383073497, "noble,friend": 0.0033407572383073497, "in,his": 0.0038975501113585748, "it,was": 0.0033407572383073497, "<s>,if": 0.007238307349665924, "lords,as": 0.0033407572383073497, "would,be": 0.0033407572383073497, "with,the": 0.008908685968819599, "should,be": 0.004454342984409799, "it,will": 0.0038975501113585748, "be,a": 0.005567928730512249, "the,report": 0.0027839643652561247, "the,secretary": 0.006124721603563474, "secretary,of": 0.006124721603563474, "of,state": 0.006124721603563474, "state,aware": 0.0033407572383073497, "<s>,what": 0.0033407572383073497, "to,do": 0.0027839643652561247, "i,believe": 0.006124721603563474, "we,have": 0.0038975501113585748, "we,are": 0.0038975501113585748, "privatisation,of": 0.0033407572383073497, "industry,<e>": 0.0027839643652561247, "this,bill": 0.0027839643652561247, "is,a": 0.0038975501113585748, "<s>,therefore": 0.004454342984409799, "<s>,in": 0.0027839643652561247, "in,order": 0.0027839643652561247, "order,to": 0.0033407572383073497, "lords,can": 0.0033407572383073497, "can,the": 0.005567928730512249, "and,industry": 0.0027839643652561247, "i,shall": 0.0027839643652561247, "believe,that": 0.004454342984409799, "was,a": 0.0027839643652561247, "minister,aware": 0.010579064587973273, "that,in": 0.005567928730512249, "i,have": 0.0038975501113585748, "<s>,is": 0.006124721603563474, "minister,not": 0.0027839643652561247, "if,that": 0.0027839643652561247, "by,the": 0.005011135857461025, "is,he": 0.004454342984409799, "if,the": 0.0038975501113585748, "not,aware": 0.004454342984409799, "the,brewers": 0.005011135857461025, "brewers,society": 0.0027839643652561247, "hope,that": 0.0033407572383073497, "ought,to": 0.0027839643652561247, "the,coal": 0.0038975501113585748, "coal,industry": 0.0027839643652561247, "that,there": 0.0038975501113585748, "up,to": 0.0027839643652561247, "the,price": 0.0027839643652561247, "there,is": 0.005011135857461025, "he,not": 0.0033407572383073497, "water,authorities": 0.0027839643652561247, "coal,mining": 0.0038975501113585748, "from,the": 0.0027839643652561247, "common,market": 0.0033407572383073497, "of,that": 0.0027839643652561247, "of,coal": 0.0027839643652561247, "the,bill": 0.0038975501113585748, "bill,<e>": 0.0027839643652561247, "the,common": 0.0033407572383073497}