{"<cs>,my": 0.05311355311355311, "my,lords": 0.054945054945054944, "it,is": 0.018315018315018316, "the,noble": 0.04945054945054945, "noble,lord": 0.038461538461538464, "lord,lord": 0.016483516483516484, "to,the": 0.027472527472527472, "of,the": 0.0695970695970696, "the,house": 0.016483516483516484, "<e>,<s>": 0.14835164835164835, "that,he": 0.014652014652014652, "lords,i": 0.02197802197802198, "my,noble": 0.031135531135531136, "noble,friend": 0.029304029304029304, "in,the": 0.03296703296703297, "the,community": 0.029304029304029304, "to,be": 0.016483516483516484, "and,the": 0.018315018315018316, "community,<e>": 0.016483516483516484, "that,the": 0.02197802197802198, "i,am": 0.023809523809523808, "your,lordships": 0.009157509157509158, "about,the": 0.009157509157509158, "and,i": 0.01098901098901099, "in,this": 0.009157509157509158, "<s>,i": 0.038461538461538464, "some,of": 0.009157509157509158, "with,the": 0.014652014652014652, "i,have": 0.009157509157509158, "on,the": 0.016483516483516484, "by,the": 0.009157509157509158, "noble,lords": 0.01098901098901099, "is,the": 0.01098901098901099, "i,was": 0.009157509157509158, "the,european": 0.0347985347985348, "european,parliament": 0.009157509157509158, "european,elections": 0.009157509157509158, "european,community": 0.01282051282051282, "for,the": 0.009157509157509158, "the,minister": 0.009157509157509158}