{"<cs>,i": 0.008482563619227144, "i,should": 0.012723845428840716, "should,like": 0.00942507068803016, "like,to": 0.010367577756833177, "to,make": 0.00235626767200754, "and,i": 0.00235626767200754, "so,that": 0.00235626767200754, "that,i": 0.002827521206409048, "i,was": 0.0051837888784165885, "in,my": 0.003770028275212064, "what,the": 0.003298774740810556, "the,noble": 0.02403393025447691, "noble,lord": 0.01649387370405278, "lord,lord": 0.010367577756833177, "<e>,<s>": 0.10650329877474081, "for,the": 0.003770028275212064, "the,amendment": 0.010367577756833177, "amendment,of": 0.002827521206409048, "of,the": 0.03581526861451461, "<cs>,my": 0.04288407163053723, "my,lords": 0.04382657869934024, "lords,will": 0.00235626767200754, "which,i": 0.0051837888784165885, "i,have": 0.008482563619227144, "lords,is": 0.003298774740810556, "is,not": 0.008011310084825637, "not,the": 0.003770028275212064, "to,the": 0.015080113100848256, "that,there": 0.004241281809613572, "may,i": 0.006597549481621112, "i,ask": 0.005655042412818096, "the,government": 0.005655042412818096, "in,mind": 0.002827521206409048, "per,cent": 0.00235626767200754, "cent,<e>": 0.00235626767200754, "lords,i": 0.01413760603204524, "noble,baroness": 0.004241281809613572, "<s>,i": 0.020735155513666354, "make,the": 0.00235626767200754, "the,point": 0.00235626767200754, "would,be": 0.006126295947219604, "lords,may": 0.002827521206409048, "ask,whether": 0.003770028275212064, "whether,it": 0.00235626767200754, "would,not": 0.00235626767200754, "and,the": 0.00471253534401508, "if,the": 0.00471253534401508, "to,a": 0.003298774740810556, "have,been": 0.0051837888784165885, "but,i": 0.0051837888784165885, "i,think": 0.003298774740810556, "it,is": 0.012723845428840716, "<s>,it": 0.009896324222431668, "the,minister": 0.008011310084825637, "to,say": 0.00235626767200754, "whether,the": 0.00235626767200754, "it,<e>": 0.003770028275212064, "<s>,as": 0.00235626767200754, "as,the": 0.00235626767200754, "has,said": 0.00235626767200754, "it,seems": 0.00471253534401508, "seems,to": 0.00471253534401508, "to,me": 0.005655042412818096, "me,that": 0.00471253534401508, "in,the": 0.0117813383600377, "i,beg": 0.003298774740810556, "beg,leave": 0.003298774740810556, "leave,to": 0.003298774740810556, "to,ask": 0.005655042412818096, "ask,the": 0.003298774740810556, "the,question": 0.0051837888784165885, "my,name": 0.003298774740810556, "name,on": 0.002827521206409048, "on,the": 0.008482563619227144, "the,order": 0.002827521206409048, "order,paper": 0.002827521206409048, "paper,<e>": 0.002827521206409048, "lords,in": 0.00471253534401508, "in,thanking": 0.00235626767200754, "for,his": 0.004241281809613572, "as,a": 0.003770028275212064, "i,am": 0.008953817153628653, "my,noble": 0.018378887841658812, "noble,friend": 0.017907634307257305, "will,be": 0.005655042412818096, "to,have": 0.00471253534401508, "does,not": 0.003298774740810556, "lord,bellwin": 0.00235626767200754, "that,he": 0.003770028275212064, "that,<e>": 0.002827521206409048, "that,the": 0.012252591894439209, "amendment,no": 0.003770028275212064, "no,<e>": 0.00471253534401508, "<s>,does": 0.00235626767200754, "<s>,the": 0.009896324222431668, "not,be": 0.0051837888784165885, "that,it": 0.00471253534401508, "can,be": 0.0051837888784165885, "before,the": 0.003298774740810556, "the,housing": 0.003298774740810556, "housing,association": 0.003298774740810556, "is,the": 0.004241281809613572, "would,the": 0.003298774740810556, "i,believe": 0.00235626767200754, "to,support": 0.003298774740810556, "i,hope": 0.003770028275212064, "hope,that": 0.003770028275212064, "at,the": 0.004241281809613572, "aware,that": 0.00235626767200754, "has,been": 0.006597549481621112, "a,very": 0.004241281809613572, "to,be": 0.006597549481621112, "is,to": 0.00235626767200754, "not,agree": 0.00235626767200754, "by,the": 0.005655042412818096, "to,give": 0.00235626767200754, "amendment,<e>": 0.00706880301602262, "there,is": 0.00471253534401508, "agree,that": 0.002827521206409048, "have,the": 0.00235626767200754, "to,take": 0.002827521206409048, "<s>,if": 0.00706880301602262, "<s>,that": 0.00235626767200754, "that,is": 0.003298774740810556, "is,a": 0.005655042412818096, "not,a": 0.00235626767200754, "question,of": 0.00235626767200754, "should,be": 0.003770028275212064, "be,a": 0.003298774740810556, "<s>,is": 0.00471253534401508, "is,it": 0.00235626767200754, "it,not": 0.004241281809613572, "which,the": 0.00235626767200754, "<s>,would": 0.003298774740810556, "in,a": 0.003770028275212064, "have,to": 0.003298774740810556, "they,are": 0.00235626767200754, "from,the": 0.003298774740810556, "the,bill": 0.002827521206409048, "on,this": 0.003770028275212064, "this,subject": 0.00235626767200754, "i,may": 0.002827521206409048, "do,not": 0.00235626767200754, "this,amendment": 0.003770028275212064, "lords,while": 0.002827521206409048, "with,the": 0.003298774740810556, "would,it": 0.00235626767200754, "<s>,however": 0.00235626767200754, "thanking,my": 0.00235626767200754, "friend,for": 0.002827521206409048, "could,be": 0.00235626767200754, "of,course": 0.00235626767200754, "the,new": 0.00235626767200754, "are,not": 0.00235626767200754, "an,interest": 0.00235626767200754, "the,right": 0.00235626767200754, "which,is": 0.00235626767200754, "perhaps,i": 0.002827521206409048, "able,to": 0.002827521206409048, "of,a": 0.00471253534401508, "<s>,can": 0.00235626767200754, "so,much": 0.00235626767200754, "housing,corporation": 0.002827521206409048, "that,my": 0.00235626767200754, "income,tax": 0.002827521206409048}