{"<cs>,my": 0.02073050345508391, "my,lords": 0.02048371174728529, "in,my": 0.0032082922013820336, "that,i": 0.010118460019743336, "your,lordships": 0.003948667324777887, "for,the": 0.004689042448173741, "the,first": 0.0017275419545903258, "of,the": 0.02912142152023692, "the,most": 0.0019743336623889436, "if,i": 0.005182625863770977, "i,may": 0.005182625863770977, "in,the": 0.017275419545903257, "<e>,<s>": 0.08613030602171767, "<s>,i": 0.02295162882527147, "i,hope": 0.0024679170779861796, "it,is": 0.009871668311944718, "is,not": 0.0032082922013820336, "me,to": 0.0022211253701875616, "what,is": 0.0019743336623889436, "is,the": 0.0024679170779861796, "of,what": 0.0014807502467917078, "<s>,however": 0.0012339585389930898, "i,am": 0.014807502467917079, "on,to": 0.0019743336623889436, "to,a": 0.0014807502467917078, "which,i": 0.004442250740375123, "years,ago": 0.004935834155972359, "to,say": 0.005676209279368213, "on,a": 0.0017275419545903258, "to,have": 0.0017275419545903258, "i,was": 0.004442250740375123, "lordships,house": 0.0017275419545903258, "one,of": 0.004195459032576505, "i,have": 0.007897334649555774, "<s>,it": 0.006416584402764067, "in,a": 0.0019743336623889436, "the,noble": 0.017522211253701875, "noble,lord": 0.014313919052319843, "lord,lord": 0.01085883514313919, "lord,mackie": 0.0019743336623889436, "to,be": 0.007156959526159921, "<s>,but": 0.003948667324777887, "but,i": 0.0034550839091806516, "agree,with": 0.0014807502467917078, "with,the": 0.005182625863770977, "that,this": 0.0019743336623889436, "this,is": 0.0019743336623889436, "on,which": 0.0012339585389930898, "to,make": 0.0014807502467917078, "make,a": 0.0012339585389930898, "second,reading": 0.0017275419545903258, "i,suspect": 0.0014807502467917078, "suspect,that": 0.0014807502467917078, "that,there": 0.0029615004935834156, "there,are": 0.0012339585389930898, "i,think": 0.008144126357354392, "<cs>,i": 0.00839091806515301, "this,subject": 0.0012339585389930898, "on,second": 0.0014807502467917078, "on,the": 0.006910167818361303, "local,government": 0.0019743336623889436, "and,i": 0.00839091806515301, "it,was": 0.0024679170779861796, "was,the": 0.0014807502467917078, "which,the": 0.0017275419545903258, "<s>,the": 0.007403751233958539, "at,the": 0.003948667324777887, "and,that": 0.0014807502467917078, "that,was": 0.0012339585389930898, "point,<e>": 0.0012339585389930898, "if,it": 0.0012339585389930898, "the,question": 0.0014807502467917078, "<cs>,may": 0.0012339585389930898, "may,i": 0.0037018756169792696, "i,ask": 0.0012339585389930898, "ask,my": 0.0019743336623889436, "my,noble": 0.026159921026653505, "noble,friend": 0.023692003948667325, "the,point": 0.0017275419545903258, "by,my": 0.0017275419545903258, "friend,lord": 0.005429417571569595, "want,to": 0.0012339585389930898, "is,that": 0.0037018756169792696, "there,is": 0.005429417571569595, "the,local": 0.0012339585389930898, "which,is": 0.0012339585389930898, "which,has": 0.0027147087857847976, "has,just": 0.0014807502467917078, "in,another": 0.0019743336623889436, "another,place": 0.0022211253701875616, "whether,the": 0.0012339585389930898, "to,the": 0.01332675222112537, "the,amendment": 0.0027147087857847976, "that,if": 0.0014807502467917078, "i,believe": 0.0019743336623889436, "some,years": 0.0019743336623889436, "lord,ross": 0.0034550839091806516, "ross,of": 0.0012339585389930898, "of,marnock": 0.0012339585389930898, "is,a": 0.004442250740375123, "<s>,as": 0.0019743336623889436, "as,i": 0.004195459032576505, "i,wonder": 0.0012339585389930898, "if,my": 0.0014807502467917078, "to,what": 0.0014807502467917078, "am,bound": 0.0032082922013820336, "bound,to": 0.0034550839091806516, "say,that": 0.006910167818361303, "a,certain": 0.0014807502467917078, "certain,amount": 0.0012339585389930898, "amount,of": 0.0014807502467917078, "the,fact": 0.0019743336623889436, "fact,that": 0.0019743336623889436, "have,to": 0.0022211253701875616, "i,shall": 0.0024679170779861796, "i,do": 0.005429417571569595, "do,not": 0.004935834155972359, "not,know": 0.0017275419545903258, "to,me": 0.0022211253701875616, "that,it": 0.0032082922013820336, "i,should": 0.004935834155972359, "should,like": 0.0024679170779861796, "like,to": 0.0024679170779861796, "by,the": 0.005182625863770977, "the,bill": 0.0024679170779861796, "bill,<e>": 0.0014807502467917078, "seems,to": 0.0012339585389930898, "me,that": 0.0012339585389930898, "that,we": 0.0024679170779861796, "we,are": 0.0017275419545903258, "should,be": 0.0019743336623889436, "as,the": 0.0027147087857847976, "and,the": 0.0029615004935834156, "is,no": 0.0012339585389930898, "to,my": 0.004442250740375123, "i,find": 0.0017275419545903258, "this,particular": 0.0017275419545903258, "the,committee": 0.0029615004935834156, "must,be": 0.0019743336623889436, "is,to": 0.0017275419545903258, "<s>,therefore": 0.0012339585389930898, "not,think": 0.0017275419545903258, "think,that": 0.0024679170779861796, "it,would": 0.0012339585389930898, "would,be": 0.0029615004935834156, "<s>,if": 0.0017275419545903258, "i,would": 0.0029615004935834156, "i,did": 0.0014807502467917078, "did,not": 0.0014807502467917078, "has,been": 0.005182625863770977, "the,report": 0.0022211253701875616, "referred,to": 0.0012339585389930898, "<s>,we": 0.0017275419545903258, "that,the": 0.012833168805528134, "to,do": 0.0017275419545903258, "which,we": 0.0012339585389930898, "was,not": 0.0012339585389930898, "lords,i": 0.00839091806515301, "i,recall": 0.0012339585389930898, "when,i": 0.0027147087857847976, "with,which": 0.0017275419545903258, "noble,lords": 0.0022211253701875616, "this,debate": 0.0017275419545903258, "me,if": 0.0014807502467917078, "lords,may": 0.0019743336623889436, "that,in": 0.0017275419545903258, "my,name": 0.0017275419545903258, "in,this": 0.0012339585389930898, "<s>,in": 0.0019743336623889436, "may,say": 0.0014807502467917078, "that,is": 0.0029615004935834156, "be,a": 0.0012339585389930898, "of,a": 0.0032082922013820336, "hope,that": 0.0027147087857847976, "that,my": 0.0034550839091806516, "with,regard": 0.0014807502467917078, "regard,to": 0.0014807502467917078, "the,other": 0.0014807502467917078, "to,see": 0.0022211253701875616, "that,a": 0.0027147087857847976, "noble,friends": 0.0014807502467917078, "on,this": 0.0027147087857847976, "saying,that": 0.0017275419545903258, "have,been": 0.0037018756169792696, "been,a": 0.0012339585389930898, "so,far": 0.0014807502467917078, "in,favour": 0.0012339585389930898, "favour,of": 0.0012339585389930898, "those,who": 0.0014807502467917078, "who,have": 0.0012339585389930898, "it,<e>": 0.0012339585389930898, "to,ask": 0.0027147087857847976, "we,have": 0.0019743336623889436, "am,afraid": 0.0014807502467917078, "about,the": 0.0032082922013820336, "of,this": 0.0029615004935834156, "would,say": 0.0014807502467917078, "in,scotland": 0.0037018756169792696, "scotland,<e>": 0.0032082922013820336, "what,i": 0.0032082922013820336, "say,with": 0.0012339585389930898, "of,it": 0.0014807502467917078, "what,the": 0.0014807502467917078, "the,minister": 0.0014807502467917078, "amendment,no": 0.0012339585389930898, "no,<e>": 0.0014807502467917078, "one,point": 0.0012339585389930898, "the,words": 0.0017275419545903258, "with,some": 0.0014807502467917078, "a,very": 0.0024679170779861796, "<s>,perhaps": 0.0014807502467917078, "has,said": 0.0014807502467917078, "at,least": 0.0017275419545903258, "the,scottish": 0.003948667324777887, "subject,<e>": 0.0012339585389930898, "am,not": 0.0012339585389930898, "going,to": 0.0022211253701875616, "friend,for": 0.0022211253701875616, "to,accept": 0.0012339585389930898, "amendment,<e>": 0.0012339585389930898, "to,go": 0.0019743336623889436, "of,my": 0.0019743336623889436, "because,i": 0.0012339585389930898, "aware,that": 0.0024679170779861796, "not,be": 0.0017275419545903258, "i,said": 0.0019743336623889436, "i,read": 0.0012339585389930898, "may,be": 0.0017275419545903258, "all,the": 0.0014807502467917078, "said,on": 0.0012339585389930898, "he,has": 0.0032082922013820336,