{"<cs>,i": 0.015184381778741865, "at,this": 0.005061460592913955, "<e>,<s>": 0.08387563268257411, "<s>,i": 0.014461315979754157, "i,was": 0.0036153289949385392, "from,the": 0.006507592190889371, "the,government": 0.004338394793926247, "that,in": 0.0072306579898770785, "that,i": 0.0072306579898770785, "i,have": 0.007953723788864787, "that,there": 0.005061460592913955, "i,find": 0.0036153289949385392, "of,the": 0.0455531453362256, "by,the": 0.015184381778741865, "the,noble": 0.03253796095444685, "noble,and": 0.02024584237165582, "and,learned": 0.02024584237165582, "learned,lord": 0.02024584237165582, "lord,the": 0.012292118582791034, "the,lord": 0.022415039768618944, "lord,advocate": 0.02096890817064353, "about,the": 0.005784526391901663, "that,is": 0.007953723788864787, "what,is": 0.004338394793926247, "i,beg": 0.005061460592913955, "beg,leave": 0.005061460592913955, "leave,to": 0.005061460592913955, "to,withdraw": 0.005784526391901663, "withdraw,the": 0.006507592190889371, "the,amendment": 0.0072306579898770785, "amendment,<e>": 0.0072306579898770785, "has,been": 0.013015184381778741, "is,not": 0.005784526391901663, "i,think": 0.0072306579898770785, "it,is": 0.01735357917570499, "i,should": 0.004338394793926247, "in,scotland": 0.008676789587852495, "regard,to": 0.005784526391901663, "to,the": 0.024584237165582067, "a,person": 0.005061460592913955, "a,great": 0.004338394793926247, "i,am": 0.01012292118582791, "am,not": 0.0036153289949385392, "there,is": 0.006507592190889371, "before,the": 0.0036153289949385392, "to,say": 0.005061460592913955, "think,that": 0.004338394793926247, "may,be": 0.0036153289949385392, "is,a": 0.008676789587852495, "in,mind": 0.004338394793926247, "may,i": 0.005061460592913955, "that,the": 0.013015184381778741, "noble,lord": 0.009399855386840203, "lord,lord": 0.010845986984815618, "this,amendment": 0.004338394793926247, "in,which": 0.0036153289949385392, "with,the": 0.0072306579898770785, "referred,to": 0.005061460592913955, "the,court": 0.007953723788864787, "and,i": 0.0036153289949385392, "i,do": 0.0036153289949385392, "do,not": 0.006507592190889371, "to,be": 0.0072306579898770785, "he,is": 0.005061460592913955, "as,to": 0.0036153289949385392, "will,be": 0.004338394793926247, "for,the": 0.009399855386840203, "should,be": 0.005784526391901663, "<s>,if": 0.005784526391901663, "<s>,that": 0.0036153289949385392, "so,far": 0.005061460592913955, "far,as": 0.0036153289949385392, "is,concerned": 0.0036153289949385392, "<s>,he": 0.004338394793926247, "have,been": 0.005061460592913955, "has,to": 0.004338394793926247, "<s>,it": 0.0072306579898770785, "the,same": 0.0036153289949385392, "for,a": 0.0036153289949385392, "<s>,therefore": 0.0036153289949385392, "and,the": 0.006507592190889371, "to,which": 0.0036153289949385392, "but,i": 0.0036153289949385392, "to,that": 0.005784526391901663, "the,first": 0.004338394793926247, "as,the": 0.0036153289949385392, "scotland,<e>": 0.0036153289949385392, "of,legal": 0.004338394793926247, "legal,aid": 0.01735357917570499, "accused,person": 0.0036153289949385392, "at,the": 0.005784526391901663, "is,the": 0.005784526391901663, "in,the": 0.01735357917570499, "on,the": 0.005784526391901663, "of,that": 0.004338394793926247, "this,is": 0.005061460592913955, "he,has": 0.004338394793926247, "the,whole": 0.004338394793926247, "clause,<e>": 0.0036153289949385392, "that,it": 0.0036153289949385392, "number,of": 0.005784526391901663, "of,this": 0.005784526391901663, "they,are": 0.004338394793926247, "the,fact": 0.0036153289949385392, "fact,that": 0.0036153289949385392, "is,it": 0.0036153289949385392, "if,the": 0.004338394793926247, "the,case": 0.0036153289949385392, "<cs>,my": 0.008676789587852495, "my,lords": 0.009399855386840203, "the,operation": 0.0036153289949385392, "operation,of": 0.0036153289949385392, "the,legal": 0.008676789587852495, "lord,morton": 0.0036153289949385392, "the,appeal": 0.0036153289949385392, "<s>,the": 0.008676789587852495, "the,secretary": 0.006507592190889371, "secretary,of": 0.006507592190889371, "of,state": 0.006507592190889371, "to,have": 0.004338394793926247, "the,board": 0.004338394793926247, "<s>,this": 0.0036153289949385392, "advisory,committee": 0.0036153289949385392, "aid,fund": 0.0036153289949385392, "lord,denning": 0.0036153289949385392, "the,successful": 0.0036153289949385392, "lords,i": 0.0036153289949385392}