{"<cs>,my": 0.024834437086092714, "my,lords": 0.024834437086092714, "lords,i": 0.011589403973509934, "<e>,<s>": 0.16390728476821192, "<s>,i": 0.041390728476821195, "<cs>,i": 0.011589403973509934, "the,amendment": 0.013245033112582781, "by,the": 0.008278145695364239, "the,noble": 0.019867549668874173, "noble,lord": 0.016556291390728478, "lord,lord": 0.011589403973509934, "should,be": 0.009933774834437087, "of,the": 0.048013245033112585, "to,be": 0.008278145695364239, "it,is": 0.018211920529801324, "as,a": 0.009933774834437087, "in,the": 0.03145695364238411, "my,noble": 0.046357615894039736, "noble,and": 0.033112582781456956, "and,learned": 0.033112582781456956, "learned,friend": 0.026490066225165563, "that,the": 0.023178807947019868, "to,the": 0.03145695364238411, "this,amendment": 0.009933774834437087, "amendment,<e>": 0.018211920529801324, "<s>,in": 0.008278145695364239, "noble,friend": 0.013245033112582781, "friend,lord": 0.011589403973509934, "i,may": 0.014900662251655629, "<s>,the": 0.009933774834437087, "on,the": 0.009933774834437087, "perhaps,i": 0.011589403973509934, "<s>,it": 0.016556291390728478, "is,the": 0.008278145695364239, "have,been": 0.011589403973509934, "as,i": 0.008278145695364239, "i,understand": 0.008278145695364239, "i,should": 0.011589403973509934, "like,to": 0.011589403973509934, "hope,that": 0.008278145695364239, "that,he": 0.014900662251655629, "should,like": 0.009933774834437087, "that,it": 0.009933774834437087, "the,bill": 0.011589403973509934, "would,be": 0.009933774834437087, "that,we": 0.008278145695364239, "that,is": 0.011589403973509934, "i,am": 0.014900662251655629, "the,judges": 0.008278145695364239, "to,withdraw": 0.008278145695364239, "to,cover": 0.008278145695364239, "the,point": 0.008278145695364239, "by,my": 0.008278145695364239, "it,was": 0.008278145695364239}