{"<cs>,my": 0.043689320388349516, "my,lords": 0.04611650485436893, "your,lordships": 0.014563106796116505, "and,i": 0.01699029126213592, "<e>,<s>": 0.21601941747572814, "that,i": 0.012135922330097087, "to,the": 0.01699029126213592, "the,education": 0.014563106796116505, "<s>,i": 0.043689320388349516, "i,do": 0.021844660194174758, "do,not": 0.024271844660194174, "that,the": 0.038834951456310676, "lords,i": 0.02669902912621359, "it,is": 0.021844660194174758, "schools,<e>": 0.014563106796116505, "i,am": 0.024271844660194174, "the,noble": 0.024271844660194174, "noble,lord": 0.012135922330097087, "<s>,it": 0.012135922330097087, "that,is": 0.014563106796116505, "i,would": 0.012135922330097087, "to,be": 0.014563106796116505, "per,cent": 0.019417475728155338, "cent,<e>": 0.019417475728155338, "of,the": 0.04854368932038835, "in,the": 0.012135922330097087, "there,is": 0.012135922330097087, "the,minister": 0.014563106796116505, "that,if": 0.012135922330097087, "but,i": 0.014563106796116505, "i,should": 0.01699029126213592, "should,be": 0.014563106796116505, "so,that": 0.012135922330097087, "i,think": 0.012135922330097087, "is,the": 0.014563106796116505, "is,that": 0.012135922330097087, "<cs>,i": 0.012135922330097087, "<s>,if": 0.012135922330097087, "we,are": 0.014563106796116505, "not,think": 0.012135922330097087, "this,amendment": 0.014563106796116505, "as,i": 0.012135922330097087}