{"<cs>,my": 0.02489905787348587, "my,lords": 0.02489905787348587, "lords,is": 0.0033647375504710633, "is,my": 0.004037685060565276, "my,noble": 0.034320323014804845, "noble,friend": 0.03230148048452221, "the,house": 0.005383580080753701, "by,the": 0.007402422611036339, "that,is": 0.004710632570659489, "have,been": 0.008075370121130552, "that,the": 0.012113055181695828, "in,the": 0.02086137281292059, "i,shall": 0.004037685060565276, "your,lordships": 0.008075370121130552, "<e>,<s>": 0.1016150740242261, "<s>,however": 0.004037685060565276, "i,should": 0.010767160161507403, "should,like": 0.008748317631224764, "like,to": 0.009421265141318977, "to,say": 0.004710632570659489, "i,am": 0.011440107671601614, "to,those": 0.0033647375504710633, "who,have": 0.004710632570659489, "in,this": 0.006056527590847914, "to,the": 0.012113055181695828, "the,minister": 0.004037685060565276, "the,noble": 0.028936742934051143, "noble,lord": 0.01816958277254374, "lord,lord": 0.014804845222072678, "has,just": 0.004037685060565276, "just,said": 0.0033647375504710633, "number,of": 0.004037685060565276, "during,the": 0.004037685060565276, "of,the": 0.0477792732166891, "<s>,i": 0.034993270524899055, "noble,lords": 0.009421265141318977, "friend,lord": 0.008748317631224764, "and,the": 0.004037685060565276, "noble,viscount": 0.004710632570659489, "i,was": 0.004710632570659489, "and,i": 0.008075370121130552, "as,a": 0.0033647375504710633, "lords,i": 0.010767160161507403, "i,would": 0.006729475100942127, "lord,northfield": 0.004710632570659489, "for,the": 0.006729475100942127, "he,has": 0.006056527590847914, "this,bill": 0.005383580080753701, "for,a": 0.0033647375504710633, "the,deer": 0.0033647375504710633, "grateful,to": 0.004037685060565276, "has,been": 0.007402422611036339, "may,i": 0.004710632570659489, "that,he": 0.004037685060565276, "<s>,he": 0.004037685060565276, "he,said": 0.004037685060565276, "said,that": 0.0033647375504710633, "the,bill": 0.006056527590847914, "it,<e>": 0.0033647375504710633, "<s>,the": 0.006056527590847914, "is,a": 0.005383580080753701, "it,is": 0.010094212651413189, "a,number": 0.0033647375504710633, "the,amendment": 0.008748317631224764, "if,i": 0.004037685060565276, "i,may": 0.004037685060565276, "<s>,it": 0.009421265141318977, "it,has": 0.0033647375504710633, "there,is": 0.0033647375504710633, "a,very": 0.004037685060565276, "<s>,they": 0.0033647375504710633, "they,are": 0.004037685060565276, "i,think": 0.006056527590847914, "of,a": 0.006729475100942127, "<cs>,i": 0.009421265141318977, "i,do": 0.004037685060565276, "do,not": 0.0033647375504710633, "with,the": 0.006056527590847914, "i,know": 0.0033647375504710633, "is,not": 0.0033647375504710633, "will,not": 0.0033647375504710633, "<s>,that": 0.0033647375504710633, "in,scotland": 0.004037685060565276, "say,that": 0.0033647375504710633, "to,support": 0.0033647375504710633, "amendment,<e>": 0.008748317631224764, "of,deer": 0.0033647375504710633, "the,point": 0.004037685060565276, "sides,of": 0.0033647375504710633, "the,committee": 0.004037685060565276, "on,the": 0.005383580080753701, "this,amendment": 0.004037685060565276, "we,have": 0.0033647375504710633, "which,i": 0.006729475100942127, "to,be": 0.005383580080753701, "but,i": 0.010094212651413189, "it,was": 0.004037685060565276, "i,can": 0.004710632570659489, "and,my": 0.0033647375504710633, "that,i": 0.008075370121130552, "i,hope": 0.005383580080753701, "to,my": 0.005383580080753701, "i,had": 0.004710632570659489, "the,forestry": 0.006729475100942127, "will,be": 0.0033647375504710633, "forestry,commission": 0.005383580080753701, "i,beg": 0.0033647375504710633, "beg,leave": 0.0033647375504710633, "leave,to": 0.0033647375504710633, "i,have": 0.009421265141318977, "<s>,but": 0.0033647375504710633, "some,of": 0.0033647375504710633, "i,must": 0.004037685060565276, "would,have": 0.0033647375504710633, "of,your": 0.0033647375504710633, "and,not": 0.0033647375504710633, "a,few": 0.0033647375504710633, "aware,of": 0.004710632570659489, "for,that": 0.004037685060565276, "the,red": 0.006056527590847914, "red,deer": 0.010767160161507403, "roe,deer": 0.006056527590847914, "deer,<e>": 0.004037685060565276, "hope,that": 0.0033647375504710633, "deer,commission": 0.004710632570659489, "lord,john-mackie": 0.0033647375504710633, "out,of": 0.0033647375504710633}