{"<cs>,my": 0.027628032345013476, "my,lords": 0.027628032345013476, "lords,i": 0.012803234501347708, "for,that": 0.004043126684636119, "which,is": 0.006064690026954178, "<e>,<s>": 0.10579514824797843, "<s>,it": 0.013477088948787063, "it,is": 0.016846361185983826, "<s>,i": 0.029649595687331536, "i,am": 0.02425876010781671, "am,a": 0.006064690026954178, "my,noble": 0.016172506738544475, "noble,friend": 0.016172506738544475, "friend,lord": 0.006064690026954178, "the,debate": 0.005390835579514825, "lords,as": 0.0047169811320754715, "has,been": 0.008086253369272238, "with,the": 0.006738544474393531, "perhaps,i": 0.005390835579514825, "i,may": 0.006064690026954178, "the,industry": 0.0033692722371967657, "of,the": 0.04245283018867924, "and,the": 0.006738544474393531, "by,the": 0.01954177897574124, "the,noble": 0.016846361185983826, "noble,lord": 0.010107816711590296, "lord,lord": 0.007412398921832884, "about,the": 0.009433962264150943, "may,be": 0.0047169811320754715, "be,a": 0.004043126684636119, "that,i": 0.010107816711590296, "i,have": 0.014150943396226415, "<cs>,i": 0.01078167115902965, "the,committee": 0.009433962264150943, "to,the": 0.018867924528301886, "that,the": 0.018867924528301886, "the,government": 0.006064690026954178, "number,of": 0.005390835579514825, "on,the": 0.0047169811320754715, "friend,for": 0.0033692722371967657, "that,there": 0.006738544474393531, "and,that": 0.004043126684636119, "will,be": 0.007412398921832884, "<s>,will": 0.0033692722371967657, "have,been": 0.008086253369272238, "involved,in": 0.0033692722371967657, "in,this": 0.004043126684636119, "for,a": 0.004043126684636119, "there,is": 0.004043126684636119, "to,be": 0.006738544474393531, "as,a": 0.006064690026954178, "a,director": 0.005390835579514825, "director,of": 0.005390835579514825, "the,ports": 0.0033692722371967657, "in,the": 0.014824797843665768, "<s>,as": 0.004043126684636119, "chairman,of": 0.007412398921832884, "secretary,of": 0.0047169811320754715, "of,state": 0.0047169811320754715, "i,was": 0.0047169811320754715, "for,the": 0.008086253369272238, "i,shall": 0.005390835579514825, "to,say": 0.005390835579514825, "that,is": 0.0047169811320754715, "i,should": 0.0047169811320754715, "have,to": 0.007412398921832884, "at,the": 0.0047169811320754715, "i,had": 0.004043126684636119, "but,i": 0.0033692722371967657, "before,the": 0.0033692722371967657, "i,hope": 0.004043126684636119, "i,do": 0.005390835579514825, "do,not": 0.006064690026954178, "that,he": 0.00876010781671159, "say,that": 0.0033692722371967657, "that,we": 0.0047169811320754715, "should,be": 0.004043126684636119, "grateful,to": 0.0033692722371967657, "to,my": 0.0047169811320754715, "as,chairman": 0.0033692722371967657, "the,national": 0.0047169811320754715, "national,rivers": 0.0047169811320754715, "rivers,authority": 0.0047169811320754715, "advisory,committee": 0.007412398921832884, "noble,baroness": 0.004043126684636119, "some,of": 0.004043126684636119, "referred,to": 0.0033692722371967657, "<s>,the": 0.006064690026954178, "member,of": 0.0047169811320754715, "of,parliament": 0.004043126684636119, "that,it": 0.009433962264150943, "<s>,however": 0.0047169811320754715, "noble,lords": 0.004043126684636119, "british,ports": 0.0033692722371967657, "of,a": 0.0033692722371967657, "hope,that": 0.0033692722371967657, "the,water": 0.0033692722371967657, "it,was": 0.0047169811320754715, "was,the": 0.0033692722371967657, "the,advisory": 0.0047169811320754715, "one,of": 0.004043126684636119, "would,be": 0.0033692722371967657, "intended,to": 0.0033692722371967657, "as,i": 0.005390835579514825, "in,a": 0.0033692722371967657, "which,i": 0.007412398921832884, "on,this": 0.0033692722371967657, "the,minister": 0.005390835579514825, "the,advice": 0.0033692722371967657, "<s>,we": 0.0033692722371967657, "from,the": 0.0033692722371967657, "in,order": 0.004043126684636119, "time,to": 0.004043126684636119, "we,have": 0.0047169811320754715, "to,make": 0.005390835579514825, "is,a": 0.006064690026954178, "the,nra": 0.008086253369272238, "is,not": 0.004043126684636119, "the,secretary": 0.0033692722371967657, "as,the": 0.0033692722371967657, "the,chairman": 0.0033692722371967657, "the,bill": 0.0047169811320754715, "the,matter": 0.006064690026954178, "the,fact": 0.0033692722371967657, "fact,that": 0.004043126684636119, "all,the": 0.0033692722371967657, "he,will": 0.0033692722371967657, "is,that": 0.0033692722371967657}