{"<cs>,my": 0.039923954372623575, "my,lords": 0.04182509505703422, "there,is": 0.009505703422053232, "my,noble": 0.03231939163498099, "noble,friend": 0.03231939163498099, "of,the": 0.08555133079847908, "of,what": 0.009505703422053232, "<e>,<s>": 0.17870722433460076, "i,was": 0.013307984790874524, "<s>,i": 0.045627376425855515, "i,am": 0.019011406844106463, "to,get": 0.009505703422053232, "lords,i": 0.011406844106463879, "report,<e>": 0.015209125475285171, "for,the": 0.011406844106463879, "i,should": 0.02091254752851711, "like,to": 0.013307984790874524, "the,house": 0.009505703422053232, "the,noble": 0.03612167300380228, "noble,lord": 0.030418250950570342, "lord,lord": 0.030418250950570342, "in,the": 0.02091254752851711, "on,the": 0.02091254752851711, "should,like": 0.013307984790874524, "to,the": 0.026615969581749048, "years,ago": 0.009505703422053232, "that,it": 0.011406844106463879, "be,a": 0.011406844106463879, "the,community": 0.011406844106463879, "i,think": 0.009505703422053232, "that,we": 0.009505703422053232, "we,have": 0.013307984790874524, "it,is": 0.022813688212927757, "with,the": 0.015209125475285171, "do,not": 0.011406844106463879, "by,the": 0.017110266159695818, "<s>,it": 0.022813688212927757, "is,a": 0.009505703422053232, "have,been": 0.009505703422053232, "will,be": 0.009505703422053232, "<s>,we": 0.009505703422053232, "and,the": 0.009505703422053232, "a,great": 0.009505703422053232}