{"<cs>,my": 0.034926470588235295, "my,lords": 0.034926470588235295, "lords,i": 0.016544117647058824, "for,the": 0.004595588235294118, "of,the": 0.03952205882352941, "<e>,<s>": 0.12959558823529413, "<s>,in": 0.01011029411764706, "in,the": 0.03400735294117647, "on,the": 0.013786764705882353, "<s>,i": 0.05514705882352941, "i,am": 0.02389705882352941, "in,another": 0.008272058823529412, "another,place": 0.008272058823529412, "of,a": 0.0055147058823529415, "i,had": 0.004595588235294118, "that,i": 0.011948529411764705, "have,a": 0.004595588235294118, "i,hope": 0.004595588235294118, "to,the": 0.017463235294117647, "to,have": 0.004595588235294118, "<s>,it": 0.0055147058823529415, "<s>,the": 0.011029411764705883, "it,is": 0.009191176470588236, "a,very": 0.0055147058823529415, "that,the": 0.02022058823529412, "in,this": 0.007352941176470588, "<cs>,i": 0.01011029411764706, "my,noble": 0.03400735294117647, "noble,friend": 0.03400735294117647, "i,have": 0.009191176470588236, "the,north-east": 0.006433823529411764, "north-east,of": 0.0055147058823529415, "of,england": 0.009191176470588236, "and,i": 0.004595588235294118, "to,be": 0.007352941176470588, "grateful,to": 0.006433823529411764, "the,noble": 0.02297794117647059, "the,amendment": 0.008272058823529412, "to,my": 0.006433823529411764, "amendment,<e>": 0.01011029411764706, "he,has": 0.004595588235294118, "will,be": 0.004595588235294118, "i,beg": 0.0055147058823529415, "beg,leave": 0.0055147058823529415, "leave,to": 0.0055147058823529415, "noble,lord": 0.021139705882352942, "lord,lord": 0.015625, "for,his": 0.004595588235294118, "friend,for": 0.006433823529411764, "it,<e>": 0.0055147058823529415, "further,consideration": 0.004595588235294118, "the,water": 0.012867647058823529, "water,industry": 0.0055147058823529415, "statutory,water": 0.004595588235294118, "water,companies": 0.01011029411764706, "that,in": 0.007352941176470588, "per,cent": 0.006433823529411764, "cent,<e>": 0.006433823529411764, "the,bill": 0.0055147058823529415, "has,been": 0.008272058823529412, "and,the": 0.006433823529411764, "i,should": 0.009191176470588236, "should,like": 0.004595588235294118, "like,to": 0.006433823529411764, "very,much": 0.004595588235294118, "hope,that": 0.0055147058823529415, "lords,is": 0.007352941176470588, "is,my": 0.007352941176470588, "friend,aware": 0.007352941176470588, "aware,that": 0.009191176470588236, "which,the": 0.006433823529411764, "there,is": 0.0055147058823529415, "a,great": 0.004595588235294118, "with,the": 0.0055147058823529415, "i,think": 0.004595588235294118, "will,my": 0.004595588235294118, "about,the": 0.006433823529411764, "number,of": 0.004595588235294118, "i,thank": 0.004595588235294118, "thank,my": 0.004595588235294118, "chairman,of": 0.004595588235294118, "most,grateful": 0.004595588235294118, "the,northern": 0.0055147058823529415, "northern,region": 0.0055147058823529415, "we,have": 0.004595588235294118, "the,government": 0.004595588235294118}