{"<cs>,my": 0.02254335260115607, "my,lords": 0.022928709055876687, "this,afternoon": 0.0011560693641618498, "will,be": 0.006358381502890174, "lords,the": 0.0030828516377649326, "the,whole": 0.0017341040462427746, "house,will": 0.0015414258188824663, "echo,the": 0.0015414258188824663, "of,the": 0.025433526011560695, "the,noble": 0.02157996146435453, "noble,lord": 0.01599229287090559, "lord,lord": 0.011753371868978806, "her,majestys": 0.0011560693641618498, "to,the": 0.012524084778420038, "of,which": 0.0009633911368015414, "is,the": 0.0030828516377649326, "and,that": 0.0023121387283236996, "that,the": 0.013102119460500963, "<e>,<s>": 0.07842003853564547, "<s>,for": 0.0009633911368015414, "foreign,secretary": 0.0023121387283236996, "during,the": 0.0015414258188824663, "can,be": 0.0019267822736030828, "have,been": 0.004624277456647399, "and,i": 0.005394990366088632, "i,have": 0.005587668593448941, "have,no": 0.0011560693641618498, "no,doubt": 0.0009633911368015414, "doubt,that": 0.0009633911368015414, "that,my": 0.0025048169556840076, "my,noble": 0.019653179190751446, "noble,friend": 0.018111753371868978, "<s>,but": 0.0030828516377649326, "the,house": 0.004238921001926782, "glad,that": 0.0011560693641618498, "that,he": 0.0032755298651252407, "he,has": 0.0030828516377649326, "so,far": 0.0011560693641618498, "it,is": 0.007514450867052023, "him,to": 0.0009633911368015414, "to,do": 0.002119460500963391, "do,so": 0.0009633911368015414, "and,the": 0.007129094412331407, "to,come": 0.0009633911368015414, "i,hope": 0.005009633911368015, "hope,that": 0.004238921001926782, "the,prime": 0.0023121387283236996, "prime,minister": 0.0015414258188824663, "with,the": 0.004238921001926782, "me,to": 0.002119460500963391, "<s>,i": 0.02042389210019268, "did,not": 0.0011560693641618498, "that,it": 0.0025048169556840076, "it,was": 0.0017341040462427746, "was,not": 0.001348747591522158, "a,debate": 0.0009633911368015414, "to,follow": 0.0011560693641618498, "of,my": 0.001348747591522158, "friend,lord": 0.006165703275529865, "all,the": 0.002697495183044316, "noble,lords": 0.002119460500963391, "in,this": 0.006551059730250481, "this,house": 0.0036608863198458576, "therefore,i": 0.0011560693641618498, "i,am": 0.01001926782273603, "the,usual": 0.0011560693641618498, "usual,channels": 0.0009633911368015414, "<s>,the": 0.005587668593448941, "to,my": 0.001348747591522158, "friend,the": 0.002119460500963391, "the,foreign": 0.002890173410404624, "<s>,he": 0.0019267822736030828, "the,right": 0.0025048169556840076, "would,be": 0.0036608863198458576, "to,go": 0.0009633911368015414, "a,good": 0.001348747591522158, "on,this": 0.0023121387283236996, "this,bill": 0.0019267822736030828, "bill,<e>": 0.002890173410404624, "lords,i": 0.007707129094412331, "in,the": 0.01676300578034682, "the,united": 0.0032755298651252407, "united,nations": 0.0009633911368015414, "at,the": 0.003468208092485549, "if,there": 0.0009633911368015414, "there,is": 0.0038535645472061657, "is,to": 0.0009633911368015414, "to,be": 0.006936416184971098, "be,a": 0.002890173410404624, "<s>,so": 0.0011560693641618498, "from,the": 0.002119460500963391, "the,soviet": 0.0017341040462427746, "soviet,union": 0.0015414258188824663, "<s>,there": 0.0030828516377649326, "to,a": 0.0011560693641618498, "kind,of": 0.0009633911368015414, "on,the": 0.007321772639691715, "a,great": 0.0011560693641618498, "am,sure": 0.001348747591522158, "that,there": 0.004238921001926782, "time,<e>": 0.0011560693641618498, "<s>,if": 0.0019267822736030828, "should,be": 0.0038535645472061657, "to,me": 0.0019267822736030828, "it,<e>": 0.0019267822736030828, "by,the": 0.008285163776493257, "may,i": 0.0019267822736030828, "add,my": 0.0011560693641618498, "the,words": 0.001348747591522158, "words,of": 0.0011560693641618498, "the,two": 0.001348747591522158, "right,reverend": 0.0023121387283236996, "reverend,prelate": 0.0023121387283236996, "has,been": 0.005202312138728324, "been,a": 0.0009633911368015414, "i,ask": 0.0009633911368015414, "which,i": 0.0032755298651252407, "i,do": 0.004431599229287091, "do,not": 0.004816955684007707, "not,think": 0.001348747591522158, "far,<e>": 0.0009633911368015414, "i,should": 0.005780346820809248, "should,like": 0.0032755298651252407, "like,to": 0.0038535645472061657, "was,a": 0.001348747591522158, "this,country": 0.0025048169556840076, "country,and": 0.0009633911368015414, "and,in": 0.002119460500963391, "very,much": 0.0009633911368015414, "lords,my": 0.0017341040462427746, "must,be": 0.0019267822736030828, "given,by": 0.0011560693641618498, "of,course": 0.0017341040462427746, "the,years": 0.0009633911368015414, "another,place": 0.0011560693641618498, "come,to": 0.0017341040462427746, "to,accept": 0.0009633911368015414, "this,debate": 0.0025048169556840076, "quite,a": 0.0009633911368015414, "able,to": 0.004238921001926782, "to,see": 0.0015414258188824663, "and,a": 0.0009633911368015414, "that,we": 0.002697495183044316, "we,shall": 0.0015414258188824663, "<s>,in": 0.0023121387283236996, "in,his": 0.0011560693641618498, "of,that": 0.0011560693641618498, "as,the": 0.002697495183044316, "<s>,they": 0.0019267822736030828, "they,have": 0.0023121387283236996, "to,this": 0.0015414258188824663, "i,wonder": 0.001348747591522158, "wonder,whether": 0.0015414258188824663, "is,it": 0.0011560693641618498, "fact,that": 0.0009633911368015414, "there,are": 0.0023121387283236996, "is,a": 0.005009633911368015, "it,not": 0.001348747591522158, "by,my": 0.0017341040462427746, "the,other": 0.0019267822736030828, "for,the": 0.005009633911368015, "<s>,it": 0.005202312138728324, "<s>,my": 0.0011560693641618498, "friend,has": 0.0011560693641618498, "as,i": 0.0017341040462427746, "in,relation": 0.0011560693641618498, "relation,to": 0.0009633911368015414, "the,future": 0.0011560693641618498, "that,is": 0.0038535645472061657, "in,fact": 0.0009633911368015414, "which,he": 0.0015414258188824663, "going,to": 0.0015414258188824663, "that,that": 0.0009633911368015414, "so,<e>": 0.0011560693641618498, "i,must": 0.0023121387283236996, "i,think": 0.008477842003853564, "there,were": 0.0009633911368015414, "the,committee": 0.0009633911368015414, "committee,stage": 0.0011560693641618498, "his,amendment": 0.0011560693641618498, "i,would": 0.0032755298651252407, "would,have": 0.0017341040462427746, "amendment,<e>": 0.001348747591522158, "think,that": 0.0032755298651252407, "words,to": 0.0011560693641618498, "the,bill": 0.004624277456647399, "it,would": 0.0023121387283236996, "if,the": 0.0030828516377649326, "at,this": 0.001348747591522158, "it,might": 0.0009633911368015414, "might,be": 0.0015414258188824663, "will,not": 0.001348747591522158, "<s>,when": 0.0011560693641618498, "they,are": 0.0023121387283236996, "is,not": 0.002890173410404624, "as,they": 0.0009633911368015414, "if,i": 0.001348747591522158, "i,had": 0.0011560693641618498, "i,remember": 0.0011560693641618498, "me,that": 0.0009633911368015414, "he,had": 0.0009633911368015414, "before,the": 0.0009633911368015414, "which,we": 0.0015414258188824663, "when,we": 0.0011560693641618498, "we,are": 0.0038535645472061657, "<cs>,i": 0.005587668593448941, "have,a": 0.0009633911368015414, "<s>,we": 0.003468208092485549, "we,have": 0.004046242774566474, "that,if": 0.0032755298651252407, "if,we": 0.0017341040462427746, "when,he": 0.0011560693641618498, "to,take": 0.0011560693641618498, "this,is": 0.0015414258188824663, "a,very": 0.0025048169556840076, "in,particular": 0.0011560693641618498, "should,not": 0.0011560693641618498, "see,that": 0.0009633911368015414, "friend,will": 0.0011560693641618498, "are,to": 0.0009633911368015414, "should,have": 0.001348747591522158, "have,to": 0.0019267822736030828, "the,question": 0.001348747591522158, "question,of": 0.0011560693641618498, "number,of": 0.0017341040462427746, "and,to": 0.002119460500963391, "not,want": 0.0009633911368015414, "it,will": 0.0011560693641618498, "want,to": 0.0011560693641618498, "not,the": 0.001348747591522158, "the,only": 0.001348747591522158,