{"<cs>,my": 0.049371358478994175, "my,lords": 0.049371358478994175, "to,take": 0.0015332720024532351, "in,this": 0.0036798528058877645, "on,the": 0.01962588163140141, "of,the": 0.01778595522845753, "i,have": 0.0030665440049064702, "have,to": 0.0024532352039251764, "that,some": 0.0015332720024532351, "<e>,<s>": 0.06317080650107329, "<s>,it": 0.0024532352039251764, "<s>,if": 0.0027598896044158236, "may,i": 0.0061330880098129405, "start,by": 0.0018399264029438822, "to,the": 0.007053051211284882, "<s>,i": 0.01349279362158847, "i,am": 0.005826433609322294, "i,should": 0.012266176019625881, "like,to": 0.011959521619135235, "my,appreciation": 0.0015332720024532351, "the,noble": 0.004293161606869059, "noble,lord": 0.004293161606869059, "lord,lord": 0.0024532352039251764, "as,i": 0.0015332720024532351, "i,was": 0.0024532352039251764, "that,i": 0.0030665440049064702, "i,think": 0.0021465808034345293, "lords,i": 0.03833180006133088, "i,beg": 0.01655933762649494, "beg,leave": 0.015946028825513645, "leave,to": 0.016252683226004292, "to,ask": 0.015026065624041705, "ask,the": 0.015026065624041705, "the,question": 0.016252683226004292, "question,standing": 0.015026065624041705, "standing,in": 0.015026065624041705, "in,my": 0.015332720024532351, "my,name": 0.015332720024532351, "name,on": 0.015026065624041705, "the,order": 0.015026065624041705, "order,paper": 0.015026065624041705, "paper,<e>": 0.015332720024532351, "my,noble": 0.029745476847592763, "noble,friend": 0.029745476847592763, "friend,the": 0.005519779208831647, "the,minister": 0.007973014412756822, "minister,for": 0.004599816007359705, "for,that": 0.01993253603189206, "that,very": 0.0015332720024532351, "very,encouraging": 0.0018399264029438822, "encouraging,reply": 0.003986507206378411, "i,ask": 0.005826433609322294, "it,is": 0.005519779208831647, "possible,to": 0.0015332720024532351, "should,like": 0.010732904017172647, "to,thank": 0.009812940815700706, "thank,my": 0.018092609628948174, "friend,for": 0.014719411223551058, "that,answer": 0.00919963201471941, "answer,which": 0.0015332720024532351, "<s>,may": 0.004293161606869059, "ask,him": 0.0033731984053971173, "him,whether": 0.0024532352039251764, "whether,he": 0.0030665440049064702, "he,is": 0.0018399264029438822, "aware,that": 0.0036798528058877645, "that,the": 0.008892977614228765, "by,the": 0.0027598896044158236, "this,country": 0.0021465808034345293, "that,in": 0.0015332720024532351, "that,is": 0.0027598896044158236, "to,say": 0.0015332720024532351, "in,the": 0.008892977614228765, "ask,my": 0.0015332720024532351, "friend,whether": 0.0015332720024532351, "there,is": 0.0021465808034345293, "the,government": 0.0024532352039251764, "is,the": 0.0024532352039251764, "think,that": 0.0018399264029438822, "is,being": 0.0018399264029438822, "to,be": 0.0021465808034345293, "encouraging,answer": 0.0018399264029438822, "answer,<e>": 0.010732904017172647, "with,the": 0.0027598896044158236, "for,the": 0.005519779208831647, "that,encouraging": 0.004293161606869059, "reply,<e>": 0.005826433609322294, "her,majestys": 0.005213124808341, "majestys,government": 0.004906470407850353, "as,a": 0.0015332720024532351, "your,lordships": 0.0024532352039251764, "at,the": 0.0021465808034345293, "i,thank": 0.010732904017172647, "if,the": 0.0015332720024532351, "i,believe": 0.0015332720024532351, "<s>,will": 0.0030665440049064702, "will,he": 0.0024532352039251764, "confirm,that": 0.0021465808034345293, "which,i": 0.0018399264029438822, "i,do": 0.0018399264029438822, "do,not": 0.0021465808034345293, "<s>,is": 0.0018399264029438822, "has,been": 0.0021465808034345293, "from,the": 0.0018399264029438822, "able,to": 0.0015332720024532351, "and,the": 0.0015332720024532351, "<s>,can": 0.008892977614228765, "in,view": 0.0018399264029438822, "view,of": 0.0021465808034345293, "can,my": 0.0021465808034345293, "tell,the": 0.0030665440049064702, "the,house": 0.006746396810794235, "house,what": 0.0021465808034345293, "can,he": 0.007973014412756822, "he,tell": 0.0018399264029438822, "the,united": 0.0021465808034345293, "honourable,friend": 0.0015332720024532351, "will,be": 0.004293161606869059, "<s>,in": 0.0027598896044158236, "the,bill": 0.0018399264029438822, "thank,the": 0.0024532352039251764, "<s>,however": 0.0024532352039251764, "sure,that": 0.0015332720024532351, "noble,lords": 0.0030665440049064702, "that,there": 0.0027598896044158236, "government,are": 0.0015332720024532351, "i,may": 0.0021465808034345293, "is,not": 0.0021465808034345293, "who,are": 0.0015332720024532351, "that,it": 0.0033731984053971173, "<s>,that": 0.0015332720024532351, "not,agree": 0.0018399264029438822, "perhaps,i": 0.0015332720024532351, "<s>,but": 0.0015332720024532351, "that,reply": 0.0018399264029438822, "<s>,does": 0.0027598896044158236, "does,he": 0.0036798528058877645, "he,not": 0.0015332720024532351, "agree,that": 0.005519779208831647, "he,say": 0.003986507206378411, "say,whether": 0.0021465808034345293, "lords,is": 0.0015332720024532351, "of,a": 0.0015332720024532351, "he,agree": 0.0027598896044158236, "lords,can": 0.0015332720024532351, "house,<e>": 0.0015332720024532351, "that,this": 0.0021465808034345293, "fact,that": 0.0021465808034345293, "say,what": 0.0015332720024532351, "government,will": 0.0015332720024532351, "the,fact": 0.0018399264029438822, "the,amendment": 0.0015332720024532351}