{"<cs>,my": 0.0438034188034188, "my,lords": 0.04807692307692308, "lords,i": 0.029914529914529916, "your,lordships": 0.005341880341880342, "for,the": 0.008547008547008548, "and,i": 0.014957264957264958, "<e>,<s>": 0.14423076923076922, "<s>,i": 0.024572649572649572, "i,have": 0.011752136752136752, "to,be": 0.007478632478632479, "<s>,there": 0.007478632478632479, "i,am": 0.011752136752136752, "by,the": 0.007478632478632479, "the,noble": 0.026709401709401708, "noble,lord": 0.018162393162393164, "lord,lord": 0.018162393162393164, "that,there": 0.005341880341880342, "about,the": 0.008547008547008548, "there,has": 0.005341880341880342, "has,been": 0.019230769230769232, "been,a": 0.007478632478632479, "in,the": 0.021367521367521368, "of,the": 0.05555555555555555, "a,very": 0.00641025641025641, "the,open": 0.01282051282051282, "open,university": 0.01282051282051282, "is,a": 0.009615384615384616, "we,have": 0.007478632478632479, "<s>,however": 0.00641025641025641, "that,is": 0.009615384615384616, "is,that": 0.005341880341880342, "on,a": 0.005341880341880342, "on,the": 0.008547008547008548, "i,should": 0.014957264957264958, "should,like": 0.010683760683760684, "i,think": 0.005341880341880342, "<s>,the": 0.018162393162393164, "noble,lords": 0.005341880341880342, "have,said": 0.005341880341880342, "<s>,it": 0.01282051282051282, "it,is": 0.011752136752136752, "at,the": 0.00641025641025641, "it,has": 0.00641025641025641, "like,to": 0.011752136752136752, "or,two": 0.005341880341880342, "this,bill": 0.00641025641025641, "from,the": 0.009615384615384616, "<s>,that": 0.007478632478632479, "that,the": 0.016025641025641024, "will,be": 0.007478632478632479, "grateful,to": 0.00641025641025641, "to,the": 0.027777777777777776, "to,say": 0.009615384615384616, "that,i": 0.017094017094017096, "that,this": 0.005341880341880342, "the,government": 0.008547008547008548, "<s>,but": 0.005341880341880342, "is,not": 0.005341880341880342, "i,too": 0.00641025641025641, "debate,<e>": 0.00641025641025641, "the,house": 0.00641025641025641, "there,is": 0.007478632478632479, "i,shall": 0.008547008547008548, "education,<e>": 0.00641025641025641, "they,have": 0.007478632478632479, "continuing,education": 0.009615384615384616, "education,and": 0.005341880341880342, "is,the": 0.007478632478632479, "that,it": 0.00641025641025641, "noble,and": 0.005341880341880342, "and,learned": 0.005341880341880342, "learned,lord": 0.005341880341880342, "the,bill": 0.00641025641025641, "i,find": 0.005341880341880342, "i,beg": 0.00641025641025641, "beg,to": 0.005341880341880342}