{"<cs>,my": 0.05601317957166392, "my,lords": 0.05601317957166392, "lords,i": 0.03130148270181219, "i,have": 0.009884678747940691, "to,the": 0.019769357495881382, "of,the": 0.02471169686985173, "the,noble": 0.03459637561779242, "noble,lord": 0.026359143327841845, "lord,lord": 0.018121911037891267, "<e>,<s>": 0.10873146622734761, "<s>,i": 0.03130148270181219, "noble,lords": 0.013179571663920923, "lords,is": 0.014827018121911038, "is,my": 0.016474464579901153, "my,noble": 0.057660626029654036, "noble,friend": 0.057660626029654036, "friend,aware": 0.016474464579901153, "aware,that": 0.016474464579901153, "give,an": 0.011532125205930808, "an,assurance": 0.011532125205930808, "assurance,that": 0.013179571663920923, "will,be": 0.016474464579901153, "friend,lord": 0.019769357495881382, "i,beg": 0.008237232289950576, "beg,leave": 0.008237232289950576, "leave,to": 0.008237232289950576, "on,the": 0.018121911037891267, "to,join": 0.008237232289950576, "in,a": 0.008237232289950576, "view,of": 0.008237232289950576, "in,the": 0.03459637561779242, "in,hong": 0.009884678747940691, "hong,kong": 0.019769357495881382, "about,the": 0.008237232289950576, "by,the": 0.018121911037891267, "made,by": 0.014827018121911038, "by,my": 0.008237232289950576, "i,am": 0.014827018121911038, "with,the": 0.008237232289950576, "other,noble": 0.008237232289950576, "as,a": 0.011532125205930808, "and,i": 0.008237232289950576, "i,should": 0.019769357495881382, "should,like": 0.014827018121911038, "like,to": 0.016474464579901153, "of,us": 0.008237232289950576, "afternoon,<e>": 0.008237232289950576, "the,debate": 0.008237232289950576, "that,the": 0.009884678747940691}