{"<cs>,my": 0.05207100591715976, "my,lords": 0.05207100591715976, "has,been": 0.008284023668639054, "will,be": 0.008284023668639054, "by,the": 0.005917159763313609, "<e>,<s>": 0.10887573964497041, "from,the": 0.009467455621301775, "the,noble": 0.04142011834319527, "noble,lord": 0.029585798816568046, "lord,lord": 0.021301775147928994, "i,may": 0.008284023668639054, "may,be": 0.009467455621301775, "to,the": 0.028402366863905324, "<s>,i": 0.05562130177514793, "i,am": 0.021301775147928994, "that,the": 0.011834319526627219, "scotland,<e>": 0.007100591715976331, "is,not": 0.005917159763313609, "as,a": 0.005917159763313609, "it,is": 0.010650887573964497, "is,a": 0.005917159763313609, "in,scotland": 0.011834319526627219, "lords,i": 0.016568047337278107, "am,sure": 0.007100591715976331, "we,are": 0.01775147928994083, "say,that": 0.008284023668639054, "that,he": 0.007100591715976331, "which,i": 0.005917159763313609, "of,the": 0.05680473372781065, "i,have": 0.008284023668639054, "that,i": 0.008284023668639054, "i,was": 0.007100591715976331, "i,think": 0.016568047337278107, "would,be": 0.007100591715976331, "the,minister": 0.005917159763313609, "about,the": 0.005917159763313609, "in,the": 0.021301775147928994, "the,government": 0.01301775147928994, "in,a": 0.008284023668639054, "i,hope": 0.008284023668639054, "noble,earl": 0.007100591715976331, "my,noble": 0.010650887573964497, "noble,friend": 0.009467455621301775, "a,number": 0.005917159763313609, "number,of": 0.005917159763313609, "the,scottish": 0.009467455621301775, "that,it": 0.005917159763313609, "at,the": 0.007100591715976331, "your,lordships": 0.011834319526627219, "on,the": 0.01301775147928994, "lords,in": 0.007100591715976331, "of,this": 0.014201183431952662, "grateful,to": 0.007100591715976331, "as,the": 0.005917159763313609, "and,the": 0.01301775147928994, "of,a": 0.008284023668639054, "for,the": 0.008284023668639054, "that,we": 0.011834319526627219, "i,shall": 0.005917159763313609, "may,i": 0.008284023668639054, "in,this": 0.007100591715976331, "but,i": 0.007100591715976331, "i,do": 0.008284023668639054, "do,not": 0.008284023668639054, "think,that": 0.007100591715976331, "with,the": 0.007100591715976331, "hope,that": 0.007100591715976331, "that,they": 0.008284023668639054, "to,be": 0.008284023668639054, "into,the": 0.005917159763313609}