{"<cs>,my": 0.013215859030837005, "my,lords": 0.012114537444933921, "as,i": 0.007709251101321586, "i,am": 0.028634361233480177, "in,the": 0.024229074889867842, "as,a": 0.011013215859030838, "of,the": 0.051762114537444934, "<e>,<s>": 0.12555066079295155, "as,the": 0.005506607929515419, "the,noble": 0.046255506607929514, "noble,and": 0.02973568281938326, "and,learned": 0.02973568281938326, "learned,lord": 0.00881057268722467, "the,lord": 0.007709251101321586, "lord,chancellor": 0.006607929515418502, "has,said": 0.005506607929515419, "<s>,i": 0.031938325991189426, "with,the": 0.006607929515418502, "lord,lord": 0.024229074889867842, "i,should": 0.00881057268722467, "should,like": 0.005506607929515419, "like,to": 0.005506607929515419, "<cs>,i": 0.015418502202643172, "i,have": 0.01762114537444934, "my,noble": 0.024229074889867842, "learned,friend": 0.019823788546255508, "friend,lord": 0.011013215859030838, "is,the": 0.006607929515418502, "of,a": 0.005506607929515419, "perhaps,i": 0.007709251101321586, "has,been": 0.007709251101321586, "which,the": 0.006607929515418502, "noble,lord": 0.028634361233480177, "lord,mishcon": 0.005506607929515419, "am,not": 0.005506607929515419, "that,the": 0.011013215859030838, "your,lordships": 0.009911894273127754, "<s>,it": 0.006607929515418502, "to,be": 0.009911894273127754, "to,the": 0.012114537444933921, "the,criminal": 0.005506607929515419, "of,appeal": 0.012114537444933921, "the,right": 0.005506607929515419, "there,is": 0.007709251101321586, "and,the": 0.006607929515418502, "the,court": 0.00881057268722467, "court,of": 0.00881057268722467, "friend,the": 0.009911894273127754, "the,master": 0.006607929515418502, "master,of": 0.007709251101321586, "the,rolls": 0.006607929515418502, "to,do": 0.005506607929515419, "may,i": 0.005506607929515419, "<s>,the": 0.013215859030837005, "lord,justice": 0.005506607929515419, "i,was": 0.00881057268722467, "was,a": 0.005506607929515419, "i,may": 0.011013215859030838, "that,i": 0.009911894273127754, "by,the": 0.009911894273127754, "this,amendment": 0.009911894273127754, "and,i": 0.012114537444933921, "that,it": 0.005506607929515419, "who,have": 0.007709251101321586, "is,a": 0.005506607929515419, "i,can": 0.00881057268722467, "for,the": 0.00881057268722467, "have,been": 0.006607929515418502, "on,the": 0.006607929515418502, "the,past": 0.005506607929515419, "those,of": 0.005506607929515419, "am,sure": 0.005506607929515419, "<s>,in": 0.005506607929515419, "the,fraud": 0.005506607929515419, "of,us": 0.005506607929515419, "the,point": 0.005506607929515419, "which,i": 0.005506607929515419, "the,committee": 0.00881057268722467, "it,was": 0.006607929515418502}