{"<cs>,my": 0.027545721381801763, "my,lords": 0.027997290584782116, "in,the": 0.017385414314743733, "local,radio": 0.001128923007450892, "may,i": 0.006773538044705351, "i,ask": 0.004289907428313389, "ask,the": 0.0040641228268232105, "the,noble": 0.024384736960939263, "noble,lord": 0.017611198916233913, "whether,he": 0.0015804922104312486, "he,is": 0.0033867690223526757, "aware,that": 0.002935199819372319, "for,the": 0.005193045834274102, "which,was": 0.0013547076089410702, "one,of": 0.001806276811921427, "of,the": 0.028448859787762473, "it,would": 0.002483630616391962, "to,the": 0.014224429893881237, "lords,i": 0.007902461052156242, "i,beg": 0.004967261232783924, "beg,leave": 0.005193045834274102, "leave,to": 0.005193045834274102, "to,ask": 0.002483630616391962, "the,question": 0.0033867690223526757, "question,which": 0.0015804922104312486, "which,stands": 0.0015804922104312486, "stands,in": 0.0015804922104312486, "in,my": 0.003160984420862497, "my,name": 0.0027094152178821405, "name,on": 0.002257846014901784, "on,the": 0.009031384059607135, "the,order": 0.0027094152178821405, "order,paper": 0.002257846014901784, "paper,<e>": 0.0027094152178821405, "lords,in": 0.0038383382253330323, "in,thanking": 0.001806276811921427, "thanking,the": 0.0027094152178821405, "lord,the": 0.0015804922104312486, "for,his": 0.002935199819372319, "his,reply": 0.0020320614134116052, "i,am": 0.009708737864077669, "am,sure": 0.002483630616391962, "is,that": 0.002257846014901784, "the,house": 0.005418830435764281, "and,we": 0.001806276811921427, "<e>,<s>": 0.07563784149920975, "at,all": 0.0015804922104312486, "leader,of": 0.001128923007450892, "ask,him": 0.002257846014901784, "him,whether": 0.0015804922104312486, "as,a": 0.001128923007450892, "of,this": 0.0033867690223526757, "this,house": 0.002483630616391962, "whether,the": 0.001806276811921427, "the,foreign": 0.001128923007450892, "able,to": 0.001806276811921427, "or,not": 0.0013547076089410702, "her,majestys": 0.002257846014901784, "majestys,government": 0.0020320614134116052, "the,whole": 0.003160984420862497, "whole,of": 0.001128923007450892, "and,the": 0.005870399638744638, "i,thank": 0.002257846014901784, "thank,the": 0.0027094152178821405, "lord,for": 0.0013547076089410702, "reply,<e>": 0.001128923007450892, "<s>,if": 0.0020320614134116052, "if,i": 0.0015804922104312486, "i,have": 0.004967261232783924, "have,the": 0.001806276811921427, "has,been": 0.005870399638744638, "which,is": 0.001806276811921427, "<s>,may": 0.0015804922104312486, "the,government": 0.007450891849175886, "if,not": 0.001128923007450892, "not,to": 0.001128923007450892, "that,they": 0.0038383382253330323, "they,are": 0.002483630616391962, "the,future": 0.0015804922104312486, "this,is": 0.002483630616391962, "is,a": 0.004515692029803568, "grateful,to": 0.002935199819372319, "my,noble": 0.0020320614134116052, "noble,friend": 0.0013547076089410702, "would,have": 0.001128923007450892, "that,we": 0.004967261232783924, "we,were": 0.0015804922104312486, "another,place": 0.0015804922104312486, "in,a": 0.002483630616391962, "from,this": 0.0013547076089410702, "this,country": 0.002935199819372319, "both,houses": 0.0013547076089410702, "of,parliament": 0.0013547076089410702, "the,new": 0.0013547076089410702, "<s>,i": 0.012643937683449989, "would,be": 0.002935199819372319, "what,is": 0.003160984420862497, "is,not": 0.004289907428313389, "occasion,<e>": 0.0013547076089410702, "<s>,it": 0.004741476631293746, "it,is": 0.008805599458116957, "is,the": 0.004741476631293746, "many,years": 0.0015804922104312486, "and,it": 0.0015804922104312486, "have,been": 0.002257846014901784, "a,great": 0.003612553623842854, "of,that": 0.001128923007450892, "i,hope": 0.0013547076089410702, "to,be": 0.005418830435764281, "be,very": 0.001128923007450892, "in,fact": 0.0027094152178821405, "but,i": 0.001806276811921427, "the,committee": 0.002257846014901784, "under,the": 0.0013547076089410702, "chairman,of": 0.001128923007450892, "<s>,in": 0.004741476631293746, "we,are": 0.004741476631293746, "<s>,we": 0.006321968841724994, "we,can": 0.001128923007450892, "of,them": 0.0015804922104312486, "it,was": 0.0033867690223526757, "was,a": 0.001128923007450892, "are,not": 0.001806276811921427, "by,the": 0.0038383382253330323, "to,do": 0.002257846014901784, "it,<e>": 0.0027094152178821405, "<s>,the": 0.005870399638744638, "as,to": 0.001128923007450892, "the,bill": 0.0040641228268232105, "as,the": 0.003612553623842854, "lord,lord": 0.0083540302551366, "they,were": 0.002483630616391962, "were,withdrawn": 0.001128923007450892, "<s>,he": 0.002257846014901784, "he,has": 0.0020320614134116052, "i,think": 0.003612553623842854, "at,least": 0.0013547076089410702, "if,he": 0.001128923007450892, "the,<e>": 0.0015804922104312486, "the,minister": 0.006321968841724994, "minister,for": 0.0027094152178821405, "some,of": 0.001128923007450892, "is,perhaps": 0.0013547076089410702, "i,should": 0.0027094152178821405, "should,like": 0.002257846014901784, "like,to": 0.0020320614134116052, "at,this": 0.0020320614134116052, "this,stage": 0.001128923007450892, "not,be": 0.0015804922104312486, "will,be": 0.0040641228268232105, "<s>,there": 0.0015804922104312486, "there,is": 0.004741476631293746, "is,no": 0.0013547076089410702, "that,<e>": 0.001128923007450892, "<s>,however": 0.001806276811921427, "and,to": 0.002483630616391962, "the,bbc": 0.003160984420862497, "bbc,and": 0.001806276811921427, "probably,the": 0.0013547076089410702, "the,country": 0.002483630616391962, "in,this": 0.005418830435764281, "what,the": 0.0020320614134116052, "the,fact": 0.002483630616391962, "fact,that": 0.0020320614134116052, "this,amendment": 0.002483630616391962, "<s>,that": 0.002483630616391962, "that,is": 0.002935199819372319, "that,has": 0.001128923007450892, "country,<e>": 0.001806276811921427, "i,do": 0.003612553623842854, "do,not": 0.0033867690223526757, "think,that": 0.0020320614134116052, "that,this": 0.001128923007450892, "with,the": 0.003612553623842854, "<cs>,i": 0.002935199819372319, "the,point": 0.001128923007450892, "we,should": 0.0015804922104312486, "the,iba": 0.004741476631293746, "should,be": 0.001806276811921427, "the,amendment": 0.005193045834274102, "it,will": 0.0013547076089410702, "to,me": 0.001128923007450892, "and,i": 0.004515692029803568, "that,the": 0.014675999096861594, "noble,baroness": 0.002257846014901784, "who,has": 0.001128923007450892, "is,in": 0.0013547076089410702, "from,the": 0.003612553623842854, "if,the": 0.0013547076089410702, "of,my": 0.001806276811921427, "which,i": 0.0013547076089410702, "the,same": 0.003160984420862497, "at,the": 0.004515692029803568, "same,time": 0.001128923007450892, "time,<e>": 0.0013547076089410702, "there,are": 0.0020320614134116052, "of,a": 0.002935199819372319, "long,time": 0.001806276811921427, "this,bill": 0.0027094152178821405, "number,of": 0.001128923007450892, "noble,lords": 0.002483630616391962, "<s>,they": 0.001128923007450892, "the,main": 0.001128923007450892, "of,course": 0.0013547076089410702, "to,us": 0.0027094152178821405, "to,our": 0.0013547076089410702, "question,of": 0.001128923007450892, "government,in": 0.001128923007450892, "in,view": 0.002935199819372319, "view,of": 0.003160984420862497, "that,it": 0.002483630616391962, "may,be": 0.001806276811921427, "lords,it": 0.0020320614134116052, "great,pleasure": 0.001128923007450892, "for,me": 0.0013547076089410702, "me,to": 0.001128923007450892, "to,follow": 0.001128923007450892, "in,his": 0.0013547076089410702, "his,maiden": 0.001128923007450892, "maiden,speech": 0.001806276811921427, "speech,<e>": 0.001128923007450892, "comes,to": 0.0013547076089410702, "us,with": 0.001128923007450892, "knowledge,of": 0.001128923007450892, "the,home": 0.001128923007450892, "he,was": 0.0013547076089410702, "that,he": 0.003160984420862497, "he,will": 0.001128923007450892, "great,deal": 0.001806276811921427, "sure,that": 0.002257846014901784, "we,shall": 0.002483630616391962, "listened,to": 0.0013547076089410702,