{"<cs>,my": 0.04727398205659075, "my,lords": 0.048654244306418216, "must,be": 0.002070393374741201, "the,government": 0.007246376811594203, "and,to": 0.001725327812284334, "<e>,<s>": 0.0748792270531401, "they,have": 0.001725327812284334, "i,believe": 0.002070393374741201, "for,the": 0.007246376811594203, "<s>,i": 0.016563146997929608, "wish,to": 0.003450655624568668, "by,the": 0.005866114561766736, "to,the": 0.015527950310559006, "the,noble": 0.015527950310559006, "noble,lord": 0.011387163561076604, "lord,lord": 0.005175983436853002, "may,i": 0.013802622498274672, "i,ask": 0.00966183574879227, "ask,the": 0.012767425810904072, "the,minister": 0.023809523809523808, "<s>,in": 0.004140786749482402, "as,regards": 0.002070393374741201, "of,our": 0.0024154589371980675, "<s>,it": 0.004140786749482402, "to,me": 0.002070393374741201, "that,the": 0.008971704623878536, "of,the": 0.03554175293305728, "lords,i": 0.019668737060041408, "i,feel": 0.001725327812284334, "i,am": 0.00862663906142167, "noble,lords": 0.004485852311939268, "my,noble": 0.006211180124223602, "noble,friend": 0.006211180124223602, "friend,lord": 0.0027605244996549345, "the,present": 0.002070393374741201, "regional,aid": 0.001725327812284334, "<s>,but": 0.0027605244996549345, "and,that": 0.0027605244996549345, "has,been": 0.005866114561766736, "of,course": 0.001725327812284334, "it,has": 0.003105590062111801, "not,to": 0.002070393374741201, "to,take": 0.002070393374741201, "on,the": 0.013112491373360938, "the,other": 0.001725327812284334, "we,are": 0.0027605244996549345, "going,to": 0.001725327812284334, "<s>,that": 0.001725327812284334, "that,is": 0.0027605244996549345, "from,the": 0.003450655624568668, "the,world": 0.002070393374741201, "i,beg": 0.00759144237405107, "beg,leave": 0.00759144237405107, "leave,to": 0.00862663906142167, "to,ask": 0.010351966873706004, "the,question": 0.00759144237405107, "question,which": 0.004830917874396135, "which,stands": 0.004485852311939268, "stands,in": 0.004485852311939268, "in,my": 0.006901311249137336, "my,name": 0.006901311249137336, "name,on": 0.006901311249137336, "the,order": 0.007246376811594203, "order,paper": 0.006556245686680469, "paper,<e>": 0.006556245686680469, "i,would": 0.0027605244996549345, "it,is": 0.006556245686680469, "that,i": 0.004485852311939268, "i,should": 0.005175983436853002, "lords,while": 0.001725327812284334, "thanking,the": 0.001725327812284334, "minister,for": 0.006556245686680469, "for,that": 0.004830917874396135, "that,reply": 0.003450655624568668, "whether,he": 0.003450655624568668, "he,is": 0.003105590062111801, "say,that": 0.002070393374741201, "that,this": 0.001725327812284334, "this,country": 0.001725327812284334, "will,not": 0.0027605244996549345, "have,to": 0.002070393374741201, "i,thank": 0.004830917874396135, "thank,the": 0.005175983436853002, "for,his": 0.003795721187025535, "ask,him": 0.0027605244996549345, "one,question": 0.003105590062111801, "question,<e>": 0.0027605244996549345, "in,view": 0.002070393374741201, "view,of": 0.002070393374741201, "the,eec": 0.002070393374741201, "to,be": 0.006556245686680469, "which,the": 0.002070393374741201, "in,his": 0.0024154589371980675, "his,reply": 0.003105590062111801, "for,me": 0.001725327812284334, "of,a": 0.003795721187025535, "with,a": 0.001725327812284334, "with,the": 0.002070393374741201, "which,will": 0.002070393374741201, "the,house": 0.006901311249137336, "in,this": 0.003105590062111801, "house,<e>": 0.002070393374741201, "not,the": 0.0024154589371980675, "in,the": 0.014837819185645272, "will,the": 0.0027605244996549345, "lords,may": 0.008281573498964804, "that,he": 0.002070393374741201, "he,has": 0.003105590062111801, "<s>,may": 0.002070393374741201, "the,leader": 0.002070393374741201, "leader,of": 0.002070393374741201, "to,give": 0.0027605244996549345, "at,a": 0.001725327812284334, "does,not": 0.001725327812284334, "does,the": 0.001725327812284334, "agree,that": 0.0027605244996549345, "is,not": 0.003795721187025535, "that,it": 0.0024154589371980675, "should,be": 0.002070393374741201, "me,to": 0.002070393374741201, "have,the": 0.001725327812284334, "assurance,that": 0.001725327812284334, "atlantic,salmon": 0.001725327812284334, "and,the": 0.004140786749482402, "your,lordships": 0.008281573498964804, "should,like": 0.003795721187025535, "like,to": 0.004485852311939268, "and,i": 0.003795721187025535, "i,hope": 0.002070393374741201, "as,a": 0.002070393374741201, "i,have": 0.005521048999309869, "who,are": 0.001725327812284334, "<s>,is": 0.002070393374741201, "is,it": 0.0024154589371980675, "it,not": 0.002070393374741201, "they,are": 0.002070393374741201, "did,not": 0.0027605244996549345, "there,is": 0.005866114561766736, "is,a": 0.004485852311939268, "whether,the": 0.0024154589371980675, "for,a": 0.0027605244996549345, "<s>,if": 0.0027605244996549345, "the,bill": 0.0027605244996549345, "on,this": 0.002070393374741201, "<cs>,i": 0.0024154589371980675, "<s>,these": 0.001725327812284334, "to,do": 0.002070393374741201, "at,all": 0.001725327812284334, "in,a": 0.0027605244996549345, "which,i": 0.004485852311939268, "i,think": 0.004830917874396135, "lords,in": 0.0024154589371980675, "have,been": 0.0027605244996549345, "<s>,they": 0.001725327812284334, "question,of": 0.002070393374741201, "which,we": 0.002070393374741201, "we,have": 0.003450655624568668, "to,thank": 0.001725327812284334, "the,amendment": 0.0027605244996549345, "in,that": 0.001725327812284334, "that,we": 0.003105590062111801, "the,results": 0.001725327812284334, "should,not": 0.001725327812284334, "not,be": 0.003450655624568668, "the,same": 0.001725327812284334, "minister,whether": 0.002070393374741201, "which,is": 0.0024154589371980675, "one,of": 0.0027605244996549345, "can,the": 0.0027605244996549345, "say,whether": 0.001725327812284334, "will,be": 0.003450655624568668, "her,majestys": 0.0027605244996549345, "majestys,government": 0.0027605244996549345, "is,the": 0.0027605244996549345, "do,not": 0.002070393374741201, "lords,would": 0.002070393374741201, "would,the": 0.001725327812284334, "this,bill": 0.002070393374741201, "because,i": 0.001725327812284334, "<s>,we": 0.001725327812284334, "and,it": 0.001725327812284334, "<s>,the": 0.004140786749482402, "number,of": 0.002070393374741201, "lords,can": 0.001725327812284334, "allowed,to": 0.001725327812284334, "are,not": 0.001725327812284334, "who,have": 0.002070393374741201, "fact,that": 0.001725327812284334, "british,airways": 0.002070393374741201, "to,those": 0.001725327812284334, "those,who": 0.004140786749482402, "to,speak": 0.001725327812284334, "at,the": 0.0027605244996549345, "all,the": 0.002070393374741201, "time,<e>": 0.001725327812284334, "reply,<e>": 0.0024154589371980675, "what,i": 0.001725327812284334, "that,there": 0.003105590062111801, "the,first": 0.0024154589371980675, "<s>,there": 0.001725327812284334, "is,no": 0.001725327812284334, "lordships,house": 0.0024154589371980675, "i,wish": 0.001725327812284334, "civil,aviation": 0.001725327812284334, "of,your": 0.003105590062111801, "but,i": 0.001725327812284334, "of,which": 0.001725327812284334, "<s>,can": 0.001725327812284334, "there,are": 0.002070393374741201, "can,be": 0.002070393374741201, "the,argentine": 0.001725327812284334, "question,standing": 0.002070393374741201, "standing,in": 0.002070393374741201}