{"<cs>,my": 0.018442622950819672, "my,lords": 0.019320843091334895, "lords,i": 0.00585480093676815, "because,i": 0.0026346604215456673, "my,noble": 0.007318501170960188, "noble,friend": 0.0055620608899297425, "friend,lord": 0.0038056206088992973, "<e>,<s>": 0.09309133489461359, "<s>,i": 0.03307962529274005, "that,this": 0.002927400468384075, "will,be": 0.001756440281030445, "the,first": 0.0020491803278688526, "has,not": 0.0014637002341920376, "that,<e>": 0.0020491803278688526, "<s>,it": 0.00702576112412178, "it,is": 0.01639344262295082, "which,is": 0.006733021077283372, "i,was": 0.0038056206088992973, "it,<e>": 0.006440281030444965, "<s>,in": 0.00351288056206089, "the,noble": 0.03190866510538642, "noble,lord": 0.019320843091334895, "lord,lord": 0.00702576112412178, "to,be": 0.007318501170960188, "which,i": 0.005269320843091335, "i,thought": 0.00234192037470726, "thought,that": 0.0014637002341920376, "that,he": 0.004098360655737705, "and,i": 0.008489461358313818, "i,think": 0.0117096018735363, "think,that": 0.0055620608899297425, "he,is": 0.001756440281030445, "i,am": 0.01288056206088993, "is,a": 0.00468384074941452, "we,are": 0.0055620608899297425, "concerned,with": 0.0020491803278688526, "with,the": 0.006440281030444965, "as,a": 0.0014637002341920376, "if,they": 0.0014637002341920376, "they,are": 0.00234192037470726, "is,an": 0.001756440281030445, "i,wish": 0.001756440281030445, "wish,to": 0.00234192037470726, "to,say": 0.0055620608899297425, "to,the": 0.007903981264637002, "not,be": 0.00234192037470726, "is,that": 0.0055620608899297425, "that,there": 0.0020491803278688526, "there,is": 0.004976580796252928, "one,is": 0.0014637002341920376, "that,it": 0.004391100702576112, "and,the": 0.001756440281030445, "has,been": 0.004391100702576112, "for,the": 0.00351288056206089, "by,the": 0.0032201405152224825, "and,that": 0.0014637002341920376, "<cs>,i": 0.009660421545667448, "i,did": 0.001756440281030445, "say,that": 0.00468384074941452, "that,was": 0.0014637002341920376, "was,a": 0.001756440281030445, "a,very": 0.002927400468384075, "lords,may": 0.0020491803278688526, "may,i": 0.004976580796252928, "that,i": 0.006147540983606557, "that,they": 0.0032201405152224825, "they,would": 0.0020491803278688526, "them,<e>": 0.0020491803278688526, "i,believe": 0.0014637002341920376, "and,it": 0.0014637002341920376, "there,are": 0.001756440281030445, "be,able": 0.0014637002341920376, "able,to": 0.00234192037470726, "i,ask": 0.0020491803278688526, "<s>,this": 0.004098360655737705, "to,a": 0.0020491803278688526, "of,the": 0.01727166276346604, "this,is": 0.004391100702576112, "is,the": 0.00468384074941452, "we,have": 0.005269320843091335, "this,<e>": 0.0032201405152224825, "think,we": 0.0020491803278688526, "like,to": 0.004098360655737705, "noble,baroness": 0.006147540983606557, "lords,the": 0.0020491803278688526, "we,had": 0.0014637002341920376, "that,is": 0.006147540983606557, "i,have": 0.006147540983606557, "to,do": 0.004391100702576112, "do,not": 0.01288056206088993, "not,<e>": 0.00234192037470726, "no,<e>": 0.001756440281030445, "<s>,we": 0.00468384074941452, "that,the": 0.014637002341920375, "am,not": 0.00351288056206089, "if,i": 0.0026346604215456673, "i,may": 0.0014637002341920376, "this,bill": 0.001756440281030445, "bill,and": 0.0014637002341920376, "a,number": 0.0020491803278688526, "number,of": 0.0026346604215456673, "to,leave": 0.0014637002341920376, "what,we": 0.002927400468384075, "and,we": 0.001756440281030445, "on,it": 0.0014637002341920376, "i,say": 0.0014637002341920376, "<cs>,the": 0.0020491803278688526, "lord,has": 0.00234192037470726, "in,my": 0.0026346604215456673, "is,quite": 0.0014637002341920376, "that,we": 0.004098360655737705, "should,have": 0.0014637002341920376, "at,this": 0.0014637002341920376, "we,all": 0.0014637002341920376, "which,we": 0.0014637002341920376, "is,very": 0.0014637002341920376, "<s>,that": 0.0020491803278688526, "of,us": 0.0014637002341920376, "say,<e>": 0.0014637002341920376, "the,amendment": 0.00702576112412178, "trying,to": 0.001756440281030445, "is,absolutely": 0.0014637002341920376, "in,a": 0.0038056206088992973, "as,the": 0.002927400468384075, "the,bill": 0.0020491803278688526, "we,shall": 0.001756440281030445, "have,a": 0.00234192037470726, "to,put": 0.0014637002341920376, "have,been": 0.0014637002341920376, "the,kind": 0.00234192037470726, "kind,of": 0.002927400468384075, "<s>,what": 0.0014637002341920376, "at,the": 0.0032201405152224825, "is,not": 0.00585480093676815, "not,to": 0.0020491803278688526, "to,go": 0.0014637002341920376, "is,to": 0.0026346604215456673, "on,the": 0.00468384074941452, "which,was": 0.0014637002341920376, "does,not": 0.0020491803278688526, "that,if": 0.0020491803278688526, "of,this": 0.00234192037470726, "this,kind": 0.00234192037470726, "noble,lords": 0.002927400468384075, "i,do": 0.011124121779859485, "not,think": 0.005269320843091335, "would,be": 0.0032201405152224825, "of,my": 0.0020491803278688526, "<s>,the": 0.006147540983606557, "of,it": 0.001756440281030445, "in,this": 0.00234192037470726, "said,that": 0.00351288056206089, "i,would": 0.0014637002341920376, "i,should": 0.00585480093676815, "should,like": 0.0038056206088992973, "has,said": 0.0020491803278688526, "said,<e>": 0.00351288056206089, "agree,with": 0.0026346604215456673, "about,the": 0.0014637002341920376, "<s>,but": 0.0020491803278688526, "going,to": 0.0032201405152224825, "want,to": 0.004098360655737705, "to,make": 0.00234192037470726, "i,can": 0.0014637002341920376, "i,had": 0.0014637002341920376, "it,was": 0.0032201405152224825, "aware,that": 0.0014637002341920376, "the,house": 0.0020491803278688526, "<s>,if": 0.0032201405152224825, "if,the": 0.0014637002341920376, "from,the": 0.0038056206088992973, "of,our": 0.0020491803278688526, "very,important": 0.0014637002341920376, "<s>,my": 0.0020491803278688526, "the,right": 0.0014637002341920376, "of,course": 0.002927400468384075, "the,case": 0.001756440281030445, "the,same": 0.00234192037470726, "noble,earl": 0.00234192037470726, "what,i": 0.001756440281030445, "in,the": 0.007903981264637002, "people,who": 0.0020491803278688526, "what,is": 0.00234192037470726, "but,i": 0.006147540983606557, "is,what": 0.001756440281030445, "something,which": 0.0020491803278688526, "with,this": 0.0014637002341920376, "i,must": 0.00234192037470726, "it,but": 0.0014637002341920376, "it,and": 0.0014637002341920376, "noble,and": 0.0014637002341920376, "and,learned": 0.0014637002341920376, "the,fact": 0.001756440281030445, "fact,that": 0.001756440281030445, "on,this": 0.004976580796252928, "i,shall": 0.004098360655737705, "should,be": 0.004391100702576112, "the,minister": 0.0020491803278688526, "the,government": 0.002927400468384075, "government,<e>": 0.0014637002341920376, "i,hope": 0.0032201405152224825, "hope,that": 0.0020491803278688526, "this,amendment": 0.002927400468384075, "before,the": 0.00234192037470726, "ought,to": 0.0014637002341920376, "this,side": 0.002927400468384075, "side,of": 0.0026346604215456673, "the,committee": 0.0020491803278688526, "to,deal": 0.0014637002341920376, "deal,with": 0.001756440281030445, "<s>,there": 0.0026346604215456673, "not,a": 0.0014637002341920376, "more,than": 0.001756440281030445, "seems,to": 0.0014637002341920376, "to,me": 0.00234192037470726, "me,to": 0.001756440281030445, "think,it": 0.0038056206088992973, "it,would": 0.0020491803278688526, "look,at": 0.001756440281030445, "again,<e>": 0.001756440281030445, "should,not": 0.0014637002341920376, "what,the": 0.001756440281030445, "here,<e>": 0.0014637002341920376, "was,not": 0.0014637002341920376, "the,other": 0.001756440281030445, "not,going": 0.0014637002341920376, "not,the": 0.0020491803278688526, "have,to": 0.0026346604215456673, "one,of": 0.0014637002341920376, "have,not": 0.0026346604215456673, "not,been": 0.0014637002341920376, "will,not": 0.001756440281030445, "so,i": 0.0014637002341920376, "about,this": 0.001756440281030445, "the,people": 0.001756440281030445, "this,house": 0.001756440281030445,