{"<cs>,my": 0.03969465648854962, "my,lords": 0.04173027989821883, "it,would": 0.004071246819338422, "would,be": 0.004580152671755725, "of,the": 0.042239185750636135, "the,defence": 0.004580152671755725, "did,not": 0.0030534351145038168, "in,the": 0.021374045801526718, "and,of": 0.002544529262086514, "i,do": 0.005089058524173028, "<e>,<s>": 0.09618320610687023, "for,the": 0.008142493638676845, "to,be": 0.007633587786259542, "<s>,but": 0.002544529262086514, "by,the": 0.00916030534351145, "and,to": 0.004580152671755725, "to,a": 0.004580152671755725, "that,of": 0.004071246819338422, "congratulate,the": 0.002544529262086514, "the,noble": 0.042748091603053436, "noble,lord": 0.03104325699745547, "lord,lord": 0.020865139949109414, "<s>,it": 0.0055979643765903305, "the,same": 0.0035623409669211198, "<s>,he": 0.002544529262086514, "he,has": 0.0030534351145038168, "and,i": 0.005089058524173028, "i,hope": 0.0030534351145038168, "lords,i": 0.015776081424936386, "i,am": 0.00916030534351145, "that,there": 0.004580152671755725, "in,this": 0.0071246819338422395, "to,the": 0.02697201017811705, "we,are": 0.002544529262086514, "grateful,to": 0.0055979643765903305, "with,which": 0.0035623409669211198, "which,he": 0.002544529262086514, "<s>,i": 0.03104325699745547, "i,shall": 0.0035623409669211198, "not,be": 0.004071246819338422, "say,that": 0.0030534351145038168, "that,i": 0.0061068702290076335, "has,been": 0.0030534351145038168, "and,that": 0.0055979643765903305, "that,we": 0.004580152671755725, "have,to": 0.0030534351145038168, "it,is": 0.008651399491094147, "is,to": 0.002544529262086514, "to,support": 0.0030534351145038168, "support,the": 0.002544529262086514, "i,think": 0.002544529262086514, "we,should": 0.0030534351145038168, "<s>,the": 0.00916030534351145, "the,first": 0.004071246819338422, "the,second": 0.0035623409669211198, "and,the": 0.007633587786259542, "the,royal": 0.002544529262086514, "noble,lords": 0.0030534351145038168, "who,have": 0.0030534351145038168, "most,grateful": 0.002544529262086514, "important,for": 0.0030534351145038168, "northern,ireland": 0.002544529262086514, "the,united": 0.0030534351145038168, "of,your": 0.0030534351145038168, "your,lordships": 0.004580152671755725, "those,who": 0.002544529262086514, "of,their": 0.002544529262086514, "in,a": 0.002544529262086514, "i,was": 0.005089058524173028, "from,the": 0.0035623409669211198, "the,fact": 0.002544529262086514, "fact,that": 0.002544529262086514, "that,the": 0.014249363867684479, "of,defence": 0.004071246819338422, "i,would": 0.004071246819338422, "would,have": 0.004071246819338422, "i,should": 0.004071246819338422, "like,to": 0.004580152671755725, "i,find": 0.002544529262086514, "agreement,with": 0.002544529262086514, "a,great": 0.004071246819338422, "lords,the": 0.0030534351145038168, "noble,baroness": 0.002544529262086514, "i,believe": 0.002544529262086514, "is,a": 0.004071246819338422, "it,<e>": 0.004580152671755725, "<cs>,i": 0.004071246819338422, "the,house": 0.0066157760814249365, "noble,earl": 0.004071246819338422, "but,i": 0.002544529262086514, "support,of": 0.0030534351145038168, "amendment,<e>": 0.004071246819338422, "my,noble": 0.0035623409669211198, "friend,lord": 0.0030534351145038168, "the,armed": 0.0030534351145038168, "armed,forces": 0.004071246819338422, "country,<e>": 0.0030534351145038168, "the,government": 0.009669211195928753, "there,is": 0.004580152671755725, "of,this": 0.0030534351145038168, "this,amendment": 0.005089058524173028, "lords,would": 0.002544529262086514, "would,the": 0.0030534351145038168, "the,minister": 0.0071246819338422395, "noble,friend": 0.0030534351145038168, "the,secretary": 0.002544529262086514, "secretary,of": 0.0035623409669211198, "of,state": 0.0035623409669211198, "one,of": 0.002544529262086514, "as,a": 0.005089058524173028, "a,very": 0.0030534351145038168, "agree,that": 0.004071246819338422, "which,the": 0.004071246819338422, "is,the": 0.0035623409669211198, "aware,that": 0.002544529262086514, "on,the": 0.004580152671755725, "lords,can": 0.0035623409669211198, "can,the": 0.0035623409669211198, "the,debate": 0.004071246819338422, "<s>,his": 0.002544529262086514, "issue,<e>": 0.002544529262086514, "on,this": 0.004071246819338422, "that,it": 0.0066157760814249365, "do,not": 0.0055979643765903305, "with,the": 0.0061068702290076335, "of,his": 0.0030534351145038168, "noble,viscount": 0.0030534351145038168, "wish,to": 0.0035623409669211198, "the,amendment": 0.005089058524173028, "they,are": 0.002544529262086514, "through,the": 0.002544529262086514, "this,country": 0.005089058524173028, "the,bill": 0.0035623409669211198, "i,have": 0.0066157760814249365, "could,be": 0.002544529262086514, "have,been": 0.004580152671755725, "as,the": 0.002544529262086514, "lords,as": 0.0030534351145038168, "<s>,there": 0.002544529262086514, "there,are": 0.004580152671755725, "defence,white": 0.002544529262086514, "white,paper": 0.0030534351145038168, "to,our": 0.0030534351145038168, "will,the": 0.0030534351145038168, "are,a": 0.002544529262086514, "of,those": 0.0030534351145038168, "that,he": 0.0030534351145038168, "of,war": 0.0030534351145038168, "the,question": 0.0030534351145038168, "a,member": 0.002544529262086514, "member,of": 0.0030534351145038168, "to,pay": 0.002544529262086514, "select,committee": 0.0030534351145038168, "war,widows": 0.0030534351145038168, "the,select": 0.0035623409669211198, "the,joint": 0.0061068702290076335, "joint,committee": 0.0055979643765903305, "amendment,no": 0.0035623409669211198, "no,<e>": 0.0035623409669211198}