{"<cs>,my": 0.042819094447859044, "my,lords": 0.04527760704773612, "lords,i": 0.03073140749846343, "i,beg": 0.02048760499897562, "beg,to": 0.02048760499897562, "to,move": 0.02048760499897562, "move,the": 0.01516082769924196, "the,second": 0.01188281089940586, "second,motion": 0.01126818274943659, "motion,standing": 0.015365703749231715, "standing,in": 0.015365703749231715, "in,my": 0.015775455849211226, "my,name": 0.015365703749231715, "name,on": 0.015365703749231715, "on,the": 0.020692481048965376, "the,order": 0.015980331899200985, "order,paper": 0.015775455849211226, "paper,<e>": 0.01516082769924196, "i,have": 0.003278016799836099, "to,what": 0.0016390083999180496, "has,been": 0.002868264699856587, "been,said": 0.001024380249948781, "the,noble": 0.0182339684490883, "noble,lord": 0.012702315099364885, "lord,lord": 0.006965785699651711, "and,the": 0.0036877688998156115, "and,i": 0.0036877688998156115, "i,can": 0.0036877688998156115, "will,be": 0.005736529399713174, "to,the": 0.016594960049170254, "of,the": 0.020692481048965376, "the,select": 0.0034828928498258555, "select,committee": 0.006760909649661954, "committee,<e>": 0.00758041384962098, "<e>,<s>": 0.05306289694734685, "may,i": 0.001024380249948781, "so,far": 0.0016390083999180496, "far,as": 0.0014341323499282934, "that,that": 0.0016390083999180496, "that,is": 0.0026633886498668305, "and,it": 0.0018438844499078057, "it,has": 0.001229256299938537, "to,do": 0.002048760499897562, "<s>,but": 0.001229256299938537, "but,i": 0.0022536365498873182, "i,am": 0.012702315099364885, "sure,that": 0.005326777299733661, "that,the": 0.01126818274943659, "the,house": 0.008809670149559516, "what,the": 0.0014341323499282934, "said,<e>": 0.001024380249948781, "the,best": 0.001229256299938537, "have,been": 0.002868264699856587, "when,the": 0.0016390083999180496, "i,do": 0.002868264699856587, "do,not": 0.0034828928498258555, "of,a": 0.0016390083999180496, "in,the": 0.010653554599467322, "which,the": 0.001229256299938537, "the,bill": 0.0043023970497848806, "i,should": 0.002458512599877074, "like,to": 0.001024380249948781, "to,be": 0.003073140749846343, "<s>,i": 0.013726695349313665, "can,only": 0.0014341323499282934, "say,that": 0.0016390083999180496, "of,your": 0.002458512599877074, "your,lordships": 0.008809670149559516, "as,i": 0.0018438844499078057, "i,will": 0.0016390083999180496, "the,attention": 0.0014341323499282934, "attention,of": 0.0014341323499282934, "in,this": 0.003278016799836099, "this,matter": 0.0014341323499282934, "by,the": 0.005736529399713174, "that,he": 0.0014341323499282934, "the,procedure": 0.002458512599877074, "procedure,committee": 0.0018438844499078057, "has,not": 0.001024380249948781, "the,report": 0.0014341323499282934, "committee,on": 0.001229256299938537, "in,fact": 0.0016390083999180496, "i,think": 0.0036877688998156115, "in,another": 0.0018438844499078057, "another,place": 0.002868264699856587, "at,the": 0.002868264699856587, "we,are": 0.0016390083999180496, "are,now": 0.001024380249948781, "that,i": 0.0018438844499078057, "<s>,this": 0.001024380249948781, "we,shall": 0.001229256299938537, "move,that": 0.0036877688998156115, "report,from": 0.001024380249948781, "from,the": 0.003892644949805368, "agreed,to": 0.0014341323499282934, "to,<e>": 0.001229256299938537, "that,this": 0.003892644949805368, "this,bill": 0.003892644949805368, "be,now": 0.001024380249948781, "a,second": 0.0014341323499282934, "time,<e>": 0.001024380249948781, "am,grateful": 0.0016390083999180496, "grateful,to": 0.0034828928498258555, "second,reading": 0.001229256299938537, "of,this": 0.002458512599877074, "bill,<e>": 0.001229256299938537, "of,course": 0.001229256299938537, "think,i": 0.001024380249948781, "lordships,who": 0.001024380249948781, "who,have": 0.0018438844499078057, "on,this": 0.001229256299938537, "that,we": 0.0018438844499078057, "should,be": 0.0036877688998156115, "house,and": 0.001229256299938537, "for,the": 0.002868264699856587, "am,sure": 0.0036877688998156115, "lord,has": 0.001229256299938537, "that,it": 0.003278016799836099, "it,will": 0.002458512599877074, "have,no": 0.001024380249948781, "there,was": 0.001229256299938537, "that,<e>": 0.001229256299938537, "this,is": 0.002048760499897562, "is,a": 0.003278016799836099, "which,is": 0.0018438844499078057, "dealt,with": 0.001024380249948781, "<s>,there": 0.002868264699856587, "there,are": 0.0043023970497848806, "a,number": 0.001229256299938537, "number,of": 0.0014341323499282934, "would,be": 0.003892644949805368, "but,the": 0.001024380249948781, "the,fact": 0.0014341323499282934, "is,that": 0.0022536365498873182, "that,there": 0.0016390083999180496, "there,is": 0.0022536365498873182, "is,no": 0.001024380249948781, "is,the": 0.002048760499897562, "it,<e>": 0.001024380249948781, "amendment,no": 0.0014341323499282934, "no,<e>": 0.0016390083999180496, "the,motion": 0.0014341323499282934, "<s>,the": 0.005531653349723417, "the,normal": 0.001229256299938537, "private,bill": 0.0018438844499078057, "<s>,it": 0.005121901249743905, "with,the": 0.002868264699856587, "this,house": 0.0016390083999180496, "i,certainly": 0.001024380249948781, "the,merits": 0.001229256299938537, "merits,of": 0.001229256299938537, "the,case": 0.0014341323499282934, "reason,why": 0.001024380249948781, "we,have": 0.001229256299938537, "have,not": 0.001024380249948781, "as,the": 0.0022536365498873182, "the,two": 0.001229256299938537, "it,is": 0.00758041384962098, "is,for": 0.001024380249948781, "the,first": 0.0014341323499282934, "the,last": 0.001024380249948781, "am,very": 0.0016390083999180496, "very,grateful": 0.002048760499897562, "those,who": 0.0014341323499282934, "noble,lords": 0.001229256299938537, "attention,to": 0.0016390083999180496, "clauses,and": 0.001024380249948781, "petitions,against": 0.0014341323499282934, "they,are": 0.0022536365498873182, "they,will": 0.0014341323499282934, "go,to": 0.0026633886498668305, "to,a": 0.003278016799836099, "a,select": 0.002458512599877074, "the,promoters": 0.001024380249948781, "against,the": 0.0014341323499282934, "<cs>,yes": 0.001024380249948781, "yes,my": 0.001024380249948781, "members,of": 0.0018438844499078057, "noble,baroness": 0.001229256299938537, "to,go": 0.0022536365498873182, "the,services": 0.0022536365498873182, "services,committee": 0.0022536365498873182, "<s>,as": 0.002048760499897562, "the,other": 0.0014341323499282934, "<s>,we": 0.0016390083999180496, "have,to": 0.0014341323499282934, "if,i": 0.001024380249948781, "i,may": 0.001229256299938537, "be,very": 0.001229256299938537, "<s>,they": 0.001229256299938537, "not,think": 0.0018438844499078057, "that,has": 0.0014341323499282934, "think,that": 0.0036877688998156115, "that,in": 0.0014341323499282934, "<s>,if": 0.001024380249948781, "the,same": 0.0022536365498873182, "this,afternoon": 0.0018438844499078057, "if,the": 0.0014341323499282934, "noble,and": 0.001229256299938537, "and,learned": 0.001229256299938537, "learned,lord": 0.001229256299938537, "would,have": 0.0014341323499282934, "the,committee": 0.006760909649661954, "bill,is": 0.001024380249948781, "is,not": 0.0014341323499282934, "the,unopposed": 0.001024380249948781, "it,would": 0.003073140749846343, "me,to": 0.0018438844499078057, "to,make": 0.0014341323499282934, "i,shall": 0.002458512599877074, "bill,do": 0.0014341323499282934, "do,now": 0.0014341323499282934, "now,pass": 0.0014341323499282934, "pass,<e>": 0.0014341323499282934, "the,third": 0.0026633886498668305, "third,motion": 0.0022536365498873182, "lords,the": 0.002048760499897562, "the,matter": 0.002048760499897562, "<s>,however": 0.0014341323499282934, "i,hope": 0.0016390083999180496, "hope,that": 0.0016390083999180496, "lordships,will": 0.001024380249948781, "committee,which": 0.001024380249948781, "it,was": 0.0022536365498873182, "be,referred": 0.001229256299938537, "referred,to": 0.001229256299938537, "this,particular": 0.0014341323499282934, "lords,it": 0.0018438844499078057, "is,in": 0.0014341323499282934, "have,a": 0.001229256299938537,