{"<cs>,my": 0.027722772277227723, "my,lords": 0.028712871287128714, "lords,i": 0.01485148514851485, "i,should": 0.01089108910891089, "which,is": 0.0049504950495049506, "<e>,<s>": 0.12178217821782178, "to,which": 0.006930693069306931, "which,i": 0.009900990099009901, "should,like": 0.007920792079207921, "like,to": 0.007920792079207921, "of,the": 0.061386138613861385, "have,been": 0.009900990099009901, "as,the": 0.005940594059405941, "the,noble": 0.03564356435643564, "noble,lord": 0.02277227722772277, "lord,lord": 0.020792079207920793, "<s>,it": 0.02574257425742574, "it,is": 0.01782178217821782, "is,a": 0.007920792079207921, "it,was": 0.01089108910891089, "i,am": 0.01089108910891089, "in,this": 0.009900990099009901, "this,debate": 0.0049504950495049506, "within,the": 0.0049504950495049506, "in,a": 0.0049504950495049506, "i,have": 0.01089108910891089, "the,commission": 0.005940594059405941, "to,be": 0.011881188118811881, "the,royal": 0.006930693069306931, "a,member": 0.0049504950495049506, "member,of": 0.0049504950495049506, "royal,commission": 0.005940594059405941, "commission,on": 0.0049504950495049506, "on,environmental": 0.0049504950495049506, "environmental,pollution": 0.0049504950495049506, "there,is": 0.005940594059405941, "the,minister": 0.01287128712871287, "to,the": 0.030693069306930693, "the,passport": 0.0049504950495049506, "on,the": 0.01881188118811881, "<s>,i": 0.019801980198019802, "the,amendment": 0.007920792079207921, "that,the": 0.011881188118811881, "is,that": 0.0049504950495049506, "as,i": 0.0049504950495049506, "for,the": 0.009900990099009901, "that,i": 0.01089108910891089, "your,lordships": 0.006930693069306931, "those,who": 0.006930693069306931, "should,be": 0.005940594059405941, "<s>,the": 0.011881188118811881, "the,question": 0.0049504950495049506, "this,amendment": 0.0049504950495049506, "is,the": 0.0049504950495049506, "in,the": 0.020792079207920793, "amendment,<e>": 0.005940594059405941, "lords,as": 0.0049504950495049506, "the,report": 0.006930693069306931, "from,the": 0.007920792079207921, "and,the": 0.005940594059405941, "which,the": 0.005940594059405941, "perhaps,i": 0.0049504950495049506, "i,shall": 0.005940594059405941, "in,my": 0.0049504950495049506, "<cs>,i": 0.007920792079207921, "as,to": 0.0049504950495049506, "in,relation": 0.0049504950495049506, "relation,to": 0.0049504950495049506, "i,beg": 0.0049504950495049506, "beg,leave": 0.005940594059405941, "leave,to": 0.005940594059405941, "to,withdraw": 0.0049504950495049506, "noble,baroness": 0.006930693069306931, "baroness,lady": 0.0049504950495049506, "it,would": 0.0049504950495049506, "and,i": 0.005940594059405941, "has,been": 0.01089108910891089, "the,committee": 0.006930693069306931, "noble,earl": 0.0049504950495049506, "that,we": 0.0049504950495049506, "we,have": 0.005940594059405941, "with,the": 0.006930693069306931, "the,debate": 0.0049504950495049506, "that,is": 0.0049504950495049506, "which,has": 0.0049504950495049506, "i,may": 0.0049504950495049506, "by,the": 0.01089108910891089, "<s>,however": 0.005940594059405941, "that,he": 0.005940594059405941, "i,had": 0.006930693069306931, "to,refer": 0.005940594059405941, "in,that": 0.0049504950495049506, "thank,the": 0.0049504950495049506}