{"<cs>,my": 0.05166051660516605, "my,lords": 0.04981549815498155, "i,am": 0.02029520295202952, "in,the": 0.03874538745387454, "on,the": 0.016605166051660517, "of,the": 0.07933579335793357, "<e>,<s>": 0.11808118081180811, "your,lordships": 0.02029520295202952, "has,been": 0.012915129151291513, "for,the": 0.00922509225092251, "the,noble": 0.06088560885608856, "noble,lord": 0.033210332103321034, "lord,the": 0.01107011070110701, "that,the": 0.01845018450184502, "and,the": 0.01107011070110701, "<s>,i": 0.04059040590405904, "i,should": 0.023985239852398525, "should,like": 0.023985239852398525, "like,to": 0.023985239852398525, "the,amendment": 0.01107011070110701, "by,the": 0.012915129151291513, "lord,lord": 0.025830258302583026, "at,least": 0.01107011070110701, "in,this": 0.01107011070110701, "about,the": 0.00922509225092251, "that,i": 0.00922509225092251, "to,the": 0.02214022140221402, "with,the": 0.00922509225092251, "lords,i": 0.016605166051660517, "noble,earl": 0.00922509225092251, "<s>,the": 0.016605166051660517, "of,this": 0.01107011070110701, "it,is": 0.01845018450184502, "but,i": 0.00922509225092251, "the,minister": 0.00922509225092251, "the,joint": 0.00922509225092251, "joint,committee": 0.00922509225092251, "committee,on": 0.00922509225092251, "on,statutory": 0.00922509225092251, "statutory,instruments": 0.00922509225092251, "noble,and": 0.012915129151291513, "and,learned": 0.012915129151291513, "learned,lord": 0.012915129151291513, "my,noble": 0.00922509225092251, "noble,friend": 0.00922509225092251, "hope,that": 0.01107011070110701, "i,hope": 0.00922509225092251}