{"<cs>,my": 0.045871559633027525, "my,lords": 0.045871559633027525, "it,is": 0.010008340283569641, "is,the": 0.014178482068390326, "by,the": 0.007089241034195163, "<e>,<s>": 0.09549624687239366, "from,the": 0.005421184320266889, "lords,i": 0.008340283569641367, "i,beg": 0.0045871559633027525, "beg,leave": 0.004170141784820684, "leave,to": 0.004170141784820684, "to,ask": 0.0045871559633027525, "ask,the": 0.0050041701417848205, "the,question": 0.0045871559633027525, "question,which": 0.004170141784820684, "which,stands": 0.004170141784820684, "stands,in": 0.004170141784820684, "in,my": 0.0045871559633027525, "my,name": 0.0045871559633027525, "name,on": 0.004170141784820684, "on,the": 0.01751459549624687, "the,order": 0.004170141784820684, "order,paper": 0.004170141784820684, "paper,<e>": 0.004170141784820684, "i,am": 0.006255212677231026, "to,the": 0.01793160967472894, "the,noble": 0.040450375312760634, "noble,lord": 0.029190992493744787, "lord,for": 0.002085070892410342, "for,that": 0.0025020850708924102, "<s>,does": 0.0025020850708924102, "does,he": 0.0029190992493744786, "he,not": 0.002085070892410342, "agree,that": 0.0029190992493744786, "the,public": 0.0037531276063386154, "of,the": 0.03669724770642202, "in,this": 0.0029190992493744786, "that,the": 0.021684737281067557, "at,the": 0.0025020850708924102, "the,other": 0.003336113427856547, "have,been": 0.004170141784820684, "lords,is": 0.010842368640533779, "lord,aware": 0.006255212677231026, "aware,that": 0.010425354462051709, "of,us": 0.0025020850708924102, "involved,in": 0.002085070892410342, "i,must": 0.003336113427856547, "which,is": 0.0037531276063386154, "and,that": 0.003336113427856547, "to,be": 0.009174311926605505, "in,the": 0.019599666388657216, "will,the": 0.01292743953294412, "the,government": 0.015429524603836531, "lords,does": 0.0029190992493744786, "does,the": 0.0029190992493744786, "that,there": 0.0029190992493744786, "there,is": 0.0029190992493744786, "is,a": 0.0050041701417848205, "try,to": 0.002085070892410342, "<s>,is": 0.008340283569641367, "is,he": 0.005421184320266889, "he,aware": 0.004170141784820684, "aware,of": 0.0045871559633027525, "which,have": 0.002085070892410342, "the,vast": 0.003336113427856547, "vast,majority": 0.0025020850708924102, "majority,of": 0.003336113427856547, "noble,viscount": 0.0025020850708924102, "<s>,will": 0.007506255212677231, "up,the": 0.002085070892410342, "has,been": 0.003336113427856547, "been,made": 0.0025020850708924102, "<s>,can": 0.003336113427856547, "can,he": 0.0050041701417848205, "the,house": 0.005421184320266889, "lords,will": 0.005838198498748957, "will,he": 0.004170141784820684, "feel,that": 0.002085070892410342, "should,be": 0.0045871559633027525, "that,it": 0.004170141784820684, "he,say": 0.002085070892410342, "the,united": 0.0050041701417848205, "united,kingdom": 0.0029190992493744786, "will,be": 0.003336113427856547, "may,i": 0.0029190992493744786, "i,ask": 0.002085070892410342, "as,to": 0.002085070892410342, "are,not": 0.002085070892410342, "not,be": 0.0025020850708924102, "to,have": 0.0029190992493744786, "the,time": 0.002085070892410342, "of,this": 0.0037531276063386154, "of,a": 0.0025020850708924102, "to,a": 0.002085070892410342, "it,not": 0.003336113427856547, "the,interests": 0.0025020850708924102, "for,the": 0.004170141784820684, "lords,bearing": 0.0029190992493744786, "bearing,in": 0.0037531276063386154, "in,mind": 0.011259382819015847, "mind,that": 0.0050041701417848205, "side,of": 0.0025020850708924102, "would,not": 0.002085070892410342, "with,the": 0.005838198498748957, "that,one": 0.002085070892410342, "one,of": 0.003336113427856547, "general,aviation": 0.0045871559633027525, "the,great": 0.0025020850708924102, "<s>,there": 0.0025020850708924102, "and,the": 0.004170141784820684, "into,the": 0.002085070892410342, "lords,can": 0.0025020850708924102, "can,the": 0.003336113427856547, "noble,earl": 0.005421184320266889, "able,to": 0.002085070892410342, "is,it": 0.004170141784820684, "fact,that": 0.002085070892410342, "lords,may": 0.0025020850708924102, "or,not": 0.002085070892410342, "not,a": 0.0025020850708924102, "under,the": 0.002085070892410342, "per,cent": 0.0037531276063386154, "cent,<e>": 0.0037531276063386154, "the,whole": 0.002085070892410342, "the,minister": 0.005421184320266889, "<s>,in": 0.003336113427856547, "bear,in": 0.006672226855713094, "mind,the": 0.0045871559633027525, "lord,lord": 0.0025020850708924102, "<s>,it": 0.008340283569641367, "have,a": 0.0025020850708924102, "<s>,we": 0.005421184320266889, "noble,lords": 0.0029190992493744786, "<s>,i": 0.008340283569641367, "my,noble": 0.005421184320266889, "noble,friend": 0.0050041701417848205, "<s>,the": 0.008757297748123435, "the,most": 0.0025020850708924102, "united,states": 0.002085070892410342, "over,the": 0.0025020850708924102, "we,are": 0.0037531276063386154, "<cs>,i": 0.006255212677231026, "that,he": 0.0029190992493744786, "the,committee": 0.002085070892410342, "they,are": 0.0029190992493744786, "view,of": 0.002085070892410342, "recall,the": 0.002085070892410342, "regarding,the": 0.002085070892410342, "would,be": 0.002085070892410342, "that,this": 0.002085070892410342, "that,they": 0.0029190992493744786, "in,a": 0.0025020850708924102, "the,importance": 0.002085070892410342, "importance,of": 0.0025020850708924102, "the,right": 0.0025020850708924102, "not,the": 0.0029190992493744786, "noble,baroness": 0.0025020850708924102, "as,a": 0.002085070892410342, "lord,bear": 0.0025020850708924102, "lords,on": 0.002085070892410342, "out,of": 0.0025020850708924102, "interests,of": 0.002085070892410342, "amendment,<e>": 0.0029190992493744786, "it,<e>": 0.0029190992493744786, "<s>,they": 0.002085070892410342, "industry,<e>": 0.002085070892410342, "a,private": 0.002085070892410342, "the,position": 0.002085070892410342, "this,amendment": 0.0025020850708924102, "british,industry": 0.002085070892410342, "of,competition": 0.002085070892410342}