{"<cs>,my": 0.04504504504504504, "my,lords": 0.04504504504504504, "<e>,<s>": 0.17117117117117117, "the,select": 0.03003003003003003, "select,committee": 0.03003003003003003, "in,the": 0.03303303303303303, "to,the": 0.024024024024024024, "the,noble": 0.06306306306306306, "noble,lord": 0.04804804804804805, "lord,lord": 0.036036036036036036, "<s>,the": 0.024024024024024024, "the,house": 0.015015015015015015, "of,the": 0.057057057057057055, "i,am": 0.03303303303303303, "that,we": 0.015015015015015015, "on,the": 0.018018018018018018, "that,the": 0.024024024024024024, "for,the": 0.018018018018018018, "<s>,i": 0.036036036036036036, "will,be": 0.021021021021021023, "i,do": 0.015015015015015015, "do,not": 0.021021021021021023, "it,is": 0.018018018018018018, "i,think": 0.021021021021021023, "i,may": 0.021021021021021023, "one,of": 0.015015015015015015, "lord,underhill": 0.015015015015015015, "the,minister": 0.018018018018018018, "this,amendment": 0.015015015015015015, "amendment,<e>": 0.015015015015015015, "<s>,it": 0.018018018018018018, "lords,i": 0.021021021021021023}