{"<cs>,my": 0.013293502613890963, "my,lords": 0.013293502613890963, "lords,perhaps": 0.0007468259895444362, "perhaps,i": 0.0035847647498132933, "i,may": 0.004929051530993278, "my,noble": 0.001194921583271098, "noble,friend": 0.001194921583271098, "friend,lord": 0.0010455563853622107, "and,the": 0.004182225541448843, "the,noble": 0.02270351008215086, "noble,lord": 0.005377147124719941, "lord,lord": 0.006572068707991038, "for,his": 0.0026885735623599703, "of,my": 0.0008961911874533233, "in,this": 0.0014936519790888724, "debate,<e>": 0.0007468259895444362, "<e>,<s>": 0.08558625840179238, "<s>,i": 0.016280806572068707, "that,the": 0.01239731142643764, "will,not": 0.0017923823749066467, "not,be": 0.0014936519790888724, "i,am": 0.012696041822255415, "<s>,but": 0.0008961911874533233, "but,i": 0.0010455563853622107, "your,lordships": 0.002539208364451083, "that,i": 0.0022404779686333084, "i,have": 0.0013442867811799852, "i,shall": 0.002539208364451083, "by,the": 0.006123973114264376, "lordships,house": 0.001941747572815534, "house,<e>": 0.0013442867811799852, "there,is": 0.004779686333084392, "is,no": 0.0014936519790888724, "to,the": 0.019865571321882002, "of,this": 0.002389843166542196, "in,fact": 0.0007468259895444362, "the,very": 0.0008961911874533233, "law,<e>": 0.001194921583271098, "<s>,it": 0.01135175504107543, "on,this": 0.003286034353995519, "noble,and": 0.013741598207617625, "and,learned": 0.013741598207617625, "learned,lord": 0.01299477221807319, "lord,advocate": 0.005377147124719941, "<s>,we": 0.0037341299477221808, "as,i": 0.0017923823749066467, "i,understand": 0.0008961911874533233, "the,position": 0.0010455563853622107, "over,the": 0.0010455563853622107, "on,the": 0.005227781926811053, "part,of": 0.001194921583271098, "of,the": 0.029275578790141896, "have,been": 0.0017923823749066467, "with,the": 0.004032860343539955, "principle,of": 0.0007468259895444362, "in,a": 0.001194921583271098, "at,the": 0.003286034353995519, "to,this": 0.001941747572815534, "may,say": 0.0014936519790888724, "say,that": 0.002539208364451083, "that,it": 0.0026885735623599703, "it,is": 0.009410007468259896, "those,of": 0.0010455563853622107, "of,us": 0.0013442867811799852, "in,the": 0.015982076176250932, "will,have": 0.0014936519790888724, "<cs>,perhaps": 0.0013442867811799852, "in,support": 0.0007468259895444362, "lord,carmichael": 0.0007468259895444362, "this,particular": 0.0007468259895444362, "amendment,<e>": 0.010007468259895444, "from,the": 0.0035847647498132933, "has,been": 0.004182225541448843, "that,has": 0.0007468259895444362, "is,a": 0.005078416728902166, "<s>,in": 0.005078416728902166, "in,that": 0.0007468259895444362, "there,are": 0.0008961911874533233, "to,be": 0.006721433905899925, "the,amendment": 0.013741598207617625, "as,it": 0.0008961911874533233, "the,provision": 0.0010455563853622107, "<cs>,before": 0.0008961911874533233, "before,the": 0.0016430171769977594, "noble,baroness": 0.001941747572815534, "sits,down": 0.0008961911874533233, "and,to": 0.001194921583271098, "<s>,the": 0.009410007468259896, "of,these": 0.0008961911874533233, "is,to": 0.0013442867811799852, "that,there": 0.0020911127707244214, "this,side": 0.002987303958177745, "side,of": 0.002987303958177745, "the,chamber": 0.001194921583271098, "it,has": 0.001194921583271098, "lords,i": 0.005825242718446602, "i,wish": 0.001194921583271098, "wish,to": 0.0022404779686333084, "the,house": 0.0016430171769977594, "lord,mccluskey": 0.0013442867811799852, "what,has": 0.0010455563853622107, "it,was": 0.0014936519790888724, "to,have": 0.0014936519790888724, "have,a": 0.001194921583271098, "<s>,he": 0.0013442867811799852, "should,be": 0.003136669156086632, "<cs>,i": 0.01135175504107543, "whether,the": 0.0007468259895444362, "i,say": 0.0007468259895444362, "can,be": 0.001194921583271098, "referred,to": 0.0007468259895444362, "but,it": 0.0010455563853622107, "is,not": 0.0028379387602688573, "not,a": 0.0010455563853622107, "of,that": 0.0014936519790888724, "i,think": 0.0007468259895444362, "the,point": 0.0016430171769977594, "made,by": 0.001194921583271098, "as,the": 0.0026885735623599703, "it,may": 0.0014936519790888724, "may,be": 0.0034353995519044063, "that,a": 0.0010455563853622107, "a,person": 0.0016430171769977594, "to,take": 0.0014936519790888724, "take,the": 0.0007468259895444362, "as,to": 0.0013442867811799852, "because,it": 0.0007468259895444362, "the,bill": 0.005526512322628827, "the,arbiter": 0.0007468259895444362, "the,court": 0.0008961911874533233, "court,of": 0.001194921583271098, "of,session": 0.0007468259895444362, "in,scotland": 0.0014936519790888724, "if,the": 0.0016430171769977594, "the,case": 0.0010455563853622107, "the,committee": 0.003136669156086632, "the,clause": 0.0013442867811799852, "it,might": 0.0007468259895444362, "might,be": 0.001194921583271098, "be,a": 0.001941747572815534, "for,the": 0.004779686333084392, "the,government": 0.005227781926811053, "government,to": 0.0007468259895444362, "and,for": 0.0008961911874533233, "the,amendments": 0.0010455563853622107, "in,subsection": 0.0007468259895444362, "a,matter": 0.001194921583271098, "the,problem": 0.0010455563853622107, "in,relation": 0.0026885735623599703, "relation,to": 0.0026885735623599703, "to,clause": 0.0008961911874533233, "do,not": 0.004182225541448843, "<s>,if": 0.0028379387602688573, "if,we": 0.0007468259895444362, "states,<e>": 0.0008961911874533233, "i,believe": 0.0010455563853622107, "believe,that": 0.0008961911874533233, "the,question": 0.0014936519790888724, "if,it": 0.0007468259895444362, "was,not": 0.0010455563853622107, "explanation,of": 0.0008961911874533233, "of,clause": 0.0013442867811799852, "if,i": 0.0020911127707244214, "say,so": 0.0007468259895444362, "that,is": 0.0034353995519044063, "perhaps,the": 0.0008961911874533233, "look,at": 0.0008961911874533233, "is,that": 0.0010455563853622107, "has,to": 0.0010455563853622107, "be,made": 0.0007468259895444362, "a,point": 0.001194921583271098, "point,of": 0.0014936519790888724, "need,to": 0.0007468259895444362, "this,bill": 0.001194921583271098, "bill,<e>": 0.0022404779686333084, "up,to": 0.0008961911874533233, "we,have": 0.002389843166542196, "what,is": 0.0017923823749066467, "behind,the": 0.0010455563853622107, "it,would": 0.0022404779686333084, "would,be": 0.0026885735623599703, "lords,the": 0.0010455563853622107, "members,of": 0.0007468259895444362, "of,a": 0.001941747572815534, "they,are": 0.0007468259895444362, "does,not": 0.0022404779686333084, "the,operation": 0.0007468259895444362, "operation,of": 0.0008961911874533233, "<s>,there": 0.002539208364451083, "reason,why": 0.0007468259895444362, "should,not": 0.0008961911874533233, "that,<e>": 0.0007468259895444362, "in,which": 0.0010455563853622107, "<s>,for": 0.0007468259895444362, "for,example": 0.0008961911874533233, "piece,of": 0.0013442867811799852, "could,be": 0.0014936519790888724, "within,the": 0.0008961911874533233, "i,do": 0.0026885735623599703, "to,get": 0.0008961911874533233, "this,matter": 0.0008961911874533233, "matter,<e>": 0.0017923823749066467, "it,<e>": 0.0026885735623599703, "to,do": 0.0008961911874533233, "and,it": 0.0007468259895444362, "<s>,that": 0.0034353995519044063, "noble,lords": 0.0010455563853622107, "the,matter": 0.0020911127707244214, "saying,that": 0.001194921583271098, "baroness,lady": 0.0010455563853622107, "lady,carnegy": 0.0008961911874533233, "should,like": 0.0014936519790888724, "like,to": 0.0016430171769977594, "add,my": 0.0010455563853622107, "of,legislation": 0.0007468259895444362, "at,this": 0.0017923823749066467, "on,a": 0.0013442867811799852, "have,to": 0.0010455563853622107, "to,say": 0.0013442867811799852, "about,the": 0.0017923823749066467, "noble,earl": 0.0013442867811799852, "earl,lord": 0.001194921583271098, "and,i": 0.0010455563853622107, "i,was": 0.0013442867811799852, "is,an": 0.0020911127707244214, "i,said": 0.0007468259895444362, "said,that": 0.0010455563853622107, "not,necessarily": 0.0010455563853622107, "scotland,<e>": 0.0016430171769977594,