{"<cs>,my": 0.04946236559139785, "my,lords": 0.053763440860215055, "to,the": 0.023655913978494623, "the,noble": 0.030107526881720432, "by,the": 0.012903225806451613, "noble,lord": 0.01935483870967742, "lord,lord": 0.01935483870967742, "for,the": 0.017204301075268817, "<e>,<s>": 0.17634408602150536, "that,it": 0.015053763440860216, "it,is": 0.034408602150537634, "in,order": 0.010752688172043012, "order,to": 0.010752688172043012, "of,the": 0.03870967741935484, "<cs>,i": 0.010752688172043012, "like,to": 0.012903225806451613, "to,speak": 0.010752688172043012, "<s>,it": 0.023655913978494623, "has,been": 0.012903225806451613, "per,cent": 0.010752688172043012, "cent,<e>": 0.010752688172043012, "<s>,i": 0.047311827956989246, "i,understand": 0.010752688172043012, "in,the": 0.043010752688172046, "i,think": 0.017204301075268817, "think,that": 0.010752688172043012, "lords,i": 0.02795698924731183, "that,the": 0.021505376344086023, "there,is": 0.01935483870967742, "to,be": 0.010752688172043012, "in,a": 0.012903225806451613, "<s>,the": 0.015053763440860216, "of,my": 0.010752688172043012, "my,noble": 0.03225806451612903, "noble,friend": 0.030107526881720432, "friend,lord": 0.010752688172043012, "i,am": 0.02795698924731183, "<s>,there": 0.010752688172043012, "that,i": 0.012903225806451613, "will,be": 0.010752688172043012, "number,of": 0.012903225806451613}