{"<cs>,my": 0.023778071334214, "my,lords": 0.02394319682959049, "lords,i": 0.013870541611624834, "i,do": 0.0034676354029062086, "do,not": 0.004788639365918098, "need,to": 0.0008256274768824307, "for,the": 0.0033025099075297227, "the,first": 0.0009907529722589167, "in,this": 0.002476882430647292, "is,a": 0.004788639365918098, "<e>,<s>": 0.08289299867899604, "<s>,i": 0.02427344782034346, "i,was": 0.002311756935270806, "when,the": 0.0008256274768824307, "the,noble": 0.015852047556142668, "noble,lord": 0.006439894319682959, "lord,lord": 0.00511889035667107, "reference,to": 0.0008256274768824307, "of,the": 0.025264200792602377, "lords,may": 0.001321003963011889, "may,i": 0.002476882430647292, "the,house": 0.0021466314398943197, "to,the": 0.012549537648612946, "for,introducing": 0.0009907529722589167, "introducing,this": 0.0009907529722589167, "and,for": 0.0008256274768824307, "my,name": 0.001321003963011889, "to,speak": 0.0019815059445178335, "because,i": 0.001321003963011889, "speak,on": 0.001155878467635403, "on,a": 0.0008256274768824307, "<s>,however": 0.0034676354029062086, "to,do": 0.001486129458388375, "do,so": 0.0008256274768824307, "it,may": 0.0008256274768824307, "to,be": 0.007595772787318362, "on,the": 0.005284015852047556, "end,of": 0.001321003963011889, "does,not": 0.002642007926023778, "and,i": 0.003797886393659181, "i,feel": 0.0019815059445178335, "feel,that": 0.0016512549537648614, "that,the": 0.012714663143989433, "of,a": 0.00297225891677675, "not,be": 0.001486129458388375, "out,of": 0.001321003963011889, "place,<e>": 0.001155878467635403, "however,i": 0.0018163804491413474, "not,to": 0.001321003963011889, "your,lordships": 0.0042932628797886395, "more,than": 0.0009907529722589167, "a,few": 0.00297225891677675, "lords,is": 0.0009907529722589167, "is,the": 0.0042932628797886395, "the,minister": 0.010568031704095112, "minister,aware": 0.0008256274768824307, "aware,that": 0.001486129458388375, "that,there": 0.0019815059445178335, "there,are": 0.001321003963011889, "number,of": 0.0021466314398943197, "in,the": 0.012054161162483487, "the,country": 0.001321003963011889, "about,the": 0.0033025099075297227, "of,their": 0.0008256274768824307, "their,children": 0.0009907529722589167, "not,agree": 0.0008256274768824307, "agree,that": 0.0021466314398943197, "is,to": 0.0019815059445178335, "by,the": 0.0057793923381770146, "such,as": 0.001155878467635403, "as,the": 0.0018163804491413474, "was,not": 0.0008256274768824307, "<cs>,i": 0.0066050198150594455, "i,am": 0.008256274768824307, "as,i": 0.0019815059445178335, "i,have": 0.005614266842800529, "have,to": 0.00297225891677675, "i,should": 0.011889035667107, "should,like": 0.011889035667107, "like,to": 0.012549537648612946, "of,your": 0.001321003963011889, "i,want": 0.0009907529722589167, "want,to": 0.001321003963011889, "which,is": 0.0018163804491413474, "for,a": 0.001486129458388375, "to,take": 0.0008256274768824307, "which,we": 0.0009907529722589167, "we,have": 0.0042932628797886395, "from,the": 0.0031373844121532365, "i,too": 0.003632760898282695, "too,should": 0.0018163804491413474, "to,thank": 0.0028071334214002644, "thank,the": 0.006109643328929987, "noble,earl": 0.0019815059445178335, "minister,for": 0.0042932628797886395, "for,his": 0.0016512549537648614, "with,the": 0.00297225891677675, "the,scheme": 0.0009907529722589167, "<s>,it": 0.006439894319682959, "it,is": 0.00809114927344782, "i,believe": 0.001486129458388375, "that,a": 0.0019815059445178335, "the,children": 0.001155878467635403, "scheme,<e>": 0.0008256274768824307, "<s>,one": 0.0019815059445178335, "i,did": 0.0008256274768824307, "not,have": 0.001486129458388375, "on,this": 0.001321003963011889, "this,subject": 0.0008256274768824307, "a,great": 0.0021466314398943197, "great,deal": 0.001321003963011889, "that,i": 0.005284015852047556, "i,shall": 0.002642007926023778, "<s>,but": 0.0009907529722589167, "but,i": 0.0028071334214002644, "to,say": 0.005449141347424042, "say,a": 0.0033025099075297227, "a,word": 0.0019815059445178335, "or,two": 0.001155878467635403, "may,not": 0.0008256274768824307, "that,is": 0.0033025099075297227, "to,have": 0.0021466314398943197, "have,been": 0.003963011889035667, "and,not": 0.0008256274768824307, "when,i": 0.0009907529722589167, "a,small": 0.0008256274768824307, "<s>,at": 0.0009907529722589167, "at,the": 0.0042932628797886395, "the,time": 0.0009907529722589167, "over,the": 0.0008256274768824307, "the,school": 0.0019815059445178335, "am,not": 0.001155878467635403, "the,word": 0.001155878467635403, "and,the": 0.00511889035667107, "deal,of": 0.0009907529722589167, "as,a": 0.0008256274768824307, "<s>,so": 0.0008256274768824307, "it,was": 0.0018163804491413474, "perhaps,i": 0.001155878467635403, "i,may": 0.0018163804491413474, "may,say": 0.0008256274768824307, "word,in": 0.0008256274768824307, "that,it": 0.00297225891677675, "the,fact": 0.0009907529722589167, "fact,that": 0.0009907529722589167, "<s>,the": 0.006770145310435931, "<s>,a": 0.001321003963011889, "must,be": 0.0009907529722589167, "<s>,that": 0.0019815059445178335, "point,<e>": 0.0008256274768824307, "in,a": 0.0028071334214002644, "noble,baroness": 0.0059445178335535, "baroness,lady": 0.002642007926023778, "said,that": 0.0008256274768824307, "have,the": 0.0009907529722589167, "the,right": 0.0018163804491413474, "not,<e>": 0.0008256274768824307, "<s>,in": 0.004128137384412154, "in,my": 0.0021466314398943197, "this,is": 0.0031373844121532365, "is,not": 0.0021466314398943197, "not,always": 0.0008256274768824307, "so,<e>": 0.0008256274768824307, "<s>,they": 0.002476882430647292, "they,should": 0.001155878467635403, "which,are": 0.0008256274768824307, "consider,that": 0.0008256274768824307, "a,teacher": 0.0008256274768824307, "the,moment": 0.001486129458388375, "that,this": 0.0019815059445178335, "who,is": 0.0008256274768824307, "i,think": 0.004788639365918098, "think,it": 0.0009907529722589167, "a,very": 0.0016512549537648614, "situation,<e>": 0.001155878467635403, "i,wish": 0.002476882430647292, "wish,to": 0.00297225891677675, "the,statement": 0.001321003963011889, "the,matter": 0.002476882430647292, "which,have": 0.0008256274768824307, "have,not": 0.0008256274768824307, "all,the": 0.0008256274768824307, "that,have": 0.001155878467635403, "<s>,we": 0.0021466314398943197, "have,heard": 0.0009907529722589167, "and,this": 0.0008256274768824307, "if,the": 0.0009907529722589167, "the,local": 0.001486129458388375, "are,to": 0.0008256274768824307, "that,they": 0.0028071334214002644, "in,which": 0.001155878467635403, "from,these": 0.0028071334214002644, "these,benches": 0.003632760898282695, "to,us": 0.0008256274768824307, "of,all": 0.0008256274768824307, "of,them": 0.0009907529722589167, "them,<e>": 0.001486129458388375, "to,ask": 0.002642007926023778, "ask,the": 0.002476882430647292, "the,committee": 0.0016512549537648614, "is,that": 0.0016512549537648614, "<s>,this": 0.0018163804491413474, "was,the": 0.0008256274768824307, "idea,of": 0.001486129458388375, "and,of": 0.0008256274768824307, "i,would": 0.0008256274768824307, "would,not": 0.0009907529722589167, "and,that": 0.0018163804491413474, "that,we": 0.004788639365918098, "we,are": 0.0028071334214002644, "are,not": 0.0021466314398943197, "likely,to": 0.0008256274768824307, "i,beg": 0.00297225891677675, "beg,leave": 0.0031373844121532365, "leave,to": 0.0034676354029062086, "the,question": 0.002311756935270806, "question,standing": 0.001155878467635403, "standing,in": 0.001155878467635403, "name,on": 0.001155878467635403, "the,order": 0.001321003963011889, "order,paper": 0.001155878467635403, "paper,<e>": 0.001155878467635403, "i,thank": 0.00297225891677675, "for,her": 0.0031373844121532365, "to,my": 0.0009907529722589167, "of,what": 0.0019815059445178335, "so,far": 0.0008256274768824307, "has,been": 0.004623513870541612, "in,view": 0.0009907529722589167, "view,of": 0.001155878467635403, "the,situation": 0.001321003963011889, "the,national": 0.001486129458388375, "and,to": 0.001155878467635403,