{"<cs>,my": 0.031598031598031595, "my,lords": 0.03392903392903393, "lords,i": 0.00777000777000777, "i,wonder": 0.001295001295001295, "wonder,whether": 0.001295001295001295, "whether,the": 0.001813001813001813, "the,minister": 0.012691012691012691, "and,the": 0.007511007511007511, "<e>,<s>": 0.08521108521108521, "would,he": 0.001295001295001295, "that,it": 0.005698005698005698, "it,is": 0.012432012432012432, "of,the": 0.028749028749028748, "when,they": 0.001295001295001295, "and,then": 0.001295001295001295, "lords,does": 0.001554001554001554, "does,the": 0.002072002072002072, "the,noble": 0.022533022533022532, "noble,earl": 0.001295001295001295, "in,this": 0.002072002072002072, "this,country": 0.004403004403004403, "in,the": 0.010101010101010102, "at,the": 0.003367003367003367, "the,same": 0.001813001813001813, "<cs>,the": 0.001554001554001554, "the,point": 0.00259000259000259, "of,course": 0.002331002331002331, "that,i": 0.003367003367003367, "i,have": 0.004144004144004144, "it,was": 0.00518000518000518, "was,a": 0.002331002331002331, "have,been": 0.004403004403004403, "to,that": 0.001295001295001295, "only,in": 0.001554001554001554, "the,last": 0.001295001295001295, "and,they": 0.00259000259000259, "<s>,the": 0.008547008547008548, "by,the": 0.004144004144004144, "for,the": 0.003108003108003108, "which,i": 0.002072002072002072, "because,they": 0.001295001295001295, "the,problem": 0.001295001295001295, "is,a": 0.004662004662004662, "of,what": 0.001295001295001295, "what,is": 0.00259000259000259, "the,british": 0.002072002072002072, "<s>,i": 0.014245014245014245, "there,is": 0.003367003367003367, "from,the": 0.002072002072002072, "the,prime": 0.001295001295001295, "i,should": 0.002849002849002849, "should,be": 0.002849002849002849, "to,have": 0.001295001295001295, "noble,lord": 0.017094017094017096, "the,leader": 0.001554001554001554, "leader,of": 0.001554001554001554, "the,house": 0.004921004921004921, "to,say": 0.004662004662004662, "to,the": 0.015022015022015021, "the,sovereign": 0.001295001295001295, "<s>,it": 0.005957005957005957, "did,not": 0.004921004921004921, "and,it": 0.00259000259000259, "has,not": 0.001813001813001813, "in,relation": 0.001295001295001295, "relation,to": 0.001295001295001295, "that,the": 0.015799015799015798, "does,not": 0.001813001813001813, "<s>,therefore": 0.001813001813001813, "may,i": 0.001813001813001813, "i,ask": 0.001554001554001554, "ask,the": 0.002331002331002331, "lords,would": 0.005698005698005698, "would,the": 0.005957005957005957, "be,good": 0.006216006216006216, "good,enough": 0.007252007252007252, "enough,to": 0.007511007511007511, "he,is": 0.004144004144004144, "is,now": 0.001813001813001813, "will,be": 0.002849002849002849, "that,is": 0.004403004403004403, "is,not": 0.004403004403004403, "which,are": 0.001554001554001554, "members,of": 0.001813001813001813, "to,ask": 0.001813001813001813, "the,question": 0.00259000259000259, "in,my": 0.002072002072002072, "on,the": 0.006993006993006993, "the,order": 0.001295001295001295, "not,agree": 0.00259000259000259, "agree,that": 0.00259000259000259, "is,in": 0.001295001295001295, "<s>,we": 0.001554001554001554, "we,have": 0.002072002072002072, "of,which": 0.001295001295001295, "which,is": 0.003885003885003885, "<s>,they": 0.004403004403004403, "they,are": 0.003626003626003626, "are,not": 0.002331002331002331, "they,have": 0.005439005439005439, "have,a": 0.001813001813001813, "a,very": 0.001813001813001813, "with,the": 0.00518000518000518, "we,are": 0.001554001554001554, "that,we": 0.003626003626003626, "to,make": 0.002072002072002072, "i,am": 0.011137011137011137, "when,the": 0.001554001554001554, "as,i": 0.002331002331002331, "i,say": 0.002331002331002331, "that,<e>": 0.001295001295001295, "lords,the": 0.001554001554001554, "<s>,however": 0.001295001295001295, "out,of": 0.001554001554001554, "is,it": 0.001554001554001554, "it,<e>": 0.003885003885003885, "we,should": 0.001554001554001554, "should,not": 0.001554001554001554, "in,fact": 0.002849002849002849, "we,do": 0.001554001554001554, "do,not": 0.006216006216006216, "lords,is": 0.001813001813001813, "is,the": 0.004144004144004144, "aware,that": 0.002849002849002849, "he,has": 0.002849002849002849, "so,that": 0.002331002331002331, "is,that": 0.003626003626003626, "and,in": 0.003367003367003367, "so,far": 0.001554001554001554, "far,as": 0.001813001813001813, "am,concerned": 0.001295001295001295, "i,do": 0.003367003367003367, "<s>,but": 0.002331002331002331, "but,in": 0.001295001295001295, "policy,of": 0.001295001295001295, "of,this": 0.001554001554001554, "bear,in": 0.002331002331002331, "in,mind": 0.002849002849002849, "mind,that": 0.001554001554001554, "to,an": 0.001295001295001295, "<s>,is": 0.001813001813001813, "is,he": 0.001554001554001554, "that,if": 0.00259000259000259, "that,in": 0.001813001813001813, "lords,will": 0.002849002849002849, "will,the": 0.003885003885003885, "minister,be": 0.001295001295001295, "is,going": 0.001554001554001554, "going,to": 0.003626003626003626, "will,he": 0.002849002849002849, "take,it": 0.001295001295001295, "that,they": 0.003626003626003626, "they,will": 0.001554001554001554, "not,be": 0.001813001813001813, "that,he": 0.003626003626003626, "it,would": 0.00259000259000259, "would,be": 0.004662004662004662, "the,fact": 0.002331002331002331, "fact,that": 0.002849002849002849, "part,of": 0.001295001295001295, "of,a": 0.001554001554001554, "the,royal": 0.00259000259000259, "the,first": 0.001554001554001554, "and,that": 0.003108003108003108, "i,think": 0.002072002072002072, "think,that": 0.001295001295001295, "and,i": 0.005698005698005698, "should,like": 0.002072002072002072, "like,to": 0.002072002072002072, "lord,lord": 0.004403004403004403, "in,which": 0.001813001813001813, "which,he": 0.002072002072002072, "<s>,he": 0.003885003885003885, "your,lordships": 0.001554001554001554, "if,the": 0.004144004144004144, "i,would": 0.002331002331002331, "he,will": 0.00259000259000259, "the,foreign": 0.005698005698005698, "foreign,secretary": 0.004921004921004921, "to,tell": 0.001554001554001554, "tell,us": 0.001813001813001813, "is,being": 0.001295001295001295, "not,only": 0.001295001295001295, "to,see": 0.001295001295001295, "to,be": 0.003885003885003885, "lord,be": 0.001813001813001813, "the,government": 0.00777000777000777, "government,are": 0.001813001813001813, "but,i": 0.003108003108003108, "<s>,if": 0.003885003885003885, "have,to": 0.001554001554001554, "am,not": 0.002331002331002331, "i,want": 0.001813001813001813, "want,to": 0.003626003626003626, "to,know": 0.001295001295001295, "on,a": 0.002072002072002072, "that,there": 0.004144004144004144, "there,are": 0.001813001813001813, "the,home": 0.001813001813001813, "home,secretary": 0.001295001295001295, "to,take": 0.001813001813001813, "them,<e>": 0.001554001554001554, "in,a": 0.003108003108003108, "in,that": 0.001295001295001295, "wants,to": 0.001295001295001295, "the,debate": 0.001295001295001295, "in,another": 0.002072002072002072, "another,place": 0.002072002072002072, "would,not": 0.001813001813001813, "not,the": 0.001554001554001554, "if,they": 0.001813001813001813, "that,this": 0.001813001813001813, "has,been": 0.003885003885003885, "the,patriotic": 0.001295001295001295, "patriotic,front": 0.001295001295001295, "view,of": 0.001554001554001554, "who,have": 0.001295001295001295, "lords,if": 0.001554001554001554, "what,the": 0.002331002331002331, "royal,commission": 0.002072002072002072, "and,what": 0.001554001554001554, "it,does": 0.001554001554001554, "is,to": 0.002849002849002849, "it,has": 0.002331002331002331, "in,view": 0.001295001295001295, "all,the": 0.002331002331002331, "<s>,in": 0.003108003108003108, "<s>,this": 0.001554001554001554, "with,a": 0.001554001554001554, "as,a": 0.002849002849002849, "there,was": 0.001813001813001813, "noble,lords": 0.001554001554001554, "about,the": 0.001295001295001295, "<s>,that": 0.001554001554001554, "is,what": 0.001554001554001554, "what,i": 0.003626003626003626,