{"<cs>,my": 0.05859872611464968, "my,lords": 0.05987261146496815, "lords,before": 0.006369426751592357, "before,the": 0.006369426751592357, "the,noble": 0.05732484076433121, "noble,lord": 0.04203821656050955, "may,i": 0.007643312101910828, "to,the": 0.03821656050955414, "<e>,<s>": 0.12229299363057325, "that,the": 0.01019108280254777, "which,the": 0.006369426751592357, "the,government": 0.006369426751592357, "lords,i": 0.016560509554140127, "we,are": 0.01019108280254777, "lord,lord": 0.03184713375796178, "for,having": 0.008917197452229299, "this,debate": 0.014012738853503185, "<s>,the": 0.007643312101910828, "in,the": 0.02802547770700637, "i,am": 0.008917197452229299, "have,been": 0.006369426751592357, "debate,<e>": 0.01019108280254777, "i,should": 0.012738853503184714, "should,like": 0.011464968152866241, "like,to": 0.015286624203821656, "in,this": 0.006369426751592357, "<s>,there": 0.007643312101910828, "<s>,i": 0.02802547770700637, "i,may": 0.011464968152866241, "which,we": 0.006369426751592357, "we,have": 0.006369426751592357, "with,the": 0.011464968152866241, "on,the": 0.012738853503184714, "as,i": 0.007643312101910828, "is,a": 0.006369426751592357, "of,the": 0.04331210191082802, "i,do": 0.007643312101910828, "that,we": 0.006369426751592357, "as,a": 0.008917197452229299, "i,was": 0.008917197452229299, "to,say": 0.008917197452229299, "say,that": 0.007643312101910828, "to,be": 0.008917197452229299, "to,a": 0.007643312101910828, "that,it": 0.006369426751592357, "said,that": 0.006369426751592357, "that,there": 0.006369426751592357, "and,i": 0.007643312101910828, "your,lordships": 0.014012738853503185, "has,been": 0.011464968152866241, "i,have": 0.011464968152866241, "by,the": 0.014012738853503185, "in,his": 0.007643312101910828, "lord,mayhew": 0.006369426751592357, "to,do": 0.006369426751592357, "that,i": 0.011464968152866241, "course,of": 0.006369426751592357, "to,your": 0.006369426751592357, "lordships,house": 0.01019108280254777, "i,shall": 0.006369426751592357, "of,your": 0.006369426751592357, "the,debate": 0.01019108280254777, "will,be": 0.007643312101910828, "made,by": 0.006369426751592357, "do,not": 0.006369426751592357, "perhaps,i": 0.007643312101910828}