{"<cs>,my": 0.02930207778369739, "my,lords": 0.02930207778369739, "lords,i": 0.015982951518380393, "i,beg": 0.002663825253063399, "of,the": 0.03516249334043687, "<e>,<s>": 0.1108151305274374, "<s>,i": 0.03356419818859883, "that,this": 0.0031965903036760787, "this,bill": 0.004262120404901438, "time,<e>": 0.0037293553542887587, "that,the": 0.016515716568993075, "the,bill": 0.007458710708577517, "<s>,in": 0.0031965903036760787, "i,hope": 0.007991475759190196, "your,lordships": 0.016515716568993075, "for,a": 0.005327650506126798, "a,very": 0.004262120404901438, "<s>,the": 0.010122535961640916, "and,i": 0.007458710708577517, "that,it": 0.009057005860415556, "it,is": 0.017581246670218435, "<s>,it": 0.009589770911028236, "what,i": 0.0037293553542887587, "i,was": 0.009589770911028236, "but,i": 0.004262120404901438, "i,think": 0.004262120404901438, "think,that": 0.004262120404901438, "that,is": 0.007458710708577517, "would,be": 0.0037293553542887587, "i,am": 0.016515716568993075, "grateful,to": 0.002663825253063399, "noble,lords": 0.002663825253063399, "debate,<e>": 0.002663825253063399, "that,i": 0.013851891315929675, "i,had": 0.002663825253063399, "from,the": 0.0031965903036760787, "the,noble": 0.04208843899840171, "noble,lord": 0.022376132125732553, "lord,lord": 0.017048481619605753, "should,be": 0.0037293553542887587, "to,the": 0.018646776771443795, "this,debate": 0.0037293553542887587, "and,the": 0.007991475759190196, "it,has": 0.0037293553542887587, "maiden,speech": 0.0031965903036760787, "i,must": 0.005860415556739478, "on,the": 0.004262120404901438, "we,have": 0.004794885455514118, "as,i": 0.0037293553542887587, "of,it": 0.0037293553542887587, "at,this": 0.002663825253063399, "has,been": 0.006393180607352157, "this,afternoon": 0.002663825253063399, "this,amendment": 0.002663825253063399, "i,should": 0.005860415556739478, "say,that": 0.007458710708577517, "i,do": 0.002663825253063399, "because,i": 0.004262120404901438, "will,be": 0.0031965903036760787, "it,<e>": 0.005860415556739478, "i,have": 0.007991475759190196, "an,interest": 0.0031965903036760787, "recreation,and": 0.002663825253063399, "which,i": 0.004794885455514118, "within,the": 0.002663825253063399, "in,london": 0.004262120404901438, "which,is": 0.0031965903036760787, "<cs>,i": 0.006925945657964837, "the,amendment": 0.004262120404901438, "i,cannot": 0.006393180607352157, "of,what": 0.002663825253063399, "to,be": 0.007991475759190196, "noble,viscount": 0.0031965903036760787, "the,arts": 0.008524240809802876, "that,he": 0.002663825253063399, "to,say": 0.008524240809802876, "one,of": 0.002663825253063399, "the,most": 0.0031965903036760787, "<s>,but": 0.0037293553542887587, "am,sure": 0.002663825253063399, "lordships,will": 0.004262120404901438, "me,for": 0.002663825253063399, "me,to": 0.005327650506126798, "is,not": 0.004794885455514118, "of,a": 0.0031965903036760787, "i,can": 0.0037293553542887587, "if,i": 0.002663825253063399, "by,the": 0.005860415556739478, "for,the": 0.009589770911028236, "of,this": 0.002663825253063399, "hope,that": 0.005860415556739478, "i,shall": 0.004794885455514118, "<s>,however": 0.006393180607352157, "a,moment": 0.0037293553542887587, "of,your": 0.002663825253063399, "with,the": 0.004262120404901438, "believe,that": 0.004794885455514118, "that,there": 0.002663825253063399, "there,is": 0.0037293553542887587, "i,work": 0.0031965903036760787, "work,for": 0.0031965903036760787, "to,do": 0.0037293553542887587, "london,<e>": 0.002663825253063399, "and,that": 0.002663825253063399, "of,course": 0.004262120404901438, "is,the": 0.004794885455514118, "to,me": 0.0037293553542887587, "i,believe": 0.005327650506126798, "it,will": 0.002663825253063399, "and,so": 0.002663825253063399, "i,find": 0.002663825253063399, "not,only": 0.002663825253063399, "about,the": 0.004794885455514118, "lord,jenkins": 0.002663825253063399, "<s>,he": 0.0031965903036760787, "he,has": 0.002663825253063399, "in,the": 0.009589770911028236, "at,the": 0.005860415556739478, "i,rise": 0.004262120404901438, "that,we": 0.0037293553542887587, "we,are": 0.002663825253063399, "obliged,to": 0.0037293553542887587, "the,house": 0.002663825253063399, "is,a": 0.0037293553542887587, "as,the": 0.004794885455514118, "noble,baroness": 0.007458710708577517, "declare,an": 0.002663825253063399, "the,glc": 0.010122535961640916, "for,it": 0.002663825253063399, "arts,in": 0.0031965903036760787, "rise,to": 0.002663825253063399, "noble,earl": 0.006393180607352157, "the,minister": 0.004794885455514118, "not,be": 0.0037293553542887587, "to,make": 0.002663825253063399, "not,to": 0.0031965903036760787, "should,not": 0.002663825253063399, "been,said": 0.002663825253063399, "however,i": 0.002663825253063399, "what,the": 0.002663825253063399, "they,are": 0.002663825253063399, "that,your": 0.0031965903036760787, "<s>,as": 0.0031965903036760787, "the,committee": 0.0031965903036760787}