{"<cs>,my": 0.05856515373352855, "my,lords": 0.060029282576866766, "<e>,<s>": 0.09224011713030747, "for,the": 0.013177159590043924, "lords,i": 0.03513909224011713, "that,it": 0.007320644216691069, "<s>,i": 0.017569546120058566, "to,the": 0.017569546120058566, "i,beg": 0.017569546120058566, "beg,leave": 0.008784773060029283, "leave,to": 0.008784773060029283, "to,ask": 0.007320644216691069, "ask,the": 0.01903367496339678, "the,question": 0.010248901903367497, "in,my": 0.008784773060029283, "my,name": 0.007320644216691069, "name,on": 0.007320644216691069, "on,the": 0.014641288433382138, "the,order": 0.007320644216691069, "order,paper": 0.007320644216691069, "paper,<e>": 0.007320644216691069, "i,thank": 0.014641288433382138, "thank,the": 0.014641288433382138, "the,minister": 0.03367496339677892, "minister,for": 0.010248901903367497, "for,that": 0.016105417276720352, "that,answer": 0.007320644216691069, "may,i": 0.01903367496339678, "i,ask": 0.017569546120058566, "whether,he": 0.008784773060029283, "for,a": 0.007320644216691069, "to,be": 0.008784773060029283, "by,the": 0.013177159590043924, "in,this": 0.010248901903367497, "at,the": 0.01171303074670571, "of,the": 0.048316251830161056, "and,the": 0.014641288433382138, "is,the": 0.007320644216691069, "aware,that": 0.007320644216691069, "would,be": 0.013177159590043924, "lords,may": 0.007320644216691069, "that,the": 0.016105417276720352, "i,shall": 0.007320644216691069, "to,me": 0.008784773060029283, "in,the": 0.02342606149341142, "the,government": 0.007320644216691069, "beg,to": 0.008784773060029283, "that,this": 0.007320644216691069, "this,bill": 0.008784773060029283, "<s>,the": 0.014641288433382138, "the,prayer": 0.008784773060029283, "prayer,book": 0.008784773060029283, "i,should": 0.014641288433382138, "should,like": 0.013177159590043924, "like,to": 0.013177159590043924, "the,noble": 0.01903367496339678, "the,house": 0.008784773060029283, "under,the": 0.007320644216691069, "local,authority": 0.008784773060029283, "should,be": 0.008784773060029283, "noble,and": 0.010248901903367497, "and,learned": 0.010248901903367497, "learned,lord": 0.008784773060029283, "very,much": 0.008784773060029283, "the,same": 0.007320644216691069, "parliamentary,elections": 0.007320644216691069, "legal,aid": 0.008784773060029283}