{"<cs>,my": 0.026103464641670623, "my,lords": 0.026578073089700997, "lords,i": 0.012814428096820124, "should,like": 0.006644518272425249, "like,to": 0.006644518272425249, "the,noble": 0.01613668723303275, "noble,lord": 0.013289036544850499, "lord,lord": 0.007593735168485999, "and,to": 0.0023730422401518746, "this,bill": 0.0033222591362126247, "before,the": 0.004271476032273375, "the,house": 0.0033222591362126247, "<e>,<s>": 0.10631229235880399, "<s>,in": 0.0023730422401518746, "in,this": 0.0037968675842429997, "this,matter": 0.0023730422401518746, "<s>,i": 0.03512102515424775, "i,hope": 0.004746084480303749, "hope,that": 0.0033222591362126247, "that,in": 0.0037968675842429997, "your,lordships": 0.005695301376364499, "will,be": 0.004271476032273375, "in,a": 0.006169909824394874, "way,<e>": 0.0023730422401518746, "if,the": 0.0033222591362126247, "perhaps,i": 0.0033222591362126247, "i,may": 0.0037968675842429997, "<s>,the": 0.006169909824394874, "is,the": 0.006169909824394874, "of,a": 0.005695301376364499, "and,the": 0.004746084480303749, "want,to": 0.004271476032273375, "that,we": 0.0037968675842429997, "at,the": 0.00854295206454675, "one,of": 0.004746084480303749, "and,in": 0.0037968675842429997, "in,my": 0.0033222591362126247, "that,is": 0.009492168960607499, "and,i": 0.007119126720455624, "i,have": 0.013289036544850499, "that,i": 0.009017560512577124, "the,bill": 0.0033222591362126247, "i,do": 0.008068343616516375, "but,i": 0.005695301376364499, "i,think": 0.0033222591362126247, "it,is": 0.013289036544850499, "and,that": 0.0033222591362126247, "i,wish": 0.0028476506881822496, "wish,to": 0.007119126720455624, "to,see": 0.0033222591362126247, "i,cannot": 0.0037968675842429997, "believe,that": 0.004746084480303749, "which,i": 0.006644518272425249, "to,my": 0.0033222591362126247, "my,noble": 0.018035121025154248, "of,the": 0.03132415757000474, "i,am": 0.017560512577123873, "to,say": 0.0037968675842429997, "that,it": 0.007119126720455624, "all,the": 0.0023730422401518746, "do,not": 0.009492168960607499, "about,the": 0.005695301376364499, "i,should": 0.009017560512577124, "has,just": 0.0023730422401518746, "that,the": 0.016611295681063124, "to,take": 0.0028476506881822496, "to,do": 0.0037968675842429997, "in,the": 0.01613668723303275, "i,was": 0.0023730422401518746, "by,the": 0.004271476032273375, "those,who": 0.0023730422401518746, "lordships,house": 0.0023730422401518746, "<s>,that": 0.0023730422401518746, "is,not": 0.0037968675842429997, "the,point": 0.0023730422401518746, "is,to": 0.0028476506881822496, "to,be": 0.007119126720455624, "should,be": 0.004746084480303749, "the,way": 0.0023730422401518746, "way,in": 0.0028476506881822496, "in,which": 0.0033222591362126247, "which,the": 0.0023730422401518746, "i,can": 0.0033222591362126247, "that,all": 0.0028476506881822496, "<cs>,i": 0.007593735168485999, "should,not": 0.0023730422401518746, "of,this": 0.006644518272425249, "this,country": 0.0028476506881822496, "on,the": 0.006169909824394874, "not,have": 0.0023730422401518746, "is,a": 0.005695301376364499, "<s>,if": 0.006169909824394874, "for,the": 0.008068343616516375, "i,had": 0.0023730422401518746, "noble,baroness": 0.0023730422401518746, "the,moment": 0.0023730422401518746, "to,the": 0.010915994304698624, "it,would": 0.005220692928334125, "would,be": 0.007593735168485999, "i,shall": 0.004746084480303749, "have,to": 0.004746084480303749, "support,the": 0.0037968675842429997, "the,amendment": 0.013763644992880873, "i,believe": 0.005220692928334125, "<s>,however": 0.005695301376364499, "however,i": 0.0028476506881822496, "the,governments": 0.0033222591362126247, "<s>,as": 0.0028476506881822496, "secretary,of": 0.0023730422401518746, "of,state": 0.0023730422401518746, "it,was": 0.0023730422401518746, "am,sure": 0.0028476506881822496, "sure,that": 0.0023730422401518746, "noble,friend": 0.015187470336971999, "has,been": 0.004746084480303749, "members,of": 0.0033222591362126247, "may,be": 0.0028476506881822496, "not,be": 0.0028476506881822496, "the,government": 0.00854295206454675, "the,company": 0.0033222591362126247, "to,have": 0.0037968675842429997, "have,the": 0.004271476032273375, "can,be": 0.0037968675842429997, "to,give": 0.0033222591362126247, "the,kind": 0.0023730422401518746, "most,strongly": 0.0028476506881822496, "amendment,<e>": 0.006169909824394874, "as,i": 0.0028476506881822496, "lords,before": 0.0023730422401518746, "before,my": 0.0023730422401518746, "sits,down": 0.0028476506881822496, "did,not": 0.0028476506881822496, "the,chairman": 0.0023730422401518746, "chairman,of": 0.0028476506881822496, "as,it": 0.0023730422401518746, "<s>,it": 0.006169909824394874, "one,is": 0.0023730422401518746, "there,is": 0.0028476506881822496, "is,in": 0.0023730422401518746, "i,must": 0.0033222591362126247, "the,committee": 0.0033222591362126247, "of,us": 0.0037968675842429997, "am,not": 0.0033222591362126247, "i,support": 0.0028476506881822496, "need,to": 0.0023730422401518746, "would,not": 0.0023730422401518746, "this,amendment": 0.0028476506881822496, "to,make": 0.0028476506881822496, "noble,friends": 0.0023730422401518746, "from,the": 0.0023730422401518746, "the,minister": 0.0037968675842429997, "a,little": 0.0023730422401518746, "agree,that": 0.0028476506881822496, "the,first": 0.0023730422401518746, "that,was": 0.0023730422401518746, "the,right": 0.0033222591362126247, "on,this": 0.0023730422401518746, "to,add": 0.0023730422401518746, "with,the": 0.004746084480303749, "have,not": 0.0028476506881822496, "have,a": 0.0023730422401518746, "a,great": 0.0028476506881822496, "if,i": 0.0028476506881822496, "should,have": 0.0023730422401518746, "that,there": 0.0037968675842429997, "the,health": 0.0033222591362126247, "health,service": 0.004271476032273375}