{"<cs>,my": 0.03837471783295711, "my,lords": 0.03837471783295711, "may,i": 0.01580135440180587, "my,noble": 0.04740406320541761, "noble,friend": 0.04288939051918736, "friend,lord": 0.013544018058690745, "<e>,<s>": 0.18510158013544017, "<s>,i": 0.056433408577878104, "i,have": 0.013544018058690745, "have,been": 0.01805869074492099, "in,the": 0.03837471783295711, "at,the": 0.011286681715575621, "of,the": 0.03611738148984198, "of,my": 0.013544018058690745, "that,i": 0.013544018058690745, "to,be": 0.013544018058690745, "to,the": 0.011286681715575621, "i,am": 0.03611738148984198, "<s>,but": 0.011286681715575621, "with,the": 0.01580135440180587, "believe,that": 0.013544018058690745, "is,a": 0.01580135440180587, "on,the": 0.01580135440180587, "lords,i": 0.01580135440180587, "<cs>,i": 0.022573363431151242, "that,the": 0.01805869074492099, "the,amendment": 0.01805869074492099, "amendment,<e>": 0.022573363431151242, "it,will": 0.011286681715575621, "i,think": 0.011286681715575621, "friend,on": 0.011286681715575621, "the,front": 0.013544018058690745, "front,bench": 0.013544018058690745, "to,withdraw": 0.011286681715575621, "withdraw,the": 0.011286681715575621, "this,clause": 0.011286681715575621, "am,most": 0.011286681715575621, "most,grateful": 0.011286681715575621, "grateful,to": 0.011286681715575621, "think,that": 0.011286681715575621, "the,telecommunications": 0.011286681715575621, "strowger,exchanges": 0.011286681715575621, "the,cable": 0.011286681715575621, "it,is": 0.013544018058690745}