{"<cs>,my": 0.01712980586220023, "my,lords": 0.01712980586220023, "to,make": 0.0030452988199467074, "make,a": 0.0022839741149600305, "your,lordships": 0.003806623524933384, "on,the": 0.006471259992386753, "that,is": 0.006090597639893415, "is,not": 0.003806623524933384, "in,the": 0.011419870574800152, "<e>,<s>": 0.10049486105824133, "<s>,i": 0.03045298819946707, "an,interest": 0.0022839741149600305, "that,i": 0.006090597639893415, "i,am": 0.00951655881233346, "in,wales": 0.0022839741149600305, "and,i": 0.006090597639893415, "forestry,commissioner": 0.001903311762466692, "my,noble": 0.026646364674533688, "noble,friend": 0.025123715264560333, "friend,lord": 0.006851922344880091, "the,forestry": 0.006090597639893415, "as,a": 0.004187285877426722, "a,great": 0.006090597639893415, "great,deal": 0.0049486105824134, "deal,of": 0.0049486105824134, "when,he": 0.0026646364674533687, "there,is": 0.003806623524933384, "who,has": 0.001903311762466692, "of,the": 0.02588503996954701, "that,he": 0.003806623524933384, "far,as": 0.001903311762466692, "as,the": 0.001903311762466692, "<cs>,i": 0.006851922344880091, "i,hope": 0.0026646364674533687, "hope,that": 0.0030452988199467074, "if,i": 0.0030452988199467074, "i,do": 0.00723258469737343, "do,not": 0.008755234107346783, "in,his": 0.0022839741149600305, "<s>,but": 0.0026646364674533687, "but,i": 0.004187285877426722, "i,certainly": 0.0022839741149600305, "would,agree": 0.001903311762466692, "agree,with": 0.0053292729349067374, "with,the": 0.0053292729349067374, "the,noble": 0.02169775409212029, "noble,lord": 0.01674914350970689, "lord,lord": 0.0098972211648268, "that,the": 0.016368481157213552, "we,are": 0.001903311762466692, "is,a": 0.010277883517320136, "<s>,however": 0.001903311762466692, "i,would": 0.004187285877426722, "to,the": 0.01674914350970689, "the,amendment": 0.00723258469737343, "i,shall": 0.003806623524933384, "what,the": 0.0026646364674533687, "noble,baroness": 0.004187285877426722, "view,of": 0.003806623524933384, "i,agree": 0.0034259611724400457, "with,what": 0.001903311762466692, "in,this": 0.0049486105824134, "that,we": 0.0030452988199467074, "not,think": 0.0034259611724400457, "think,that": 0.0049486105824134, "when,we": 0.001903311762466692, "those,who": 0.0022839741149600305, "has,said": 0.003806623524933384, "about,the": 0.004187285877426722, "matter,<e>": 0.001903311762466692, "from,the": 0.0022839741149600305, "the,government": 0.0053292729349067374, "very,much": 0.0053292729349067374, "that,there": 0.0030452988199467074, "will,be": 0.0034259611724400457, "for,the": 0.00723258469737343, "the,point": 0.0026646364674533687, "<s>,the": 0.008755234107346783, "is,that": 0.0049486105824134, "by,the": 0.004187285877426722, "which,i": 0.0026646364674533687, "which,he": 0.001903311762466692, "in,their": 0.0022839741149600305, "to,say": 0.004567948229920061, "say,that": 0.0049486105824134, "to,this": 0.0026646364674533687, "this,bill": 0.0026646364674533687, "wish,to": 0.0026646364674533687, "to,do": 0.0034259611724400457, "i,should": 0.007993909402360106, "should,like": 0.00723258469737343, "like,to": 0.006851922344880091, "to,support": 0.001903311762466692, "it,is": 0.015607156452226875, "i,have": 0.004187285877426722, "of,this": 0.0034259611724400457, "i,think": 0.006851922344880091, "lord,houghton": 0.001903311762466692, "i,say": 0.0034259611724400457, "that,it": 0.0049486105824134, "<s>,it": 0.006090597639893415, "a,very": 0.0034259611724400457, "they,are": 0.0030452988199467074, "number,of": 0.0026646364674533687, "<s>,therefore": 0.001903311762466692, "there,are": 0.0022839741149600305, "what,he": 0.0022839741149600305, "he,has": 0.004187285877426722, "said,<e>": 0.0026646364674533687, "<s>,if": 0.0034259611724400457, "i,may": 0.003806623524933384, "noble,lords": 0.0026646364674533687, "it,was": 0.004187285877426722, "has,been": 0.0030452988199467074, "that,this": 0.0022839741149600305, "the,bill": 0.0026646364674533687, "<s>,in": 0.003806623524933384, "in,my": 0.0022839741149600305, "a,good": 0.001903311762466692, "of,people": 0.001903311762466692, "experience,of": 0.001903311762466692, "<s>,as": 0.001903311762466692, "i,very": 0.001903311762466692, "to,get": 0.001903311762466692, "lord,is": 0.001903311762466692, "on,this": 0.0030452988199467074, "is,quite": 0.001903311762466692, "he,is": 0.004187285877426722, "one,of": 0.0022839741149600305, "the,nature": 0.0022839741149600305, "nature,conservancy": 0.0022839741149600305, "at,the": 0.0026646364674533687, "that,they": 0.0022839741149600305, "able,to": 0.001903311762466692, "<s>,this": 0.0022839741149600305, "this,is": 0.004187285877426722, "<cs>,may": 0.0026646364674533687, "may,i": 0.007613247049866768, "say,to": 0.003806623524933384, "this,<e>": 0.0026646364674533687, "this,amendment": 0.0049486105824134, "should,not": 0.001903311762466692, "shall,not": 0.001903311762466692, "amendment,<e>": 0.006090597639893415, "<cs>,before": 0.0022839741149600305, "the,rspb": 0.0022839741149600305, "knowledge,of": 0.001903311762466692, "have,a": 0.001903311762466692, "perhaps,i": 0.001903311762466692, "<s>,that": 0.0030452988199467074, "the,minister": 0.004187285877426722, "before,my": 0.0022839741149600305, "friend,replies": 0.001903311762466692, "with,my": 0.001903311762466692, "am,grateful": 0.0026646364674533687, "said,that": 0.0022839741149600305, "would,be": 0.001903311762466692, "look,at": 0.001903311762466692, "is,an": 0.001903311762466692, "in,view": 0.0030452988199467074, "of,that": 0.0026646364674533687, "to,withdraw": 0.0030452988199467074, "withdraw,the": 0.0026646364674533687, "grateful,to": 0.0022839741149600305, "to,my": 0.0030452988199467074, "i,beg": 0.0022839741149600305, "beg,leave": 0.0022839741149600305, "leave,to": 0.0022839741149600305, "i,cannot": 0.001903311762466692, "to,a": 0.0022839741149600305, "to,hear": 0.0030452988199467074, "of,my": 0.0022839741149600305, "part,of": 0.001903311762466692, "conservancy,council": 0.001903311762466692, "council,<e>": 0.001903311762466692, "the,ncc": 0.0022839741149600305, "<s>,all": 0.0026646364674533687, "not,be": 0.001903311762466692, "and,the": 0.0034259611724400457, "we,have": 0.003806623524933384, "i,was": 0.001903311762466692, "trying,to": 0.001903311762466692, "to,be": 0.0049486105824134, "this,matter": 0.0022839741149600305, "<s>,we": 0.001903311762466692, "i,ask": 0.0022839741149600305, "have,been": 0.0030452988199467074, "the,question": 0.0026646364674533687, "question,of": 0.0034259611724400457, "time,<e>": 0.001903311762466692, "for,a": 0.001903311762466692, "as,i": 0.001903311762466692, "all,the": 0.001903311762466692, "it,<e>": 0.001903311762466692, "going,to": 0.0034259611724400457, "is,the": 0.0022839741149600305, "regard,to": 0.0022839741149600305, "a,little": 0.001903311762466692, "of,what": 0.001903311762466692, "lords,i": 0.0053292729349067374, "forestry,commission": 0.0026646364674533687, "the,general": 0.001903311762466692, "a,matter": 0.0030452988199467074, "the,fact": 0.001903311762466692, "baroness,lady": 0.001903311762466692, "the,national": 0.001903311762466692, "over,the": 0.001903311762466692, "friend,agree": 0.001903311762466692, "agree,that": 0.0022839741149600305, "i,support": 0.0022839741149600305}