{"<cs>,my": 0.020812256106373755, "my,lords": 0.0213903743315508, "lords,i": 0.00664835958953606, "i,do": 0.0018788842318254082, "do,not": 0.0026015320132967193, "not,think": 0.0007226477814713109, "think,that": 0.0020234137881196706, "that,is": 0.0026015320132967193, "<e>,<s>": 0.06836248012718601, "<s>,i": 0.018788842318254083, "the,noble": 0.04119092354386472, "noble,earl": 0.013007660066483595, "at,all": 0.0007226477814713109, "if,i": 0.001589825119236884, "what,the": 0.002457002457002457, "the,minister": 0.005636652695476225, "in,another": 0.0020234137881196706, "another,place": 0.0021679433444139326, "he,has": 0.0027460615695909813, "to,the": 0.01806619453678277, "the,oil": 0.0011562364503540975, "oil,companies": 0.0007226477814713109, "i,hope": 0.002312472900708195, "they,will": 0.0007226477814713109, "will,not": 0.0018788842318254082, "<s>,if": 0.002312472900708195, "i,may": 0.001589825119236884, "there,is": 0.003468709351062292, "is,no": 0.0010117068940598353, "in,order": 0.0011562364503540975, "order,to": 0.0011562364503540975, "of,us": 0.0007226477814713109, "us,<e>": 0.0007226477814713109, "lords,we": 0.006070241364359011, "we,too": 0.0021679433444139326, "on,these": 0.004046827576239341, "these,benches": 0.00867177337765573, "benches,are": 0.0018788842318254082, "are,very": 0.000867177337765573, "pleased,to": 0.0013007660066483597, "to,be": 0.006070241364359011, "be,able": 0.0014452955629426219, "able,to": 0.001734354675531146, "with,the": 0.00332417979476803, "noble,lord": 0.022257551669316374, "lord,lord": 0.013874837404249168, "for,the": 0.005781182251770487, "the,problems": 0.0007226477814713109, "and,to": 0.0011562364503540975, "<s>,this": 0.0020234137881196706, "this,is": 0.0030351206821795057, "is,an": 0.0010117068940598353, "this,country": 0.0014452955629426219, "had,a": 0.000867177337765573, "lords,can": 0.000867177337765573, "can,the": 0.001734354675531146, "give,an": 0.0007226477814713109, "if,he": 0.0014452955629426219, "he,is": 0.000867177337765573, "is,not": 0.003179650238473768, "going,to": 0.0021679433444139326, "to,take": 0.0026015320132967193, "he,will": 0.0013007660066483597, "from,the": 0.003468709351062292, "of,the": 0.022835669894493423, "of,this": 0.004191357132533603, "i,will": 0.000867177337765573, "has,been": 0.003902298019945079, "said,and": 0.0007226477814713109, "and,i": 0.003468709351062292, "i,must": 0.001589825119236884, "that,has": 0.0010117068940598353, "lords,before": 0.0007226477814713109, "before,the": 0.001589825119236884, "sits,down": 0.000867177337765573, "may,i": 0.0014452955629426219, "clarify,one": 0.0010117068940598353, "one,point": 0.0014452955629426219, "point,<e>": 0.000867177337765573, "i,did": 0.0011562364503540975, "did,not": 0.0013007660066483597, "say,that": 0.001734354675531146, "that,the": 0.010117068940598353, "and,the": 0.0037577684636508164, "could,be": 0.0007226477814713109, "to,a": 0.001734354675531146, "we,are": 0.00462494580141639, "are,grateful": 0.0020234137881196706, "lord,sherfield": 0.000867177337765573, "for,bringing": 0.0007226477814713109, "what,is": 0.0018788842318254082, "is,a": 0.004046827576239341, "a,very": 0.0013007660066483597, "debate,on": 0.0011562364503540975, "on,the": 0.007226477814713109, "i,am": 0.008382714265067205, "to,hear": 0.0010117068940598353, "had,to": 0.0007226477814713109, "to,say": 0.0027460615695909813, "about,the": 0.0026015320132967193, "<s>,it": 0.003468709351062292, "it,would": 0.001589825119236884, "that,a": 0.0007226477814713109, "not,only": 0.000867177337765573, "but,it": 0.000867177337765573, "it,is": 0.008816302933949994, "in,my": 0.0013007660066483597, "the,house": 0.001734354675531146, "<s>,however": 0.000867177337765573, "from,these": 0.0047694753577106515, "benches,we": 0.0013007660066483597, "thank,the": 0.003179650238473768, "earl,for": 0.0021679433444139326, "for,his": 0.0021679433444139326, "and,we": 0.001734354675531146, "the,government": 0.006359300476947536, "government,have": 0.0007226477814713109, "have,had": 0.0011562364503540975, "<s>,there": 0.0020234137881196706, "which,the": 0.0020234137881196706, "may,be": 0.0010117068940598353, "<s>,the": 0.006937418702124584, "in,the": 0.012718600953895072, "the,statement": 0.0030351206821795057, "is,that": 0.001734354675531146, "due,to": 0.0010117068940598353, "because,it": 0.0007226477814713109, "it,was": 0.002312472900708195, "was,not": 0.0014452955629426219, "<s>,from": 0.0010117068940598353, "welcome,the": 0.0011562364503540975, "the,fact": 0.0007226477814713109, "fact,that": 0.000867177337765573, "is,to": 0.0013007660066483597, "i,feel": 0.0013007660066483597, "feel,that": 0.0014452955629426219, "that,this": 0.0028905911258852437, "would,be": 0.0026015320132967193, "of,those": 0.0007226477814713109, "grateful,to": 0.004335886688827865, "at,this": 0.0014452955629426219, "want,to": 0.0013007660066483597, "to,speak": 0.0014452955629426219, "the,second": 0.0007226477814713109, "part,of": 0.0013007660066483597, "the,question": 0.0010117068940598353, "at,the": 0.0018788842318254082, "am,not": 0.0011562364503540975, "if,the": 0.0020234137881196706, "need,for": 0.0007226477814713109, "for,a": 0.0010117068940598353, "and,for": 0.0010117068940598353, "and,what": 0.0007226477814713109, "be,a": 0.002457002457002457, "a,little": 0.0013007660066483597, "i,think": 0.005781182251770487, "for,this": 0.000867177337765573, "have,not": 0.0014452955629426219, "not,been": 0.0010117068940598353, "<s>,as": 0.001589825119236884, "we,on": 0.0026015320132967193, "the,right": 0.0007226477814713109, "debate,<e>": 0.0013007660066483597, "i,believe": 0.001734354675531146, "believe,that": 0.0014452955629426219, "the,report": 0.000867177337765573, "benches,wish": 0.0010117068940598353, "wish,to": 0.0044804162451221275, "to,thank": 0.0020234137881196706, "for,giving": 0.0007226477814713109, "the,governments": 0.0011562364503540975, "is,also": 0.0007226477814713109, "<s>,we": 0.003179650238473768, "country,<e>": 0.0011562364503540975, "noble,earls": 0.0013007660066483597, "that,there": 0.0028905911258852437, "there,are": 0.0011562364503540975, "which,will": 0.000867177337765573, "in,this": 0.005925711808064749, "is,one": 0.0010117068940598353, "on,which": 0.000867177337765573, "which,i": 0.0026015320132967193, "disagree,with": 0.000867177337765573, "he,said": 0.0007226477814713109, "this,<e>": 0.0011562364503540975, "this,statement": 0.0011562364503540975, "the,way": 0.0013007660066483597, "in,which": 0.001589825119236884, "which,he": 0.000867177337765573, "we,from": 0.0018788842318254082, "as,to": 0.0021679433444139326, "to,whether": 0.0007226477814713109, "whether,the": 0.0018788842318254082, "referred,to": 0.0007226477814713109, "as,the": 0.002312472900708195, "will,have": 0.000867177337765573, "this,debate": 0.002312472900708195, "place,<e>": 0.0013007660066483597, "that,we": 0.0030351206821795057, "would,like": 0.0010117068940598353, "like,to": 0.003902298019945079, "to,add": 0.0011562364503540975, "on,his": 0.0010117068940598353, "the,debate": 0.0014452955629426219, "have,been": 0.0028905911258852437, "by,the": 0.007804596039890158, "the,very": 0.0010117068940598353, "members,of": 0.000867177337765573, "<s>,that": 0.0010117068940598353, "not,the": 0.0013007660066483597, "in,your": 0.000867177337765573, "your,lordships": 0.001734354675531146, "lordships,house": 0.001589825119236884, "house,<e>": 0.0014452955629426219, "what,i": 0.0010117068940598353, "will,be": 0.005636652695476225, "<s>,he": 0.000867177337765573, "in,his": 0.002312472900708195, "i,would": 0.001734354675531146, "be,grateful": 0.000867177337765573, "earl,lord": 0.0011562364503540975, "to,have": 0.0021679433444139326, "this,stage": 0.0007226477814713109, "to,put": 0.0011562364503540975, "put,forward": 0.0018788842318254082, "in,a": 0.0013007660066483597, "her,majestys": 0.001589825119236884, "look,forward": 0.0010117068940598353, "forward,to": 0.0011562364503540975, "the,maiden": 0.000867177337765573,