{"<cs>,my": 0.04438502673796792, "my,lords": 0.045454545454545456, "lords,may": 0.0037433155080213902, "may,i": 0.011229946524064172, "the,noble": 0.0427807486631016, "noble,lord": 0.02727272727272727, "<e>,<s>": 0.08449197860962566, "to,say": 0.0032085561497326204, "that,in": 0.0042780748663101605, "with,a": 0.0032085561497326204, "lords,i": 0.013903743315508022, "to,ask": 0.004812834224598931, "ask,the": 0.008556149732620321, "the,question": 0.0032085561497326204, "question,which": 0.0032085561497326204, "in,my": 0.006417112299465241, "on,the": 0.009625668449197862, "i,am": 0.009625668449197862, "of,the": 0.047058823529411764, "the,house": 0.0074866310160427805, "will,be": 0.0037433155080213902, "to,the": 0.03048128342245989, "noble,baroness": 0.009625668449197862, "<s>,i": 0.017112299465240642, "i,should": 0.008556149732620321, "should,like": 0.0058823529411764705, "like,to": 0.0058823529411764705, "which,are": 0.0032085561497326204, "<s>,the": 0.0058823529411764705, "which,is": 0.004812834224598931, "to,a": 0.0037433155080213902, "and,the": 0.008556149732620321, "is,it": 0.0042780748663101605, "me,to": 0.00267379679144385, "for,the": 0.0053475935828877, "the,government": 0.006951871657754011, "<s>,in": 0.008556149732620321, "in,the": 0.023529411764705882, "of,his": 0.0037433155080213902, "which,the": 0.0058823529411764705, "of,inflation": 0.0032085561497326204, "i,ask": 0.00909090909090909, "<cs>,i": 0.004812834224598931, "i,do": 0.0037433155080213902, "do,not": 0.004812834224598931, "your,lordships": 0.0053475935828877, "with,the": 0.0106951871657754, "by,the": 0.0106951871657754, "<s>,but": 0.0058823529411764705, "but,i": 0.004812834224598931, "the,committee": 0.0032085561497326204, "i,shall": 0.0032085561497326204, "lords,would": 0.0053475935828877, "would,the": 0.006417112299465241, "the,minister": 0.00909090909090909, "not,agree": 0.0042780748663101605, "which,he": 0.0037433155080213902, "would,be": 0.0074866310160427805, "agree,with": 0.006951871657754011, "with,me": 0.0042780748663101605, "me,that": 0.0074866310160427805, "of,this": 0.0074866310160427805, "lord,not": 0.00267379679144385, "that,i": 0.0037433155080213902, "i,think": 0.0042780748663101605, "has,been": 0.006417112299465241, "this,house": 0.0032085561497326204, "that,this": 0.0053475935828877, "is,a": 0.0053475935828877, "lords,<e>": 0.00267379679144385, "lords,will": 0.00267379679144385, "that,it": 0.006951871657754011, "it,is": 0.008021390374331552, "if,i": 0.0032085561497326204, "may,be": 0.0042780748663101605, "should,have": 0.0032085561497326204, "have,been": 0.0053475935828877, "ask,him": 0.0037433155080213902, "rate,of": 0.0032085561497326204, "lords,in": 0.00267379679144385, "as,regards": 0.0042780748663101605, "which,i": 0.0037433155080213902, "the,present": 0.0053475935828877, "that,there": 0.0042780748663101605, "in,this": 0.0074866310160427805, "this,bill": 0.00267379679144385, "that,he": 0.00267379679144385, "to,be": 0.006951871657754011, "bill,<e>": 0.0053475935828877, "agree,that": 0.004812834224598931, "that,the": 0.016042780748663103, "at,the": 0.004812834224598931, "he,has": 0.0037433155080213902, "whether,he": 0.00267379679144385, "there,is": 0.0037433155080213902, "which,has": 0.00267379679144385, "with,regard": 0.00267379679144385, "regard,to": 0.0053475935828877, "is,not": 0.0032085561497326204, "due,to": 0.0037433155080213902, "noble,lords": 0.0042780748663101605, "and,i": 0.0053475935828877, "of,a": 0.0053475935828877, "could,be": 0.00267379679144385, "is,the": 0.0058823529411764705, "not,the": 0.0037433155080213902, "of,which": 0.00267379679144385, "the,amendment": 0.00267379679144385, "part,of": 0.00267379679144385, "the,bill": 0.0053475935828877, "the,most": 0.0032085561497326204, "<s>,it": 0.006951871657754011, "it,seems": 0.0032085561497326204, "seems,to": 0.0042780748663101605, "to,me": 0.006951871657754011, "we,are": 0.004812834224598931, "<s>,is": 0.0042780748663101605, "it,not": 0.0032085561497326204, "as,the": 0.00267379679144385, "lord,lord": 0.010160427807486631, "i,have": 0.006417112299465241, "should,be": 0.0053475935828877, "believe,that": 0.0032085561497326204, "this,amendment": 0.00267379679144385, "i,would": 0.0042780748663101605, "from,the": 0.0042780748663101605, "sympathy,with": 0.00267379679144385, "i,cannot": 0.00267379679144385, "to,express": 0.00267379679144385, "<s>,one": 0.00267379679144385, "before,the": 0.0032085561497326204, "in,a": 0.0032085561497326204, "lordships,house": 0.0032085561497326204, "house,<e>": 0.00267379679144385, "the,past": 0.00267379679144385}