{"<cs>,my": 0.024033437826541274, "my,lords": 0.027516544757924068, "lords,i": 0.00557297109021247, "because,i": 0.0020898641588296763, "i,am": 0.009752699407871821, "which,i": 0.0017415534656913968, "i,have": 0.004528039010797631, "<e>,<s>": 0.09683037269244166, "is,that": 0.0020898641588296763, "that,i": 0.0038314176245210726, "in,the": 0.01602229188436085, "that,there": 0.0038314176245210726, "there,is": 0.00522466039707419, "is,no": 0.0034831069313827935, "on,the": 0.010101010101010102, "the,noble": 0.03239289446185998, "noble,lord": 0.02124695228143504, "of,what": 0.003134796238244514, "i,may": 0.0024381748519679554, "<s>,when": 0.0017415534656913968, "<cs>,i": 0.004528039010797631, "i,should": 0.002786485545106235, "like,to": 0.003134796238244514, "lord,lord": 0.011494252873563218, "this,<e>": 0.0024381748519679554, "<s>,i": 0.017763845350052248, "say,that": 0.0024381748519679554, "him,<e>": 0.0020898641588296763, "to,the": 0.014977359804946012, "but,i": 0.0020898641588296763, "<s>,they": 0.0017415534656913968, "they,are": 0.003134796238244514, "i,would": 0.0020898641588296763, "<s>,if": 0.00522466039707419, "it,is": 0.00522466039707419, "that,the": 0.013584117032392894, "of,the": 0.02055033089515848, "does,not": 0.0020898641588296763, "to,me": 0.0024381748519679554, "to,be": 0.008011145942180425, "to,say": 0.0038314176245210726, "a,matter": 0.0017415534656913968, "which,the": 0.0024381748519679554, "do,not": 0.008011145942180425, "i,think": 0.003134796238244514, "we,have": 0.004876349703935911, "out,of": 0.0020898641588296763, "the,minister": 0.019853709508881923, "of,this": 0.0034831069313827935, "<s>,it": 0.00557297109021247, "is,not": 0.00522466039707419, "he,has": 0.0041797283176593526, "has,been": 0.0017415534656913968, "the,other": 0.006269592476489028, "this,is": 0.002786485545106235, "trade,union": 0.002786485545106235, "lords,as": 0.0017415534656913968, "as,i": 0.0034831069313827935, "i,do": 0.006269592476489028, "time,<e>": 0.0017415534656913968, "i,wish": 0.0017415534656913968, "wish,to": 0.0024381748519679554, "is,it": 0.0020898641588296763, "it,not": 0.0024381748519679554, "of,us": 0.0073145245559038665, "have,been": 0.002786485545106235, "have,to": 0.0020898641588296763, "if,we": 0.003134796238244514, "in,a": 0.003134796238244514, "of,our": 0.0017415534656913968, "not,a": 0.002786485545106235, "question,of": 0.003134796238244514, "the,way": 0.0017415534656913968, "should,be": 0.0020898641588296763, "and,that": 0.0024381748519679554, "that,they": 0.002786485545106235, "we,can": 0.0017415534656913968, "lords,the": 0.0020898641588296763, "that,we": 0.0059212817833507484, "in,this": 0.0038314176245210726, "this,house": 0.0020898641588296763, "be,the": 0.0020898641588296763, "other,place": 0.0020898641588296763, "<s>,but": 0.0038314176245210726, "that,one": 0.0017415534656913968, "one,is": 0.0017415534656913968, "will,be": 0.0034831069313827935, "at,the": 0.004876349703935911, "who,are": 0.0020898641588296763, "my,noble": 0.00557297109021247, "noble,friend": 0.006269592476489028, "that,he": 0.004528039010797631, "what,he": 0.0020898641588296763, "i,know": 0.0017415534656913968, "what,the": 0.0024381748519679554, "<s>,he": 0.003134796238244514, "he,said": 0.0034831069313827935, "said,that": 0.0038314176245210726, "think,that": 0.0020898641588296763, "that,it": 0.004528039010797631, "it,was": 0.006269592476489028, "lords,may": 0.004528039010797631, "may,i": 0.013235806339254615, "i,just": 0.003134796238244514, "the,foreign": 0.0034831069313827935, "foreign,secretary": 0.0024381748519679554, "<s>,this": 0.0017415534656913968, "i,ask": 0.007662835249042145, "ask,the": 0.0073145245559038665, "it,would": 0.0017415534656913968, "would,be": 0.0038314176245210726, "for,the": 0.004528039010797631, "we,are": 0.007662835249042145, "part,of": 0.0020898641588296763, "noble,and": 0.0017415534656913968, "and,learned": 0.0017415534656913968, "learned,lord": 0.0017415534656913968, "lord,the": 0.0020898641588296763, "and,the": 0.0041797283176593526, "the,government": 0.0073145245559038665, "by,the": 0.0041797283176593526, "as,a": 0.004528039010797631, "lords,is": 0.003134796238244514, "is,the": 0.006269592476489028, "aware,that": 0.0038314176245210726, "there,are": 0.0017415534656913968, "we,would": 0.0017415534656913968, "some,of": 0.0020898641588296763, "that,this": 0.0017415534656913968, "whether,the": 0.0020898641588296763, "the,rest": 0.0020898641588296763, "rest,of": 0.0020898641588296763, "the,question": 0.0038314176245210726, "lord,boyd-carpenter": 0.0020898641588296763, "the,amendment": 0.002786485545106235, "question,<e>": 0.0017415534656913968, "<s>,may": 0.0038314176245210726, "<s>,will": 0.0024381748519679554, "will,the": 0.0020898641588296763, "it,in": 0.0020898641588296763, "should,like": 0.0020898641588296763, "<s>,the": 0.008011145942180425, "a,very": 0.0024381748519679554, "very,much": 0.0017415534656913968, "and,he": 0.0017415534656913968, "he,is": 0.002786485545106235, "as,the": 0.003134796238244514, "is,a": 0.0041797283176593526, "to,make": 0.004876349703935911, "<s>,is": 0.003134796238244514, "not,true": 0.0017415534656913968, "that,is": 0.0041797283176593526, "it,<e>": 0.006269592476489028, "and,i": 0.0041797283176593526, "as,one": 0.0020898641588296763, "the,house": 0.006966213862765587, "is,now": 0.0017415534656913968, "with,the": 0.006966213862765587, "we,were": 0.0017415534656913968, "<s>,as": 0.0017415534656913968, "to,do": 0.006269592476489028, "of,course": 0.0017415534656913968, "<cs>,no": 0.0017415534656913968, "house,<e>": 0.0024381748519679554, "the,prime": 0.0020898641588296763, "prime,minister": 0.0020898641588296763, "lords,<e>": 0.002786485545106235, "i,will": 0.0020898641588296763, "your,lordships": 0.0017415534656913968, "minister,to": 0.0038314176245210726, "to,ask": 0.0024381748519679554, "from,the": 0.002786485545106235, "not,know": 0.002786485545106235, "leader,of": 0.0017415534656913968, "to,a": 0.0024381748519679554, "who,is": 0.0020898641588296763, "which,is": 0.0017415534656913968, "will,not": 0.0020898641588296763, "what,i": 0.0024381748519679554, "make,it": 0.0024381748519679554, "if,i": 0.0024381748519679554, "in,fact": 0.002786485545106235, "when,i": 0.0017415534656913968, "i,was": 0.002786485545106235, "noble,earl": 0.003134796238244514, "about,the": 0.0017415534656913968, "he,not": 0.0017415534656913968, "minister,<e>": 0.0017415534656913968, "noble,lords": 0.002786485545106235, "noble,baroness": 0.0038314176245210726, "have,a": 0.002786485545106235, "for,a": 0.003134796238244514, "long,time": 0.0017415534656913968, "<s>,we": 0.004528039010797631, "was,a": 0.0020898641588296763, "it,has": 0.0020898641588296763, "has,just": 0.0020898641588296763, "that,in": 0.0020898641588296763, "those,who": 0.0020898641588296763, "not,be": 0.0017415534656913968, "that,<e>": 0.003134796238244514, "that,if": 0.0017415534656913968, "if,the": 0.0017415534656913968, "what,we": 0.0017415534656913968, "minister,aware": 0.0017415534656913968, "do,with": 0.0020898641588296763, "it,will": 0.0017415534656913968, "because,the": 0.0017415534656913968, "the,same": 0.0024381748519679554, "<cs>,may": 0.0017415534656913968, "want,to": 0.0024381748519679554, "with,great": 0.0034831069313827935, "great,respect": 0.0034831069313827935, "what,has": 0.0017415534656913968, "to,have": 0.0017415534656913968, "as,an": 0.002786485545106235, "what,is": 0.0017415534656913968, "is,to": 0.0020898641588296763, "the,<e>": 0.0017415534656913968, "speak,as": 0.0017415534656913968, "<s>,what": 0.0020898641588296763, "lord,has": 0.0017415534656913968, "going,to": 0.0017415534656913968, "a,trade": 0.0017415534656913968, "<s>,that": 0.0017415534656913968, "noble,viscount": 0.0020898641588296763, "let,us": 0.002786485545106235, "may,say": 0.0017415534656913968, "the,soviet": 0.0024381748519679554, "soviet,union": 0.0020898641588296763, "lord,beswick": 0.0017415534656913968, "an,alternative": 0.0017415534656913968}