{"<cs>,my": 0.016183986371379896, "my,lords": 0.01682282793867121, "lords,i": 0.008304940374787052, "i,think": 0.005749574105621806, "the,noble": 0.025766609880749573, "noble,lord": 0.01895229982964225, "lord,lord": 0.007666098807495741, "out,of": 0.002129471890971039, "of,a": 0.003620102214650767, "<e>,<s>": 0.1194633730834753, "<s>,he": 0.0031942078364565587, "he,was": 0.0012776831345826234, "i,believe": 0.002342419080068143, "<s>,in": 0.002981260647359455, "in,the": 0.012776831345826235, "is,the": 0.003620102214650767, "on,<e>": 0.0012776831345826234, "<s>,that": 0.005110732538330494, "<cs>,i": 0.0108603066439523, "and,i": 0.00596252129471891, "i,know": 0.0012776831345826234, "it,is": 0.011286201022146508, "to,go": 0.0012776831345826234, "noble,and": 0.0012776831345826234, "and,learned": 0.0012776831345826234, "learned,lord": 0.0012776831345826234, "but,i": 0.004045996592844974, "to,be": 0.0048977853492333905, "be,a": 0.0012776831345826234, "<s>,i": 0.028534923339011926, "when,the": 0.0010647359454855196, "on,the": 0.007666098807495741, "there,was": 0.0014906303236797275, "it,<e>": 0.0048977853492333905, "for,a": 0.002342419080068143, "of,the": 0.01895229982964225, "it,will": 0.0014906303236797275, "right,<e>": 0.0010647359454855196, "he,is": 0.0031942078364565587, "that,we": 0.002768313458262351, "not,<e>": 0.0012776831345826234, "<s>,of": 0.0014906303236797275, "it,was": 0.002768313458262351, "it,would": 0.0017035775127768314, "have,been": 0.005536626916524702, "it,not": 0.0010647359454855196, "not,have": 0.0017035775127768314, "<s>,but": 0.0019165247018739352, "at,least": 0.0014906303236797275, "we,have": 0.005110732538330494, "have,to": 0.004471890971039182, "to,have": 0.002555366269165247, "of,this": 0.002129471890971039, "<s>,if": 0.0038330494037478705, "if,we": 0.0010647359454855196, "we,do": 0.0012776831345826234, "do,not": 0.006388415672913117, "we,shall": 0.002342419080068143, "which,is": 0.0012776831345826234, "<cs>,will": 0.0010647359454855196, "will,the": 0.002555366269165247, "lord,give": 0.0010647359454855196, "give,way": 0.0014906303236797275, "way,<e>": 0.002342419080068143, "before,the": 0.0014906303236797275, "lord,sits": 0.0010647359454855196, "sits,down": 0.0010647359454855196, "may,i": 0.0017035775127768314, "i,thank": 0.002342419080068143, "for,his": 0.0012776831345826234, "i,hope": 0.0034071550255536627, "that,it": 0.004471890971039182, "was,a": 0.002129471890971039, "it,may": 0.0012776831345826234, "the,writer": 0.0010647359454855196, "to,do": 0.0012776831345826234, "a,very": 0.002768313458262351, "about,the": 0.0017035775127768314, "would,not": 0.0012776831345826234, "the,same": 0.0017035775127768314, "i,should": 0.005749574105621806, "should,like": 0.004684838160136286, "like,to": 0.004684838160136286, "to,support": 0.002129471890971039, "support,the": 0.002342419080068143, "the,amendment": 0.007240204429301534, "by,the": 0.002981260647359455, "i,am": 0.011712095400340716, "that,i": 0.007453151618398637, "i,have": 0.007453151618398637, "this,amendment": 0.002555366269165247, "amendment,<e>": 0.005110732538330494, "the,last": 0.0010647359454855196, "because,i": 0.0010647359454855196, "i,do": 0.004045996592844974, "believe,that": 0.002129471890971039, "i,was": 0.0019165247018739352, "noble,lords": 0.0031942078364565587, "said,that": 0.0010647359454855196, "<s>,the": 0.009369676320272573, "is,that": 0.0038330494037478705, "on,this": 0.002129471890971039, "say,that": 0.002981260647359455, "as,to": 0.0010647359454855196, "<s>,when": 0.0019165247018739352, "when,i": 0.0017035775127768314, "your,lordships": 0.0019165247018739352, "<cs>,it": 0.0010647359454855196, "is,not": 0.004045996592844974, "going,to": 0.0010647359454855196, "i,can": 0.0017035775127768314, "and,that": 0.002768313458262351, "will,be": 0.002342419080068143, "back,to": 0.0017035775127768314, "years,<e>": 0.0010647359454855196, "that,they": 0.004258943781942078, "they,are": 0.0034071550255536627, "if,the": 0.0012776831345826234, "for,example": 0.002129471890971039, "would,be": 0.002768313458262351, "i,beg": 0.003620102214650767, "this,is": 0.002555366269165247, "is,a": 0.008091993185689948, "for,the": 0.0068143100511073255, "not,think": 0.0014906303236797275, "think,that": 0.0034071550255536627, "have,the": 0.002129471890971039, "with,the": 0.004684838160136286, "know,that": 0.0010647359454855196, "that,there": 0.002555366269165247, "there,are": 0.0012776831345826234, "number,of": 0.0014906303236797275, "people,who": 0.0014906303236797275, "who,are": 0.0010647359454855196, "some,of": 0.0019165247018739352, "the,bbc": 0.002342419080068143, "and,the": 0.0048977853492333905, "as,a": 0.002129471890971039, "to,move": 0.0010647359454855196, "not,a": 0.0010647359454855196, "noble,viscount": 0.0019165247018739352, "that,he": 0.002981260647359455, "there,is": 0.005323679727427598, "thank,the": 0.003620102214650767, "he,has": 0.002981260647359455, "to,this": 0.0012776831345826234, "to,the": 0.011499148211243612, "a,question": 0.0012776831345826234, "in,fact": 0.0019165247018739352, "on,a": 0.0012776831345826234, "<s>,there": 0.0031942078364565587, "is,no": 0.0012776831345826234, "that,<e>": 0.002981260647359455, "they,were": 0.0019165247018739352, "<s>,one": 0.002981260647359455, "<s>,it": 0.0070272572402044296, "that,this": 0.002129471890971039, "that,a": 0.0012776831345826234, "<s>,we": 0.005749574105621806, "that,is": 0.005536626916524702, "may,be": 0.0017035775127768314, "can,be": 0.0017035775127768314, "i,cannot": 0.0010647359454855196, "to,ask": 0.0010647359454855196, "<s>,as": 0.002342419080068143, "this,bill": 0.002981260647359455, "time,<e>": 0.0012776831345826234, "introducing,this": 0.0010647359454855196, "of,my": 0.0017035775127768314, "it,has": 0.002129471890971039, "i,shall": 0.0012776831345826234, "in,this": 0.004045996592844974, "which,i": 0.002342419080068143, "i,may": 0.0014906303236797275, "the,other": 0.0010647359454855196, "him,to": 0.0010647359454855196, "companies,<e>": 0.0014906303236797275, "to,thank": 0.0019165247018739352, "bill,<e>": 0.0017035775127768314, "am,sorry": 0.0012776831345826234, "that,the": 0.012137989778534924, "over,the": 0.002342419080068143, "the,word": 0.0010647359454855196, "which,has": 0.0010647359454855196, "i,wonder": 0.0010647359454855196, "lord,is": 0.0012776831345826234, "aware,that": 0.0010647359454855196, "he,would": 0.0012776831345826234, "to,those": 0.0010647359454855196, "who,have": 0.002129471890971039, "have,a": 0.002555366269165247, "we,are": 0.002342419080068143, "the,past": 0.0014906303236797275, "the,first": 0.002342419080068143, "the,government": 0.008304940374787052, "i,find": 0.0012776831345826234, "and,so": 0.002555366269165247, "so,forth": 0.0010647359454855196, "because,it": 0.0010647359454855196, "to,join": 0.0010647359454855196, "other,noble": 0.0012776831345826234, "my,noble": 0.005749574105621806, "noble,friend": 0.005110732538330494, "friend,lord": 0.002342419080068143, "lord,lloyd": 0.0012776831345826234, "lloyd,of": 0.0010647359454855196, "an,interest": 0.0010647359454855196, "in,that": 0.0010647359454855196, "an,author": 0.0010647359454855196, "a,copyright": 0.0012776831345826234, "copyright,<e>": 0.0019165247018739352, "and,other": 0.0012776831345826234, "if,i": 0.0010647359454855196, "matter,<e>": 0.0012776831345826234, "<s>,is": 0.002129471890971039, "i,feel": 0.0012776831345826234, "as,i": 0.002129471890971039, "find,that": 0.0010647359454855196, "the,house": 0.0010647359454855196, "has,been": 0.0038330494037478705, "this,particular": 0.0010647359454855196, "want,to": 0.002342419080068143, "the,minister": 0.004045996592844974, "minister,for": 0.0010647359454855196, "lords,who": 0.0010647359454855196, "allow,me": 0.0010647359454855196, "me,to": 0.0017035775127768314, "beg,leave": 0.002555366269165247, "leave,to": 0.002555366269165247, "the,copyright": 0.002342419080068143, "i,must": 0.0019165247018739352, "i,had": 0.0010647359454855196, "one,of": 0.002129471890971039,