{"<cs>,my": 0.04742765273311897, "my,lords": 0.04742765273311897, "lords,i": 0.02009646302250804, "of,my": 0.0040192926045016075, "of,the": 0.04421221864951769, "the,noble": 0.04501607717041801, "noble,lord": 0.02572347266881029, "lord,lord": 0.014469453376205787, "<e>,<s>": 0.1229903536977492, "<s>,i": 0.028938906752411574, "i,think": 0.008842443729903537, "to,say": 0.00964630225080386, "that,i": 0.008038585209003215, "i,was": 0.007234726688102894, "to,have": 0.00482315112540193, "have,been": 0.008038585209003215, "able,to": 0.0040192926045016075, "in,the": 0.01527331189710611, "on,the": 0.01045016077170418, "a,lot": 0.0040192926045016075, "i,have": 0.01045016077170418, "on,this": 0.00482315112540193, "to,the": 0.016881028938906754, "noble,earl": 0.005627009646302251, "may,i": 0.0040192926045016075, "into,the": 0.0040192926045016075, "in,fact": 0.00482315112540193, "<cs>,i": 0.0040192926045016075, "it,is": 0.02491961414790997, "is,a": 0.00964630225080386, "at,the": 0.006430868167202572, "<s>,this": 0.0040192926045016075, "this,is": 0.0040192926045016075, "that,the": 0.017684887459807074, "is,one": 0.005627009646302251, "if,it": 0.0040192926045016075, "that,they": 0.0040192926045016075, "in,this": 0.0040192926045016075, "be,a": 0.00482315112540193, "noble,viscount": 0.006430868167202572, "will,be": 0.0040192926045016075, "noble,lords": 0.005627009646302251, "there,is": 0.005627009646302251, "not,think": 0.0040192926045016075, "think,that": 0.005627009646302251, "that,there": 0.0040192926045016075, "the,money": 0.0040192926045016075, "would,be": 0.008842443729903537, "of,a": 0.008842443729903537, "here,<e>": 0.0040192926045016075, "lords,the": 0.008842443729903537, "has,been": 0.0040192926045016075, "and,the": 0.008038585209003215, "the,government": 0.007234726688102894, "is,not": 0.007234726688102894, "before,the": 0.006430868167202572, "<s>,my": 0.00482315112540193, "my,noble": 0.00964630225080386, "noble,friend": 0.008842443729903537, "friend,lord": 0.006430868167202572, "<s>,he": 0.011254019292604502, "for,a": 0.005627009646302251, "the,same": 0.0040192926045016075, "want,to": 0.00482315112540193, "to,be": 0.006430868167202572, "<s>,in": 0.005627009646302251, "say,that": 0.006430868167202572, "that,it": 0.012861736334405145, "one,of": 0.005627009646302251, "do,not": 0.01045016077170418, "<s>,the": 0.011254019292604502, "which,is": 0.00482315112540193, "i,am": 0.013665594855305467, "with,the": 0.008842443729903537, "which,i": 0.005627009646302251, "he,has": 0.005627009646302251, "i,do": 0.01045016077170418, "<s>,it": 0.0040192926045016075, "it,was": 0.0040192926045016075, "and,i": 0.007234726688102894, "<s>,that": 0.0040192926045016075, "<s>,but": 0.00482315112540193, "as,a": 0.00482315112540193, "i,should": 0.005627009646302251, "the,bill": 0.005627009646302251, "side,of": 0.0040192926045016075, "the,minister": 0.005627009646302251, "by,the": 0.0040192926045016075, "but,i": 0.0040192926045016075, "noble,baroness": 0.00482315112540193, "it,would": 0.00482315112540193, "going,to": 0.0040192926045016075, "me,to": 0.0040192926045016075, "who,is": 0.0040192926045016075, "to,do": 0.0040192926045016075, "that,is": 0.00482315112540193, "the,house": 0.00482315112540193, "for,the": 0.0040192926045016075, "importance,of": 0.0040192926045016075, "on,that": 0.0040192926045016075, "area,of": 0.0040192926045016075}