{"<cs>,my": 0.02613390928725702, "my,lords": 0.02613390928725702, "this,is": 0.0012958963282937365, "and,as": 0.0010799136069114472, "as,i": 0.0019438444924406047, "i,am": 0.0183585313174946, "aware,that": 0.0019438444924406047, "that,in": 0.0028077753779697625, "in,your": 0.0012958963282937365, "your,lordships": 0.0023758099352051837, "lordships,house": 0.0017278617710583153, "there,are": 0.001511879049676026, "who,have": 0.0010799136069114472, "in,the": 0.014902807775377969, "i,ask": 0.0021598272138228943, "<e>,<s>": 0.08315334773218143, "<s>,i": 0.024190064794816415, "am,glad": 0.0012958963282937365, "glad,that": 0.0017278617710583153, "that,this": 0.0023758099352051837, "the,first": 0.0017278617710583153, "part,in": 0.0017278617710583153, "by,the": 0.009287257019438444, "the,noble": 0.023974082073434124, "noble,baroness": 0.005399568034557235, "baroness,lady": 0.0034557235421166306, "a,very": 0.0012958963282937365, "lords,the": 0.0019438444924406047, "noble,lord": 0.011879049676025918, "lord,lord": 0.008855291576673866, "in,his": 0.001511879049676026, "am,sure": 0.0010799136069114472, "as,a": 0.0028077753779697625, "about,the": 0.0038876889848812094, "that,they": 0.002591792656587473, "they,are": 0.001511879049676026, "of,the": 0.024190064794816415, "the,problem": 0.002591792656587473, "i,said": 0.0010799136069114472, "and,the": 0.005183585313174946, "when,i": 0.0010799136069114472, "the,debate": 0.0012958963282937365, "on,the": 0.00755939524838013, "lords,i": 0.012958963282937365, "i,beg": 0.0045356371490280776, "beg,leave": 0.004751619870410367, "leave,to": 0.004751619870410367, "to,ask": 0.0019438444924406047, "ask,the": 0.002591792656587473, "the,question": 0.0017278617710583153, "in,my": 0.003023758099352052, "my,name": 0.0021598272138228943, "the,order": 0.0010799136069114472, "am,grateful": 0.0023758099352051837, "grateful,to": 0.006911447084233261, "to,the": 0.016198704103671708, "lord,the": 0.0012958963282937365, "the,minister": 0.01468682505399568, "minister,for": 0.0038876889848812094, "for,that": 0.0028077753779697625, "that,reply": 0.001511879049676026, "reply,<e>": 0.002591792656587473, "that,there": 0.0034557235421166306, "and,that": 0.0038876889848812094, "that,it": 0.0038876889848812094, "it,was": 0.0021598272138228943, "in,which": 0.0010799136069114472, "that,the": 0.015550755939524838, "in,this": 0.004751619870410367, "this,country": 0.0012958963282937365, "which,are": 0.0012958963282937365, "at,the": 0.0019438444924406047, "the,end": 0.0010799136069114472, "end,of": 0.0010799136069114472, "noble,viscount": 0.0017278617710583153, "on,this": 0.0012958963282937365, "a,great": 0.001511879049676026, "great,authority": 0.0010799136069114472, "which,i": 0.0032397408207343412, "has,been": 0.0045356371490280776, "of,us": 0.001511879049676026, "this,debate": 0.0019438444924406047, "because,i": 0.0023758099352051837, "in,a": 0.0028077753779697625, "i,was": 0.005399568034557235, "of,a": 0.0019438444924406047, "and,i": 0.0034557235421166306, "i,have": 0.004751619870410367, "have,been": 0.0028077753779697625, "the,countryside": 0.0012958963282937365, "this,bill": 0.0012958963282937365, "with,great": 0.003023758099352052, "the,environment": 0.0010799136069114472, "another,place": 0.0017278617710583153, "the,bill": 0.0032397408207343412, "in,another": 0.001511879049676026, "said,i": 0.0019438444924406047, "which,is": 0.0019438444924406047, "it,seems": 0.0012958963282937365, "seems,to": 0.0034557235421166306, "to,be": 0.0064794816414686825, "will,cost": 0.0010799136069114472, "that,i": 0.005831533477321814, "should,be": 0.0028077753779697625, "the,point": 0.001511879049676026, "to,make": 0.0017278617710583153, "is,a": 0.0045356371490280776, "for,the": 0.0038876889848812094, "the,governments": 0.002591792656587473, "as,the": 0.0021598272138228943, "it,is": 0.009719222462203024, "<s>,the": 0.005615550755939525, "the,welsh": 0.001511879049676026, "rivers,<e>": 0.0010799136069114472, "<s>,there": 0.0019438444924406047, "to,consider": 0.001511879049676026, "consider,the": 0.0010799136069114472, "we,are": 0.0032397408207343412, "the,fact": 0.0010799136069114472, "the,government": 0.008855291576673866, "government,have": 0.0017278617710583153, "from,the": 0.0019438444924406047, "very,important": 0.0010799136069114472, "are,very": 0.0010799136069114472, "to,what": 0.0010799136069114472, "what,i": 0.0021598272138228943, "<cs>,i": 0.008639308855291577, "i,shall": 0.0012958963282937365, "i,think": 0.004967602591792656, "the,case": 0.0021598272138228943, "for,this": 0.0019438444924406047, "this,amendment": 0.0038876889848812094, "agree,with": 0.0010799136069114472, "it,<e>": 0.0019438444924406047, "<s>,however": 0.0017278617710583153, "think,that": 0.0028077753779697625, "at,second": 0.0012958963282937365, "second,reading": 0.0028077753779697625, "said,that": 0.0021598272138228943, "was,very": 0.0010799136069114472, "say,that": 0.0017278617710583153, "that,<e>": 0.001511879049676026, "noble,lords": 0.001511879049676026, "part,of": 0.0021598272138228943, "debate,<e>": 0.0012958963282937365, "<s>,but": 0.001511879049676026, "but,i": 0.001511879049676026, "very,much": 0.00367170626349892, "bill,and": 0.0010799136069114472, "that,we": 0.003023758099352052, "we,should": 0.0012958963282937365, "i,welcome": 0.0010799136069114472, "welcome,the": 0.0010799136069114472, "to,have": 0.0021598272138228943, "had,been": 0.0010799136069114472, "i,support": 0.0017278617710583153, "support,the": 0.0017278617710583153, "the,united": 0.0021598272138228943, "united,kingdom": 0.0017278617710583153, "is,not": 0.002591792656587473, "in,<e>": 0.0010799136069114472, "i,warmly": 0.001511879049676026, "i,should": 0.0062634989200863935, "should,like": 0.005615550755939525, "like,to": 0.005831533477321814, "propose,to": 0.0012958963282937365, "lady,white": 0.0012958963282937365, "i,wish": 0.001511879049676026, "wish,to": 0.0019438444924406047, "<s>,he": 0.001511879049676026, "a,problem": 0.0019438444924406047, "which,has": 0.0012958963282937365, "<s>,we": 0.0017278617710583153, "<s>,it": 0.005399568034557235, "what,the": 0.0062634989200863935, "of,its": 0.0010799136069114472, "<s>,of": 0.001511879049676026, "talking,about": 0.0010799136069114472, "the,irish": 0.0010799136069114472, "may,i": 0.0028077753779697625, "thank,the": 0.0019438444924406047, "problem,of": 0.0017278617710583153, "<s>,in": 0.0038876889848812094, "to,thank": 0.001511879049676026, "all,that": 0.0010799136069114472, "that,he": 0.0019438444924406047, "he,has": 0.0023758099352051837, "<cs>,in": 0.0010799136069114472, "the,light": 0.002591792656587473, "light,of": 0.0023758099352051837, "of,what": 0.0017278617710583153, "minister,has": 0.0019438444924406047, "has,said": 0.0038876889848812094, "i,understand": 0.0017278617710583153, "in,england": 0.0010799136069114472, "england,and": 0.0010799136069114472, "and,wales": 0.0010799136069114472, "to,withdraw": 0.0038876889848812094, "my,amendment": 0.001511879049676026, "amendment,<e>": 0.006911447084233261, "amendment,no": 0.0032397408207343412, "no,<e>": 0.0032397408207343412, "we,have": 0.0019438444924406047, "there,is": 0.0038876889848812094, "<s>,that": 0.0034557235421166306, "amendment,is": 0.001511879049676026, "is,to": 0.0019438444924406047, "and,it": 0.0012958963282937365, "view,of": 0.0010799136069114472, "with,the": 0.0032397408207343412, "the,committee": 0.002591792656587473, "today,<e>": 0.0010799136069114472, "i,hope": 0.0028077753779697625, "government,will": 0.0010799136069114472, "will,be": 0.0045356371490280776, "am,very": 0.00367170626349892, "very,grateful": 0.0032397408207343412, "i,believe": 0.003023758099352052, "the,water": 0.001511879049676026, "water,authorities": 0.001511879049676026, "is,that": 0.0012958963282937365, "perhaps,i": 0.0021598272138228943, "i,may": 0.003023758099352052, "would,be": 0.0019438444924406047, "about,this": 0.001511879049676026, "want,to": 0.0010799136069114472, "amendments,<e>": 0.0012958963282937365,