{"<cs>,my": 0.0441527446300716, "my,lords": 0.0441527446300716, "lords,i": 0.021479713603818614, "i,beg": 0.007159904534606206, "beg,leave": 0.007159904534606206, "leave,to": 0.007159904534606206, "to,ask": 0.007159904534606206, "ask,the": 0.007159904534606206, "the,question": 0.00954653937947494, "in,my": 0.008353221957040573, "my,name": 0.008353221957040573, "name,on": 0.007159904534606206, "on,the": 0.016706443914081145, "the,order": 0.007159904534606206, "order,paper": 0.007159904534606206, "paper,<e>": 0.007159904534606206, "thank,my": 0.0059665871121718375, "my,noble": 0.045346062052505964, "noble,friend": 0.045346062052505964, "for,that": 0.0059665871121718375, "<e>,<s>": 0.10501193317422435, "is,a": 0.010739856801909307, "of,the": 0.060859188544152745, "may,i": 0.0059665871121718375, "have,been": 0.008353221957040573, "for,the": 0.008353221957040573, "system,<e>": 0.0059665871121718375, "that,it": 0.0059665871121718375, "it,is": 0.021479713603818614, "that,the": 0.02386634844868735, "are,not": 0.0059665871121718375, "which,i": 0.007159904534606206, "will,be": 0.011933174224343675, "the,government": 0.010739856801909307, "in,northern": 0.0059665871121718375, "northern,ireland": 0.013126491646778043, "to,be": 0.011933174224343675, "with,the": 0.0059665871121718375, "the,united": 0.007159904534606206, "united,kingdom": 0.007159904534606206, "as,a": 0.00954653937947494, "and,i": 0.010739856801909307, "i,should": 0.0059665871121718375, "i,am": 0.008353221957040573, "does,not": 0.007159904534606206, "to,the": 0.017899761336515514, "at,the": 0.008353221957040573, "the,noble": 0.013126491646778043, "noble,lord": 0.011933174224343675, "lord,lord": 0.008353221957040573, "<s>,i": 0.026252983293556086, "friend,lord": 0.017899761336515514, "that,if": 0.007159904534606206, "<s>,does": 0.007159904534606206, "that,there": 0.0059665871121718375, "<cs>,i": 0.0059665871121718375, "that,i": 0.00954653937947494, "i,think": 0.007159904534606206, "<s>,it": 0.013126491646778043, "the,rating": 0.007159904534606206, "<s>,that": 0.0059665871121718375, "to,say": 0.007159904534606206, "i,too": 0.0059665871121718375, "such,a": 0.0059665871121718375, "in,the": 0.016706443914081145, "there,is": 0.007159904534606206, "that,is": 0.007159904534606206, "the,last": 0.0059665871121718375, "that,my": 0.0059665871121718375, "friend,the": 0.008353221957040573, "the,minister": 0.007159904534606206, "as,the": 0.0059665871121718375, "rating,system": 0.007159904534606206, "and,the": 0.0059665871121718375, "like,to": 0.0059665871121718375, "the,assembly": 0.007159904534606206, "be,the": 0.0059665871121718375, "be,a": 0.0059665871121718375}