{"<cs>,my": 0.07184466019417475, "my,lords": 0.07766990291262135, "lords,i": 0.019417475728155338, "i,am": 0.015533980582524271, "with,the": 0.013592233009708738, "<e>,<s>": 0.09514563106796116, "of,the": 0.04466019417475728, "the,noble": 0.02912621359223301, "<s>,i": 0.017475728155339806, "that,the": 0.009708737864077669, "a,little": 0.011650485436893204, "in,a": 0.009708737864077669, "i,should": 0.011650485436893204, "that,i": 0.02330097087378641, "i,have": 0.02524271844660194, "and,that": 0.013592233009708738, "in,this": 0.019417475728155338, "lords,may": 0.011650485436893204, "may,i": 0.02330097087378641, "that,we": 0.021359223300970873, "the,foreign": 0.013592233009708738, "foreign,secretary": 0.011650485436893204, "in,the": 0.021359223300970873, "on,this": 0.015533980582524271, "need,to": 0.009708737864077669, "this,matter": 0.009708737864077669, "i,ask": 0.009708737864077669, "your,lordships": 0.017475728155339806, "the,minister": 0.011650485436893204, "have,a": 0.009708737864077669, "for,the": 0.009708737864077669, "which,we": 0.011650485436893204, "we,are": 0.015533980582524271, "that,it": 0.015533980582524271, "it,is": 0.021359223300970873, "may,be": 0.009708737864077669, "noble,lord": 0.021359223300970873, "whether,he": 0.009708737864077669, "i,do": 0.017475728155339806, "be,a": 0.009708737864077669, "has,been": 0.011650485436893204, "do,not": 0.02524271844660194, "to,do": 0.009708737864077669, "to,be": 0.019417475728155338, "i,hope": 0.017475728155339806, "<cs>,i": 0.009708737864077669, "a,very": 0.011650485436893204, "to,the": 0.02524271844660194, "the,soviet": 0.009708737864077669, "<s>,it": 0.011650485436893204, "they,are": 0.011650485436893204}