{"<cs>,my": 0.033214709371293, "my,lords": 0.03440094899169632, "will,the": 0.005931198102016607, "the,noble": 0.022538552787663108, "noble,lord": 0.0166073546856465, "with,the": 0.010676156583629894, "in,view": 0.005931198102016607, "view,of": 0.005931198102016607, "of,the": 0.03202846975088968, "to,ensure": 0.005931198102016607, "i,understand": 0.005931198102016607, "the,minister": 0.04389086595492289, "to,say": 0.005931198102016607, "say,that": 0.00830367734282325, "no,<e>": 0.00830367734282325, "it,is": 0.03084223013048636, "in,the": 0.02372479240806643, "the,public": 0.011862396204033215, "should,be": 0.005931198102016607, "<e>,<s>": 0.10676156583629894, "<s>,i": 0.028469750889679714, "i,am": 0.02965599051008304, "<s>,it": 0.013048635824436536, "is,not": 0.011862396204033215, "but,i": 0.0071174377224199285, "in,this": 0.005931198102016607, "may,i": 0.005931198102016607, "local,authorities": 0.009489916963226572, "have,been": 0.010676156583629894, "of,this": 0.0071174377224199285, "the,bill": 0.00830367734282325, "ensure,that": 0.005931198102016607, "definitive,map": 0.010676156583629894, "has,been": 0.005931198102016607, "will,be": 0.005931198102016607, "to,a": 0.0071174377224199285, "for,the": 0.0071174377224199285, "<cs>,i": 0.011862396204033215, "to,the": 0.018979833926453145, "minister,<e>": 0.005931198102016607, "as,a": 0.005931198102016607, "what,the": 0.00830367734282325, "it,would": 0.0071174377224199285, "would,be": 0.005931198102016607, "and,i": 0.010676156583629894, "i,think": 0.010676156583629894, "on,the": 0.00830367734282325, "he,has": 0.0071174377224199285, "there,is": 0.009489916963226572, "i,should": 0.005931198102016607, "the,definitive": 0.0071174377224199285, "to,be": 0.010676156583629894, "this,amendment": 0.010676156583629894, "i,hope": 0.005931198102016607, "that,it": 0.009489916963226572, "your,lordships": 0.00830367734282325, "at,the": 0.005931198102016607, "amendment,no": 0.005931198102016607, "my,noble": 0.010676156583629894, "this,bill": 0.00830367734282325, "as,to": 0.0071174377224199285, "that,this": 0.010676156583629894, "<s>,the": 0.005931198102016607, "that,there": 0.005931198102016607, "noble,friend": 0.009489916963226572, "i,beg": 0.010676156583629894, "the,amendment": 0.005931198102016607, "that,i": 0.0071174377224199285, "it,<e>": 0.005931198102016607, "is,a": 0.005931198102016607, "that,the": 0.017793594306049824, "be,able": 0.005931198102016607, "able,to": 0.00830367734282325, "think,that": 0.009489916963226572, "the,interests": 0.005931198102016607, "interests,of": 0.005931198102016607, "lords,i": 0.0166073546856465, "the,government": 0.005931198102016607, "to,give": 0.005931198102016607, "think,it": 0.005931198102016607, "this,is": 0.005931198102016607, "beg,to": 0.005931198102016607, "to,move": 0.005931198102016607, "is,the": 0.00830367734282325, "aware,that": 0.0071174377224199285}