{"<cs>,my": 0.06565656565656566, "my,lords": 0.06565656565656566, "noble,lords": 0.017676767676767676, "the,noble": 0.0707070707070707, "noble,lord": 0.047979797979797977, "lord,lord": 0.03787878787878788, "for,the": 0.015151515151515152, "of,the": 0.08585858585858586, "<e>,<s>": 0.1590909090909091, "to,the": 0.03282828282828283, "in,the": 0.027777777777777776, "was,a": 0.012626262626262626, "that,he": 0.012626262626262626, "i,am": 0.025252525252525252, "lords,i": 0.03282828282828283, "with,the": 0.012626262626262626, "it,is": 0.017676767676767676, "and,the": 0.017676767676767676, "have,been": 0.012626262626262626, "i,have": 0.015151515151515152, "that,the": 0.012626262626262626, "the,committee": 0.012626262626262626, "who,have": 0.012626262626262626, "<s>,i": 0.045454545454545456, "want,to": 0.012626262626262626, "i,should": 0.022727272727272728, "i,was": 0.017676767676767676, "chairman,of": 0.022727272727272728, "the,police": 0.012626262626262626, "and,i": 0.015151515151515152, "will,be": 0.015151515151515152, "that,it": 0.012626262626262626}