{"<cs>,my": 0.01272881561401382, "my,lords": 0.01260758879864226, "lords,i": 0.0077585161837798525, "this,bill": 0.0009698145229724816, "bill,<e>": 0.0016971754152018427, "<e>,<s>": 0.08910170929809674, "<s>,first": 0.0014547217844587223, "i,must": 0.0008485877076009214, "thank,the": 0.0008485877076009214, "the,noble": 0.025942538489513882, "noble,lord": 0.01939629045944963, "lord,lord": 0.008485877076009214, "for,his": 0.000606134076857801, "<s>,if": 0.004485392168747727, "if,i": 0.002424536307431204, "of,<e>": 0.000606134076857801, "lords,before": 0.0008485877076009214, "before,the": 0.0018184022305734028, "lord,sits": 0.0007273608922293612, "sits,down": 0.0018184022305734028, "it,seems": 0.002666989938174324, "seems,to": 0.002788216753545884, "to,me": 0.0036368044611468056, "me,that": 0.003273124015032125, "that,a": 0.0009698145229724816, "a,very": 0.000606134076857801, "for,a": 0.0007273608922293612, "that,is": 0.0060613407685780095, "is,to": 0.0016971754152018427, "to,say": 0.0018184022305734028, "of,the": 0.02630621893562856, "to,carry": 0.000606134076857801, "<s>,the": 0.0060613407685780095, "is,that": 0.0037580312765183657, "that,if": 0.0016971754152018427, "if,the": 0.002424536307431204, "in,some": 0.0008485877076009214, "parts,of": 0.0007273608922293612, "this,is": 0.0023033094920596434, "there,is": 0.004849072614862408, "is,one": 0.000606134076857801, "is,a": 0.0049702994302339674, "have,a": 0.001212268153715602, "could,be": 0.0007273608922293612, "i,understand": 0.0021820826766880833, "noble,lords": 0.0030306703842890048, "point,which": 0.0007273608922293612, "which,is": 0.002666989938174324, "the,secretary": 0.0018184022305734028, "secretary,of": 0.0019396290459449631, "of,state": 0.002060855861316523, "<s>,i": 0.022426960843738634, "i,am": 0.009819372045096376, "to,put": 0.0008485877076009214, "in,an": 0.000606134076857801, "put,forward": 0.0021820826766880833, "which,i": 0.0019396290459449631, "i,was": 0.003273124015032125, "would,be": 0.004121711722633046, "i,accept": 0.001212268153715602, "that,the": 0.009819372045096376, "in,this": 0.0036368044611468056, "this,field": 0.000606134076857801, "to,suggest": 0.000606134076857801, "that,there": 0.0033943508304036855, "there,are": 0.0019396290459449631, "of,their": 0.000606134076857801, "any,other": 0.000606134076857801, "that,may": 0.000606134076857801, "it,would": 0.0036368044611468056, "point,<e>": 0.0023033094920596434, "<s>,we": 0.002424536307431204, "we,have": 0.0023033094920596434, "a,great": 0.0009698145229724816, "great,deal": 0.000606134076857801, "about,the": 0.0023033094920596434, "<s>,but": 0.0009698145229724816, "this,amendment": 0.0036368044611468056, "part,of": 0.002545763122802764, "the,bill": 0.0037580312765183657, "to,the": 0.011637774275669779, "<s>,it": 0.008485877076009214, "in,the": 0.010183052491211056, "the,sense": 0.000606134076857801, "sense,that": 0.000606134076857801, "am,sure": 0.0015759485998302824, "would,not": 0.0018184022305734028, "me,to": 0.0008485877076009214, "to,follow": 0.000606134076857801, "into,the": 0.0008485877076009214, "i,wish": 0.0008485877076009214, "wish,to": 0.002666989938174324, "to,make": 0.0014547217844587223, "education,<e>": 0.000606134076857801, "i,should": 0.0030306703842890048, "in,that": 0.0010910413383440416, "that,i": 0.0035155776457752455, "to,be": 0.005940113953206449, "be,a": 0.0016971754152018427, "of,a": 0.0021820826766880833, "some,of": 0.0015759485998302824, "a,little": 0.0009698145229724816, "the,amendment": 0.007031155291550491, "i,do": 0.0049702994302339674, "do,not": 0.00642502121469269, "not,think": 0.0009698145229724816, "the,question": 0.001333494969087162, "question,of": 0.001333494969087162, "we,should": 0.0009698145229724816, "for,that": 0.0007273608922293612, "but,it": 0.0008485877076009214, "it,is": 0.010789186568068857, "suggest,that": 0.0008485877076009214, "that,in": 0.0007273608922293612, "at,the": 0.002788216753545884, "the,same": 0.002788216753545884, "same,time": 0.0007273608922293612, "<s>,surely": 0.000606134076857801, "and,the": 0.0030306703842890048, "of,that": 0.0007273608922293612, "those,who": 0.0014547217844587223, "out,that": 0.0008485877076009214, "<cs>,i": 0.007637289368408292, "i,feel": 0.0008485877076009214, "about,this": 0.001212268153715602, "as,it": 0.0009698145229724816, "it,does": 0.0008485877076009214, "does,not": 0.002788216753545884, "seem,to": 0.0008485877076009214, "that,it": 0.005697660322463329, "can,be": 0.0008485877076009214, "on,a": 0.001212268153715602, "to,do": 0.0015759485998302824, "to,take": 0.0007273608922293612, "<s>,there": 0.002060855861316523, "is,nothing": 0.0007273608922293612, "the,right": 0.0015759485998302824, "to,any": 0.000606134076857801, "form,of": 0.0007273608922293612, "will,the": 0.000606134076857801, "the,minister": 0.0021820826766880833, "a,question": 0.000606134076857801, "is,what": 0.0010910413383440416, "what,is": 0.0009698145229724816, "is,the": 0.004121711722633046, "<s>,is": 0.000606134076857801, "say,that": 0.0023033094920596434, "public,service": 0.000606134076857801, "<s>,he": 0.0021820826766880833, "he,has": 0.0018184022305734028, "your,lordships": 0.0007273608922293612, "that,of": 0.0010910413383440416, "i,can": 0.001333494969087162, "agree,with": 0.002545763122802764, "with,the": 0.005091526245605528, "for,the": 0.0035155776457752455, "one,of": 0.002788216753545884, "of,those": 0.001333494969087162, "this,matter": 0.0018184022305734028, "in,committee": 0.000606134076857801, "committee,<e>": 0.000606134076857801, "my,noble": 0.008970784337495454, "noble,friend": 0.0077585161837798525, "friend,lord": 0.0021820826766880833, "i,hope": 0.001333494969087162, "hope,that": 0.0008485877076009214, "lord,will": 0.0007273608922293612, "but,i": 0.0016971754152018427, "points,<e>": 0.000606134076857801, "feel,that": 0.0007273608922293612, "that,one": 0.001333494969087162, "a,number": 0.0008485877076009214, "number,of": 0.0019396290459449631, "that,we": 0.0029094435689174447, "we,are": 0.0021820826766880833, "i,have": 0.005333979876348648, "sympathy,with": 0.0015759485998302824, "lords,who": 0.000606134076857801, "who,have": 0.0007273608922293612, "with,regard": 0.0018184022305734028, "regard,to": 0.0021820826766880833, "may,have": 0.000606134076857801, "have,to": 0.0019396290459449631, "of,my": 0.0009698145229724816, "there,was": 0.000606134076857801, "of,such": 0.0007273608922293612, "am,not": 0.0015759485998302824, "not,sure": 0.0007273608922293612, "sure,that": 0.001212268153715602, "i,shall": 0.0009698145229724816, "i,said": 0.0008485877076009214, "said,that": 0.001212268153715602, "<cs>,perhaps": 0.001333494969087162, "is,not": 0.0052127530609770885, "to,speak": 0.000606134076857801, "a,few": 0.000606134076857801, "of,people": 0.0007273608922293612, "the,government": 0.000606134076857801, "not,have": 0.001333494969087162, "with,a": 0.001333494969087162, "in,many": 0.0007273608922293612, "should,like": 0.0015759485998302824, "like,to": 0.0018184022305734028, "point,out": 0.000606134076857801, "noble,and": 0.001212268153715602, "and,learned": 0.001212268153715602, "has,not": 0.000606134076857801, "the,committee": 0.0016971754152018427, "over,the": 0.0007273608922293612, "only,to": 0.000606134076857801, "it,may": 0.001212268153715602, "may,be": 0.0015759485998302824, "be,that": 0.0007273608922293612, "it,was": 0.0021820826766880833, "was,not": 0.0014547217844587223, "that,he": 0.004000484907261486, "is,it": 0.0009698145229724816, "it,not": 0.000606134076857801, "or,the": 0.0016971754152018427, "under,the": 0.0010910413383440416, "way,or": 0.000606134076857801, "on,the": 0.004727845799490847, "the,subject": 0.000606134076857801, "social,security": 0.000606134076857801, "and,so": 0.001333494969087162, "so,on": 0.000606134076857801, "<s>,this": 0.0009698145229724816, "on,which": 0.0009698145229724816, "have,some": 0.0009698145229724816, "the,intention": 0.000606134076857801, "the,wording": 0.0008485877076009214, "which,are": 0.0009698145229724816,