{"<cs>,my": 0.054223149113660066, "my,lords": 0.058394160583941604, "your,lordships": 0.017726798748696558, "lordships,house": 0.006256517205422315, "<e>,<s>": 0.09176225234619395, "<s>,i": 0.02502606882168926, "the,first": 0.006256517205422315, "if,i": 0.005213764337851929, "lords,i": 0.026068821689259645, "i,beg": 0.006256517205422315, "it,is": 0.017726798748696558, "by,the": 0.014598540145985401, "the,question": 0.008342022940563087, "the,noble": 0.05526590198123045, "and,i": 0.009384775808133473, "agree,that": 0.011470281543274244, "that,a": 0.005213764337851929, "in,the": 0.023983315954118872, "not,be": 0.005213764337851929, "with,the": 0.005213764337851929, "of,the": 0.03753910323253389, "we,are": 0.005213764337851929, "beg,leave": 0.005213764337851929, "leave,to": 0.005213764337851929, "to,ask": 0.008342022940563087, "ask,the": 0.011470281543274244, "question,which": 0.006256517205422315, "which,stands": 0.005213764337851929, "stands,in": 0.005213764337851929, "in,my": 0.008342022940563087, "my,name": 0.005213764337851929, "name,on": 0.005213764337851929, "on,the": 0.013555787278415016, "the,order": 0.0072992700729927005, "order,paper": 0.005213764337851929, "paper,<e>": 0.006256517205422315, "<s>,may": 0.005213764337851929, "may,i": 0.01564129301355579, "i,ask": 0.0072992700729927005, "that,the": 0.023983315954118872, "that,it": 0.005213764337851929, "noble,lord": 0.026068821689259645, "in,this": 0.0072992700729927005, "as,the": 0.006256517205422315, "the,royal": 0.0072992700729927005, "royal,navy": 0.006256517205422315, "the,last": 0.006256517205422315, "lords,may": 0.0072992700729927005, "that,i": 0.0072992700729927005, "white,paper": 0.005213764337851929, "is,a": 0.005213764337851929, "lord,the": 0.006256517205422315, "the,minister": 0.010427528675703858, "i,should": 0.009384775808133473, "i,am": 0.021897810218978103, "<s>,it": 0.010427528675703858, "i,may": 0.006256517205422315, "not,to": 0.005213764337851929, "to,the": 0.027111574556830033, "this,country": 0.005213764337851929, "to,what": 0.006256517205422315, "i,have": 0.008342022940563087, "should,like": 0.008342022940563087, "like,to": 0.008342022940563087, "for,the": 0.010427528675703858, "from,the": 0.005213764337851929, "am,sure": 0.005213764337851929, "have,been": 0.005213764337851929, "noble,lords": 0.005213764337851929, "lord,lord": 0.013555787278415016, "to,do": 0.005213764337851929, "and,the": 0.0072992700729927005, "noble,viscount": 0.01564129301355579, "the,government": 0.006256517205422315, "it,would": 0.005213764337851929, "would,be": 0.006256517205422315, "the,debate": 0.005213764337851929, "to,make": 0.005213764337851929, "the,defence": 0.006256517205422315, "the,house": 0.005213764337851929, "do,not": 0.005213764337851929, "noble,and": 0.006256517205422315, "and,gallant": 0.006256517205422315}