{"<cs>,my": 0.02776848444295751, "my,lords": 0.02843760455001673, "lords,may": 0.00234192037470726, "may,i": 0.0036801605888256944, "i,ask": 0.0016728002676480427, "ask,the": 0.0033456005352960855, "the,minister": 0.013047842087654735, "that,he": 0.004014720642355303, "of,the": 0.031783205085312814, "view,of": 0.0016728002676480427, "the,workers": 0.003011040481766477, "in,the": 0.013382402141184342, "and,the": 0.005018400802944129, "the,post": 0.0016728002676480427, "post,office": 0.0016728002676480427, "<e>,<s>": 0.1053864168618267, "<s>,will": 0.0020073603211776514, "to,take": 0.00234192037470726, "this,debate": 0.0020073603211776514, "<s>,we": 0.0036801605888256944, "we,are": 0.00468384074941452, "my,noble": 0.004014720642355303, "noble,friend": 0.004014720642355303, "friend,lord": 0.0036801605888256944, "the,government": 0.014720642355302778, "in,another": 0.0016728002676480427, "another,place": 0.00234192037470726, "<s>,they": 0.005018400802944129, "<s>,i": 0.02609568417530947, "i,want": 0.004014720642355303, "want,to": 0.006691201070592171, "for,the": 0.005018400802944129, "on,the": 0.008698561391769822, "going,to": 0.0016728002676480427, "in,relation": 0.004349280695884911, "relation,to": 0.004349280695884911, "with,the": 0.006022080963532954, "i,do": 0.005018400802944129, "do,not": 0.006022080963532954, "that,the": 0.020073603211776515, "of,a": 0.0016728002676480427, "will,have": 0.0016728002676480427, "have,a": 0.0026764804282368685, "this,issue": 0.0016728002676480427, "a,very": 0.0016728002676480427, "and,i": 0.00468384074941452, "i,support": 0.0016728002676480427, "him,<e>": 0.0016728002676480427, "<s>,the": 0.014386082301773169, "at,the": 0.006022080963532954, "<s>,he": 0.0026764804282368685, "he,will": 0.0016728002676480427, "will,be": 0.00702576112412178, "per,cent": 0.0020073603211776514, "cent,<e>": 0.0020073603211776514, "and,to": 0.0020073603211776514, "lords,i": 0.010705921712947474, "your,lordships": 0.0020073603211776514, "i,am": 0.009033121445299431, "in,this": 0.00468384074941452, "believe,that": 0.0026764804282368685, "that,they": 0.0033456005352960855, "i,think": 0.005018400802944129, "think,that": 0.003011040481766477, "government,have": 0.0016728002676480427, "have,to": 0.0033456005352960855, "i,believe": 0.0036801605888256944, "they,have": 0.0036801605888256944, "a,great": 0.003011040481766477, "<s>,that": 0.0020073603211776514, "that,is": 0.0033456005352960855, "is,the": 0.0026764804282368685, "that,i": 0.0033456005352960855, "when,the": 0.0020073603211776514, "government,are": 0.0016728002676480427, "noble,lords": 0.0016728002676480427, "to,the": 0.01371696219471395, "<s>,would": 0.0026764804282368685, "would,the": 0.006691201070592171, "minister,agree": 0.003011040481766477, "agree,that": 0.007694881231180997, "are,now": 0.0016728002676480427, "it,will": 0.0020073603211776514, "will,not": 0.0026764804282368685, "not,be": 0.0036801605888256944, "what,the": 0.003011040481766477, "trade,union": 0.0016728002676480427, "has,said": 0.004349280695884911, "said,<e>": 0.0033456005352960855, "the,noble": 0.029106724657075946, "is,that": 0.0026764804282368685, "has,been": 0.0036801605888256944, "he,has": 0.00234192037470726, "to,be": 0.005018400802944129, "by,the": 0.005018400802944129, "have,been": 0.004349280695884911, "wish,to": 0.0036801605888256944, "would,be": 0.004349280695884911, "if,the": 0.0020073603211776514, "will,the": 0.0020073603211776514, "some,of": 0.0016728002676480427, "i,have": 0.005018400802944129, "from,the": 0.0036801605888256944, "noble,lord": 0.021411843425894948, "lord,the": 0.005352960856473737, "lord,has": 0.0016728002676480427, "said,that": 0.0033456005352960855, "that,this": 0.003011040481766477, "as,the": 0.003011040481766477, "which,the": 0.0016728002676480427, "i,should": 0.0020073603211776514, "should,like": 0.0020073603211776514, "like,to": 0.00234192037470726, "human,rights": 0.0020073603211776514, "northern,ireland": 0.003011040481766477, "as,a": 0.0016728002676480427, "that,it": 0.004349280695884911, "it,is": 0.008364001338240215, "the,people": 0.0020073603211776514, "and,that": 0.0033456005352960855, "<s>,is": 0.003011040481766477, "aware,that": 0.0036801605888256944, "that,there": 0.004014720642355303, "there,is": 0.005018400802944129, "is,a": 0.004014720642355303, "lord,lord": 0.00702576112412178, "i,hope": 0.0020073603211776514, "that,we": 0.0036801605888256944, "which,i": 0.0016728002676480427, "we,have": 0.0026764804282368685, "was,not": 0.0016728002676480427, "is,not": 0.0036801605888256944, "to,do": 0.004014720642355303, "to,thank": 0.003011040481766477, "thank,the": 0.006022080963532954, "this,bill": 0.0036801605888256944, "<s>,it": 0.005352960856473737, "a,long": 0.0016728002676480427, "lords,would": 0.0033456005352960855, "should,be": 0.0020073603211776514, "if,there": 0.0016728002676480427, "is,to": 0.0016728002676480427, "a,little": 0.0016728002676480427, "noble,baroness": 0.0033456005352960855, "i,beg": 0.0033456005352960855, "beg,leave": 0.003011040481766477, "leave,to": 0.003011040481766477, "to,ask": 0.0020073603211776514, "the,question": 0.0033456005352960855, "question,which": 0.00234192037470726, "which,stands": 0.0020073603211776514, "stands,in": 0.0020073603211776514, "in,my": 0.0033456005352960855, "my,name": 0.0020073603211776514, "name,on": 0.0020073603211776514, "the,order": 0.00234192037470726, "order,paper": 0.0020073603211776514, "paper,<e>": 0.00234192037470726, "noble,earl": 0.003011040481766477, "for,that": 0.00234192037470726, "does,the": 0.003011040481766477, "the,national": 0.0016728002676480427, "the,civil": 0.005352960856473737, "civil,service": 0.006356641017062563, "<s>,what": 0.00234192037470726, "<s>,there": 0.0020073603211776514, "of,course": 0.0020073603211776514, "what,about": 0.0016728002676480427, "<s>,if": 0.0036801605888256944, "if,we": 0.00234192037470726, "are,not": 0.0016728002676480427, "the,public": 0.0020073603211776514, "the,bill": 0.0016728002676480427, "i,will": 0.0016728002676480427, "trade,unions": 0.00234192037470726, "they,are": 0.0016728002676480427, "press,the": 0.0020073603211776514, "to,a": 0.0020073603211776514, "to,have": 0.00234192037470726, "who,are": 0.0020073603211776514, "to,make": 0.0020073603211776514, "i,thank": 0.0036801605888256944, "minister,for": 0.0020073603211776514, "is,he": 0.0016728002676480427, "but,i": 0.0020073603211776514, "interests,of": 0.0020073603211776514, "i,was": 0.00234192037470726, "on,this": 0.0033456005352960855, "it,<e>": 0.0036801605888256944, "i,shall": 0.0033456005352960855, "the,leader": 0.0020073603211776514, "leader,of": 0.0020073603211776514, "the,house": 0.004349280695884911, "place,<e>": 0.0016728002676480427, "lords,does": 0.0020073603211776514, "can,the": 0.0016728002676480427, "the,community": 0.0016728002676480427, "it,would": 0.0026764804282368685, "of,this": 0.0020073603211776514, "i,would": 0.0016728002676480427, "the,european": 0.0016728002676480427, "the,committee": 0.0016728002676480427, "<s>,and": 0.0016728002676480427, "<s>,therefore": 0.0016728002676480427, "house,<e>": 0.0020073603211776514, "would,not": 0.0026764804282368685, "<cs>,i": 0.008029441284710606, "this,amendment": 0.006356641017062563, "amendment,<e>": 0.004014720642355303, "at,this": 0.0026764804282368685, "the,police": 0.013382402141184342, "police,federation": 0.0033456005352960855, "the,amendment": 0.004014720642355303, "they,would": 0.0020073603211776514, "minister,has": 0.0016728002676480427}