{"<cs>,my": 0.025109170305676855, "my,lords": 0.025109170305676855, "lords,i": 0.008733624454148471, "i,am": 0.017467248908296942, "my,noble": 0.019650655021834062, "noble,friend": 0.018558951965065504, "friend,lord": 0.0054585152838427945, "<e>,<s>": 0.14410480349344978, "<s>,i": 0.027292576419213975, "as,the": 0.0054585152838427945, "has,been": 0.010917030567685589, "the,noble": 0.02947598253275109, "noble,lord": 0.021834061135371178, "lord,lord": 0.014192139737991267, "i,should": 0.016375545851528384, "should,like": 0.0054585152838427945, "like,to": 0.0054585152838427945, "which,i": 0.007641921397379912, "i,must": 0.006550218340611353, "of,london": 0.013100436681222707, "<s>,but": 0.0054585152838427945, "but,i": 0.0054585152838427945, "to,the": 0.019650655021834062, "local,government": 0.007641921397379912, "on,the": 0.010917030567685589, "and,i": 0.0054585152838427945, "that,i": 0.010917030567685589, "to,have": 0.006550218340611353, "and,that": 0.0054585152838427945, "it,was": 0.006550218340611353, "with,the": 0.009825327510917031, "i,think": 0.013100436681222707, "the,government": 0.0054585152838427945, "in,the": 0.02292576419213974, "to,take": 0.0054585152838427945, "that,the": 0.027292576419213975, "the,glc": 0.014192139737991267, "london,transport": 0.010917030567685589, "that,this": 0.006550218340611353, "in,london": 0.006550218340611353, "would,be": 0.008733624454148471, "chairman,of": 0.0054585152838427945, "of,the": 0.05131004366812227, "which,is": 0.0054585152838427945, "for,the": 0.012008733624454149, "<s>,the": 0.016375545851528384, "it,should": 0.0054585152838427945, "should,be": 0.010917030567685589, "friend,the": 0.006550218340611353, "the,minister": 0.010917030567685589, "is,a": 0.006550218340611353, "the,london": 0.010917030567685589, "london,boroughs": 0.007641921397379912, "greater,london": 0.007641921397379912, "<cs>,i": 0.02074235807860262, "in,my": 0.006550218340611353, "the,bill": 0.006550218340611353, "<s>,it": 0.008733624454148471, "i,have": 0.006550218340611353, "building,societies": 0.0054585152838427945, "<s>,in": 0.0054585152838427945, "it,is": 0.014192139737991267, "of,a": 0.006550218340611353, "say,that": 0.007641921397379912, "to,be": 0.017467248908296942, "for,this": 0.0054585152838427945, "i,may": 0.006550218340611353, "of,this": 0.006550218340611353, "into,the": 0.006550218340611353, "by,the": 0.009825327510917031, "we,are": 0.006550218340611353, "that,it": 0.012008733624454149, "they,are": 0.0054585152838427945, "this,bill": 0.009825327510917031, "who,have": 0.0054585152838427945, "number,of": 0.0054585152838427945, "it,will": 0.0054585152838427945, "will,be": 0.008733624454148471}