{"<cs>,my": 0.051351351351351354, "my,lords": 0.05405405405405406, "lords,i": 0.01756756756756757, "the,question": 0.00945945945945946, "on,the": 0.010810810810810811, "my,noble": 0.04594594594594595, "noble,friend": 0.043243243243243246, "friend,for": 0.006756756756756757, "may,i": 0.00945945945945946, "that,the": 0.022972972972972974, "the,government": 0.006756756756756757, "of,the": 0.041891891891891894, "<e>,<s>": 0.13648648648648648, "have,been": 0.006756756756756757, "the,noble": 0.03783783783783784, "noble,lord": 0.01891891891891892, "lord,lord": 0.013513513513513514, "<s>,i": 0.052702702702702706, "have,a": 0.006756756756756757, "in,the": 0.02702702702702703, "and,i": 0.00945945945945946, "the,report": 0.006756756756756757, "that,it": 0.008108108108108109, "it,was": 0.006756756756756757, "noble,lords": 0.00945945945945946, "i,do": 0.006756756756756757, "which,i": 0.006756756756756757, "i,should": 0.008108108108108109, "like,to": 0.008108108108108109, "i,hope": 0.008108108108108109, "to,the": 0.031081081081081083, "about,the": 0.008108108108108109, "to,me": 0.006756756756756757, "the,house": 0.006756756756756757, "for,the": 0.012162162162162163, "i,am": 0.02027027027027027, "that,my": 0.006756756756756757, "i,thank": 0.006756756756756757, "and,the": 0.008108108108108109, "in,this": 0.008108108108108109, "your,lordships": 0.00945945945945946, "as,i": 0.012162162162162163, "is,it": 0.008108108108108109, "it,not": 0.006756756756756757, "<s>,is": 0.008108108108108109, "what,he": 0.006756756756756757, "think,that": 0.006756756756756757, "that,he": 0.006756756756756757, "he,has": 0.010810810810810811, "<s>,it": 0.006756756756756757, "it,is": 0.013513513513513514, "i,have": 0.014864864864864866, "to,be": 0.008108108108108109, "do,not": 0.00945945945945946, "the,debate": 0.006756756756756757, "<s>,as": 0.008108108108108109, "that,<e>": 0.006756756756756757, "is,my": 0.006756756756756757, "aware,that": 0.012162162162162163, "from,the": 0.010810810810810811, "by,the": 0.006756756756756757}