{"<cs>,i": 0.005872277954489846, "to,support": 0.0018350868607780767, "support,the": 0.0018350868607780767, "the,noble": 0.031196476633227305, "noble,lord": 0.01504771225838023, "lord,lord": 0.01088818204061659, "lord,renton": 0.0009787129924149743, "in,the": 0.013946660141913383, "amendment,no": 0.004281869341815512, "no,<e>": 0.004648886713971128, "<e>,<s>": 0.06912160508930756, "<s>,<e>": 0.0017127477367262051, "before,i": 0.000611695620259359, "i,do": 0.0031808172253486667, "do,so": 0.0014680694886224615, "may,i": 0.0014680694886224615, "express,my": 0.0009787129924149743, "unable,to": 0.0009787129924149743, "to,be": 0.0031808172253486667, "the,house": 0.004893564962074872, "at,the": 0.002202104232933692, "the,second": 0.0008563738683631026, "second,reading": 0.0008563738683631026, "of,this": 0.002813799853193051, "this,bill": 0.004404208465867384, "bill,<e>": 0.0030584781012967946, "<s>,i": 0.021531685833129435, "i,am": 0.013824321017861511, "position,of": 0.0009787129924149743, "a,member": 0.000611695620259359, "member,of": 0.0009787129924149743, "of,the": 0.02520185955468559, "the,bar": 0.0009787129924149743, "the,united": 0.0007340347443112308, "united,states": 0.0007340347443112308, "i,have": 0.009053095179838513, "the,debate": 0.0008563738683631026, "on,the": 0.005138243210178615, "i,was": 0.004037191093711769, "enough,to": 0.001223391240518718, "the,secretary": 0.000611695620259359, "secretary,of": 0.000611695620259359, "of,state": 0.000611695620259359, "on,this": 0.0013457303645705897, "<s>,the": 0.005994617078541717, "noble,and": 0.014925373134328358, "and,learned": 0.014925373134328358, "learned,lord": 0.014313677514069, "to,speak": 0.0009787129924149743, "in,a": 0.002446782481037436, "with,the": 0.0030584781012967946, "<s>,that": 0.0018350868607780767, "that,was": 0.0007340347443112308, "when,i": 0.0015904086126743333, "over,the": 0.000611695620259359, "the,<e>": 0.000611695620259359, "i,thought": 0.0009787129924149743, "thought,that": 0.000611695620259359, "that,the": 0.008441399559579153, "that,is": 0.0025691216050893074, "is,a": 0.0034254954734524103, "heard,the": 0.0009787129924149743, "noble,lords": 0.003547834597504282, "able,to": 0.0014680694886224615, "amendment,<e>": 0.008686077807682897, "to,the": 0.014925373134328358, "the,committee": 0.007462686567164179, "committee,i": 0.0008563738683631026, "the,position": 0.001223391240518718, "of,his": 0.001101052116466846, "refer,to": 0.0008563738683631026, "committee,to": 0.0007340347443112308, "to,consider": 0.0017127477367262051, "to,extend": 0.000611695620259359, "out,of": 0.0014680694886224615, "in,which": 0.0014680694886224615, "have,been": 0.0025691216050893074, "made,by": 0.000611695620259359, "by,the": 0.006239295326645461, "act,<e>": 0.0008563738683631026, "on,a": 0.000611695620259359, "in,my": 0.002324443356985564, "amendment,in": 0.0007340347443112308, "that,we": 0.0013457303645705897, "it,<e>": 0.0026914607291411794, "<s>,perhaps": 0.000611695620259359, "stage,<e>": 0.0007340347443112308, "<s>,it": 0.005015904086126744, "that,are": 0.000611695620259359, "<cs>,in": 0.0008563738683631026, "in,view": 0.001223391240518718, "view,of": 0.001223391240518718, "of,that": 0.0007340347443112308, "i,beg": 0.004037191093711769, "beg,leave": 0.003914851969659897, "leave,to": 0.003914851969659897, "to,withdraw": 0.006973330070956692, "withdraw,the": 0.004893564962074872, "the,amendment": 0.008686077807682897, "<cs>,my": 0.016882799119158305, "my,lords": 0.01712747736726205, "lord,the": 0.004893564962074872, "the,lord": 0.0033031563494005383, "lord,advocate": 0.0020797651088818206, "<s>,and": 0.0017127477367262051, "of,a": 0.0017127477367262051, "a,very": 0.0008563738683631026, "i,should": 0.0047712258380229996, "should,like": 0.0025691216050893074, "amendments,nos": 0.0013457303645705897, "nos,<e>": 0.0013457303645705897, "and,<e>": 0.0008563738683631026, "<s>,in": 0.002446782481037436, "at,this": 0.0026914607291411794, "this,stage": 0.0019574259848299485, "stage,to": 0.000611695620259359, "to,address": 0.0009787129924149743, "address,the": 0.001101052116466846, "amendments,<e>": 0.0009787129924149743, "does,not": 0.001223391240518718, "<s>,if": 0.0018350868607780767, "if,the": 0.002324443356985564, "the,two": 0.000611695620259359, "the,words": 0.0008563738683631026, "do,not": 0.0026914607291411794, "the,first": 0.0009787129924149743, "the,clause": 0.0007340347443112308, "am,a": 0.0009787129924149743, "a,little": 0.001223391240518718, "that,this": 0.001223391240518718, "this,amendment": 0.0047712258380229996, "amendment,is": 0.0009787129924149743, "is,being": 0.0007340347443112308, "that,i": 0.006361634450697333, "committee,and": 0.000611695620259359, "and,the": 0.0033031563494005383, "when,the": 0.0009787129924149743, "<s>,he": 0.001223391240518718, "he,has": 0.0019574259848299485, "to,deal": 0.0007340347443112308, "deal,with": 0.001223391240518718, "should,be": 0.002813799853193051, "in,those": 0.000611695620259359, "those,circumstances": 0.000611695620259359, "not,be": 0.0008563738683631026, "was,not": 0.0013457303645705897, "<cs>,if": 0.0007340347443112308, "if,i": 0.0025691216050893074, "i,may": 0.003547834597504282, "may,say": 0.0007340347443112308, "has,already": 0.0007340347443112308, "more,than": 0.001223391240518718, "as,to": 0.000611695620259359, "and,in": 0.0017127477367262051, "lords,i": 0.008074382187423538, "amendment,and": 0.0007340347443112308, "and,i": 0.0047712258380229996, "i,hope": 0.002446782481037436, "will,be": 0.0017127477367262051, "be,a": 0.0009787129924149743, "ask,the": 0.0008563738683631026, "whether,he": 0.0008563738683631026, "he,would": 0.0008563738683631026, "as,it": 0.000611695620259359, "it,was": 0.0015904086126743333, "clause,<e>": 0.0009787129924149743, "because,i": 0.0014680694886224615, "which,is": 0.0015904086126743333, "is,the": 0.0014680694886224615, "in,this": 0.0026914607291411794, "<s>,indeed": 0.0007340347443112308, "was,a": 0.0008563738683631026, "the,government": 0.002446782481037436, "government,to": 0.000611695620259359, "i,too": 0.000611695620259359, "like,to": 0.002446782481037436, "house,on": 0.000611695620259359, "thanks,to": 0.000611695620259359, "that,he": 0.002813799853193051, "to,do": 0.0013457303645705897, "he,is": 0.0007340347443112308, "time,<e>": 0.000611695620259359, "<s>,on": 0.001101052116466846, "lords,it": 0.000611695620259359, "it,is": 0.008319060435527282, "is,my": 0.001101052116466846, "my,intention": 0.0013457303645705897, "intention,to": 0.0014680694886224615, "<s>,there": 0.0015904086126743333, "there,is": 0.0034254954734524103, "house,<e>": 0.0009787129924149743, "your,lordships": 0.007340347443112307, "have,heard": 0.001101052116466846, "the,arguments": 0.0007340347443112308, "i,rise": 0.0015904086126743333, "rise,to": 0.0007340347443112308, "has,just": 0.0007340347443112308, "in,his": 0.0007340347443112308, "withdraw,it": 0.001101052116466846, "lords,<e>": 0.000611695620259359, "to,move": 0.0009787129924149743, "lord,<e>": 0.0014680694886224615, "from,the": 0.0031808172253486667, "for,a": 0.0014680694886224615, "a,few": 0.001101052116466846, "committee,stage": 0.0009787129924149743, "to,say": 0.0009787129924149743, "which,was": 0.000611695620259359, "as,a": 0.0018350868607780767, "after,the": 0.001101052116466846, "lord,who": 0.0008563738683631026, "referring,to": 0.000611695620259359, "to,this": 0.0009787129924149743, "has,said": 0.000611695620259359, "that,it": 0.0020797651088818206, "to,a": 0.0020797651088818206, "may,be": 0.001101052116466846, "seeking,to": 0.0009787129924149743, "the,law": 0.0015904086126743333, "hope,that": 0.0020797651088818206, "i,did": 0.0014680694886224615, "did,not": 0.0020797651088818206, "the,bill": 0.0037925128456080255, "bill,as": 0.000611695620259359, "bill,which": 0.0007340347443112308, "as,the": 0.0017127477367262051, "the,present": 0.0007340347443112308, "i,had": 0.0009787129924149743, "to,my": 0.0013457303645705897, "before,the": 0.0031808172253486667,