{"<cs>,my": 0.06348448687350836, "my,lords": 0.06443914081145585, "lords,may": 0.0042959427207637235, "may,i": 0.00954653937947494, "i,ask": 0.007159904534606206, "ask,the": 0.010501193317422435, "the,noble": 0.04200477326968974, "noble,lord": 0.03007159904534606, "he,is": 0.002386634844868735, "is,aware": 0.002863961813842482, "to,the": 0.017183770883054894, "<e>,<s>": 0.04964200477326969, "hong,kong": 0.00477326968973747, "during,the": 0.003341288782816229, "would,be": 0.002863961813842482, "have,been": 0.005250596658711217, "that,it": 0.0042959427207637235, "it,is": 0.009069212410501194, "for,the": 0.0076372315035799524, "the,government": 0.013365155131264916, "government,to": 0.002386634844868735, "a,decision": 0.002386634844868735, "on,this": 0.002386634844868735, "this,matter": 0.0038186157517899762, "fact,that": 0.002863961813842482, "that,the": 0.018615751789976133, "could,be": 0.003341288782816229, "is,the": 0.011455847255369928, "is,it": 0.0038186157517899762, "it,not": 0.006205250596658711, "in,view": 0.002863961813842482, "view,of": 0.002863961813842482, "of,the": 0.03818615751789976, "lords,is": 0.008591885441527447, "lord,aware": 0.0038186157517899762, "aware,that": 0.010978520286396181, "the,present": 0.0038186157517899762, "of,a": 0.00477326968973747, "<s>,it": 0.0042959427207637235, "it,has": 0.002386634844868735, "has,been": 0.002863961813842482, "lords,i": 0.016706443914081145, "in,this": 0.0042959427207637235, "this,debate": 0.002863961813842482, "my,name": 0.008591885441527447, "on,the": 0.017183770883054894, "lord,lord": 0.00477326968973747, "medical,schools": 0.002863961813842482, "<s>,i": 0.006682577565632458, "closure,of": 0.002386634844868735, "and,that": 0.006682577565632458, "the,country": 0.002386634844868735, "matter,<e>": 0.002386634844868735, "has,a": 0.002386634844868735, "as,a": 0.005727923627684964, "in,a": 0.002863961813842482, "form,of": 0.002386634844868735, "i,beg": 0.007159904534606206, "beg,leave": 0.007159904534606206, "leave,to": 0.007159904534606206, "to,ask": 0.008114558472553698, "question,which": 0.006205250596658711, "which,stands": 0.006205250596658711, "stands,in": 0.006205250596658711, "in,my": 0.007159904534606206, "name,on": 0.007159904534606206, "the,order": 0.0076372315035799524, "order,paper": 0.0076372315035799524, "paper,<e>": 0.0076372315035799524, "i,should": 0.006205250596658711, "should,like": 0.006682577565632458, "like,to": 0.0076372315035799524, "to,thank": 0.0038186157517899762, "thank,the": 0.005727923627684964, "the,minister": 0.005250596658711217, "for,that": 0.006205250596658711, "that,reply": 0.005727923627684964, "reply,<e>": 0.003341288782816229, "<s>,is": 0.005727923627684964, "by,the": 0.008114558472553698, "the,whole": 0.005727923627684964, "is,not": 0.003341288782816229, "not,the": 0.006205250596658711, "part,of": 0.002863961813842482, "will,the": 0.003341288782816229, "lords,in": 0.002386634844868735, "lords,can": 0.008114558472553698, "can,the": 0.008591885441527447, "lord,say": 0.00477326968973747, "say,whether": 0.003341288782816229, "whether,the": 0.002863961813842482, "in,the": 0.013365155131264916, "<s>,would": 0.00477326968973747, "would,it": 0.002863961813842482, "not,be": 0.0038186157517899762, "a,great": 0.002386634844868735, "of,this": 0.005727923627684964, "the,second": 0.002386634844868735, "would,not": 0.0038186157517899762, "at,least": 0.002863961813842482, "that,they": 0.002863961813842482, "the,question": 0.006682577565632458, "lords,while": 0.0042959427207637235, "while,thanking": 0.002386634844868735, "thanking,the": 0.002863961813842482, "lord,for": 0.002863961813842482, "is,likely": 0.002863961813842482, "likely,to": 0.005250596658711217, "is,he": 0.003341288782816229, "able,to": 0.002386634844868735, "the,cost": 0.002863961813842482, "the,hospital": 0.002386634844868735, "lords,will": 0.002863961813842482, "confirm,that": 0.002386634844868735, "he,has": 0.003341288782816229, "not,agree": 0.005250596658711217, "agree,that": 0.006205250596658711, "this,country": 0.002386634844868735, "the,house": 0.002863961813842482, "noble,earl": 0.002386634844868735, "of,these": 0.0038186157517899762, "to,say": 0.002863961813842482, "it,would": 0.002863961813842482, "at,the": 0.003341288782816229, "they,have": 0.002386634844868735, "that,this": 0.002386634844868735, "which,i": 0.002386634844868735, "to,be": 0.008591885441527447, "with,the": 0.0038186157517899762, "noble,baroness": 0.006682577565632458, "as,the": 0.002863961813842482, "this,amendment": 0.002386634844868735, "ask,whether": 0.002863961813842482, "i,think": 0.002386634844868735, "a,very": 0.002386634844868735, "be,made": 0.002863961813842482, "to,a": 0.002386634844868735, "lords,would": 0.007159904534606206, "could,not": 0.002863961813842482, "he,aware": 0.002386634844868735, "medical,school": 0.002863961813842482, "would,the": 0.006682577565632458, "lord,not": 0.002386634844868735, "the,people": 0.002386634844868735, "contact,lenses": 0.002386634844868735, "for,a": 0.0038186157517899762, "not,a": 0.002386634844868735, "the,future": 0.002386634844868735, "i,too": 0.002386634844868735, "of,hong": 0.002386634844868735}