{"<cs>,my": 0.018256772673733806, "my,lords": 0.018649391440910875, "my,noble": 0.005889281507656066, "noble,friend": 0.0043188064389477815, "said,that": 0.002944640753828033, "that,the": 0.011974872398900667, "to,this": 0.002355712603062426, "<e>,<s>": 0.07970160973694543, "<s>,i": 0.021397722811150374, "with,some": 0.0009815469179426776, "believe,that": 0.002355712603062426, "of,the": 0.029642716921868865, "was,not": 0.0019630938358853552, "not,the": 0.001177856301531213, "<s>,but": 0.0017667844522968198, "but,i": 0.0027483313702394976, "that,i": 0.006281900274833137, "i,should": 0.0035335689045936395, "into,the": 0.0019630938358853552, "on,the": 0.005692972124067531, "<s>,when": 0.0009815469179426776, "when,i": 0.001177856301531213, "look,at": 0.0009815469179426776, "at,the": 0.0015704750687082843, "have,been": 0.0035335689045936395, "<s>,however": 0.0019630938358853552, "it,is": 0.00922654102866117, "is,not": 0.0039261876717707105, "not,a": 0.0015704750687082843, "lords,in": 0.001177856301531213, "in,the": 0.01629367883784845, "the,light": 0.0013741656851197488, "light,of": 0.0013741656851197488, "of,what": 0.0009815469179426776, "and,the": 0.004122497055359246, "that,we": 0.003729878288182175, "we,have": 0.0021594032194738907, "have,a": 0.0021594032194738907, "in,your": 0.0009815469179426776, "your,lordships": 0.004907734589713388, "lordships,house": 0.002944640753828033, "may,i": 0.0035335689045936395, "i,ask": 0.0021594032194738907, "ask,the": 0.002355712603062426, "leader,of": 0.0017667844522968198, "the,house": 0.005692972124067531, "he,will": 0.0019630938358853552, "the,foreign": 0.001177856301531213, "to,see": 0.001177856301531213, "see,whether": 0.001177856301531213, "would,be": 0.003337259521005104, "to,make": 0.001177856301531213, "in,regard": 0.004515115822536317, "regard,to": 0.004515115822536317, "to,the": 0.01707891637220259, "which,the": 0.0009815469179426776, "very,much": 0.0013741656851197488, "lords,i": 0.00530035335689046, "i,beg": 0.0017667844522968198, "beg,leave": 0.0013741656851197488, "leave,to": 0.0013741656851197488, "to,ask": 0.0009815469179426776, "the,question": 0.0019630938358853552, "i,am": 0.006281900274833137, "the,noble": 0.035924617196702, "noble,lord": 0.028857479387514724, "lord,has": 0.003337259521005104, "<s>,may": 0.0013741656851197488, "which,i": 0.002552021986650962, "i,believe": 0.002944640753828033, "by,the": 0.004515115822536317, "hong,kong": 0.0021594032194738907, "who,are": 0.0009815469179426776, "wish,to": 0.0019630938358853552, "the,united": 0.0013741656851197488, "united,kingdom": 0.001177856301531213, "should,be": 0.0021594032194738907, "be,able": 0.001177856301531213, "able,to": 0.0015704750687082843, "they,have": 0.0015704750687082843, "many,of": 0.0013741656851197488, "the,main": 0.0009815469179426776, "that,they": 0.0015704750687082843, "is,there": 0.001177856301531213, "in,order": 0.0013741656851197488, "order,to": 0.001177856301531213, "<cs>,i": 0.006478209658421673, "lord,<e>": 0.001177856301531213, "i,do": 0.0039261876717707105, "do,not": 0.0039261876717707105, "not,know": 0.002552021986650962, "know,whether": 0.001177856301531213, "whether,it": 0.0013741656851197488, "we,should": 0.0013741656851197488, "the,debate": 0.0009815469179426776, "chairman,of": 0.0009815469179426776, "the,amendment": 0.006870828425598744, "which,has": 0.0009815469179426776, "has,been": 0.006870828425598744, "moved,by": 0.0009815469179426776, "friend,lord": 0.001177856301531213, "i,say": 0.0013741656851197488, "to,my": 0.0015704750687082843, "for,the": 0.0039261876717707105, "of,a": 0.0013741656851197488, "that,this": 0.0013741656851197488, "this,is": 0.0019630938358853552, "is,one": 0.0009815469179426776, "one,of": 0.0013741656851197488, "of,this": 0.002355712603062426, "could,be": 0.0027483313702394976, "be,a": 0.0019630938358853552, "a,little": 0.0009815469179426776, "the,committee": 0.0031409501374165686, "committee,<e>": 0.001177856301531213, "we,shall": 0.0009815469179426776, "be,in": 0.0009815469179426776, "in,a": 0.0027483313702394976, "and,that": 0.0021594032194738907, "house,will": 0.001177856301531213, "will,be": 0.004122497055359246, "we,are": 0.0035335689045936395, "<s>,we": 0.0017667844522968198, "as,a": 0.0015704750687082843, "that,at": 0.0009815469179426776, "come,back": 0.0009815469179426776, "noble,lords": 0.0021594032194738907, "who,have": 0.0019630938358853552, "what,the": 0.0035335689045936395, "the,situation": 0.0017667844522968198, "a,question": 0.0013741656851197488, "the,minister": 0.004711425206124852, "he,has": 0.0015704750687082843, "i,was": 0.0043188064389477815, "at,a": 0.001177856301531213, "the,other": 0.001177856301531213, "and,i": 0.002355712603062426, "that,there": 0.004711425206124852, "there,is": 0.005692972124067531, "within,the": 0.002944640753828033, "this,bill": 0.0019630938358853552, "bill,<e>": 0.0021594032194738907, "i,wonder": 0.0013741656851197488, "wonder,whether": 0.001177856301531213, "have,an": 0.0009815469179426776, "as,to": 0.0027483313702394976, "whether,there": 0.0009815469179426776, "there,has": 0.001177856301531213, "with,the": 0.006085590891244602, "<s>,if": 0.003337259521005104, "noble,earl": 0.0019630938358853552, "can,be": 0.0013741656851197488, "because,i": 0.001177856301531213, "in,this": 0.003337259521005104, "this,respect": 0.0013741656851197488, "respect,<e>": 0.0013741656851197488, "lords,may": 0.0009815469179426776, "<s>,there": 0.002552021986650962, "there,are": 0.0013741656851197488, "a,number": 0.0009815469179426776, "number,of": 0.0017667844522968198, "are,in": 0.0009815469179426776, "situation,in": 0.0013741656851197488, "is,that": 0.0035335689045936395, "her,majestys": 0.001177856301531213, "majestys,government": 0.0009815469179426776, "the,governments": 0.0015704750687082843, "me,to": 0.0009815469179426776, "lords,the": 0.0027483313702394976, "does,not": 0.001177856301531213, "this,matter": 0.0013741656851197488, "to,what": 0.0031409501374165686, "to,be": 0.006085590891244602, "<s>,it": 0.004711425206124852, "the,government": 0.005889281507656066, "clear,that": 0.0009815469179426776, "would,not": 0.0013741656851197488, "agree,that": 0.0021594032194738907, "is,a": 0.004711425206124852, "is,the": 0.0031409501374165686, "between,the": 0.0017667844522968198, "so,that": 0.001177856301531213, "that,if": 0.002552021986650962, "the,problem": 0.0013741656851197488, "what,i": 0.0013741656851197488, "lord,is": 0.002552021986650962, "problem,<e>": 0.0009815469179426776, "a,great": 0.0009815469179426776, "<s>,the": 0.00922654102866117, "lord,the": 0.0009815469179426776, "quite,right": 0.0009815469179426776, "when,he": 0.0021594032194738907, "he,said": 0.001177856301531213, "another,place": 0.0015704750687082843, "<s>,on": 0.001177856301531213, "some,of": 0.0021594032194738907, "of,us": 0.001177856301531213, "be,done": 0.0015704750687082843, "that,is": 0.0035335689045936395, "is,so": 0.0013741656851197488, "lord,lord": 0.012171181782489203, "lord,referred": 0.001177856301531213, "referred,to": 0.002355712603062426, "to,take": 0.0009815469179426776, "take,it": 0.001177856301531213, "to,a": 0.0015704750687082843, "if,i": 0.0017667844522968198, "i,did": 0.0013741656851197488, "did,not": 0.0015704750687082843, "i,think": 0.005889281507656066, "think,that": 0.002552021986650962, "i,would": 0.0013741656851197488, "of,my": 0.0015704750687082843, "the,very": 0.0009815469179426776, "the,people": 0.0009815469179426776, "part,of": 0.002552021986650962, "will,not": 0.0021594032194738907, "of,those": 0.0015704750687082843, "when,we": 0.001177856301531213, "if,we": 0.0017667844522968198, "i,hope": 0.002355712603062426, "hope,that": 0.0015704750687082843, "very,clear": 0.0009815469179426776, "all,the": 0.0015704750687082843, "a,very": 0.0021594032194738907, "situation,<e>": 0.001177856301531213, "to,me": 0.0019630938358853552, "me,that": 0.0009815469179426776, "i,take": 0.0009815469179426776, "has,said": 0.0015704750687082843, "will,the": 0.0013741656851197488,