{"<cs>,my": 0.03131703131703132, "my,lords": 0.03260403260403261, "lords,may": 0.002574002574002574, "may,i": 0.004719004719004719, "i,ask": 0.002145002145002145, "my,noble": 0.03260403260403261, "noble,friend": 0.028314028314028315, "the,government": 0.003432003432003432, "of,the": 0.028314028314028315, "hong,kong": 0.010725010725010725, "of,this": 0.00429000429000429, "<e>,<s>": 0.07679107679107679, "to,the": 0.013728013728013728, "of,hong": 0.006864006864006864, "lords,i": 0.011154011154011155, "i,should": 0.008151008151008152, "should,like": 0.008151008151008152, "like,to": 0.007293007293007293, "noble,lords": 0.006864006864006864, "the,noble": 0.02574002574002574, "noble,lord": 0.01673101673101673, "lord,lord": 0.013299013299013299, "on,a": 0.002145002145002145, "maiden,speech": 0.003003003003003003, "in,your": 0.005577005577005577, "your,lordships": 0.015015015015015015, "lordships,house": 0.005577005577005577, "i,may": 0.005148005148005148, "with,the": 0.007722007722007722, "that,he": 0.002574002574002574, "<cs>,i": 0.008151008151008152, "of,my": 0.00429000429000429, "friend,lord": 0.009438009438009438, "the,amendment": 0.010296010296010296, "by,my": 0.004719004719004719, "noble,and": 0.006006006006006006, "and,learned": 0.006864006864006864, "learned,friend": 0.003003003003003003, "friend,the": 0.004719004719004719, "the,lord": 0.002574002574002574, "lord,advocate": 0.002574002574002574, "i,too": 0.003432003432003432, "by,the": 0.006864006864006864, "the,principle": 0.002145002145002145, "as,i": 0.003861003861003861, "i,think": 0.007722007722007722, "think,the": 0.002145002145002145, "on,the": 0.011583011583011582, "the,second": 0.002574002574002574, "this,bill": 0.00429000429000429, "<s>,on": 0.002145002145002145, "friend,on": 0.003003003003003003, "the,front": 0.004719004719004719, "front,bench": 0.005577005577005577, "in,the": 0.014157014157014158, "the,right": 0.002574002574002574, "british,nationality": 0.00429000429000429, "in,this": 0.003003003003003003, "not,only": 0.003003003003003003, "would,be": 0.003861003861003861, "and,i": 0.012012012012012012, "in,that": 0.003003003003003003, "to,be": 0.006006006006006006, "one,of": 0.003003003003003003, "of,a": 0.003861003861003861, "i,have": 0.005577005577005577, "that,the": 0.008151008151008152, "lords,lord": 0.002145002145002145, "and,lord": 0.002145002145002145, "<s>,the": 0.006006006006006006, "this,amendment": 0.005148005148005148, "is,that": 0.003003003003003003, "that,it": 0.003432003432003432, "it,is": 0.009438009438009438, "is,not": 0.003432003432003432, "the,<e>": 0.002145002145002145, "it,will": 0.002574002574002574, "will,not": 0.002145002145002145, "not,surprise": 0.002574002574002574, "of,your": 0.00429000429000429, "lordships,committee": 0.003861003861003861, "that,i": 0.012012012012012012, "i,am": 0.012441012441012441, "<s>,however": 0.003003003003003003, "i,did": 0.002145002145002145, "a,very": 0.003003003003003003, "on,this": 0.002145002145002145, "the,first": 0.002145002145002145, "the,committee": 0.005148005148005148, "and,the": 0.003432003432003432, "noble,viscount": 0.002574002574002574, "viscount,lord": 0.002574002574002574, "<s>,as": 0.002145002145002145, "learned,lord": 0.003432003432003432, "lord,the": 0.002145002145002145, "<s>,my": 0.003432003432003432, "the,minister": 0.003861003861003861, "has,been": 0.004719004719004719, "to,say": 0.003432003432003432, "i,do": 0.00429000429000429, "do,not": 0.003861003861003861, "to,follow": 0.002145002145002145, "i,beg": 0.003861003861003861, "beg,leave": 0.002574002574002574, "leave,to": 0.002574002574002574, "to,withdraw": 0.002145002145002145, "amendment,<e>": 0.004719004719004719, "he,has": 0.002145002145002145, "regard,to": 0.002574002574002574, "from,the": 0.002574002574002574, "am,most": 0.002574002574002574, "that,this": 0.003003003003003003, "rather,than": 0.002574002574002574, "<s>,i": 0.018447018447018446, "this,is": 0.003003003003003003, "it,would": 0.002574002574002574, "<s>,it": 0.005577005577005577, "is,a": 0.003861003861003861, "for,the": 0.007722007722007722, "does,not": 0.002145002145002145, "think,that": 0.003432003432003432, "if,i": 0.005577005577005577, "that,my": 0.002145002145002145, "grateful,to": 0.003861003861003861, "to,my": 0.004719004719004719, "i,shall": 0.005577005577005577, "i,said": 0.002145002145002145, "i,was": 0.003003003003003003, "the,same": 0.003003003003003003, "most,grateful": 0.002145002145002145, "to,ask": 0.002145002145002145, "of,british": 0.002145002145002145, "i,had": 0.002145002145002145, "<s>,if": 0.002145002145002145, "as,it": 0.002574002574002574, "it,was": 0.00429000429000429, "afternoon,<e>": 0.002574002574002574, "have,been": 0.003003003003003003, "to,your": 0.002145002145002145, "is,the": 0.002145002145002145, "what,i": 0.003003003003003003, "i,hope": 0.00429000429000429, "at,the": 0.002145002145002145, "behind,the": 0.002574002574002574, "kong,<e>": 0.003861003861003861, "the,gibraltar": 0.002574002574002574, "gibraltar,amendment": 0.002574002574002574, "the,point": 0.002145002145002145, "i,would": 0.002574002574002574, "there,is": 0.002574002574002574, "that,is": 0.003003003003003003, "i,must": 0.003003003003003003, "right,of": 0.002574002574002574, "of,abode": 0.002145002145002145, "the,united": 0.003003003003003003, "united,kingdom": 0.003003003003003003, "may,be": 0.002145002145002145, "and,indeed": 0.003003003003003003, "hope,that": 0.00429000429000429, "the,house": 0.00429000429000429, "this,afternoon": 0.002574002574002574, "lords,it": 0.003003003003003003, "thank,my": 0.002145002145002145, "the,bill": 0.002145002145002145, "lord,kadoorie": 0.002145002145002145, "speech,<e>": 0.002145002145002145, "was,not": 0.002145002145002145, "bill,<e>": 0.003003003003003003, "british,dependent": 0.003003003003003003, "to,a": 0.002145002145002145, "i,thank": 0.002145002145002145, "<s>,that": 0.002145002145002145, "lord,rhodes": 0.002574002574002574, "a,great": 0.002145002145002145, "am,sure": 0.002145002145002145, "the,question": 0.002145002145002145, "in,a": 0.002145002145002145, "lord,maclehose": 0.002145002145002145, "we,are": 0.002145002145002145, "which,he": 0.002145002145002145, "lord,simon": 0.002145002145002145, "<s>,he": 0.003003003003003003}