{"<cs>,my": 0.08557844690966719, "my,lords": 0.08716323296354993, "<e>,<s>": 0.1648177496038035, "<s>,the": 0.012678288431061807, "it,is": 0.014263074484944533, "lords,i": 0.03169572107765452, "to,thank": 0.00792393026941363, "thank,the": 0.014263074484944533, "the,noble": 0.061806656101426306, "noble,lord": 0.03169572107765452, "lord,lord": 0.020602218700475437, "for,his": 0.011093502377179081, "his,motion": 0.009508716323296355, "many,people": 0.00792393026941363, "in,the": 0.02694136291600634, "the,third": 0.012678288431061807, "third,world": 0.014263074484944533, "noble,lords": 0.009508716323296355, "that,the": 0.00792393026941363, "is,a": 0.00792393026941363, "may,i": 0.00792393026941363, "as,a": 0.00792393026941363, "i,am": 0.009508716323296355, "on,the": 0.014263074484944533, "of,the": 0.05705229793977813, "<s>,i": 0.02377179080824089, "my,noble": 0.020602218700475437, "noble,friend": 0.01901743264659271, "friend,lord": 0.011093502377179081, "to,the": 0.03328050713153724, "the,government": 0.011093502377179081, "the,united": 0.00792393026941363, "united,kingdom": 0.00792393026941363, "this,subject": 0.00792393026941363, "<s>,in": 0.00792393026941363, "and,the": 0.012678288431061807, "the,west": 0.00792393026941363, "aid,<e>": 0.00792393026941363, "noble,baroness": 0.014263074484944533, "noble,earl": 0.00792393026941363, "for,the": 0.009508716323296355, "<s>,it": 0.012678288431061807, "speech,<e>": 0.00792393026941363, "should,like": 0.00792393026941363, "by,the": 0.00792393026941363, "before,the": 0.00792393026941363, "baroness,lady": 0.00792393026941363}