{"<cs>,my": 0.015883859948761743, "my,lords": 0.015883859948761743, "lords,i": 0.008710503842869342, "i,am": 0.007002561912894962, "to,be": 0.007002561912894962, "hope,that": 0.0022203245089666953, "what,i": 0.0008539709649871904, "i,shall": 0.002049530315969257, "will,be": 0.004953031596925704, "of,the": 0.018274978650725877, "your,lordships": 0.0011955593509820667, "<cs>,i": 0.009393680614859094, "speak,to": 0.001878736122971819, "<e>,<s>": 0.09803586678052946, "i,feel": 0.0011955593509820667, "feel,that": 0.0010247651579846286, "that,i": 0.0044406490179333905, "i,should": 0.010418445772843723, "<s>,as": 0.0025619128949615714, "as,a": 0.0025619128949615714, "in,scotland": 0.0010247651579846286, "that,the": 0.01058923996584116, "the,bill": 0.004611443210930828, "<s>,the": 0.01263877028181042, "which,will": 0.0008539709649871904, "will,have": 0.0008539709649871904, "have,to": 0.0027327070879590095, "be,<e>": 0.0010247651579846286, "in,my": 0.0008539709649871904, "could,be": 0.0008539709649871904, "a,considerable": 0.0008539709649871904, "should,like": 0.008881298035866781, "like,to": 0.008710503842869342, "to,add": 0.0022203245089666953, "add,my": 0.0010247651579846286, "to,those": 0.0013663535439795047, "given,to": 0.0013663535439795047, "to,the": 0.009393680614859094, "the,noble": 0.01349274124679761, "noble,lord": 0.007514944491887276, "lord,lord": 0.005807002561912895, "education,system": 0.0013663535439795047, "system,is": 0.0008539709649871904, "in,the": 0.011272416737830913, "the,amount": 0.0010247651579846286, "amount,of": 0.0017079419299743809, "that,is": 0.003757472245943638, "what,they": 0.0011955593509820667, "in,which": 0.0010247651579846286, "it,<e>": 0.0044406490179333905, "<s>,this": 0.0011955593509820667, "<s>,we": 0.006660973526900086, "we,are": 0.006660973526900086, "are,to": 0.001878736122971819, "to,have": 0.0035866780529461998, "have,a": 0.0034158838599487617, "some,of": 0.0008539709649871904, "has,been": 0.004099060631938514, "system,<e>": 0.0011955593509820667, "on,these": 0.0015371477369769428, "these,benches": 0.0032450896669513236, "believe,that": 0.0023911187019641333, "that,this": 0.0022203245089666953, "this,bill": 0.0008539709649871904, "<s>,it": 0.006660973526900086, "it,is": 0.009906063193851409, "is,one": 0.0013663535439795047, "one,of": 0.0015371477369769428, "to,give": 0.0015371477369769428, "the,education": 0.0010247651579846286, "such,a": 0.0022203245089666953, "would,have": 0.0010247651579846286, "and,the": 0.005123825789923143, "it,would": 0.0013663535439795047, "have,been": 0.0022203245089666953, "all,those": 0.0008539709649871904, "a,school": 0.0011955593509820667, "should,be": 0.00631938514090521, "which,is": 0.0017079419299743809, "is,a": 0.004782237403928267, "as,well": 0.0008539709649871904, "well,as": 0.0008539709649871904, "a,whole": 0.0008539709649871904, "to,speak": 0.001878736122971819, "support,of": 0.0017079419299743809, "amendment,no": 0.004099060631938514, "no,<e>": 0.004099060631938514, "of,this": 0.0017079419299743809, "this,amendment": 0.003757472245943638, "amendment,is": 0.0023911187019641333, "is,to": 0.0023911187019641333, "try,to": 0.0010247651579846286, "is,the": 0.0017079419299743809, "the,idea": 0.002049530315969257, "idea,of": 0.0011955593509820667, "has,already": 0.0015371477369769428, "already,been": 0.0015371477369769428, "that,there": 0.003928266438941076, "there,is": 0.004782237403928267, "a,danger": 0.0010247651579846286, "of,a": 0.003757472245943638, "in,a": 0.0017079419299743809, "to,put": 0.0011955593509820667, "<s>,that": 0.002049530315969257, "would,be": 0.0023911187019641333, "be,a": 0.002049530315969257, "if,it": 0.0011955593509820667, "<s>,in": 0.001878736122971819, "are,not": 0.0022203245089666953, "i,wish": 0.003928266438941076, "wish,to": 0.003928266438941076, "to,amendment": 0.0017079419299743809, "my,name": 0.0015371477369769428, "the,amendment": 0.015371477369769428, "to,ensure": 0.002049530315969257, "ensure,that": 0.001878736122971819, "that,a": 0.0011955593509820667, "who,is": 0.0008539709649871904, "at,the": 0.0025619128949615714, "the,school": 0.0010247651579846286, "have,the": 0.002049530315969257, "on,the": 0.004269854824935952, "the,minister": 0.0034158838599487617, "i,accept": 0.0010247651579846286, "accept,that": 0.0008539709649871904, "that,people": 0.0008539709649871904, "on,a": 0.0017079419299743809, "may,be": 0.0013663535439795047, "if,they": 0.0010247651579846286, "they,are": 0.0030742954739538856, "the,point": 0.0008539709649871904, "about,the": 0.0032450896669513236, "of,time": 0.0010247651579846286, "in,order": 0.0010247651579846286, "order,to": 0.0008539709649871904, "<s>,however": 0.004099060631938514, "as,the": 0.0034158838599487617, "the,government": 0.0030742954739538856, "prepared,to": 0.0013663535439795047, "i,beg": 0.004782237403928267, "beg,leave": 0.004953031596925704, "leave,to": 0.004953031596925704, "to,withdraw": 0.005807002561912895, "withdraw,it": 0.0010247651579846286, "much,of": 0.0011955593509820667, "of,what": 0.0013663535439795047, "what,has": 0.0013663535439795047, "been,said": 0.0013663535439795047, "said,<e>": 0.0017079419299743809, "amendments,<e>": 0.0017079419299743809, "that,it": 0.003928266438941076, "it,does": 0.0008539709649871904, "does,not": 0.0022203245089666953, "and,that": 0.0015371477369769428, "of,water": 0.0013663535439795047, "the,environment": 0.0023911187019641333, "government,should": 0.0008539709649871904, "is,being": 0.0010247651579846286, "many,of": 0.0010247651579846286, "lords,the": 0.0011955593509820667, "by,the": 0.0029035012809564475, "period,of": 0.0008539709649871904, "that,we": 0.007856532877882152, "we,have": 0.004099060631938514, "on,this": 0.0015371477369769428, "to,all": 0.0010247651579846286, "we,must": 0.002049530315969257, "<s>,there": 0.0025619128949615714, "have,an": 0.0010247651579846286, "not,in": 0.0008539709649871904, "right,to": 0.0017079419299743809, "if,the": 0.0010247651579846286, "is,not": 0.0023911187019641333, "there,will": 0.0011955593509820667, "in,some": 0.0010247651579846286, "parts,of": 0.0010247651579846286, "lords,when": 0.0010247651579846286, "the,problem": 0.001878736122971819, "higher,education": 0.0013663535439795047, "<s>,they": 0.0025619128949615714, "they,should": 0.0017079419299743809, "for,the": 0.006148590947907771, "<s>,i": 0.020666097352690007, "the,old": 0.0008539709649871904, "saying,that": 0.0013663535439795047, "what,is": 0.0011955593509820667, "is,that": 0.002049530315969257, "that,has": 0.0008539709649871904, "the,simple": 0.002049530315969257, "simple,reason": 0.0022203245089666953, "reason,that": 0.0022203245089666953, "it,should": 0.0010247651579846286, "the,same": 0.0025619128949615714, "the,first": 0.0010247651579846286, "dealing,with": 0.0010247651579846286, "the,fact": 0.0035866780529461998, "fact,that": 0.0030742954739538856, "we,should": 0.004611443210930828, "should,have": 0.0034158838599487617, "of,it": 0.0010247651579846286, "<s>,many": 0.0010247651579846286, "noble,lords": 0.0011955593509820667, "the,water": 0.0008539709649871904, "we,can": 0.0013663535439795047, "such,as": 0.0010247651579846286, "<s>,if": 0.003928266438941076, "if,we": 0.001878736122971819, "this,is": 0.0015371477369769428, "a,great": 0.0015371477369769428, "way,of": 0.0008539709649871904, "that,if": 0.0008539709649871904, "the,whole": 0.0010247651579846286, "be,some": 0.0010247651579846286, "some,way": 0.0010247651579846286, "do,not": 0.0023911187019641333, "from,the": 0.0023911187019641333, "say,that": 0.0023911187019641333, "people,who": 0.0022203245089666953, "at,least": 0.002049530315969257, "bill,<e>": 0.0015371477369769428, "lord,mcintosh": 0.001878736122971819, "what,the": 0.004611443210930828, "to,do": 0.0023911187019641333, "i,do": 0.0011955593509820667, "with,a": 0.0010247651579846286, "i,believe": 0.0015371477369769428, "time,<e>": 0.0010247651579846286, "to,say": 0.001878736122971819, "said,by": 0.0008539709649871904, "of,these": 0.001878736122971819,