{"<cs>,my": 0.04847396768402154, "my,lords": 0.04847396768402154, "is,the": 0.009874326750448833, "which,i": 0.003590664272890485, "i,have": 0.0058348294434470375, "in,this": 0.00718132854578097, "<e>,<s>": 0.08617594254937164, "lords,i": 0.01436265709156194, "i,should": 0.003590664272890485, "like,to": 0.0026929982046678637, "thank,the": 0.003590664272890485, "the,noble": 0.048025134649910234, "noble,lords": 0.004937163375224416, "in,the": 0.026032315978456014, "the,debate": 0.003590664272890485, "<s>,i": 0.017504488330341114, "noble,lord": 0.024685816876122084, "lord,lord": 0.01526032315978456, "in,which": 0.0031418312387791743, "which,he": 0.004488330341113106, "to,be": 0.011220825852782765, "from,the": 0.0058348294434470375, "of,the": 0.041741472172351884, "<s>,he": 0.004488330341113106, "noble,baroness": 0.0031418312387791743, "to,the": 0.0210951526032316, "it,<e>": 0.002244165170556553, "was,a": 0.002244165170556553, "<s>,however": 0.004937163375224416, "the,most": 0.002244165170556553, "to,make": 0.0026929982046678637, "the,house": 0.010771992818671455, "house,<e>": 0.004488330341113106, "it,was": 0.004039497307001795, "lords,does": 0.004039497307001795, "does,the": 0.005385996409335727, "noble,earl": 0.011669658886894075, "that,the": 0.017055655296229804, "the,statement": 0.004488330341113106, "<s>,in": 0.002244165170556553, "<s>,the": 0.00763016157989228, "that,this": 0.002244165170556553, "lords,is": 0.0062836624775583485, "aware,that": 0.004937163375224416, "i,was": 0.003590664272890485, "he,has": 0.002244165170556553, "<s>,as": 0.002244165170556553, "as,the": 0.004039497307001795, "it,is": 0.011220825852782765, "lords,as": 0.002244165170556553, "by,the": 0.00807899461400359, "the,minister": 0.009425493716337522, "that,there": 0.005385996409335727, "there,was": 0.0026929982046678637, "the,government": 0.011669658886894075, "exchange,rate": 0.002244165170556553, "the,prime": 0.003590664272890485, "prime,minister": 0.002244165170556553, "that,it": 0.005385996409335727, "with,the": 0.011220825852782765, "group,of": 0.0026929982046678637, "can,the": 0.0031418312387791743, "tell,us": 0.003590664272890485, "of,this": 0.0058348294434470375, "there,is": 0.004937163375224416, "is,a": 0.004039497307001795, "that,your": 0.002244165170556553, "your,lordships": 0.003590664272890485, "does,not": 0.0031418312387791743, "which,have": 0.0026929982046678637, "able,to": 0.002244165170556553, "house,of": 0.0026929982046678637, "of,commons": 0.002244165170556553, "i,do": 0.0062836624775583485, "do,not": 0.004937163375224416, "think,that": 0.003590664272890485, "that,i": 0.0058348294434470375, "which,was": 0.0031418312387791743, "of,a": 0.005385996409335727, "is,it": 0.004039497307001795, "not,the": 0.003590664272890485, "the,case": 0.0031418312387791743, "in,a": 0.0031418312387791743, "position,<e>": 0.002244165170556553, "<s>,if": 0.0026929982046678637, "this,house": 0.003590664272890485, "and,in": 0.0026929982046678637, "earl,lord": 0.002244165170556553, "as,a": 0.005385996409335727, "and,to": 0.002244165170556553, "perhaps,i": 0.0026929982046678637, "i,may": 0.003590664272890485, "noble,and": 0.004488330341113106, "and,learned": 0.004488330341113106, "learned,lord": 0.004488330341113106, "one,of": 0.0026929982046678637, "i,am": 0.0062836624775583485, "may,be": 0.003590664272890485, "to,say": 0.0026929982046678637, "say,that": 0.002244165170556553, "and,that": 0.0026929982046678637, "did,not": 0.002244165170556553, "should,be": 0.002244165170556553, "that,we": 0.0026929982046678637, "of,state": 0.002244165170556553, "that,while": 0.002244165170556553, "this,country": 0.004039497307001795, "and,the": 0.004488330341113106, "the,<e>": 0.002244165170556553, "that,is": 0.0026929982046678637, "for,the": 0.00807899461400359, "has,been": 0.004937163375224416, "<s>,there": 0.0026929982046678637, "on,the": 0.0062836624775583485, "have,been": 0.003590664272890485, "support,the": 0.002244165170556553, "lord,the": 0.003590664272890485, "lord,chancellor": 0.002244165170556553, "speech,<e>": 0.0026929982046678637, "a,great": 0.0026929982046678637, "to,which": 0.002244165170556553, "which,the": 0.002244165170556553, "<s>,it": 0.0062836624775583485, "to,a": 0.002244165170556553, "lords,will": 0.004937163375224416, "will,the": 0.00763016157989228, "accept,that": 0.0026929982046678637, "agree,with": 0.002244165170556553, "with,him": 0.0031418312387791743, "the,s": 0.002244165170556553, "will,he": 0.0026929982046678637, "bear,in": 0.002244165170556553, "in,mind": 0.002244165170556553, "the,united": 0.002244165170556553, "the,world": 0.002244165170556553, "<s>,will": 0.0026929982046678637, "about,the": 0.0026929982046678637, "agree,that": 0.004039497307001795, "is,not": 0.0031418312387791743, "join,with": 0.002244165170556553, "lord,cledwyn": 0.0031418312387791743, "when,the": 0.0026929982046678637, "be,a": 0.004039497307001795, "that,he": 0.0026929982046678637, "on,this": 0.0026929982046678637, "we,are": 0.0026929982046678637, "point,<e>": 0.0026929982046678637, "to,have": 0.0031418312387791743, "of,his": 0.0026929982046678637, "my,noble": 0.003590664272890485, "at,the": 0.004039497307001795, "the,motion": 0.0026929982046678637, "of,my": 0.002244165170556553, "the,commission": 0.002244165170556553, "of,government": 0.0026929982046678637, "the,leader": 0.004039497307001795, "leader,of": 0.004039497307001795, "would,be": 0.002244165170556553, "noble,friend": 0.0026929982046678637, "friend,lord": 0.002244165170556553, "view,of": 0.0031418312387791743, "the,governments": 0.0026929982046678637, "statement,<e>": 0.002244165170556553, "there,are": 0.0026929982046678637}