{"<cs>,my": 0.059903804110188016, "my,lords": 0.059903804110188016, "lords,it": 0.004809794490599038, "pleasure,to": 0.0026235242675994755, "to,take": 0.003060778312199388, "take,part": 0.0021862702229995625, "part,in": 0.0026235242675994755, "in,the": 0.02579798863139484, "by,the": 0.003935286401399213, "the,noble": 0.028858766943594228, "noble,lord": 0.0174901617839965, "lord,lord": 0.007433318758198513, "my,noble": 0.007433318758198513, "noble,friend": 0.006996064713598601, "<e>,<s>": 0.08220376038478355, "in,this": 0.0021862702229995625, "<s>,it": 0.006996064713598601, "have,been": 0.006558810668998688, "maiden,speech": 0.0021862702229995625, "your,lordships": 0.004372540445999125, "lordships,house": 0.0021862702229995625, "about,the": 0.003060778312199388, "the,commonwealth": 0.005247048535198951, "for,me": 0.003060778312199388, "me,to": 0.004809794490599038, "was,the": 0.0021862702229995625, "it,was": 0.003935286401399213, "to,do": 0.004372540445999125, "chairman,of": 0.0021862702229995625, "of,the": 0.027984258854394404, "i,had": 0.0021862702229995625, "for,the": 0.00874508089199825, "local,government": 0.004809794490599038, "lords,is": 0.014866637516397026, "is,the": 0.013992129427197202, "that,the": 0.019676432006996064, "the,minister": 0.026672496720594664, "it,is": 0.009619588981198076, "is,a": 0.006558810668998688, "friend,lord": 0.006121556624398776, "<s>,in": 0.004372540445999125, "the,same": 0.0021862702229995625, "prime,minister": 0.004809794490599038, "government,<e>": 0.003060778312199388, "of,this": 0.0034980323567993005, "that,i": 0.005684302579798863, "and,the": 0.007870572802798426, "this,country": 0.0021862702229995625, "be,done": 0.0021862702229995625, "the,government": 0.015741145605596852, "lords,the": 0.0021862702229995625, "noble,earl": 0.0021862702229995625, "said,that": 0.004809794490599038, "<s>,i": 0.01355487538259729, "i,should": 0.004372540445999125, "should,be": 0.003935286401399213, "<s>,the": 0.003935286401399213, "lords,i": 0.007433318758198513, "noble,viscount": 0.003060778312199388, "i,have": 0.004809794490599038, "another,place": 0.0021862702229995625, "to,say": 0.0021862702229995625, "say,that": 0.003060778312199388, "when,i": 0.003935286401399213, "i,am": 0.005247048535198951, "that,we": 0.0021862702229995625, "not,agree": 0.004372540445999125, "agree,that": 0.009619588981198076, "that,it": 0.003060778312199388, "lords,would": 0.003060778312199388, "lord,the": 0.0021862702229995625, "the,united": 0.003935286401399213, "<s>,when": 0.0026235242675994755, "i,was": 0.004372540445999125, "<s>,can": 0.004372540445999125, "can,the": 0.006558810668998688, "that,he": 0.0021862702229995625, "he,will": 0.0021862702229995625, "lords,while": 0.0021862702229995625, "may,i": 0.003060778312199388, "i,ask": 0.0026235242675994755, "is,not": 0.003935286401399213, "that,this": 0.0026235242675994755, "country,<e>": 0.0034980323567993005, "should,like": 0.0026235242675994755, "like,to": 0.0026235242675994755, "to,ask": 0.0021862702229995625, "ask,the": 0.0034980323567993005, "the,leader": 0.0026235242675994755, "leader,of": 0.0026235242675994755, "the,house": 0.005684302579798863, "has,been": 0.005247048535198951, "and,i": 0.004372540445999125, "i,hope": 0.003060778312199388, "hope,that": 0.0021862702229995625, "them,<e>": 0.0021862702229995625, "is,it": 0.005247048535198951, "it,not": 0.005684302579798863, "to,be": 0.006121556624398776, "minister,agree": 0.003935286401399213, "as,a": 0.006121556624398776, "noble,baroness": 0.004809794490599038, "not,a": 0.0034980323567993005, "a,fact": 0.0026235242675994755, "fact,that": 0.0034980323567993005, "ought,to": 0.0021862702229995625, "to,the": 0.01530389156099694, "<s>,is": 0.005684302579798863, "is,he": 0.0026235242675994755, "aware,that": 0.012680367293397464, "the,country": 0.003935286401399213, "on,the": 0.0034980323567993005, "lords,does": 0.003935286401399213, "does,the": 0.004809794490599038, "that,if": 0.0021862702229995625, "the,middle": 0.003060778312199388, "middle,east": 0.003060778312199388, "the,state": 0.0021862702229995625, "state,of": 0.0021862702229995625, "of,israel": 0.003060778312199388, "to,follow": 0.0034980323567993005, "follow,the": 0.003060778312199388, "with,the": 0.006558810668998688, "that,in": 0.004372540445999125, "further,aware": 0.0026235242675994755, "<s>,does": 0.003060778312199388, "not,the": 0.005247048535198951, "to,make": 0.0034980323567993005, "lords,can": 0.003935286401399213, "minister,say": 0.003060778312199388, "and,that": 0.003060778312199388, "<s>,he": 0.0034980323567993005, "sure,that": 0.0026235242675994755, "not,be": 0.0021862702229995625, "the,secretary": 0.0026235242675994755, "secretary,of": 0.003935286401399213, "of,state": 0.004372540445999125, "state,for": 0.003060778312199388, "lords,will": 0.0034980323567993005, "will,the": 0.006121556624398776, "will,be": 0.006121556624398776, "today,<e>": 0.0034980323567993005, "lords,as": 0.0021862702229995625, "noble,lords": 0.0026235242675994755, "there,is": 0.003935286401399213, "is,an": 0.0021862702229995625, "at,the": 0.0021862702229995625, "of,a": 0.0026235242675994755, "that,there": 0.004372540445999125, "members,of": 0.003060778312199388, "does,not": 0.003935286401399213, "the,last": 0.0026235242675994755, "number,of": 0.0026235242675994755, "<s>,if": 0.0026235242675994755, "it,has": 0.0026235242675994755, "a,pleasure": 0.0021862702229995625, "the,israeli": 0.0026235242675994755, "he,was": 0.0026235242675994755, "for,that": 0.0021862702229995625, "that,they": 0.003060778312199388, "<s>,what": 0.0026235242675994755, "united,nations": 0.0021862702229995625, "the,prime": 0.0026235242675994755, "minister,aware": 0.004372540445999125, "house,<e>": 0.0021862702229995625, "the,number": 0.0021862702229995625, "member,of": 0.0021862702229995625}