{"<cs>,my": 0.027972027972027972, "my,lords": 0.02733630006357279, "lords,i": 0.012078830260648443, "for,the": 0.007628734901462174, "your,lordships": 0.00572155117609663, "a,good": 0.003178639542275906, "<e>,<s>": 0.10616656071201526, "<s>,i": 0.033693579148124604, "should,be": 0.0050858232676414495, "and,i": 0.009535918626827717, "that,the": 0.012078830260648443, "i,say": 0.003814367450731087, "i,do": 0.010171646535282899, "do,not": 0.01080737444373808, "i,shall": 0.008900190718372537, "at,the": 0.009535918626827717, "that,i": 0.010171646535282899, "i,am": 0.02097902097902098, "medical,students": 0.003178639542275906, "students,<e>": 0.003178639542275906, "a,university": 0.003178639542275906, "by,the": 0.007628734901462174, "the,noble": 0.03496503496503497, "noble,lord": 0.01652892561983471, "lord,lord": 0.013350286077558804, "i,should": 0.014621741894469168, "should,like": 0.009535918626827717, "like,to": 0.010171646535282899, "that,we": 0.0050858232676414495, "we,are": 0.008264462809917356, "to,the": 0.02288620470438652, "<s>,as": 0.003178639542275906, "of,the": 0.03814367450731087, "if,i": 0.00572155117609663, "to,me": 0.004450095359186269, "to,be": 0.007628734901462174, "the,very": 0.003178639542275906, "in,this": 0.006357279084551812, "kind,of": 0.003814367450731087, "research,<e>": 0.003178639542275906, "to,support": 0.004450095359186269, "support,the": 0.00572155117609663, "noble,earl": 0.006357279084551812, "earl,lord": 0.003814367450731087, "that,he": 0.003178639542275906, "he,has": 0.003814367450731087, "<cs>,i": 0.01080737444373808, "i,would": 0.0050858232676414495, "i,may": 0.00572155117609663, "and,to": 0.003814367450731087, "in,the": 0.01652892561983471, "that,is": 0.006993006993006993, "the,bill": 0.0050858232676414495, "this,bill": 0.003178639542275906, "as,it": 0.003178639542275906, "has,been": 0.00572155117609663, "been,said": 0.003178639542275906, "it,was": 0.00572155117609663, "i,have": 0.012078830260648443, "to,say": 0.003814367450731087, "perhaps,i": 0.004450095359186269, "i,think": 0.0050858232676414495, "i,believe": 0.00572155117609663, "<s>,the": 0.006357279084551812, "the,minister": 0.004450095359186269, "about,the": 0.006357279084551812, "<s>,in": 0.0050858232676414495, "the,secretary": 0.0050858232676414495, "secretary,of": 0.0050858232676414495, "of,state": 0.004450095359186269, "have,a": 0.003814367450731087, "very,great": 0.003814367450731087, "great,deal": 0.003178639542275906, "add,my": 0.003814367450731087, "<s>,it": 0.009535918626827717, "be,a": 0.003178639542275906, "i,was": 0.004450095359186269, "grateful,to": 0.004450095359186269, "noble,lords": 0.003178639542275906, "the,government": 0.0050858232676414495, "that,it": 0.007628734901462174, "very,much": 0.003178639542275906, "thank,the": 0.003178639542275906, "which,i": 0.004450095359186269, "<s>,we": 0.0050858232676414495, "say,that": 0.0050858232676414495, "wish,to": 0.003178639542275906, "if,it": 0.003178639542275906, "is,a": 0.003814367450731087, "and,the": 0.009535918626827717, "in,my": 0.003814367450731087, "on,the": 0.009535918626827717, "as,a": 0.003178639542275906, "so,i": 0.003178639542275906, "to,speak": 0.003178639542275906, "may,i": 0.003178639542275906, "the,house": 0.003814367450731087, "as,i": 0.004450095359186269, "from,the": 0.0050858232676414495, "in,a": 0.004450095359186269, "amendment,no": 0.003178639542275906, "no,<e>": 0.003814367450731087, "it,is": 0.01080737444373808, "to,withdraw": 0.004450095359186269, "this,amendment": 0.007628734901462174, "but,i": 0.006993006993006993, "will,be": 0.004450095359186269, "seems,to": 0.003814367450731087, "with,the": 0.003178639542275906, "amendment,<e>": 0.008264462809917356, "<s>,however": 0.004450095359186269, "the,point": 0.003178639542275906, "is,not": 0.003178639542275906, "it,would": 0.003814367450731087, "would,be": 0.0050858232676414495, "the,face": 0.003178639542275906, "face,of": 0.003178639542275906, "longer,than": 0.003178639542275906, "withdraw,the": 0.003178639542275906, "the,amendment": 0.008900190718372537, "of,a": 0.007628734901462174, "before,i": 0.003178639542275906, "noble,baroness": 0.004450095359186269, "baroness,lady": 0.003814367450731087, "lords,before": 0.003178639542275906, "the,universities": 0.003814367450731087, "noble,and": 0.003178639542275906, "and,learned": 0.003178639542275906, "learned,lord": 0.003178639542275906, "it,<e>": 0.003178639542275906, "access,funds": 0.003178639542275906}