{"<cs>,i": 0.008588717548311536, "i,have": 0.006831934413429631, "have,been": 0.004099160648057779, "as,the": 0.0013663868826859261, "age,concern": 0.0011711887565879367, "which,is": 0.0035135662697638103, "is,that": 0.002147179387077884, "chairman,of": 0.0013663868826859261, "of,the": 0.026351747023228577, "we,have": 0.004489556900253757, "have,done": 0.0009759906304899473, "old,people": 0.0009759906304899473, "an,enormous": 0.0009759906304899473, "<cs>,my": 0.023618973257856724, "my,lords": 0.023814171383954714, "perhaps,i": 0.0011711887565879367, "to,the": 0.00722233066562561, "the,noble": 0.019324614483700958, "noble,earl": 0.0011711887565879367, "say,that": 0.002927971891469842, "that,the": 0.011711887565879368, "is,the": 0.002927971891469842, "in,the": 0.014639859457349209, "per,cent": 0.002147179387077884, "cent,<e>": 0.002147179387077884, "<e>,<s>": 0.09662307241850478, "<s>,it": 0.009369510052703494, "it,has": 0.002927971891469842, "have,put": 0.0009759906304899473, "the,next": 0.0009759906304899473, "years,ago": 0.0009759906304899473, "must,be": 0.002147179387077884, "have,a": 0.0015615850087839158, "to,say": 0.002537575639273863, "that,it": 0.003903962521959789, "it,is": 0.011907085691977357, "should,be": 0.003318368143665821, "agree,with": 0.0019519812609798946, "what,the": 0.002927971891469842, "noble,lord": 0.010931095061487409, "lord,lord": 0.007807925043919578, "has,said": 0.0009759906304899473, "said,<e>": 0.0013663868826859261, "<s>,i": 0.025961350771032597, "i,had": 0.0013663868826859261, "that,we": 0.004294358774155768, "we,should": 0.0009759906304899473, "have,had": 0.0015615850087839158, "from,the": 0.002537575639273863, "to,do": 0.0013663868826859261, "what,i": 0.0011711887565879367, "put,forward": 0.0009759906304899473, "there,is": 0.0054655475307437045, "the,government": 0.0037087643958617997, "that,this": 0.002537575639273863, "has,been": 0.004294358774155768, "will,not": 0.0015615850087839158, "i,do": 0.005075151278547726, "do,not": 0.007027132539527621, "not,believe": 0.0009759906304899473, "believe,that": 0.0037087643958617997, "that,a": 0.0009759906304899473, "my,amendment": 0.0011711887565879367, "amendment,<e>": 0.006246340035135663, "i,agree": 0.0009759906304899473, "and,i": 0.0054655475307437045, "i,beg": 0.0017567831348819052, "beg,leave": 0.0013663868826859261, "leave,to": 0.0013663868826859261, "to,withdraw": 0.0015615850087839158, "withdraw,the": 0.0015615850087839158, "the,amendment": 0.006831934413429631, "that,i": 0.00722233066562561, "i,am": 0.009564708178801484, "there,are": 0.0023423775131758734, "seem,to": 0.0013663868826859261, "to,have": 0.0019519812609798946, "the,same": 0.0013663868826859261, "no,<e>": 0.0017567831348819052, "and,the": 0.003903962521959789, "in,my": 0.0017567831348819052, "my,name": 0.0023423775131758734, "<s>,the": 0.0074175287917235995, "by,the": 0.0054655475307437045, "had,a": 0.0013663868826859261, "that,he": 0.0027327737653718522, "whether,the": 0.0011711887565879367, "the,best": 0.0009759906304899473, "one,<e>": 0.0011711887565879367, "<s>,if": 0.002537575639273863, "if,we": 0.0011711887565879367, "this,amendment": 0.006636736287331642, "the,other": 0.0019519812609798946, "i,should": 0.007027132539527621, "should,like": 0.004684755026351747, "like,to": 0.0054655475307437045, "to,support": 0.0015615850087839158, "support,this": 0.0013663868826859261, "in,which": 0.0019519812609798946, "been,a": 0.0009759906304899473, "made,by": 0.0011711887565879367, "i,hope": 0.0017567831348819052, "today,<e>": 0.0011711887565879367, "want,to": 0.0015615850087839158, "to,make": 0.006246340035135663, "and,that": 0.0019519812609798946, "that,is": 0.003318368143665821, "that,in": 0.0013663868826859261, "in,view": 0.0015615850087839158, "view,of": 0.0019519812609798946, "that,has": 0.0009759906304899473, "a,number": 0.0013663868826859261, "number,of": 0.0019519812609798946, "of,people": 0.0011711887565879367, "hope,that": 0.0013663868826859261, "will,be": 0.005270349404645715, "the,amendments": 0.0009759906304899473, "your,lordships": 0.0027327737653718522, "lordships,house": 0.0013663868826859261, "so,that": 0.0009759906304899473, "at,the": 0.002927971891469842, "the,report": 0.0017567831348819052, "stage,<e>": 0.0011711887565879367, "i,shall": 0.00722233066562561, "shall,be": 0.002537575639273863, "be,very": 0.0023423775131758734, "be,given": 0.0009759906304899473, "in,that": 0.0009759906304899473, "lords,i": 0.009759906304899472, "not,propose": 0.0011711887565879367, "propose,to": 0.0015615850087839158, "the,arguments": 0.0013663868826859261, "on,the": 0.006441538161233652, "the,subject": 0.0009759906304899473, "subject,<e>": 0.0011711887565879367, "not,be": 0.0017567831348819052, "for,the": 0.004099160648057779, "the,way": 0.0013663868826859261, "way,in": 0.0009759906304899473, "which,the": 0.0009759906304899473, "the,matter": 0.0011711887565879367, "did,not": 0.0011711887565879367, "am,sure": 0.0011711887565879367, "to,my": 0.0013663868826859261, "noble,lords": 0.0013663868826859261, "the,debate": 0.0013663868826859261, "debate,<e>": 0.0009759906304899473, "i,must": 0.0037087643958617997, "must,say": 0.0011711887565879367, "amendment,no": 0.0013663868826859261, "<s>,to": 0.0011711887565879367, "but,i": 0.0027327737653718522, "i,find": 0.0015615850087839158, "may,i": 0.002147179387077884, "for,a": 0.0019519812609798946, "on,that": 0.0011711887565879367, "that,<e>": 0.0011711887565879367, "as,a": 0.002147179387077884, "which,i": 0.004294358774155768, "to,be": 0.0054655475307437045, "to,a": 0.0009759906304899473, "the,<e>": 0.0009759906304899473, "i,support": 0.0015615850087839158, "had,to": 0.0013663868826859261, "the,act": 0.0009759906304899473, "a,very": 0.004294358774155768, "years,<e>": 0.0009759906304899473, "it,will": 0.0019519812609798946, "part,of": 0.0011711887565879367, "is,very": 0.0017567831348819052, "sorry,that": 0.0009759906304899473, "<s>,he": 0.0017567831348819052, "he,has": 0.0027327737653718522, "me,to": 0.0015615850087839158, "to,speak": 0.0019519812609798946, "make,a": 0.002927971891469842, "very,brief": 0.0019519812609798946, "<s>,my": 0.0019519812609798946, "of,those": 0.0009759906304899473, "so,clearly": 0.0009759906304899473, "we,are": 0.003903962521959789, "talking,about": 0.0011711887565879367, "about,the": 0.002537575639273863, "in,this": 0.002537575639273863, "it,may": 0.0009759906304899473, "that,there": 0.0037087643958617997, "there,was": 0.0011711887565879367, "would,be": 0.0015615850087839158, "lords,the": 0.0015615850087839158, "the,committee": 0.0019519812609798946, "not,think": 0.0013663868826859261, "think,it": 0.0011711887565879367, "for,me": 0.0015615850087839158, "a,long": 0.0019519812609798946, "it,was": 0.0015615850087839158, "all,the": 0.002537575639273863, "very,much": 0.0013663868826859261, "which,we": 0.0015615850087839158, "is,in": 0.0009759906304899473, "with,the": 0.003318368143665821, "important,<e>": 0.0013663868826859261, "the,minister": 0.004294358774155768, "of,this": 0.0017567831348819052, "quite,a": 0.0013663868826859261, "<s>,there": 0.0027327737653718522, "already,been": 0.0009759906304899473, "the,first": 0.0011711887565879367, "for,his": 0.0009759906304899473, "with,a": 0.0009759906304899473, "i,think": 0.006441538161233652, "think,that": 0.004489556900253757, "not,only": 0.002147179387077884, "<s>,we": 0.0037087643958617997, "lords,first": 0.0011711887565879367, "<s>,in": 0.003318368143665821, "in,fact": 0.0017567831348819052, "have,heard": 0.0009759906304899473, "<s>,they": 0.002537575639273863, "the,house": 0.0019519812609798946, "to,this": 0.0017567831348819052, "i,strongly": 0.0011711887565879367, "strongly,support": 0.0009759906304899473, "that,if": 0.0015615850087839158, "the,situation": 0.0009759906304899473, "<s>,that": 0.0035135662697638103, "<s>,however": 0.0023423775131758734, "been,made": 0.0013663868826859261, "very,important": 0.0013663868826859261, "i,was": 0.005075151278547726, "to,get": 0.0011711887565879367,