{"<cs>,my": 0.06396588486140725, "my,lords": 0.06396588486140725, "lords,i": 0.03411513859275053, "to,ask": 0.010660980810234541, "in,my": 0.010660980810234541, "on,the": 0.01279317697228145, "whether,the": 0.010660980810234541, "the,noble": 0.05543710021321962, "noble,lord": 0.03624733475479744, "aware,that": 0.010660980810234541, "<e>,<s>": 0.13219616204690832, "of,the": 0.042643923240938165, "to,the": 0.019189765458422176, "the,northern": 0.010660980810234541, "lords,is": 0.010660980810234541, "in,the": 0.03837953091684435, "to,be": 0.01279317697228145, "that,the": 0.019189765458422176, "northern,ireland": 0.019189765458422176, "and,i": 0.021321961620469083, "i,hope": 0.010660980810234541, "lord,lord": 0.021321961620469083, "<s>,i": 0.03837953091684435, "i,am": 0.01279317697228145, "your,lordships": 0.014925373134328358, "it,is": 0.0255863539445629, "is,not": 0.01279317697228145, "my,noble": 0.014925373134328358, "noble,friend": 0.014925373134328358, "<s>,it": 0.017057569296375266, "i,should": 0.017057569296375266, "should,like": 0.014925373134328358, "like,to": 0.01279317697228145, "the,minister": 0.017057569296375266, "lordships,house": 0.01279317697228145, "i,was": 0.014925373134328358, "noble,earl": 0.010660980810234541, "would,be": 0.01279317697228145, "will,be": 0.014925373134328358, "with,the": 0.01279317697228145, "it,was": 0.010660980810234541, "i,have": 0.019189765458422176, "and,the": 0.010660980810234541}