{"by,the": 0.010752688172043012, "the,noble": 0.053763440860215055, "noble,baroness": 0.017204301075268817, "<e>,<s>": 0.15913978494623657, "and,i": 0.010752688172043012, "in,the": 0.03655913978494624, "with,the": 0.015053763440860216, "<s>,i": 0.03870967741935484, "from,the": 0.012903225806451613, "the,bill": 0.015053763440860216, "<cs>,my": 0.05806451612903226, "my,lords": 0.05806451612903226, "lords,i": 0.023655913978494623, "i,should": 0.021505376344086023, "should,like": 0.017204301075268817, "like,to": 0.017204301075268817, "and,the": 0.012903225806451613, "we,are": 0.010752688172043012, "for,the": 0.015053763440860216, "to,be": 0.017204301075268817, "as,the": 0.01935483870967742, "noble,lord": 0.02795698924731183, "lord,lord": 0.023655913978494623, "this,is": 0.010752688172043012, "is,a": 0.01935483870967742, "it,is": 0.030107526881720432, "of,the": 0.060215053763440864, "i,am": 0.010752688172043012, "the,right": 0.015053763440860216, "right,reverend": 0.015053763440860216, "reverend,prelate": 0.015053763440860216, "that,the": 0.023655913978494623, "lords,it": 0.010752688172043012, "to,the": 0.04086021505376344, "to,our": 0.010752688172043012, "on,the": 0.010752688172043012, "<s>,we": 0.012903225806451613, "that,it": 0.010752688172043012, "at,the": 0.010752688172043012}