{"<cs>,my": 0.022935779816513763, "my,lords": 0.023700305810397553, "<e>,<s>": 0.0863914373088685, "<s>,i": 0.024464831804281346, "i,am": 0.0061162079510703364, "to,be": 0.010703363914373088, "be,able": 0.011085626911314985, "able,to": 0.014143730886850153, "on,the": 0.008409785932721712, "my,noble": 0.019877675840978593, "noble,friend": 0.016819571865443424, "friend,lord": 0.005351681957186544, "is,a": 0.004204892966360856, "<s>,there": 0.0034403669724770644, "there,is": 0.0034403669724770644, "<s>,this": 0.002675840978593272, "feel,that": 0.00191131498470948, "that,they": 0.005351681957186544, "wish,to": 0.002675840978593272, "to,do": 0.002675840978593272, "if,we": 0.00191131498470948, "to,have": 0.0030581039755351682, "is,the": 0.0022935779816513763, "of,the": 0.016819571865443424, "lords,it": 0.00191131498470948, "it,is": 0.01643730886850153, "is,not": 0.00382262996941896, "to,say": 0.0045871559633027525, "may,i": 0.0022935779816513763, "i,say": 0.0022935779816513763, "say,that": 0.006498470948012232, "that,i": 0.007262996941896025, "agree,with": 0.0034403669724770644, "with,the": 0.0045871559633027525, "the,noble": 0.022553516819571864, "noble,lord": 0.01529051987767584, "lord,lord": 0.013379204892966361, "of,my": 0.0030581039755351682, "could,be": 0.0030581039755351682, "as,well": 0.00191131498470948, "lords,i": 0.013761467889908258, "i,should": 0.006498470948012232, "should,like": 0.006498470948012232, "like,to": 0.00764525993883792, "i,agree": 0.00191131498470948, "those,who": 0.004204892966360856, "who,have": 0.0045871559633027525, "would,be": 0.0030581039755351682, "in,any": 0.00191131498470948, "<s>,the": 0.00382262996941896, "that,if": 0.00191131498470948, "should,be": 0.0045871559633027525, "of,us": 0.0034403669724770644, "believe,that": 0.0030581039755351682, "that,we": 0.0034403669724770644, "we,must": 0.0022935779816513763, "so,far": 0.0022935779816513763, "far,as": 0.0022935779816513763, "will,be": 0.011850152905198776, "<s>,as": 0.004204892966360856, "as,the": 0.0045871559633027525, "and,the": 0.004969418960244648, "the,right": 0.00191131498470948, "that,is": 0.004204892966360856, "i,beg": 0.0030581039755351682, "beg,leave": 0.0030581039755351682, "leave,to": 0.0030581039755351682, "to,ask": 0.002675840978593272, "ask,the": 0.002675840978593272, "the,question": 0.0034403669724770644, "question,which": 0.0022935779816513763, "which,stands": 0.0022935779816513763, "stands,in": 0.0022935779816513763, "in,my": 0.00382262996941896, "my,name": 0.00382262996941896, "name,on": 0.002675840978593272, "the,order": 0.0034403669724770644, "order,paper": 0.002675840978593272, "paper,<e>": 0.002675840978593272, "i,thank": 0.0030581039755351682, "thank,my": 0.0030581039755351682, "friend,the": 0.004969418960244648, "the,minister": 0.006498470948012232, "minister,for": 0.0022935779816513763, "for,his": 0.00191131498470948, "his,answer": 0.00191131498470948, "is,it": 0.0022935779816513763, "and,that": 0.002675840978593272, "that,the": 0.009938837920489297, "<s>,therefore": 0.0022935779816513763, "the,government": 0.008027522935779817, "to,the": 0.006880733944954129, "and,proper": 0.00191131498470948, "that,it": 0.008409785932721712, "<cs>,i": 0.010703363914373088, "i,support": 0.0022935779816513763, "support,the": 0.011085626911314985, "the,amendment": 0.013379204892966361, "amendment,<e>": 0.0095565749235474, "i,would": 0.004969418960244648, "they,are": 0.002675840978593272, "there,are": 0.007262996941896025, "to,support": 0.011467889908256881, "noble,baroness": 0.0030581039755351682, "noble,lords": 0.004204892966360856, "this,amendment": 0.008027522935779817, "if,they": 0.002675840978593272, "it,would": 0.002675840978593272, "and,i": 0.004204892966360856, "i,hope": 0.011467889908256881, "government,will": 0.0061162079510703364, "noble,friends": 0.00191131498470948, "on,this": 0.00382262996941896, "that,there": 0.00382262996941896, "i,have": 0.00764525993883792, "i,think": 0.002675840978593272, "baroness,lady": 0.00191131498470948, "that,as": 0.0022935779816513763, "i,do": 0.002675840978593272, "her,majestys": 0.008027522935779817, "majestys,government": 0.007262996941896025, "do,not": 0.0034403669724770644, "not,think": 0.00191131498470948, "have,to": 0.0030581039755351682, "the,amendments": 0.002675840978593272, "i,believe": 0.00382262996941896, "prepared,to": 0.0022935779816513763, "agree,that": 0.0030581039755351682, "for,the": 0.008792048929663608, "a,way": 0.00191131498470948, "the,second": 0.00191131498470948, "we,are": 0.004969418960244648, "men,and": 0.00191131498470948, "and,women": 0.00191131498470948, "amendment,of": 0.0045871559633027525, "i,shall": 0.004969418960244648, "to,this": 0.00191131498470948, "i,feel": 0.0030581039755351682, "<s>,it": 0.004204892966360856, "therefore,i": 0.0022935779816513763, "shall,support": 0.00191131498470948, "who,are": 0.004204892966360856, "are,not": 0.002675840978593272, "bill,<e>": 0.00191131498470948, "i,was": 0.002675840978593272, "government,<e>": 0.00191131498470948, "hope,that": 0.00764525993883792, "<s>,if": 0.004969418960244648, "of,a": 0.00191131498470948, "it,will": 0.00191131498470948, "have,a": 0.0030581039755351682, "in,a": 0.0045871559633027525, "in,the": 0.004969418960244648, "and,also": 0.002675840978593272, "as,a": 0.0022935779816513763, "as,i": 0.0022935779816513763, "to,find": 0.00191131498470948, "find,a": 0.00191131498470948, "<s>,that": 0.002675840978593272, "to,accept": 0.005351681957186544, "accept,the": 0.00191131498470948, "it,seems": 0.00191131498470948, "are,many": 0.0022935779816513763, "has,been": 0.0034403669724770644, "hope,her": 0.0022935779816513763, "by,the": 0.0030581039755351682, "to,give": 0.0030581039755351682, "a,very": 0.002675840978593272, "support,my": 0.002675840978593272, "that,her": 0.002675840978593272, "i,rise": 0.0034403669724770644, "rise,to": 0.0030581039755351682, "accept,it": 0.0030581039755351682, "<s>,in": 0.00191131498470948, "all,the": 0.00191131498470948, "lord,underhill": 0.00191131498470948, "because,i": 0.0022935779816513763, "i,also": 0.0022935779816513763, "can,be": 0.00382262996941896, "i,too": 0.0022935779816513763, "them,<e>": 0.0022935779816513763, "it,<e>": 0.00382262996941896, "support,this": 0.0030581039755351682, "think,that": 0.00191131498470948, "if,the": 0.00191131498470948, "whatever,their": 0.00191131498470948, "people,who": 0.00382262996941896, "the,bill": 0.0022935779816513763, "why,i": 0.0022935779816513763, "young,people": 0.002675840978593272, "friend,on": 0.00191131498470948, "many,people": 0.00191131498470948, "that,my": 0.0022935779816513763}