{"<cs>,my": 0.032546901648664014, "my,lords": 0.033541785105173395, "lords,i": 0.012080727686185332, "i,beg": 0.001847640704945992, "beg,leave": 0.001847640704945992, "leave,to": 0.001989766913018761, "to,ask": 0.0028425241614553724, "ask,the": 0.005258669698692439, "the,question": 0.002984650369528141, "question,which": 0.0007106310403638431, "in,my": 0.0031267765776009098, "my,name": 0.001989766913018761, "name,on": 0.001989766913018761, "on,the": 0.006537805571347356, "the,order": 0.0022740193291642978, "order,paper": 0.0022740193291642978, "paper,<e>": 0.001989766913018761, "i,thank": 0.0015633882888004549, "thank,the": 0.001989766913018761, "the,noble": 0.025014212620807278, "noble,lord": 0.016770892552586698, "lord,for": 0.0008527572484366117, "for,that": 0.0015633882888004549, "that,answer": 0.0008527572484366117, "answer,<e>": 0.0008527572484366117, "<e>,<s>": 0.06225127913587265, "<s>,i": 0.014070494599204094, "i,have": 0.005542922114837976, "have,no": 0.0007106310403638431, "in,mind": 0.0009948834565093804, "it,is": 0.006679931779420125, "is,a": 0.004974417282546902, "i,should": 0.004832291074474133, "should,like": 0.003695281409891984, "like,to": 0.003695281409891984, "of,a": 0.002558271745309835, "supplementary,question": 0.0008527572484366117, "whether,the": 0.0008527572484366117, "the,war": 0.0009948834565093804, "to,the": 0.010375213189312109, "under,the": 0.0007106310403638431, "in,the": 0.018192154633314382, "this,is": 0.0027003979533826035, "is,the": 0.0062535531552018195, "the,point": 0.0007106310403638431, "point,of": 0.0011370096645821489, "of,my": 0.0017055144968732233, "my,question": 0.0015633882888004549, "for,the": 0.0045480386583285955, "i,am": 0.006822057987492893, "am,grateful": 0.0008527572484366117, "grateful,to": 0.0012791358726549175, "<s>,perhaps": 0.0009948834565093804, "it,would": 0.0012791358726549175, "if,i": 0.0017055144968732233, "a,question": 0.0007106310403638431, "follow,the": 0.0008527572484366117, "lord,lord": 0.005400795906765207, "and,to": 0.0014212620807276862, "some,of": 0.003268902785673678, "of,his": 0.0008527572484366117, "about,the": 0.001847640704945992, "of,the": 0.030130756111426946, "the,world": 0.0017055144968732233, "disarmament,<e>": 0.0007106310403638431, "like,the": 0.0007106310403638431, "and,i": 0.0024161455372370667, "say,that": 0.0021318931210915293, "that,this": 0.0034110289937464467, "was,not": 0.0015633882888004549, "not,to": 0.0017055144968732233, "to,me": 0.001989766913018761, "any,of": 0.0007106310403638431, "the,great": 0.0007106310403638431, "<s>,however": 0.0011370096645821489, "however,i": 0.0007106310403638431, "i,shall": 0.0034110289937464467, "which,i": 0.0011370096645821489, "to,speak": 0.0007106310403638431, "<s>,but": 0.0007106310403638431, "lords,may": 0.002558271745309835, "may,i": 0.005542922114837976, "noble,lords": 0.0035531552018192155, "who,have": 0.0007106310403638431, "have,made": 0.0007106310403638431, "maiden,speeches": 0.0007106310403638431, "in,this": 0.003268902785673678, "this,debate": 0.001989766913018761, "debate,<e>": 0.0015633882888004549, "i,hope": 0.0014212620807276862, "hope,that": 0.0011370096645821489, "that,the": 0.011512222853894258, "the,other": 0.0011370096645821489, "that,of": 0.0009948834565093804, "his,speech": 0.0007106310403638431, "the,debate": 0.0009948834565093804, "i,think": 0.0031267765776009098, "this,house": 0.0007106310403638431, "it,<e>": 0.0024161455372370667, "believe,that": 0.0012791358726549175, "that,it": 0.0034110289937464467, "that,a": 0.0017055144968732233, "house,that": 0.0021318931210915293, "that,was": 0.0007106310403638431, "question,of": 0.0014212620807276862, "this,question": 0.0007106310403638431, "lords,before": 0.0009948834565093804, "before,the": 0.0012791358726549175, "return,to": 0.0007106310403638431, "in,his": 0.0008527572484366117, "the,government": 0.006822057987492893, "as,i": 0.0021318931210915293, "do,not": 0.0021318931210915293, "not,have": 0.0007106310403638431, "<s>,is": 0.005969300739056282, "lord,aware": 0.0011370096645821489, "aware,that": 0.006395679363274588, "and,that": 0.0028425241614553724, "danger,of": 0.0008527572484366117, "there,is": 0.003695281409891984, "is,no": 0.0008527572484366117, "them,<e>": 0.0012791358726549175, "<s>,that": 0.001847640704945992, "that,is": 0.003268902785673678, "of,this": 0.004974417282546902, "kind,of": 0.0011370096645821489, "begin,by": 0.0011370096645821489, "speech,<e>": 0.0008527572484366117, "<s>,if": 0.003268902785673678, "i,do": 0.0021318931210915293, "do,so": 0.0012791358726549175, "because,i": 0.0009948834565093804, "wish,to": 0.0011370096645821489, "to,be": 0.005685048322910745, "said,<e>": 0.0007106310403638431, "of,your": 0.0012791358726549175, "your,lordships": 0.00412166003411029, "lordships,house": 0.002984650369528141, "a,few": 0.0007106310403638431, "but,i": 0.0011370096645821489, "to,say": 0.0015633882888004549, "that,we": 0.0021318931210915293, "and,the": 0.00412166003411029, "seems,to": 0.001847640704945992, "that,at": 0.0009948834565093804, "i,ask": 0.004405912450255827, "ask,him": 0.0012791358726549175, "if,he": 0.0012791358726549175, "would,not": 0.0014212620807276862, "not,agree": 0.0024161455372370667, "agree,that": 0.00511654349061967, "is,not": 0.004263786242183059, "a,matter": 0.001847640704945992, "matter,of": 0.0015633882888004549, "is,he": 0.0021318931210915293, "he,aware": 0.0008527572484366117, "that,these": 0.0008527572484366117, "these,premises": 0.0007106310403638431, "have,been": 0.004263786242183059, "which,has": 0.0008527572484366117, "international,terrorism": 0.0008527572484366117, "further,aware": 0.0007106310403638431, "with,the": 0.003979533826037522, "the,use": 0.0008527572484366117, "the,most": 0.0009948834565093804, "of,all": 0.0007106310403638431, "her,majestys": 0.0014212620807276862, "majestys,government": 0.0012791358726549175, "an,assurance": 0.0011370096645821489, "assurance,that": 0.0011370096645821489, "will,not": 0.0015633882888004549, "not,be": 0.002558271745309835, "the,minister": 0.010801591813530414, "minister,for": 0.0014212620807276862, "that,he": 0.0021318931210915293, "he,has": 0.0011370096645821489, "an,extremely": 0.0007106310403638431, "question,<e>": 0.0015633882888004549, "<s>,may": 0.0011370096645821489, "as,the": 0.0027003979533826035, "has,the": 0.0007106310403638431, "can,the": 0.0009948834565093804, "that,they": 0.001989766913018761, "they,will": 0.0014212620807276862, "on,a": 0.0007106310403638431, "that,there": 0.004405912450255827, "has,been": 0.0028425241614553724, "the,united": 0.0028425241614553724, "united,states": 0.0022740193291642978, "in,fact": 0.0008527572484366117, "all,of": 0.0007106310403638431, "we,have": 0.0009948834565093804, "is,an": 0.0009948834565093804, "the,soviet": 0.00412166003411029, "soviet,union": 0.0034110289937464467, "they,are": 0.0015633882888004549, "since,the": 0.0007106310403638431, "he,not": 0.0011370096645821489, "may,be": 0.0012791358726549175, "we,should": 0.0012791358726549175, "at,least": 0.0012791358726549175, "at,the": 0.003979533826037522, "if,the": 0.0027003979533826035, "from,the": 0.0022740193291642978, "the,beginning": 0.0008527572484366117, "beginning,of": 0.0007106310403638431, "will,be": 0.0022740193291642978, "be,a": 0.001847640704945992, "lords,if": 0.0008527572484366117, "of,these": 0.0015633882888004549, "time,of": 0.0008527572484366117, "of,war": 0.0007106310403638431, "noble,viscount": 0.0024161455372370667, "is,it": 0.0028425241614553724, "which,are": 0.0007106310403638431, "are,not": 0.0011370096645821489, "war,<e>": 0.0008527572484366117, "there,are": 0.001989766913018761, "to,join": 0.0007106310403638431, "other,noble": 0.001847640704945992, "lords,in": 0.001989766913018761, "lords,is": 0.0028425241614553724, "minister,aware": 0.0017055144968732233, "the,treaty": 0.0007106310403638431, "to,which": 0.0014212620807276862, "which,the": 0.001847640704945992, "nuclear,weapons": 0.0024161455372370667,