{"<cs>,my": 0.024765157984628524, "my,lords": 0.024765157984628524, "we,have": 0.003842869342442357, "on,this": 0.004269854824935952, "this,subject": 0.0034158838599487617, "of,this": 0.007685738684884714, "<e>,<s>": 0.08454312553373185, "the,view": 0.0025619128949615714, "that,there": 0.005123825789923143, "there,is": 0.005123825789923143, "to,be": 0.008966695132365499, "in,this": 0.005123825789923143, "it,is": 0.014090520922288642, "to,say": 0.007258753202391118, "say,that": 0.005977796754910333, "that,the": 0.02519214346712212, "has,been": 0.008112724167378309, "on,the": 0.00982066609735269, "i,have": 0.005123825789923143, "and,i": 0.0034158838599487617, "of,the": 0.035012809564474806, "put,forward": 0.0029888983774551663, "by,the": 0.010247651579846286, "this,bill": 0.0025619128949615714, "the,national": 0.0029888983774551663, "in,the": 0.013663535439795047, "it,was": 0.0025619128949615714, "and,the": 0.0034158838599487617, "for,his": 0.0025619128949615714, "lords,i": 0.011101622544833475, "i,am": 0.017506404782237403, "grateful,to": 0.002134927412467976, "to,the": 0.014517506404782237, "the,noble": 0.02604611443210931, "noble,and": 0.003842869342442357, "and,learned": 0.003842869342442357, "learned,lord": 0.004269854824935952, "lord,the": 0.0034158838599487617, "i,cannot": 0.002134927412467976, "from,the": 0.005123825789923143, "that,in": 0.002134927412467976, "he,is": 0.0034158838599487617, "i,would": 0.0025619128949615714, "of,course": 0.002134927412467976, "may,be": 0.003842869342442357, "the,bill": 0.004269854824935952, "that,it": 0.006831767719897523, "is,the": 0.0064047822374039285, "will,be": 0.0029888983774551663, "be,a": 0.0029888983774551663, "<s>,the": 0.0064047822374039285, "noble,lord": 0.014517506404782237, "but,i": 0.0029888983774551663, "i,hope": 0.0025619128949615714, "bill,<e>": 0.0025619128949615714, "<cs>,i": 0.01067463706233988, "to,my": 0.002134927412467976, "my,noble": 0.002134927412467976, "noble,friend": 0.002134927412467976, "if,i": 0.0029888983774551663, "a,very": 0.0025619128949615714, "<s>,i": 0.021776259607173356, "me,to": 0.002134927412467976, "i,beg": 0.0029888983774551663, "beg,leave": 0.002134927412467976, "leave,to": 0.0029888983774551663, "ask,the": 0.002134927412467976, "may,i": 0.002134927412467976, "does,he": 0.002134927412467976, "not,think": 0.0025619128949615714, "think,that": 0.0025619128949615714, "i,do": 0.007685738684884714, "do,not": 0.008112724167378309, "to,this": 0.002134927412467976, "that,is": 0.0064047822374039285, "should,like": 0.008966695132365499, "like,to": 0.008112724167378309, "to,express": 0.0025619128949615714, "as,i": 0.004696840307429547, "i,was": 0.0034158838599487617, "seems,to": 0.004696840307429547, "<s>,it": 0.0064047822374039285, "i,think": 0.005123825789923143, "the,first": 0.002134927412467976, "noble,viscount": 0.0029888983774551663, "<s>,he": 0.002134927412467976, "he,has": 0.004269854824935952, "i,may": 0.004696840307429547, "with,the": 0.007258753202391118, "degree,of": 0.002134927412467976, "that,he": 0.004269854824935952, "for,the": 0.005550811272416738, "is,a": 0.004696840307429547, "does,not": 0.003842869342442357, "of,those": 0.002134927412467976, "your,lordships": 0.0064047822374039285, "am,sure": 0.003842869342442357, "which,i": 0.004269854824935952, "at,the": 0.005123825789923143, "<s>,therefore": 0.0025619128949615714, "therefore,i": 0.0025619128949615714, "have,been": 0.004269854824935952, "in,which": 0.0034158838599487617, "can,be": 0.002134927412467976, "with,a": 0.002134927412467976, "i,should": 0.011101622544833475, "to,add": 0.0025619128949615714, "in,support": 0.002134927412467976, "support,of": 0.002134927412467976, "this,amendment": 0.005977796754910333, "amendment,<e>": 0.008966695132365499, "that,i": 0.00982066609735269, "wish,to": 0.003842869342442357, "which,was": 0.0025619128949615714, "in,a": 0.005550811272416738, "<s>,however": 0.004269854824935952, "i,can": 0.0029888983774551663, "noble,lords": 0.002134927412467976, "who,have": 0.002134927412467976, "and,to": 0.002134927412467976, "unable,to": 0.002134927412467976, "the,film": 0.007258753202391118, "film,industry": 0.005123825789923143, "all,the": 0.0034158838599487617, "the,government": 0.0064047822374039285, "government,have": 0.002134927412467976, "the,industry": 0.002134927412467976, "the,matter": 0.0029888983774551663, "one,of": 0.002134927412467976, "and,that": 0.003842869342442357, "the,minister": 0.008539709649871904, "should,be": 0.0025619128949615714, "would,be": 0.0029888983774551663, "agree,that": 0.002134927412467976, "this,country": 0.002134927412467976, "noble,earl": 0.002134927412467976, "recognise,that": 0.002134927412467976, "<s>,in": 0.0025619128949615714, "national,film": 0.0025619128949615714, "film,and": 0.002134927412467976, "which,is": 0.0034158838599487617, "am,bound": 0.002134927412467976, "bound,to": 0.002134927412467976, "at,this": 0.0025619128949615714, "is,to": 0.002134927412467976, "lord,lord": 0.01067463706233988, "even,though": 0.002134927412467976, "agree,with": 0.002134927412467976, "an,earlier": 0.002134927412467976, "as,one": 0.0029888983774551663, "to,support": 0.0034158838599487617, "not,feel": 0.002134927412467976, "there,are": 0.0025619128949615714, "the,amendment": 0.008539709649871904, "i,believe": 0.0029888983774551663, "believe,that": 0.003842869342442357, "and,it": 0.002134927412467976, "support,the": 0.0029888983774551663, "<s>,if": 0.0025619128949615714, "the,arguments": 0.0029888983774551663, "to,take": 0.002134927412467976, "so,far": 0.002134927412467976, "far,as": 0.002134927412467976, "feel,that": 0.002134927412467976, "the,only": 0.002134927412467976, "which,the": 0.0029888983774551663, "view,of": 0.002134927412467976, "as,the": 0.003842869342442357, "lord,willis": 0.002134927412467976, "of,a": 0.004696840307429547, "<s>,but": 0.002134927412467976, "to,me": 0.0025619128949615714, "<s>,is": 0.002134927412467976, "in,<e>": 0.002134927412467976, "as,a": 0.0025619128949615714, "that,has": 0.0029888983774551663, "to,have": 0.002134927412467976, "have,no": 0.002134927412467976, "to,withdraw": 0.0025619128949615714, "it,may": 0.0025619128949615714, "be,that": 0.0025619128949615714, "is,not": 0.005123825789923143, "it,would": 0.0029888983774551663, "am,sorry": 0.002134927412467976, "<s>,we": 0.002134927412467976, "saying,that": 0.002134927412467976, "that,that": 0.002134927412467976, "perhaps,i": 0.002134927412467976, "on,a": 0.002134927412467976, "the,author": 0.002134927412467976, "the,man": 0.002134927412467976, "man,who": 0.002134927412467976, "author,of": 0.002134927412467976, "that,this": 0.002134927412467976}