{"<cs>,my": 0.02378716744913928, "my,lords": 0.02410015649452269, "the,noble": 0.019092331768388107, "noble,lord": 0.012519561815336464, "lord,lord": 0.011267605633802818, "lord,winstanley": 0.0018779342723004694, "debate,this": 0.003755868544600939, "this,evening": 0.008137715179968702, "i,must": 0.007198748043818467, "must,apologise": 0.002190923317683881, "apologise,to": 0.002190923317683881, "to,the": 0.014084507042253521, "in,my": 0.0018779342723004694, "<e>,<s>": 0.08607198748043818, "<s>,i": 0.02566510172143975, "i,should": 0.006259780907668232, "should,like": 0.006259780907668232, "like,to": 0.005320813771517997, "to,be": 0.005633802816901409, "be,able": 0.0025039123630672924, "able,to": 0.004381846635367762, "to,say": 0.004694835680751174, "say,that": 0.0025039123630672924, "that,i": 0.009389671361502348, "i,was": 0.003129890453834116, "national,health": 0.004381846635367762, "health,service": 0.004381846635367762, "i,am": 0.024726134585289515, "deal,with": 0.001564945226917058, "with,the": 0.005320813771517997, "of,my": 0.0034428794992175274, "have,to": 0.0028169014084507044, "to,see": 0.002190923317683881, "under,the": 0.001564945226917058, "the,national": 0.003755868544600939, "service,<e>": 0.001564945226917058, "<s>,however": 0.008137715179968702, "however,i": 0.004694835680751174, "i,hope": 0.003129890453834116, "say,a": 0.0018779342723004694, "a,few": 0.003129890453834116, "few,words": 0.0018779342723004694, "in,our": 0.001564945226917058, "our,debate": 0.0028169014084507044, "lords,i": 0.013458528951486698, "i,too": 0.001564945226917058, "of,this": 0.0018779342723004694, "my,noble": 0.018466353677621283, "noble,friend": 0.016901408450704224, "friend,lord": 0.003129890453834116, "it,is": 0.00970266040688576, "this,subject": 0.0025039123630672924, "we,have": 0.0028169014084507044, "and,i": 0.006885758998435055, "on,the": 0.009076682316118936, "of,the": 0.03348982785602504, "noble,earl": 0.0025039123630672924, "earl,lord": 0.002190923317683881, "although,i": 0.002190923317683881, "agree,with": 0.0028169014084507044, "said,<e>": 0.0018779342723004694, "<s>,the": 0.00782472613458529, "in,the": 0.015336463223787167, "the,water": 0.0018779342723004694, "that,the": 0.013458528951486698, "i,would": 0.0018779342723004694, "noble,lords": 0.003129890453834116, "in,view": 0.001564945226917058, "view,of": 0.001564945226917058, "late,hour": 0.001564945226917058, "hour,i": 0.0018779342723004694, "intend,to": 0.001564945226917058, "on,this": 0.0034428794992175274, "i,feel": 0.004068857589984351, "feel,that": 0.002190923317683881, "for,his": 0.001564945226917058, "to,make": 0.0025039123630672924, "from,the": 0.003755868544600939, "by,the": 0.005007824726134585, "<s>,of": 0.001564945226917058, "that,is": 0.0018779342723004694, "for,the": 0.008137715179968702, "members,of": 0.003129890453834116, "it,seems": 0.0018779342723004694, "to,me": 0.002190923317683881, "to,get": 0.001564945226917058, "<s>,at": 0.0018779342723004694, "with,this": 0.001564945226917058, "<cs>,i": 0.010328638497652582, "to,support": 0.0025039123630672924, "this,amendment": 0.003755868544600939, "amendment,<e>": 0.006885758998435055, "and,also": 0.002190923317683881, "am,also": 0.001564945226917058, "aware,that": 0.0018779342723004694, "has,been": 0.004694835680751174, "lords,before": 0.001564945226917058, "noble,baroness": 0.002190923317683881, "must,declare": 0.002190923317683881, "is,that": 0.001564945226917058, "am,a": 0.0018779342723004694, "dental,surgeon": 0.001564945226917058, "i,do": 0.003755868544600939, "am,most": 0.0025039123630672924, "most,grateful": 0.0025039123630672924, "grateful,for": 0.003755868544600939, "this,afternoon": 0.004694835680751174, "afternoon,<e>": 0.0018779342723004694, "to,all": 0.001564945226917058, "do,not": 0.005007824726134585, "the,general": 0.0018779342723004694, "general,dental": 0.001564945226917058, "but,i": 0.0025039123630672924, "grateful,to": 0.005007824726134585, "to,our": 0.001564945226917058, "at,the": 0.004068857589984351, "your,lordships": 0.002190923317683881, "i,also": 0.001564945226917058, "wish,to": 0.001564945226917058, "<s>,in": 0.0034428794992175274, "declare,an": 0.0018779342723004694, "an,interest": 0.0018779342723004694, "interest,in": 0.0018779342723004694, "member,of": 0.001564945226917058, "i,have": 0.010641627543035994, "have,a": 0.001564945226917058, "who,have": 0.002190923317683881, "the,way": 0.001564945226917058, "way,in": 0.0028169014084507044, "in,which": 0.0028169014084507044, "am,grateful": 0.004381846635367762, "am,sure": 0.002190923317683881, "sure,that": 0.0034428794992175274, "we,are": 0.0028169014084507044, "<s>,it": 0.006259780907668232, "may,i": 0.003129890453834116, "the,bill": 0.007198748043818467, "bill,<e>": 0.004068857589984351, "the,profession": 0.001564945226917058, "as,a": 0.006572769953051643, "that,we": 0.0034428794992175274, "we,shall": 0.0025039123630672924, "shall,be": 0.0018779342723004694, "the,government": 0.005007824726134585, "in,this": 0.0028169014084507044, "<s>,as": 0.0018779342723004694, "the,minister": 0.010954616588419406, "minister,said": 0.001564945226917058, "to,have": 0.0018779342723004694, "the,committee": 0.003129890453834116, "will,be": 0.002190923317683881, "beg,leave": 0.0034428794992175274, "leave,to": 0.0034428794992175274, "to,withdraw": 0.004068857589984351, "withdraw,the": 0.003129890453834116, "the,amendment": 0.009389671361502348, "i,believe": 0.001564945226917058, "that,my": 0.002190923317683881, "my,amendment": 0.0018779342723004694, "amendment,no": 0.003129890453834116, "no,<e>": 0.003129890453834116, "the,matter": 0.0025039123630672924, "a,little": 0.001564945226917058, "noble,friends": 0.001564945226917058, "amendment,is": 0.001564945226917058, "that,it": 0.0025039123630672924, "reply,<e>": 0.001564945226917058, "i,beg": 0.0034428794992175274, "it,has": 0.0018779342723004694, "i,look": 0.0018779342723004694, "look,forward": 0.0025039123630672924, "forward,to": 0.0025039123630672924, "i,shall": 0.005633802816901409, "at,this": 0.0034428794992175274, "this,stage": 0.0025039123630672924, "have,had": 0.001564945226917058, "am,not": 0.001564945226917058, "there,is": 0.003755868544600939, "the,same": 0.002190923317683881, "friend,the": 0.006572769953051643, "matter,<e>": 0.001564945226917058, "if,i": 0.001564945226917058, "i,may": 0.0028169014084507044, "this,bill": 0.0018779342723004694, "friend,lady": 0.0018779342723004694, "he,has": 0.0025039123630672924, "the,house": 0.0028169014084507044, "part,in": 0.001564945226917058, "the,debate": 0.003129890453834116, "evening,<e>": 0.003755868544600939, "owing,to": 0.001564945226917058, "for,missing": 0.001564945226917058, "have,not": 0.001564945226917058, "within,the": 0.0018779342723004694, "and,the": 0.003755868544600939, "perhaps,i": 0.001564945226917058, "of,a": 0.003755868544600939, "<s>,there": 0.0018779342723004694, "i,can": 0.0025039123630672924, "that,there": 0.0018779342723004694, "part,of": 0.0018779342723004694, "have,the": 0.001564945226917058, "some,of": 0.0018779342723004694, "of,our": 0.001564945226917058, "to,my": 0.003755868544600939, "have,been": 0.002190923317683881, "support,the": 0.0025039123630672924, "my,name": 0.001564945226917058, "to,speak": 0.0034428794992175274, "is,a": 0.003129890453834116, "a,subject": 0.001564945226917058, "the,british": 0.001564945226917058, "hope,that": 0.0025039123630672924, "are,not": 0.001564945226917058, "opportunity,to": 0.001564945226917058, "lord,ennals": 0.0025039123630672924, "the,very": 0.001564945226917058, "what,has": 0.001564945226917058, "to,move": 0.001564945226917058, "lady,masham": 0.001564945226917058, "to,hear": 0.0018779342723004694, "because,i": 0.0018779342723004694, "and,a": 0.001564945226917058, "not,be": 0.001564945226917058, "i,support": 0.0018779342723004694, "lords,it": 0.001564945226917058, "of,his": 0.001564945226917058, "i,had": 0.0028169014084507044, "that,they": 0.001564945226917058, "what,my": 0.001564945226917058}