{"<cs>,my": 0.04227212681638045, "my,lords": 0.04315279612505504, "lords,i": 0.021136063408190225, "i,should": 0.012329370321444297, "should,like": 0.011008366358432409, "like,to": 0.010568031704095112, "to,join": 0.0035226772346983706, "join,with": 0.0035226772346983706, "with,others": 0.0030823425803610744, "others,in": 0.002642007926023778, "the,noble": 0.033905768383971815, "noble,lord": 0.022016732716864818, "on,his": 0.002642007926023778, "his,maiden": 0.0030823425803610744, "maiden,speech": 0.004403346543372964, "speech,<e>": 0.002201673271686482, "<e>,<s>": 0.0964332892998679, "<s>,it": 0.007485689123734038, "it,was": 0.003963011889035667, "and,in": 0.003963011889035667, "it,is": 0.016292382210479964, "is,very": 0.002642007926023778, "to,be": 0.007485689123734038, "in,this": 0.0048436811977102595, "this,house": 0.002642007926023778, "<s>,i": 0.029942756494936152, "to,the": 0.019815059445178335, "i,am": 0.012329370321444297, "that,he": 0.004403346543372964, "he,has": 0.0035226772346983706, "such,a": 0.002201673271686482, "that,there": 0.002642007926023778, "there,are": 0.004403346543372964, "is,a": 0.0030823425803610744, "but,i": 0.007045354469396741, "i,hope": 0.003963011889035667, "hope,that": 0.002201673271686482, "that,the": 0.012769704975781594, "of,the": 0.048436811977102597, "in,the": 0.017173051519154558, "the,past": 0.002201673271686482, "lords,it": 0.003963011889035667, "me,to": 0.002642007926023778, "lord,lord": 0.01893439013650374, "to,say": 0.002642007926023778, "noble,lords": 0.005284015852047556, "as,the": 0.003963011889035667, "this,debate": 0.003963011889035667, "is,not": 0.004403346543372964, "<s>,the": 0.009687362395420519, "will,be": 0.005284015852047556, "the,foreign": 0.0030823425803610744, "the,present": 0.002201673271686482, "to,make": 0.002642007926023778, "which,i": 0.0035226772346983706, "of,what": 0.002201673271686482, "been,said": 0.002201673271686482, "i,have": 0.005724350506384853, "with,the": 0.0066050198150594455, "who,have": 0.005724350506384853, "part,in": 0.002201673271686482, "the,debate": 0.007485689123734038, "debate,and": 0.002642007926023778, "member,of": 0.004403346543372964, "and,i": 0.00836635843240863, "years,ago": 0.002201673271686482, "your,lordships": 0.002642007926023778, "more,than": 0.002642007926023778, "in,my": 0.003963011889035667, "the,report": 0.006164685160722149, "and,the": 0.0066050198150594455, "that,<e>": 0.002201673271686482, "at,the": 0.002642007926023778, "agree,that": 0.003963011889035667, "one,of": 0.002642007926023778, "that,we": 0.005284015852047556, "we,have": 0.004403346543372964, "the,fact": 0.002201673271686482, "fact,that": 0.002201673271686482, "of,a": 0.0030823425803610744, "in,a": 0.002642007926023778, "i,believe": 0.002201673271686482, "believe,that": 0.002201673271686482, "thank,the": 0.007045354469396741, "noble,baroness": 0.003963011889035667, "to,speak": 0.0048436811977102595, "to,do": 0.002201673271686482, "it,<e>": 0.002642007926023778, "should,be": 0.002642007926023778, "noble,viscount": 0.002201673271686482, "viscount,lord": 0.002201673271686482, "on,the": 0.007926023778071334, "think,that": 0.002201673271686482, "and,to": 0.005284015852047556, "a,great": 0.002642007926023778, "i,do": 0.007045354469396741, "do,not": 0.0066050198150594455, "i,shall": 0.007485689123734038, "i,say": 0.002201673271686482, "there,is": 0.0035226772346983706, "is,the": 0.002642007926023778, "the,community": 0.002642007926023778, "of,this": 0.0035226772346983706, "to,this": 0.0030823425803610744, "this,country": 0.005284015852047556, "the,british": 0.002201673271686482, "members,of": 0.0035226772346983706, "some,of": 0.002642007926023778, "i,think": 0.0048436811977102595, "he,is": 0.002201673271686482, "the,committee": 0.0048436811977102595, "from,the": 0.002642007926023778, "than,the": 0.002201673271686482, "to,thank": 0.004403346543372964, "very,much": 0.002201673271686482, "the,house": 0.007045354469396741, "that,i": 0.002642007926023778, "is,that": 0.002201673271686482, "a,very": 0.0048436811977102595, "for,the": 0.0066050198150594455, "the,future": 0.002201673271686482, "at,this": 0.002201673271686482, "<s>,but": 0.004403346543372964, "and,that": 0.002642007926023778, "may,i": 0.002201673271686482, "has,been": 0.003963011889035667, "by,the": 0.0048436811977102595, "this,afternoon": 0.0030823425803610744, "about,the": 0.0030823425803610744, "that,in": 0.0030823425803610744, "ask,the": 0.0030823425803610744, "debate,<e>": 0.0048436811977102595, "shall,not": 0.002201673271686482, "have,been": 0.005724350506384853, "for,his": 0.0035226772346983706, "debate,on": 0.002201673271686482, "a,member": 0.002642007926023778, "report,<e>": 0.002642007926023778, "that,it": 0.0030823425803610744, "the,minister": 0.003963011889035667, "i,beg": 0.002642007926023778, "beg,leave": 0.002642007926023778, "leave,to": 0.002642007926023778, "i,was": 0.002201673271686482, "as,a": 0.002201673271686482, "which,he": 0.0030823425803610744, "<s>,he": 0.003963011889035667, "the,commonwealth": 0.0030823425803610744, "was,a": 0.002642007926023778, "to,take": 0.0030823425803610744, "which,we": 0.002201673271686482, "with,his": 0.002201673271686482, "to,ask": 0.002201673271686482, "the,question": 0.002642007926023778, "the,order": 0.002201673271686482, "i,thank": 0.002642007926023778, "not,agree": 0.002201673271686482, "be,a": 0.002201673271686482, "country,<e>": 0.002201673271686482, "not,be": 0.002201673271686482, "lords,in": 0.002642007926023778, "tribute,to": 0.0030823425803610744, "do,so": 0.002642007926023778, "not,have": 0.002201673271686482, "<s>,however": 0.0048436811977102595}