{"<cs>,my": 0.03220035778175313, "my,lords": 0.03220035778175313, "<e>,<s>": 0.19320214669051877, "<s>,i": 0.044722719141323794, "for,the": 0.008944543828264758, "your,lordships": 0.012522361359570662, "i,am": 0.01967799642218247, "in,the": 0.026833631484794274, "the,fact": 0.008944543828264758, "fact,that": 0.008944543828264758, "<s>,it": 0.01967799642218247, "from,the": 0.02146690518783542, "of,the": 0.07334525939177101, "<s>,however": 0.008944543828264758, "on,the": 0.023255813953488372, "the,university": 0.012522361359570662, "lords,i": 0.017889087656529516, "i,should": 0.008944543828264758, "should,like": 0.01073345259391771, "like,to": 0.01073345259391771, "it,is": 0.03398926654740608, "is,a": 0.01073345259391771, "to,have": 0.01073345259391771, "<s>,that": 0.012522361359570662, "that,the": 0.01967799642218247, "the,noble": 0.03577817531305903, "to,the": 0.03041144901610018, "the,other": 0.01073345259391771, "perhaps,i": 0.012522361359570662, "i,may": 0.01073345259391771, "as,a": 0.012522361359570662, "is,the": 0.01073345259391771, "that,is": 0.012522361359570662, "by,the": 0.012522361359570662, "the,universities": 0.017889087656529516, "universities,<e>": 0.012522361359570662, "noble,baroness": 0.017889087656529516, "baroness,lady": 0.012522361359570662, "that,it": 0.008944543828264758, "at,the": 0.012522361359570662, "noble,lord": 0.014311270125223614, "lord,lord": 0.014311270125223614, "i,want": 0.008944543828264758, "<cs>,i": 0.008944543828264758, "<cs>,perhaps": 0.008944543828264758, "the,bill": 0.008944543828264758, "health,authorities": 0.008944543828264758, "the,health": 0.012522361359570662}