{"<cs>,my": 0.031204644412191583, "my,lords": 0.030478955007256895, "lords,i": 0.01451378809869376, "to,the": 0.022496371552975326, "the,noble": 0.026850507982583455, "<e>,<s>": 0.1386066763425254, "it,has": 0.00362844702467344, "about,the": 0.006531204644412192, "it,<e>": 0.00362844702467344, "<s>,in": 0.006531204644412192, "in,this": 0.01088534107402032, "does,the": 0.0043541364296081275, "<s>,i": 0.023947750362844702, "in,a": 0.005805515239477504, "i,do": 0.0043541364296081275, "do,not": 0.005805515239477504, "in,the": 0.018142235123367198, "we,are": 0.012336719883889695, "talking,about": 0.0043541364296081275, "to,be": 0.013062409288824383, "are,not": 0.0043541364296081275, "and,the": 0.00362844702467344, "noble,lord": 0.016690856313497822, "lord,lord": 0.010159651669085631, "and,i": 0.008708272859216255, "i,hope": 0.005805515239477504, "hope,that": 0.0050798258345428155, "that,i": 0.01088534107402032, "i,shall": 0.00362844702467344, "i,am": 0.01741654571843251, "noble,earl": 0.0043541364296081275, "from,the": 0.0043541364296081275, "has,been": 0.005805515239477504, "i,was": 0.0050798258345428155, "of,the": 0.033381712626995644, "on,this": 0.00362844702467344, "it,is": 0.01741654571843251, "with,the": 0.008708272859216255, "this,house": 0.0043541364296081275, "as,a": 0.00362844702467344, "i,should": 0.009433962264150943, "should,like": 0.0050798258345428155, "like,to": 0.0043541364296081275, "<s>,the": 0.009433962264150943, "there,is": 0.00362844702467344, "that,the": 0.011611030478955007, "that,it": 0.00362844702467344, "does,not": 0.0050798258345428155, "on,the": 0.008708272859216255, "not,be": 0.00362844702467344, "at,the": 0.0050798258345428155, "<s>,it": 0.010159651669085631, "to,do": 0.0050798258345428155, "for,the": 0.006531204644412192, "the,first": 0.00362844702467344, "i,find": 0.0043541364296081275, "find,myself": 0.00362844702467344, "this,bill": 0.005805515239477504, "local,authorities": 0.00362844702467344, "<s>,we": 0.008708272859216255, "the,committee": 0.0050798258345428155, "to,say": 0.00362844702467344, "<s>,that": 0.0050798258345428155, "to,make": 0.0043541364296081275, "by,the": 0.009433962264150943, "one,of": 0.00362844702467344, "of,my": 0.00362844702467344, "is,the": 0.00725689404934688, "but,i": 0.00362844702467344, "of,this": 0.005805515239477504, "to,a": 0.0043541364296081275, "part,of": 0.0043541364296081275, "as,the": 0.00725689404934688, "your,lordships": 0.00725689404934688, "i,have": 0.010159651669085631, "have,been": 0.005805515239477504, "amendment,<e>": 0.007982583454281567, "will,be": 0.005805515239477504, "amendment,no": 0.00725689404934688, "no,<e>": 0.007982583454281567, "<s>,this": 0.00362844702467344, "<cs>,i": 0.009433962264150943, "the,amendment": 0.011611030478955007, "is,not": 0.00725689404934688, "the,bill": 0.01088534107402032, "the,other": 0.006531204644412192, "not,<e>": 0.00362844702467344, "this,amendment": 0.008708272859216255, "i,think": 0.007982583454281567, "the,minister": 0.015965166908563134, "that,is": 0.006531204644412192, "the,voluntary": 0.005805515239477504, "an,amendment": 0.0043541364296081275, "<s>,however": 0.00725689404934688, "have,the": 0.00362844702467344, "for,his": 0.00362844702467344, "bill,<e>": 0.0050798258345428155, "think,that": 0.00362844702467344, "that,we": 0.005805515239477504, "that,he": 0.0050798258345428155, "as,i": 0.00362844702467344, "this,clause": 0.00362844702467344, "the,house": 0.00362844702467344, "voluntary,organisations": 0.006531204644412192, "which,is": 0.0043541364296081275, "funded,by": 0.00362844702467344, "to,withdraw": 0.005805515239477504, "we,should": 0.00362844702467344, "the,words": 0.00362844702467344, "i,beg": 0.0043541364296081275, "beg,leave": 0.00362844702467344, "leave,to": 0.00362844702467344, "withdraw,the": 0.0043541364296081275, "the,circumstances": 0.00362844702467344}