{"<cs>,my": 0.01874595992243051, "my,lords": 0.017970265029088557, "as,i": 0.002456367162249515, "your,lordships": 0.004654169360051713, "this,afternoon": 0.0009049773755656109, "i,cannot": 0.0016806722689075631, "when,i": 0.0006464124111182935, "in,another": 0.0007756948933419521, "another,place": 0.0007756948933419521, "<e>,<s>": 0.0691661279896574, "<s>,it": 0.004654169360051713, "it,was": 0.0018099547511312218, "which,i": 0.0027149321266968325, "i,can": 0.002068519715578539, "for,a": 0.0007756948933419521, "with,the": 0.0036199095022624436, "at,the": 0.0031027795733678085, "of,the": 0.019392372333548805, "the,prime": 0.0007756948933419521, "prime,minister": 0.0006464124111182935, "in,his": 0.0011635423400129282, "to,hear": 0.0006464124111182935, "<s>,the": 0.002456367162249515, "the,time": 0.0015513897866839042, "of,my": 0.002844214608920491, "my,noble": 0.030381383322559793, "noble,friend": 0.027278603749191985, "friend,lord": 0.004783451842275372, "<s>,that": 0.0027149321266968325, "when,he": 0.0016806722689075631, "that,he": 0.0042663219133807365, "that,i": 0.006593406593406593, "with,which": 0.0010342598577892696, "which,the": 0.0014221073044602456, "to,the": 0.01085972850678733, "that,a": 0.0007756948933419521, "is,something": 0.0009049773755656109, "and,the": 0.002197802197802198, "of,it": 0.0011635423400129282, "better,<e>": 0.0006464124111182935, "lords,may": 0.0016806722689075631, "may,i": 0.0027149321266968325, "i,ask": 0.002456367162249515, "ask,my": 0.002456367162249515, "friend,whether": 0.001292824822236587, "whether,he": 0.0018099547511312218, "he,would": 0.0019392372333548805, "would,not": 0.0016806722689075631, "the,noble": 0.017194570135746608, "noble,lord": 0.015126050420168067, "lord,lord": 0.009437621202327084, "on,the": 0.007239819004524887, "the,very": 0.0006464124111182935, "as,this": 0.0007756948933419521, "this,is": 0.001292824822236587, "is,the": 0.0015513897866839042, "the,first": 0.0009049773755656109, "committee,stage": 0.0007756948933419521, "in,your": 0.0009049773755656109, "lordships,house": 0.0023270846800258565, "i,have": 0.0059469941822883, "i,wonder": 0.001292824822236587, "wonder,whether": 0.001292824822236587, "lord,bruce": 0.0007756948933419521, "bruce,of": 0.0007756948933419521, "of,donington": 0.0007756948933419521, "<s>,first": 0.001292824822236587, "lord,has": 0.0007756948933419521, "on,a": 0.0011635423400129282, "number,of": 0.0011635423400129282, "with,great": 0.0009049773755656109, "he,has": 0.002456367162249515, "to,be": 0.006076276664511959, "the,government": 0.006205559146735617, "<s>,he": 0.0015513897866839042, "i,am": 0.011764705882352941, "am,sure": 0.0011635423400129282, "he,did": 0.0006464124111182935, "did,not": 0.0016806722689075631, "to,do": 0.0015513897866839042, "do,so": 0.0006464124111182935, "indeed,<e>": 0.0006464124111182935, "<s>,as": 0.0006464124111182935, "as,a": 0.002068519715578539, "while,i": 0.0011635423400129282, "i,shall": 0.0015513897866839042, "as,the": 0.0011635423400129282, "it,<e>": 0.0015513897866839042, "<cs>,i": 0.009308338720103426, "i,should": 0.007110536522301228, "should,like": 0.005171299288946348, "briefly,to": 0.0007756948933419521, "to,express": 0.001292824822236587, "what,the": 0.001292824822236587, "has,just": 0.001292824822236587, "just,said": 0.0007756948933419521, "said,<e>": 0.0009049773755656109, "<s>,i": 0.022236586942469296, "will,not": 0.0011635423400129282, "<s>,however": 0.002197802197802198, "however,i": 0.0011635423400129282, "of,what": 0.0011635423400129282, "what,i": 0.0015513897866839042, "is,a": 0.002456367162249515, "of,parliament": 0.0009049773755656109, "to,a": 0.0014221073044602456, "and,not": 0.0007756948933419521, "them,<e>": 0.0007756948933419521, "this,amendment": 0.0023270846800258565, "amendment,which": 0.0011635423400129282, "which,was": 0.0006464124111182935, "by,the": 0.005688429217840982, "seem,to": 0.0010342598577892696, "to,add": 0.0010342598577892696, "the,bill": 0.004395604395604396, "bill,<e>": 0.002197802197802198, "<s>,therefore": 0.0006464124111182935, "therefore,i": 0.0006464124111182935, "i,hope": 0.003878474466709761, "hope,that": 0.004395604395604396, "that,the": 0.01098901098901099, "the,minister": 0.0016806722689075631, "the,amendment": 0.006593406593406593, "amendment,<e>": 0.005042016806722689, "i,would": 0.0011635423400129282, "should,be": 0.002456367162249515, "be,so": 0.0007756948933419521, "right,honourable": 0.0009049773755656109, "and,learned": 0.0018099547511312218, "learned,friend": 0.001292824822236587, "he,will": 0.002068519715578539, "will,be": 0.004007756948933419, "as,to": 0.0019392372333548805, "in,this": 0.0033613445378151263, "regarded,as": 0.0006464124111182935, "<s>,there": 0.001292824822236587, "there,are": 0.0014221073044602456, "this,country": 0.0006464124111182935, "of,those": 0.0007756948933419521, "that,in": 0.0010342598577892696, "there,is": 0.0031027795733678085, "is,no": 0.0007756948933419521, "in,a": 0.0018099547511312218, "i,had": 0.0019392372333548805, "the,last": 0.0006464124111182935, "by,my": 0.002197802197802198, "friend,the": 0.0016806722689075631, "about,the": 0.0016806722689075631, "of,a": 0.0015513897866839042, "they,have": 0.0011635423400129282, "at,all": 0.0010342598577892696, "all,<e>": 0.0006464124111182935, "he,is": 0.0016806722689075631, "the,general": 0.0007756948933419521, "that,it": 0.005042016806722689, "it,is": 0.0067226890756302525, "i,believe": 0.001292824822236587, "believe,that": 0.001292824822236587, "in,the": 0.007756948933419522, "that,my": 0.003490627020038785, "friend,will": 0.002068519715578539, "to,see": 0.0011635423400129282, "should,not": 0.0011635423400129282, "not,be": 0.0018099547511312218, "into,the": 0.0011635423400129282, "kind,of": 0.0015513897866839042, "that,they": 0.0019392372333548805, "may,be": 0.0015513897866839042, "am,grateful": 0.0010342598577892696, "grateful,to": 0.0016806722689075631, "to,my": 0.004524886877828055, "friend,for": 0.0011635423400129282, "for,his": 0.0010342598577892696, "point,of": 0.0014221073044602456, "the,arguments": 0.0010342598577892696, "which,have": 0.0010342598577892696, "have,been": 0.002456367162249515, "but,i": 0.002068519715578539, "a,little": 0.0009049773755656109, "look,at": 0.0006464124111182935, "at,this": 0.0010342598577892696, "this,matter": 0.0007756948933419521, "again,<e>": 0.0006464124111182935, "me,that": 0.0010342598577892696, "and,that": 0.0023270846800258565, "that,this": 0.0015513897866839042, "am,bound": 0.0006464124111182935, "bound,to": 0.0007756948933419521, "to,say": 0.004654169360051713, "say,that": 0.0037491919844861023, "was,not": 0.0014221073044602456, "are,not": 0.0011635423400129282, "is,not": 0.003490627020038785, "lords,perhaps": 0.0011635423400129282, "perhaps,i": 0.002844214608920491, "i,may": 0.003878474466709761, "the,fact": 0.0018099547511312218, "fact,that": 0.0018099547511312218, "obliged,to": 0.0007756948933419521, "a,very": 0.0023270846800258565, "i,think": 0.001292824822236587, "like,to": 0.005300581771170007, "enough,to": 0.0011635423400129282, "just,now": 0.0006464124111182935, "now,<e>": 0.0009049773755656109, "with,my": 0.0007756948933419521, "the,same": 0.0018099547511312218, "same,time": 0.0009049773755656109, "friend,that": 0.0009049773755656109, "<s>,what": 0.0010342598577892696, "if,i": 0.002456367162249515, "<cs>,perhaps": 0.0010342598577892696, "i,was": 0.00297349709114415, "sorry,to": 0.0009049773755656109, "the,present": 0.0007756948933419521, "<s>,my": 0.002068519715578539, "has,been": 0.0031027795733678085, "it,has": 0.0009049773755656109, "out,of": 0.0006464124111182935, "of,all": 0.0007756948933419521, "from,the": 0.003878474466709761, "a,few": 0.0006464124111182935, "which,has": 0.0009049773755656109, "on,this": 0.002456367162249515, "this,bill": 0.0014221073044602456, "that,as": 0.0007756948933419521, "a,result": 0.0006464124111182935, "noble,lords": 0.001292824822236587, "this,side": 0.0007756948933419521, "side,of": 0.0009049773755656109,