{"<cs>,my": 0.017005391953546247, "my,lords": 0.017005391953546247, "lords,i": 0.009124844462878473, "i,should": 0.004562422231439237, "should,like": 0.004562422231439237, "like,to": 0.00414765657403567, "in,the": 0.018249688925756947, "my,noble": 0.00414765657403567, "noble,friend": 0.0033181252592285357, "and,to": 0.002073828287017835, "to,the": 0.022812111157196183, "for,the": 0.00953961012028204, "on,this": 0.002073828287017835, "<e>,<s>": 0.11240149315636665, "<s>,i": 0.026545002073828285, "i,think": 0.002903359601824969, "ought,to": 0.002073828287017835, "on,the": 0.01244296972210701, "who,have": 0.002488593944421402, "in,this": 0.004977187888842804, "i,join": 0.002903359601824969, "the,noble": 0.038573206138531727, "noble,lord": 0.006636250518457071, "lord,lord": 0.004977187888842804, "for,a": 0.002903359601824969, "friend,lord": 0.002073828287017835, "i,have": 0.0037328909166321027, "with,a": 0.002488593944421402, "of,the": 0.03608461219411033, "<s>,in": 0.002488593944421402, "is,the": 0.002488593944421402, "<s>,there": 0.002903359601824969, "there,is": 0.004562422231439237, "is,a": 0.011198672749896308, "to,a": 0.002073828287017835, "of,this": 0.00414765657403567, "by,the": 0.009124844462878473, "he,is": 0.0033181252592285357, "bill,<e>": 0.00414765657403567, "<s>,we": 0.00829531314807134, "we,are": 0.00414765657403567, "that,it": 0.005391953546246371, "will,be": 0.002073828287017835, "be,a": 0.002073828287017835, "with,the": 0.011613438407299876, "in,his": 0.002903359601824969, "i,was": 0.0037328909166321027, "a,number": 0.002073828287017835, "number,of": 0.002073828287017835, "<s>,he": 0.004562422231439237, "a,very": 0.002073828287017835, "noble,earl": 0.01659062629614268, "lords,the": 0.002073828287017835, "that,he": 0.005391953546246371, "he,has": 0.00414765657403567, "for,his": 0.002073828287017835, "that,the": 0.01244296972210701, "the,whole": 0.002073828287017835, "it,is": 0.01783492326835338, "to,be": 0.006636250518457071, "noble,baroness": 0.010783907092492741, "baroness,lady": 0.007051016175860639, "lady,birk": 0.005391953546246371, "i,am": 0.017005391953546247, "<s>,however": 0.004977187888842804, "that,i": 0.006636250518457071, "the,house": 0.005391953546246371, "have,been": 0.002903359601824969, "i,may": 0.004562422231439237, "may,be": 0.002903359601824969, "<cs>,i": 0.016175860638739114, "at,the": 0.002903359601824969, "the,committee": 0.004562422231439237, "which,i": 0.002488593944421402, "am,grateful": 0.002488593944421402, "the,fact": 0.002073828287017835, "fact,that": 0.002073828287017835, "at,this": 0.002488593944421402, "this,amendment": 0.002903359601824969, "amendment,<e>": 0.009124844462878473, "the,itc": 0.0033181252592285357, "<s>,the": 0.007880547490667772, "support,the": 0.002488593944421402, "the,amendment": 0.012028204064703443, "to,say": 0.002903359601824969, "about,the": 0.002903359601824969, "the,iba": 0.00414765657403567, "between,the": 0.002073828287017835, "and,the": 0.004562422231439237, "birk,<e>": 0.002073828287017835, "for,that": 0.002488593944421402, "amendment,no": 0.004977187888842804, "no,<e>": 0.004977187888842804, "i,beg": 0.005806719203649938, "beg,leave": 0.005391953546246371, "leave,to": 0.005391953546246371, "to,withdraw": 0.005391953546246371, "withdraw,the": 0.005391953546246371, "the,minister": 0.009954375777685608, "grateful,to": 0.0037328909166321027, "to,him": 0.002073828287017835, "which,the": 0.0033181252592285357, "the,government": 0.010369141435089175, "the,bill": 0.007880547490667772, "from,the": 0.002903359601824969, "should,be": 0.002488593944421402, "such,a": 0.002073828287017835, "in,which": 0.002073828287017835, "to,make": 0.002903359601824969, "the,matter": 0.00414765657403567, "perhaps,i": 0.00414765657403567, "what,the": 0.005391953546246371, "earl,has": 0.002488593944421402, "has,just": 0.002903359601824969, "just,said": 0.002073828287017835, "said,<e>": 0.0033181252592285357, "the,governments": 0.002073828287017835, "that,there": 0.002073828287017835, "they,are": 0.0033181252592285357, "amendments,<e>": 0.002488593944421402, "as,the": 0.002073828287017835, "which,is": 0.002073828287017835, "this,country": 0.0033181252592285357, "earl,<e>": 0.002073828287017835, "deal,of": 0.002073828287017835, "the,best": 0.002073828287017835, "deal,with": 0.002073828287017835, "in,terms": 0.002903359601824969, "terms,of": 0.002903359601824969, "<s>,they": 0.002903359601824969, "these,benches": 0.002488593944421402, "believe,that": 0.002488593944421402, "i,shall": 0.0033181252592285357, "shall,not": 0.002073828287017835, "into,the": 0.002903359601824969, "matter,<e>": 0.002903359601824969, "it,was": 0.002073828287017835, "to,go": 0.002073828287017835, "it,<e>": 0.0037328909166321027, "that,we": 0.00414765657403567, "wish,to": 0.002903359601824969, "and,i": 0.002073828287017835, "the,new": 0.0037328909166321027, "new,clause": 0.002073828287017835, "we,have": 0.002903359601824969, "part,of": 0.002073828287017835, "i,do": 0.0037328909166321027, "do,not": 0.0033181252592285357, "but,i": 0.002903359601824969, "<s>,it": 0.01244296972210701, "in,a": 0.002488593944421402, "that,in": 0.002903359601824969, "i,thank": 0.002488593944421402, "thank,the": 0.002488593944421402, "<s>,<e>": 0.002488593944421402, "has,been": 0.00414765657403567, "<s>,that": 0.002903359601824969, "that,is": 0.002073828287017835, "<s>,this": 0.002073828287017835, "it,would": 0.002073828287017835, "would,be": 0.0037328909166321027, "<s>,as": 0.002903359601824969, "government,have": 0.002073828287017835, "i,hope": 0.002073828287017835, "<cs>,the": 0.002488593944421402, "saying,that": 0.002073828287017835, "as,a": 0.002903359601824969, "did,not": 0.002903359601824969, "the,arguments": 0.002073828287017835, "before,the": 0.00414765657403567, "say,that": 0.002073828287017835, "those,who": 0.002073828287017835, "agree,with": 0.002073828287017835, "noble,viscount": 0.002488593944421402, "lords,before": 0.002073828287017835, "of,these": 0.002073828287017835, "earl,for": 0.0037328909166321027, "a,good": 0.002073828287017835, "good,deal": 0.002073828287017835, "the,broadcasting": 0.002073828287017835}