{"<cs>,my": 0.013832239758822485, "may,i": 0.0015960276644795177, "i,begin": 0.0014186912573151268, "begin,by": 0.0015960276644795177, "the,noble": 0.024649760595850327, "noble,baroness": 0.001241354850150736, "if,i": 0.0028373825146302536, "i,am": 0.014186912573151267, "to,do": 0.0028373825146302536, "do,so": 0.002305373293137081, "at,the": 0.004610746586274162, "the,same": 0.00212803688597269, "same,time": 0.001064018442986345, "parts,of": 0.0008866820358219542, "to,this": 0.001064018442986345, "<e>,<s>": 0.0716439084944139, "<s>,i": 0.01489625820180883, "i,do": 0.0051427558077673345, "with,the": 0.00425607377194538, "in,mind": 0.001241354850150736, "that,there": 0.0026600461074658627, "there,is": 0.0051427558077673345, "of,course": 0.0008866820358219542, "of,the": 0.028196488739138145, "the,house": 0.0028373825146302536, "i,hope": 0.0033693917361234263, "not,to": 0.0015960276644795177, "to,take": 0.001241354850150736, "of,that": 0.0008866820358219542, "that,that": 0.002305373293137081, "at,least": 0.0008866820358219542, "to,the": 0.017733640716439084, "of,this": 0.002305373293137081, "this,house": 0.001064018442986345, "in,the": 0.010285511615534669, "the,last": 0.0014186912573151268, "of,his": 0.0030147189217946445, "which,he": 0.0017733640716439084, "a,very": 0.0019507004788082993, "very,great": 0.001064018442986345, "my,lords": 0.013832239758822485, "lords,i": 0.007093456286575634, "my,noble": 0.004610746586274162, "noble,friend": 0.0039014009576165986, "friend,lord": 0.0030147189217946445, "in,his": 0.001064018442986345, "amendment,<e>": 0.0051427558077673345, "the,words": 0.002305373293137081, "in,my": 0.001064018442986345, "in,that": 0.001064018442986345, "that,the": 0.01259088490867175, "out,the": 0.0008866820358219542, "because,it": 0.001241354850150736, "it,seems": 0.0028373825146302536, "seems,to": 0.00407873736478099, "to,me": 0.00425607377194538, "me,to": 0.0019507004788082993, "i,wonder": 0.002305373293137081, "wonder,whether": 0.0019507004788082993, "on,the": 0.006029437843589289, "has,been": 0.00425607377194538, "put,forward": 0.0017733640716439084, "noble,lord": 0.011704202872849796, "wish,to": 0.0019507004788082993, "to,add": 0.001064018442986345, "i,rise": 0.001064018442986345, "on,this": 0.002482709700301472, "this,matter": 0.0008866820358219542, "to,support": 0.001241354850150736, "lord,mishcon": 0.001064018442986345, "and,i": 0.00407873736478099, "find,myself": 0.001064018442986345, "noble,and": 0.008689483951055151, "and,learned": 0.008689483951055151, "learned,lord": 0.007980138322397589, "lord,lord": 0.007980138322397589, "lord,denning": 0.001241354850150736, "<s>,if": 0.0030147189217946445, "i,may": 0.00212803688597269, "may,say": 0.001064018442986345, "amendment,which": 0.001241354850150736, "which,we": 0.001241354850150736, "lords,before": 0.0008866820358219542, "before,the": 0.00212803688597269, "sits,down": 0.0014186912573151268, "down,i": 0.0008866820358219542, "he,will": 0.0017733640716439084, "the,point": 0.0017733640716439084, "point,that": 0.001241354850150736, "that,he": 0.0033693917361234263, "he,is": 0.0015960276644795177, "that,i": 0.004965419400602944, "i,have": 0.003546728143287817, "it,<e>": 0.00212803688597269, "<s>,that": 0.0026600461074658627, "am,sure": 0.001064018442986345, "<s>,in": 0.0026600461074658627, "is,that": 0.0039014009576165986, "the,bill": 0.0033693917361234263, "bill,is": 0.0008866820358219542, "than,the": 0.0008866820358219542, "<s>,at": 0.001241354850150736, "that,one": 0.001241354850150736, "something,which": 0.0008866820358219542, "which,is": 0.002482709700301472, "that,is": 0.00407873736478099, "is,a": 0.004433410179109771, "the,minister": 0.009930838801205887, "minister,is": 0.001064018442986345, "about,that": 0.0008866820358219542, "enough,to": 0.001241354850150736, "to,say": 0.002482709700301472, "say,that": 0.0026600461074658627, "to,a": 0.0017733640716439084, "point,<e>": 0.001064018442986345, "to,follow": 0.0008866820358219542, "this,is": 0.002305373293137081, "is,intended": 0.0015960276644795177, "intended,to": 0.002305373293137081, "is,not": 0.0031920553289590354, "i,agree": 0.0028373825146302536, "agree,with": 0.0026600461074658627, "<s>,it": 0.006738783472246853, "that,a": 0.0008866820358219542, "should,have": 0.001064018442986345, "we,are": 0.0019507004788082993, "that,it": 0.0037240645504522077, "it,is": 0.01046284802269906, "as,a": 0.0026600461074658627, "if,one": 0.0008866820358219542, "one,is": 0.001064018442986345, "i,think": 0.0026600461074658627, "think,it": 0.0008866820358219542, "noble,lords": 0.002305373293137081, "should,be": 0.0028373825146302536, "in,which": 0.0015960276644795177, "which,it": 0.001241354850150736, "which,are": 0.0014186912573151268, "they,are": 0.0017733640716439084, "<s>,the": 0.0072707926937400245, "his,remarks": 0.001064018442986345, "attention,to": 0.001064018442986345, "in,this": 0.0028373825146302536, "this,bill": 0.0017733640716439084, "at,this": 0.0008866820358219542, "i,beg": 0.002305373293137081, "this,amendment": 0.0019507004788082993, "as,the": 0.00212803688597269, "amendment,to": 0.0008866820358219542, "to,which": 0.0019507004788082993, "which,the": 0.0031920553289590354, "am,grateful": 0.004965419400602944, "grateful,to": 0.004433410179109771, "lord,the": 0.003546728143287817, "the,lord": 0.0030147189217946445, "lord,chancellor": 0.002482709700301472, "for,his": 0.001064018442986345, "that,we": 0.002482709700301472, "this,clause": 0.0008866820358219542, "clause,<e>": 0.0019507004788082993, "hope,that": 0.0019507004788082993, "of,a": 0.002305373293137081, "would,be": 0.002305373293137081, "what,has": 0.0008866820358219542, "said,in": 0.001064018442986345, "will,have": 0.0017733640716439084, "have,been": 0.0015960276644795177, "leave,to": 0.0026600461074658627, "to,withdraw": 0.0028373825146302536, "withdraw,the": 0.002482709700301472, "the,amendment": 0.009044156765383933, "is,the": 0.0026600461074658627, "will,be": 0.00425607377194538, "for,the": 0.0039014009576165986, "<s>,is": 0.001064018442986345, "the,intention": 0.001064018442986345, "the,very": 0.0008866820358219542, "the,government": 0.0039014009576165986, "to,be": 0.006916119879411243, "be,able": 0.001064018442986345, "able,to": 0.001241354850150736, "noble,earl": 0.0019507004788082993, "<s>,he": 0.00212803688597269, "he,has": 0.004433410179109771, "the,fact": 0.001241354850150736, "fact,that": 0.001064018442986345, "of,what": 0.0017733640716439084, "what,the": 0.0030147189217946445, "the,law": 0.002305373293137081, "<s>,as": 0.0017733640716439084, "as,i": 0.0015960276644795177, "is,to": 0.0026600461074658627, "and,the": 0.004433410179109771, "need,to": 0.0008866820358219542, "the,person": 0.001064018442986345, "<cs>,i": 0.012058875687178578, "very,much": 0.00212803688597269, "by,the": 0.007448129100904415, "made,<e>": 0.0008866820358219542, "as,it": 0.0015960276644795177, "question,of": 0.0015960276644795177, "the,courts": 0.001064018442986345, "in,a": 0.0019507004788082993, "local,authorities": 0.0008866820358219542, "that,if": 0.0014186912573151268, "want,to": 0.00212803688597269, "what,we": 0.0008866820358219542, "within,the": 0.0017733640716439084, "law,<e>": 0.0008866820358219542, "may,be": 0.002305373293137081, "be,a": 0.002482709700301472, "<cs>,the": 0.0017733640716439084, "minister,has": 0.0019507004788082993, "to,him": 0.001064018442986345, "do,not": 0.005674765029260507, "the,purpose": 0.0015960276644795177, "purpose,of": 0.0014186912573151268, "of,it": 0.001064018442986345, "it,will": 0.001241354850150736, "that,this": 0.0015960276644795177, "and,that": 0.0014186912573151268, "have,a": 0.001241354850150736, "have,the": 0.0008866820358219542, "the,view": 0.0014186912573151268, "the,committee": 0.0031920553289590354, "the,position": 0.0014186912573151268, "the,other": 0.0015960276644795177, "if,a": 0.001064018442986345, "the,provisions": 0.0017733640716439084, "provisions,of": 0.0015960276644795177, "the,act": 0.0015960276644795177,