{"<cs>,my": 0.031512605042016806, "my,lords": 0.03361344537815126, "lords,i": 0.01680672268907563, "to,say": 0.02100840336134454, "say,a": 0.01050420168067227, "a,few": 0.01050420168067227, "in,this": 0.01050420168067227, "<e>,<s>": 0.15336134453781514, "<s>,i": 0.08823529411764706, "i,do": 0.014705882352941176, "i,am": 0.02100840336134454, "of,the": 0.031512605042016806, "<cs>,i": 0.014705882352941176, "i,should": 0.03571428571428571, "should,like": 0.029411764705882353, "like,to": 0.03361344537815126, "to,support": 0.012605042016806723, "support,the": 0.01050420168067227, "the,noble": 0.052521008403361345, "i,agree": 0.012605042016806723, "will,be": 0.018907563025210083, "do,not": 0.014705882352941176, "my,noble": 0.01680672268907563, "that,i": 0.014705882352941176, "at,the": 0.01680672268907563, "to,the": 0.025210084033613446, "in,the": 0.01680672268907563, "and,i": 0.02100840336134454, "i,hope": 0.014705882352941176, "hope,that": 0.01050420168067227, "noble,friend": 0.012605042016806723, "is,a": 0.01050420168067227, "i,welcome": 0.01050420168067227, "noble,lord": 0.018907563025210083, "lord,lord": 0.01680672268907563, "<s>,we": 0.01050420168067227, "on,the": 0.012605042016806723, "noble,baroness": 0.01050420168067227, "a,great": 0.012605042016806723, "with,the": 0.018907563025210083, "that,the": 0.01050420168067227, "agree,with": 0.012605042016806723, "i,have": 0.01680672268907563, "it,is": 0.01050420168067227}