{"<cs>,my": 0.08, "my,lords": 0.08, "lords,i": 0.04421052631578947, "that,the": 0.02736842105263158, "of,the": 0.05473684210526316, "to,be": 0.021052631578947368, "and,the": 0.014736842105263158, "<e>,<s>": 0.14526315789473684, "<s>,i": 0.042105263157894736, "i,was": 0.016842105263157894, "the,noble": 0.056842105263157895, "my,noble": 0.016842105263157894, "noble,friend": 0.016842105263157894, "friend,lord": 0.01263157894736842, "apologise,to": 0.010526315789473684, "that,it": 0.014736842105263158, "in,this": 0.014736842105263158, "has,been": 0.010526315789473684, "noble,lord": 0.037894736842105266, "lord,lord": 0.02526315789473684, "to,the": 0.02526315789473684, "i,should": 0.018947368421052633, "<s>,the": 0.018947368421052633, "for,the": 0.010526315789473684, "i,am": 0.021052631578947368, "on,the": 0.010526315789473684, "noble,earl": 0.010526315789473684, "that,there": 0.01263157894736842, "there,is": 0.021052631578947368, "will,be": 0.01263157894736842, "in,the": 0.023157894736842106, "should,like": 0.010526315789473684, "like,to": 0.014736842105263158, "the,minister": 0.018947368421052633, "it,was": 0.010526315789473684, "your,lordships": 0.016842105263157894}