{"<cs>,my": 0.03714124929656725, "my,lords": 0.038266741699493526, "lords,i": 0.019133370849746763, "in,the": 0.015194147439504783, "to,the": 0.024198086662915026, "the,noble": 0.029825548677546426, "noble,lord": 0.021384355655599326, "lord,lord": 0.0061902082160945416, "to,my": 0.0028137310073157004, "my,noble": 0.013505908835115363, "noble,friend": 0.012380416432189083, "friend,lord": 0.0061902082160945416, "<e>,<s>": 0.1052335396736072, "<s>,this": 0.0033764772087788407, "has,been": 0.005064715813168261, "<s>,i": 0.03657850309510411, "i,was": 0.007315700619020821, "many,years": 0.0033764772087788407, "another,place": 0.0028137310073157004, "for,the": 0.009003939223410242, "fact,that": 0.0028137310073157004, "which,i": 0.006752954417557681, "i,have": 0.011817670230725942, "of,the": 0.04501969611705121, "noble,lords": 0.007878446820483961, "i,should": 0.007878446820483961, "this,debate": 0.0033764772087788407, "the,very": 0.0028137310073157004, "which,they": 0.0028137310073157004, "when,i": 0.0033764772087788407, "may,i": 0.012943162633652222, "i,ask": 0.009003939223410242, "ask,the": 0.0028137310073157004, "that,i": 0.006752954417557681, "the,world": 0.004501969611705121, "it,is": 0.008441193021947102, "lords,may": 0.0028137310073157004, "in,this": 0.0033764772087788407, "of,which": 0.0028137310073157004, "i,had": 0.004501969611705121, "to,be": 0.004501969611705121, "lords,before": 0.006752954417557681, "before,the": 0.008441193021947102, "sits,down": 0.007315700619020821, "noble,baroness": 0.0028137310073157004, "and,i": 0.0061902082160945416, "i,think": 0.0028137310073157004, "the,government": 0.009003939223410242, "want,to": 0.004501969611705121, "to,make": 0.0033764772087788407, "i,rise": 0.0033764772087788407, "rise,to": 0.0028137310073157004, "lords,who": 0.004501969611705121, "who,have": 0.005627462014631401, "that,our": 0.0039392234102419805, "should,be": 0.005064715813168261, "i,want": 0.004501969611705121, "that,the": 0.015756893640967922, "which,is": 0.004501969611705121, "and,to": 0.0033764772087788407, "that,they": 0.0033764772087788407, "which,we": 0.0033764772087788407, "if,i": 0.0033764772087788407, "government,will": 0.0028137310073157004, "to,me": 0.0039392234102419805, "i,am": 0.005627462014631401, "<s>,the": 0.0039392234102419805, "<s>,he": 0.005627462014631401, "he,has": 0.004501969611705121, "a,very": 0.0039392234102419805, "and,the": 0.0061902082160945416, "the,house": 0.0028137310073157004, "i,hope": 0.005064715813168261, "that,we": 0.004501969611705121, "lord,the": 0.0028137310073157004, "the,minister": 0.004501969611705121, "down,may": 0.005064715813168261, "i,thank": 0.0033764772087788407, "what,he": 0.0033764772087788407, "he,was": 0.0039392234102419805, "to,say": 0.0033764772087788407, "ask,him": 0.0061902082160945416, "consider,that": 0.0028137310073157004, "support,what": 0.0028137310073157004, "by,the": 0.009566685424873381, "express,my": 0.0028137310073157004, "not,be": 0.0033764772087788407, "noble,viscount": 0.0039392234102419805, "will,be": 0.004501969611705121, "wish,to": 0.0028137310073157004, "debate,<e>": 0.0039392234102419805, "down,<e>": 0.0033764772087788407, "lord,sits": 0.0033764772087788407, "that,he": 0.0033764772087788407, "what,i": 0.005627462014631401, "have,said": 0.0028137310073157004, "of,our": 0.004501969611705121, "who,has": 0.0033764772087788407, "on,the": 0.010692177827799663, "the,united": 0.006752954417557681, "united,nations": 0.005064715813168261, "and,that": 0.004501969611705121, "is,a": 0.008441193021947102, "which,he": 0.0033764772087788407, "this,is": 0.0028137310073157004, "world,disarmament": 0.0039392234102419805, "special,session": 0.0028137310073157004, "session,of": 0.0028137310073157004, "<s>,in": 0.0033764772087788407, "for,his": 0.0028137310073157004, "i,believe": 0.0028137310073157004, "the,most": 0.005064715813168261, "with,the": 0.0061902082160945416, "<s>,it": 0.004501969611705121, "sat,down": 0.0033764772087788407, "in,fact": 0.0028137310073157004, "a,matter": 0.0028137310073157004, "of,all": 0.0028137310073157004, "as,the": 0.0033764772087788407, "i,shall": 0.0028137310073157004, "that,it": 0.006752954417557681, "saying,that": 0.0028137310073157004, "<s>,is": 0.0028137310073157004, "years,ago": 0.0028137310073157004, "when,the": 0.0028137310073157004, "would,be": 0.0039392234102419805, "is,the": 0.0028137310073157004, "lord,who": 0.004501969611705121, "he,said": 0.0033764772087788407, "that,in": 0.0033764772087788407, "have,been": 0.0033764772087788407, "has,just": 0.0033764772087788407, "just,sat": 0.0028137310073157004, "but,i": 0.0028137310073157004, "agreement,with": 0.0028137310073157004, "that,a": 0.0028137310073157004, "to,support": 0.0028137310073157004, "from,the": 0.0028137310073157004, "should,like": 0.004501969611705121, "like,to": 0.004501969611705121, "as,a": 0.0033764772087788407, "to,express": 0.0028137310073157004, "the,bill": 0.0039392234102419805, "i,would": 0.0028137310073157004, "we,are": 0.0033764772087788407, "the,soviet": 0.0028137310073157004, "<s>,will": 0.0028137310073157004}