{"<cs>,my": 0.032426778242677826, "my,lords": 0.034518828451882845, "lords,i": 0.01882845188284519, "i,too": 0.010460251046025104, "too,should": 0.005230125523012552, "should,like": 0.011506276150627616, "like,to": 0.012552301255230125, "the,noble": 0.03765690376569038, "and,to": 0.005230125523012552, "to,the": 0.014644351464435146, "<e>,<s>": 0.13912133891213388, "<s>,it": 0.012552301255230125, "it,is": 0.016736401673640166, "a,great": 0.005230125523012552, "the,government": 0.006276150627615063, "in,the": 0.021966527196652718, "<s>,however": 0.005230125523012552, "is,a": 0.008368200836820083, "of,the": 0.03556485355648536, "of,a": 0.009414225941422594, "has,been": 0.006276150627615063, "<s>,the": 0.010460251046025104, "and,i": 0.01778242677824268, "with,this": 0.005230125523012552, "noble,lords": 0.006276150627615063, "in,this": 0.005230125523012552, "i,have": 0.021966527196652718, "<s>,but": 0.006276150627615063, "i,should": 0.012552301255230125, "noble,lord": 0.028242677824267783, "lord,lord": 0.02092050209205021, "on,a": 0.005230125523012552, "<cs>,i": 0.009414225941422594, "this,amendment": 0.012552301255230125, "on,the": 0.012552301255230125, "to,be": 0.010460251046025104, "have,a": 0.006276150627615063, "and,if": 0.005230125523012552, "if,the": 0.005230125523012552, "on,this": 0.010460251046025104, "what,i": 0.005230125523012552, "<s>,i": 0.04184100418410042, "for,the": 0.006276150627615063, "i,was": 0.012552301255230125, "as,the": 0.006276150627615063, "the,minister": 0.009414225941422594, "a,very": 0.009414225941422594, "is,not": 0.006276150627615063, "<s>,there": 0.007322175732217573, "i,hope": 0.007322175732217573, "that,this": 0.006276150627615063, "that,it": 0.009414225941422594, "that,the": 0.011506276150627616, "i,am": 0.016736401673640166, "that,i": 0.010460251046025104, "i,do": 0.009414225941422594, "do,not": 0.014644351464435146, "but,i": 0.010460251046025104, "your,lordships": 0.005230125523012552, "i,think": 0.009414225941422594, "this,bill": 0.007322175732217573, "at,the": 0.007322175732217573, "before,the": 0.005230125523012552, "of,this": 0.005230125523012552, "it,was": 0.008368200836820083, "when,we": 0.005230125523012552, "we,are": 0.005230125523012552, "second,reading": 0.007322175732217573, "i,shall": 0.006276150627615063, "the,bill": 0.005230125523012552, "as,a": 0.006276150627615063, "to,say": 0.009414225941422594, "there,are": 0.006276150627615063, "have,been": 0.006276150627615063, "to,this": 0.005230125523012552, "have,to": 0.008368200836820083, "going,to": 0.005230125523012552, "a,director": 0.006276150627615063, "director,of": 0.006276150627615063}