{"<cs>,my": 0.03228410008071025, "my,lords": 0.03228410008071025, "may,i": 0.004842615012106538, "that,i": 0.010492332526230832, "i,am": 0.016142050040355124, "that,the": 0.014527845036319613, "the,noble": 0.033091202582728005, "noble,lord": 0.025020177562550445, "lord,lord": 0.01533494753833737, "i,think": 0.010492332526230832, "that,he": 0.007263922518159807, "is,the": 0.008071025020177562, "of,the": 0.03470540758676352, "<e>,<s>": 0.11864406779661017, "and,i": 0.008071025020177562, "i,must": 0.005649717514124294, "<s>,i": 0.03389830508474576, "i,was": 0.00645682001614205, "chairman,of": 0.004035512510088781, "i,have": 0.01775625504439064, "to,be": 0.013720742534301856, "but,i": 0.004842615012106538, "have,a": 0.005649717514124294, "to,a": 0.004035512510088781, "make,a": 0.004842615012106538, "when,i": 0.004035512510088781, "number,of": 0.004035512510088781, "it,is": 0.018563357546408393, "me,to": 0.004842615012106538, "have,been": 0.005649717514124294, "on,the": 0.010492332526230832, "i,do": 0.004035512510088781, "there,is": 0.00645682001614205, "which,is": 0.004035512510088781, "should,be": 0.005649717514124294, "with,the": 0.011299435028248588, "lords,i": 0.012106537530266344, "i,hope": 0.005649717514124294, "hope,that": 0.004842615012106538, "to,the": 0.023405972558514933, "if,i": 0.007263922518159807, "to,say": 0.004842615012106538, "that,it": 0.008071025020177562, "i,may": 0.011299435028248588, "by,the": 0.009685230024213076, "think,that": 0.00887812752219532, "which,i": 0.005649717514124294, "is,a": 0.00887812752219532, "that,is": 0.008071025020177562, "that,this": 0.004842615012106538, "is,to": 0.004035512510088781, "to,make": 0.004842615012106538, "the,minister": 0.00645682001614205, "a,question": 0.00645682001614205, "<s>,the": 0.009685230024213076, "noble,baroness": 0.004842615012106538, "i,should": 0.008071025020177562, "should,like": 0.005649717514124294, "like,to": 0.005649717514124294, "the,government": 0.004842615012106538, "the,rent": 0.004035512510088781, "i,wonder": 0.004035512510088781, "in,this": 0.00645682001614205, "will,be": 0.004035512510088781, "it,would": 0.007263922518159807, "would,be": 0.008071025020177562, "that,a": 0.004035512510088781, "<s>,it": 0.013720742534301856, "have,to": 0.004035512510088781, "<cs>,i": 0.005649717514124294, "the,question": 0.005649717514124294, "question,of": 0.00645682001614205, "perhaps,i": 0.004035512510088781, "question,<e>": 0.004842615012106538, "<s>,there": 0.004035512510088781, "there,are": 0.004035512510088781, "of,a": 0.004842615012106538, "<s>,if": 0.007263922518159807, "the,matter": 0.004842615012106538, "of,great": 0.004035512510088781, "for,a": 0.004035512510088781, "a,great": 0.004035512510088781, "this,is": 0.004035512510088781, "we,are": 0.004035512510088781, "that,we": 0.004035512510088781, "before,the": 0.009685230024213076, "noble,and": 0.004035512510088781, "and,learned": 0.004035512510088781, "lord,sits": 0.005649717514124294, "sits,down": 0.008071025020177562, "lords,before": 0.005649717514124294, "ask,him": 0.004842615012106538, "the,open": 0.004035512510088781, "open,university": 0.004035512510088781, "for,the": 0.007263922518159807, "is,not": 0.007263922518159807, "this,amendment": 0.004035512510088781, "to,me": 0.004842615012106538, "of,my": 0.004035512510088781, "in,the": 0.00887812752219532, "the,bill": 0.004035512510088781, "has,been": 0.004842615012106538, "we,should": 0.004035512510088781, "believe,that": 0.004035512510088781, "to,have": 0.004842615012106538, "may,say": 0.004842615012106538, "say,so": 0.004035512510088781, "to,ask": 0.004035512510088781, "the,house": 0.004035512510088781, "i,shall": 0.004035512510088781, "amendment,<e>": 0.004035512510088781}