{"<cs>,my": 0.04702627939142462, "my,lords": 0.04702627939142462, "it,is": 0.016597510373443983, "and,i": 0.008298755186721992, "<e>,<s>": 0.15491009681881052, "i,should": 0.015214384508990318, "of,the": 0.05394190871369295, "the,noble": 0.05255878284923928, "noble,lord": 0.03319502074688797, "lord,lord": 0.016597510373443983, "the,last": 0.006915629322268326, "with,the": 0.006915629322268326, "<s>,i": 0.05255878284923928, "i,am": 0.022130013831258646, "my,noble": 0.029045643153526972, "noble,friend": 0.02627939142461964, "agree,with": 0.006915629322268326, "of,his": 0.008298755186721992, "the,government": 0.012448132780082987, "that,he": 0.011065006915629323, "he,has": 0.006915629322268326, "one,of": 0.008298755186721992, "will,be": 0.011065006915629323, "we,are": 0.006915629322268326, "that,the": 0.0318118948824343, "and,the": 0.011065006915629323, "lords,i": 0.019363762102351315, "i,agree": 0.006915629322268326, "by,the": 0.013831258644536652, "noble,baroness": 0.012448132780082987, "me,to": 0.006915629322268326, "<s>,is": 0.006915629322268326, "i,have": 0.009681881051175657, "is,the": 0.008298755186721992, "the,secretary": 0.006915629322268326, "secretary,of": 0.006915629322268326, "of,state": 0.006915629322268326, "to,the": 0.013831258644536652, "i,hope": 0.009681881051175657, "hope,that": 0.008298755186721992, "the,minister": 0.008298755186721992, "that,i": 0.009681881051175657, "in,the": 0.009681881051175657, "has,been": 0.011065006915629323, "<cs>,i": 0.011065006915629323, "<s>,in": 0.006915629322268326, "i,shall": 0.009681881051175657, "that,is": 0.011065006915629323, "the,committee": 0.016597510373443983, "is,not": 0.006915629322268326, "do,not": 0.009681881051175657, "<s>,the": 0.009681881051175657, "benefit,<e>": 0.006915629322268326, "no,<e>": 0.006915629322268326, "i,do": 0.008298755186721992, "would,be": 0.008298755186721992, "child,benefit": 0.008298755186721992}