{"<cs>,my": 0.033942558746736295, "my,lords": 0.031331592689295036, "lords,i": 0.020887728459530026, "of,the": 0.09921671018276762, "the,bar": 0.018276762402088774, "your,lordships": 0.013054830287206266, "<e>,<s>": 0.2010443864229765, "<s>,i": 0.04960835509138381, "i,was": 0.018276762402088774, "to,the": 0.015665796344647518, "of,my": 0.013054830287206266, "my,noble": 0.020887728459530026, "noble,and": 0.018276762402088774, "and,learned": 0.018276762402088774, "learned,friend": 0.015665796344647518, "friend,lord": 0.018276762402088774, "in,the": 0.020887728459530026, "i,should": 0.015665796344647518, "i,am": 0.013054830287206266, "legal,aid": 0.02610966057441253, "on,the": 0.02610966057441253, "the,civil": 0.013054830287206266, "it,is": 0.0391644908616188, "that,there": 0.013054830287206266, "<cs>,i": 0.02610966057441253, "<s>,the": 0.020887728459530026, "<s>,if": 0.015665796344647518, "i,support": 0.018276762402088774, "who,are": 0.013054830287206266, "<s>,we": 0.013054830287206266, "<s>,it": 0.013054830287206266, "to,be": 0.013054830287206266, "and,the": 0.013054830287206266, "for,the": 0.013054830287206266, "the,lord": 0.028720626631853787, "lord,chancellor": 0.015665796344647518, "that,the": 0.02349869451697128}