{"<cs>,my": 0.03415647357489038, "my,lords": 0.03461804754211863, "lords,i": 0.009000692360950842, "i,was": 0.0034618047542118624, "my,noble": 0.006462035541195477, "noble,friend": 0.006000461573967228, "to,support": 0.0013847219016847449, "in,this": 0.0023078698361412415, "because,i": 0.0011539349180706207, "i,am": 0.013385645049619201, "one,of": 0.002538656819755366, "of,the": 0.02607892914839603, "of,this": 0.005077313639510732, "this,house": 0.0013847219016847449, "who,are": 0.0018462958689129934, "at,present": 0.0011539349180706207, "on,the": 0.006231248557581353, "to,the": 0.01892453265635818, "<e>,<s>": 0.08862220170782367, "<s>,i": 0.024232633279483037, "hope,that": 0.0020770828525271175, "that,when": 0.0011539349180706207, "when,i": 0.0018462958689129934, "i,have": 0.006462035541195477, "will,not": 0.0018462958689129934, "not,be": 0.0018462958689129934, "<s>,but": 0.0023078698361412415, "of,course": 0.0020770828525271175, "is,that": 0.0027694438033694898, "in,which": 0.0016155088852988692, "but,i": 0.003000230786983614, "i,shall": 0.003923378721440111, "at,all": 0.0013847219016847449, "lords,<e>": 0.0011539349180706207, "these,benches": 0.0018462958689129934, "thank,the": 0.0034618047542118624, "the,minister": 0.005077313639510732, "minister,for": 0.0016155088852988692, "for,repeating": 0.0011539349180706207, "repeating,the": 0.0011539349180706207, "the,statement": 0.0016155088852988692, "statement,<e>": 0.0013847219016847449, "<s>,it": 0.0043849526886683594, "may,be": 0.0020770828525271175, "be,a": 0.0013847219016847449, "so,far": 0.0011539349180706207, "very,much": 0.0013847219016847449, "them,<e>": 0.0011539349180706207, "should,like": 0.0032310177705977385, "like,to": 0.005077313639510732, "on,his": 0.0016155088852988692, "in,the": 0.018693745672744056, "lords,in": 0.0023078698361412415, "view,of": 0.0011539349180706207, "not,to": 0.0016155088852988692, "to,make": 0.0016155088852988692, "the,noble": 0.03669513039464574, "noble,lord": 0.020309254558042927, "lord,<e>": 0.0011539349180706207, "<s>,may": 0.0016155088852988692, "may,i": 0.006231248557581353, "the,house": 0.005769674590353104, "lords,we": 0.0016155088852988692, "we,are": 0.0034618047542118624, "which,we": 0.0016155088852988692, "and,that": 0.002538656819755366, "am,not": 0.0018462958689129934, "which,i": 0.0055388876067389795, "i,believe": 0.0020770828525271175, "to,be": 0.006231248557581353, "<s>,the": 0.006000461573967228, "from,the": 0.0036925917378259868, "by,the": 0.004615739672282483, "grateful,to": 0.002538656819755366, "<s>,we": 0.005308100623124856, "we,have": 0.0027694438033694898, "he,has": 0.0011539349180706207, "number,of": 0.0016155088852988692, "the,last": 0.0013847219016847449, "i,ask": 0.0018462958689129934, "tell,us": 0.0013847219016847449, "when,the": 0.0011539349180706207, "<s>,can": 0.0013847219016847449, "that,the": 0.010385414262635588, "will,be": 0.003000230786983614, "lords,may": 0.0023078698361412415, "question,<e>": 0.0011539349180706207, "there,is": 0.004615739672282483, "would,not": 0.0011539349180706207, "of,people": 0.0013847219016847449, "of,my": 0.0027694438033694898, "friend,lord": 0.0036925917378259868, "i,beg": 0.003000230786983614, "more,than": 0.0011539349180706207, "that,this": 0.0023078698361412415, "this,bill": 0.002538656819755366, "lords,it": 0.0011539349180706207, "to,me": 0.003000230786983614, "me,to": 0.0020770828525271175, "be,the": 0.0016155088852988692, "the,first": 0.0013847219016847449, "lord,lord": 0.010154627279021463, "on,a": 0.0011539349180706207, "speech,<e>": 0.0013847219016847449, "that,he": 0.0023078698361412415, "his,speech": 0.0013847219016847449, "<s>,in": 0.003923378721440111, "i,think": 0.004154165705054235, "think,that": 0.0023078698361412415, "that,there": 0.0032310177705977385, "that,is": 0.0023078698361412415, "that,they": 0.0020770828525271175, "as,the": 0.002538656819755366, "lords,will": 0.0020770828525271175, "will,the": 0.0027694438033694898, "at,the": 0.0023078698361412415, "that,a": 0.0023078698361412415, "the,government": 0.0043849526886683594, "should,be": 0.0020770828525271175, "noble,friends": 0.0013847219016847449, "if,i": 0.002538656819755366, "i,had": 0.0013847219016847449, "i,should": 0.0066928225248096005, "a,little": 0.0013847219016847449, "attention,to": 0.0011539349180706207, "i,do": 0.0036925917378259868, "do,not": 0.003923378721440111, "to,speak": 0.0016155088852988692, "has,been": 0.0013847219016847449, "and,i": 0.0034618047542118624, "the,case": 0.0011539349180706207, "the,other": 0.0013847219016847449, "that,i": 0.0073851834756519736, "to,a": 0.0013847219016847449, "a,very": 0.002538656819755366, "have,to": 0.0013847219016847449, "noble,earl": 0.005308100623124856, "was,not": 0.0011539349180706207, "able,to": 0.0011539349180706207, "in,my": 0.002538656819755366, "to,take": 0.0016155088852988692, "in,a": 0.0016155088852988692, "the,speech": 0.0013847219016847449, "the,bill": 0.004615739672282483, "bill,<e>": 0.003000230786983614, "have,no": 0.0011539349180706207, "noble,baroness": 0.006923609508423725, "baroness,lady": 0.0016155088852988692, "have,the": 0.0011539349180706207, "a,long": 0.0013847219016847449, "that,it": 0.004154165705054235, "would,be": 0.0016155088852988692, "about,the": 0.002538656819755366, "the,forest": 0.0013847219016847449, "forest,of": 0.0011539349180706207, "of,dean": 0.0011539349180706207, "support,of": 0.0013847219016847449, "i,thank": 0.0018462958689129934, "noble,lords": 0.0018462958689129934, "<s>,however": 0.002538656819755366, "of,what": 0.0013847219016847449, "what,the": 0.0013847219016847449, "beg,leave": 0.0032310177705977385, "leave,to": 0.0034618047542118624, "to,withdraw": 0.0027694438033694898, "withdraw,the": 0.0020770828525271175, "the,amendment": 0.0066928225248096005, "amendment,<e>": 0.0034618047542118624, "as,i": 0.002538656819755366, "of,his": 0.0023078698361412415, "to,it": 0.0011539349180706207, "it,<e>": 0.003000230786983614, "<s>,on": 0.0013847219016847449, "the,question": 0.002538656819755366, "me,<e>": 0.0018462958689129934, "my,speech": 0.0016155088852988692, "for,the": 0.0036925917378259868, "it,is": 0.00830833141010847, "that,we": 0.0032310177705977385, "believe,that": 0.0011539349180706207, "is,a": 0.0023078698361412415, "people,who": 0.0013847219016847449, "as,it": 0.0018462958689129934, "they,have": 0.0018462958689129934, "to,see": 0.0011539349180706207, "amendment,no": 0.0018462958689129934, "no,<e>": 0.0023078698361412415, "am,grateful": 0.0011539349180706207, "earl,for": 0.0016155088852988692, "<s>,as": 0.002538656819755366, "of,a": 0.002538656819755366, "i,hope": 0.0036925917378259868, "not,think": 0.0023078698361412415, "think,i": 0.0018462958689129934, "the,right": 0.0016155088852988692, "this,amendment": 0.0023078698361412415, "wish,to": 0.0016155088852988692, "have,had": 0.0018462958689129934, "i,want": 0.0013847219016847449, "want,to": 0.0023078698361412415, "that,my": 0.0011539349180706207, "to,say": 0.002538656819755366, "say,that": 0.0020770828525271175, "there,are": 0.0011539349180706207, "some,of": 0.0011539349180706207, "of,our": 0.0018462958689129934, "for,that": 0.002538656819755366, "on,this": 0.0016155088852988692, "this,subject": 0.0011539349180706207, "seems,to": 0.0011539349180706207, "he,is": 0.0018462958689129934, "me,that": 0.0013847219016847449, "her,majestys": 0.0013847219016847449, "majestys,government": 0.0013847219016847449, "noble,and": 0.0018462958689129934, "is,the": 0.005077313639510732, "the,falkland": 0.0013847219016847449, "falkland,islands": 0.0013847219016847449, "at,least": 0.0011539349180706207, "must,be": 0.0013847219016847449, "that,in": 0.0016155088852988692, "which,is": 0.0020770828525271175, "this,is": 0.002538656819755366, "and,the": 0.004846526655896607, "is,not": 0.0016155088852988692, "the,british": 0.0011539349180706207, "it,was": 0.0016155088852988692, "to,ask": 0.0018462958689129934, "ask,the": 0.0027694438033694898, "my,name": 0.0018462958689129934,