{"<cs>,my": 0.048134777376654635, "my,lords": 0.049338146811071, "lords,as": 0.006016847172081829, "that,i": 0.01444043321299639, "your,lordships": 0.02286401925391095, "i,am": 0.02527075812274368, "i,may": 0.006016847172081829, "to,the": 0.02527075812274368, "<e>,<s>": 0.13237063778580024, "<s>,as": 0.007220216606498195, "as,i": 0.007220216606498195, "i,should": 0.012033694344163659, "it,was": 0.006016847172081829, "in,the": 0.02045728038507822, "the,house": 0.009626955475330927, "on,the": 0.01684717208182912, "i,was": 0.015643802647412757, "<cs>,i": 0.00842358604091456, "<s>,i": 0.03850782190132371, "i,thank": 0.006016847172081829, "may,i": 0.006016847172081829, "to,be": 0.01444043321299639, "and,i": 0.007220216606498195, "it,is": 0.018050541516245487, "amendment,<e>": 0.007220216606498195, "may,be": 0.00842358604091456, "<s>,it": 0.015643802647412757, "<s>,that": 0.006016847172081829, "that,is": 0.006016847172081829, "the,government": 0.012033694344163659, "that,the": 0.019253910950661854, "lords,i": 0.032490974729241874, "should,like": 0.010830324909747292, "like,to": 0.010830324909747292, "how,grateful": 0.006016847172081829, "grateful,i": 0.006016847172081829, "am,to": 0.006016847172081829, "the,noble": 0.03489771359807461, "noble,lord": 0.01444043321299639, "the,minister": 0.006016847172081829, "opportunity,to": 0.006016847172081829, "the,debate": 0.007220216606498195, "to,speak": 0.010830324909747292, "speak,in": 0.006016847172081829, "in,this": 0.013237063778580024, "this,bill": 0.00842358604091456, "about,the": 0.006016847172081829, "thank,the": 0.007220216606498195, "by,the": 0.012033694344163659, "as,a": 0.006016847172081829, "noble,lords": 0.013237063778580024, "of,the": 0.03489771359807461, "of,your": 0.006016847172081829, "<s>,the": 0.013237063778580024, "is,not": 0.006016847172081829, "to,support": 0.006016847172081829, "this,amendment": 0.006016847172081829, "support,the": 0.006016847172081829, "noble,and": 0.006016847172081829, "and,learned": 0.006016847172081829, "lord,lord": 0.012033694344163659, "with,the": 0.00842358604091456, "to,me": 0.006016847172081829, "i,too": 0.006016847172081829, "noble,baroness": 0.00842358604091456, "baroness,lady": 0.007220216606498195, "house,<e>": 0.006016847172081829, "the,bill": 0.006016847172081829, "the,committee": 0.006016847172081829, "the,amendment": 0.009626955475330927, "i,rise": 0.006016847172081829, "rise,to": 0.006016847172081829}