{"<cs>,my": 0.08534946236559139, "my,lords": 0.08736559139784947, "lords,does": 0.006048387096774193, "this,question": 0.006720430107526882, "<e>,<s>": 0.0625, "will,not": 0.005376344086021506, "lords,may": 0.00739247311827957, "may,i": 0.009408602150537635, "to,the": 0.010080645161290322, "it,not": 0.008736559139784945, "has,been": 0.006720430107526882, "on,the": 0.008736559139784945, "lords,i": 0.016129032258064516, "i,think": 0.005376344086021506, "think,that": 0.005376344086021506, "that,my": 0.003360215053763441, "my,noble": 0.04099462365591398, "noble,friend": 0.03696236559139785, "that,the": 0.012768817204301076, "that,they": 0.003360215053763441, "lords,is": 0.015456989247311828, "is,not": 0.014112903225806451, "not,the": 0.004704301075268817, "the,house": 0.010752688172043012, "out,of": 0.006048387096774193, "of,order": 0.004032258064516129, "order,<e>": 0.004704301075268817, "this,is": 0.00739247311827957, "not,a": 0.003360215053763441, "a,debate": 0.003360215053763441, "debate,<e>": 0.004704301075268817, "<s>,the": 0.004032258064516129, "with,the": 0.008736559139784945, "if,the": 0.005376344086021506, "the,government": 0.004032258064516129, "in,the": 0.012096774193548387, "have,to": 0.003360215053763441, "to,be": 0.006720430107526882, "of,the": 0.02620967741935484, "it,<e>": 0.004704301075268817, "<s>,if": 0.005376344086021506, "if,he": 0.003360215053763441, "i,ask": 0.005376344086021506, "is,in": 0.00739247311827957, "in,order": 0.006048387096774193, "all,the": 0.004704301075268817, "so,far": 0.003360215053763441, "the,noble": 0.0228494623655914, "noble,lord": 0.01881720430107527, "<s>,i": 0.012096774193548387, "that,is": 0.004032258064516129, "before,the": 0.003360215053763441, "the,question": 0.008064516129032258, "aware,that": 0.004704301075268817, "noble,baroness": 0.003360215053763441, "i,have": 0.005376344086021506, "have,been": 0.004032258064516129, "to,get": 0.003360215053763441, "of,my": 0.003360215053763441, "does,my": 0.004704301075268817, "i,should": 0.004032258064516129, "like,to": 0.003360215053763441, "it,is": 0.012768817204301076, "is,it": 0.012096774193548387, "lord,lord": 0.010080645161290322, "your,lordships": 0.00739247311827957, "may,be": 0.003360215053763441, "if,i": 0.003360215053763441, "is,a": 0.004704301075268817, "and,i": 0.004032258064516129, "that,it": 0.004032258064516129, "we,have": 0.003360215053763441, "of,this": 0.004704301075268817, "lords,if": 0.003360215053763441, "i,am": 0.00739247311827957, "question,time": 0.003360215053763441, "on,a": 0.004032258064516129, "friend,the": 0.005376344086021506, "the,minister": 0.006048387096774193, "i,do": 0.003360215053763441, "do,not": 0.006720430107526882, "lords,can": 0.004704301075268817, "can,my": 0.006048387096774193, "friend,say": 0.004032258064516129, "to,ask": 0.006048387096774193, "ask,the": 0.004032258064516129, "in,my": 0.003360215053763441, "the,order": 0.004032258064516129, "order,paper": 0.004032258064516129, "that,if": 0.003360215053763441, "the,committee": 0.004704301075268817, "to,do": 0.008064516129032258, "lords,as": 0.003360215053763441, "we,not": 0.005376344086021506, "that,this": 0.004704301075268817, "this,amendment": 0.004032258064516129, "there,is": 0.005376344086021506, "noble,lords": 0.004032258064516129, "the,bill": 0.004032258064516129, "<s>,is": 0.004032258064516129, "lords,would": 0.003360215053763441, "one,of": 0.004032258064516129, "question,<e>": 0.004032258064516129, "is,my": 0.003360215053763441, "going,to": 0.004704301075268817, "we,are": 0.004704301075268817, "are,not": 0.005376344086021506, "what,is": 0.006048387096774193, "is,the": 0.005376344086021506, "for,a": 0.004032258064516129, "house,<e>": 0.003360215053763441, "ask,my": 0.004032258064516129, "and,the": 0.003360215053763441, "to,have": 0.003360215053763441, "i,was": 0.003360215053763441, "<cs>,i": 0.004032258064516129, "do,with": 0.003360215053763441, "hong,kong": 0.009408602150537635}