{"<cs>,my": 0.025454545454545455, "my,lords": 0.025454545454545455, "it,is": 0.01090909090909091, "is,a": 0.007272727272727273, "a,great": 0.006363636363636364, "on,the": 0.01090909090909091, "part,of": 0.004545454545454545, "your,lordships": 0.007272727272727273, "<e>,<s>": 0.10181818181818182, "<s>,the": 0.011818181818181818, "of,the": 0.04909090909090909, "the,noble": 0.06545454545454546, "noble,lord": 0.05272727272727273, "lord,lord": 0.02727272727272727, "noble,lords": 0.014545454545454545, "the,house": 0.005454545454545455, "by,the": 0.007272727272727273, "lords,i": 0.013636363636363636, "<s>,it": 0.008181818181818182, "that,the": 0.025454545454545455, "to,the": 0.03, "in,the": 0.028181818181818183, "if,the": 0.007272727272727273, "which,is": 0.004545454545454545, "i,am": 0.016363636363636365, "am,sorry": 0.004545454545454545, "sorry,to": 0.005454545454545455, "the,licence": 0.00909090909090909, "will,be": 0.01, "the,government": 0.016363636363636365, "for,the": 0.00909090909090909, "which,the": 0.005454545454545455, "did,not": 0.005454545454545455, "should,be": 0.006363636363636364, "<s>,i": 0.02, "lord,cockfield": 0.01090909090909091, "this,amendment": 0.007272727272727273, "amendment,is": 0.004545454545454545, "that,it": 0.005454545454545455, "<cs>,the": 0.006363636363636364, "the,amendment": 0.012727272727272728, "to,be": 0.007272727272727273, "<s>,but": 0.006363636363636364, "there,is": 0.007272727272727273, "it,<e>": 0.005454545454545455, "in,which": 0.006363636363636364, "would,be": 0.008181818181818182, "to,a": 0.005454545454545455, "which,i": 0.008181818181818182, "<cs>,i": 0.01, "i,do": 0.007272727272727273, "do,not": 0.00909090909090909, "think,that": 0.004545454545454545, "that,i": 0.007272727272727273, "is,not": 0.005454545454545455, "what,the": 0.004545454545454545, "<s>,there": 0.004545454545454545, "british,telecom": 0.008181818181818182, "the,committee": 0.004545454545454545, "at,the": 0.004545454545454545, "<s>,that": 0.006363636363636364, "does,not": 0.005454545454545455, "the,bill": 0.01, "<cs>,with": 0.004545454545454545, "that,there": 0.005454545454545455, "i,hope": 0.004545454545454545, "have,been": 0.005454545454545455, "the,words": 0.004545454545454545, "there,are": 0.004545454545454545, "from,the": 0.005454545454545455, "lord,bruce": 0.004545454545454545, "and,the": 0.012727272727272728, "noble,and": 0.005454545454545455, "and,learned": 0.005454545454545455, "learned,lord": 0.005454545454545455, "i,have": 0.007272727272727273, "not,<e>": 0.004545454545454545, "amendment,no": 0.004545454545454545, "no,<e>": 0.004545454545454545, "with,the": 0.005454545454545455, "<s>,is": 0.004545454545454545, "is,the": 0.006363636363636364, "the,secretary": 0.004545454545454545, "secretary,of": 0.004545454545454545, "of,state": 0.004545454545454545, "does,the": 0.004545454545454545, "that,this": 0.005454545454545455, "hope,that": 0.004545454545454545, "per,cent": 0.004545454545454545, "cent,<e>": 0.004545454545454545, "in,this": 0.004545454545454545}