{"<cs>,my": 0.027503526093088856, "my,lords": 0.028067700987306064, "lords,i": 0.008603667136812413, "i,am": 0.013399153737658674, "for,the": 0.0036671368124118475, "that,i": 0.006205923836389281, "i,have": 0.004090267983074753, "have,had": 0.0011283497884344146, "<e>,<s>": 0.06741889985895627, "<s>,i": 0.01763046544428773, "am,grateful": 0.0007052186177715092, "grateful,to": 0.0012693935119887166, "to,the": 0.011706629055007052, "the,noble": 0.033709449929478136, "noble,lord": 0.021156558533145273, "lord,lord": 0.007334273624823695, "who,has": 0.0014104372355430183, "has,just": 0.000846262341325811, "maiden,speech": 0.0011283497884344146, "what,is": 0.0009873060648801129, "debate,<e>": 0.0019746121297602257, "understand,that": 0.0007052186177715092, "to,be": 0.00465444287729196, "<s>,that": 0.003244005641748942, "that,is": 0.005923836389280677, "in,a": 0.0009873060648801129, "in,favour": 0.0007052186177715092, "of,the": 0.01692524682651622, "does,not": 0.0015514809590973203, "at,all": 0.0011283497884344146, "your,lordships": 0.004795486600846262, "lordships,that": 0.0007052186177715092, "try,to": 0.0007052186177715092, "to,make": 0.0012693935119887166, "i,hope": 0.0038081805359661495, "hope,that": 0.0018335684062059238, "that,your": 0.000846262341325811, "lordships,will": 0.0015514809590973203, "from,the": 0.0018335684062059238, "i,do": 0.003526093088857546, "do,not": 0.004513399153737658, "whether,it": 0.000846262341325811, "to,do": 0.002538787023977433, "do,with": 0.0009873060648801129, "with,the": 0.005500705218617771, "the,fact": 0.0012693935119887166, "fact,that": 0.0014104372355430183, "did,not": 0.0026798307475317347, "agree,with": 0.0026798307475317347, "is,in": 0.0007052186177715092, "lords,would": 0.0009873060648801129, "would,the": 0.001692524682651622, "care,to": 0.0018335684062059238, "to,tell": 0.0011283497884344146, "tell,us": 0.0021156558533145277, "he,is": 0.0028208744710860366, "rather,than": 0.0011283497884344146, "year,<e>": 0.000846262341325811, "i,should": 0.004936530324400564, "should,like": 0.0028208744710860366, "like,to": 0.003244005641748942, "the,chancellor": 0.0036671368124118475, "of,my": 0.001692524682651622, "in,this": 0.0036671368124118475, "<s>,your": 0.000846262341325811, "some,time": 0.0007052186177715092, "time,to": 0.0007052186177715092, "and,indeed": 0.000846262341325811, "the,public": 0.0021156558533145277, "public,expenditure": 0.0028208744710860366, "white,paper": 0.0007052186177715092, "but,i": 0.0031029619181946405, "i,shall": 0.0011283497884344146, "a,few": 0.0012693935119887166, "should,be": 0.002397743300423131, "obliged,to": 0.0012693935119887166, "to,have": 0.0018335684062059238, "<s>,he": 0.002397743300423131, "us,that": 0.0007052186177715092, "would,have": 0.0015514809590973203, "<s>,is": 0.001692524682651622, "is,that": 0.0028208744710860366, "the,case": 0.0012693935119887166, "<s>,would": 0.001692524682651622, "they,have": 0.0021156558533145277, "the,secretary": 0.0014104372355430183, "secretary,of": 0.0015514809590973203, "of,state": 0.0015514809590973203, "and,the": 0.004231311706629055, "am,delighted": 0.0009873060648801129, "delighted,to": 0.001692524682651622, "have,the": 0.000846262341325811, "this,debate": 0.0014104372355430183, "and,i": 0.0038081805359661495, "to,begin": 0.0009873060648801129, "begin,by": 0.0007052186177715092, "congratulating,the": 0.0009873060648801129, "this,important": 0.0007052186177715092, "a,little": 0.0009873060648801129, "to,say": 0.004513399153737658, "because,i": 0.0009873060648801129, "he,was": 0.001692524682651622, "public,accounts": 0.0009873060648801129, "accounts,committee": 0.0009873060648801129, "which,i": 0.001692524682651622, "there,is": 0.0019746121297602257, "is,the": 0.0043723554301833565, "the,treasury": 0.0015514809590973203, "it,would": 0.0012693935119887166, "would,be": 0.002397743300423131, "be,very": 0.0012693935119887166, "with,him": 0.0007052186177715092, "<s>,however": 0.002538787023977433, "that,there": 0.0026798307475317347, "is,very": 0.0007052186177715092, "in,his": 0.001692524682651622, "his,speech": 0.000846262341325811, "as,i": 0.002538787023977433, "at,that": 0.0007052186177715092, "lord,<e>": 0.000846262341325811, "whether,the": 0.0012693935119887166, "that,it": 0.005359661495063469, "it,is": 0.008603667136812413, "because,of": 0.000846262341325811, "in,the": 0.011988716502115656, "that,he": 0.004231311706629055, "he,has": 0.0029619181946403386, "whether,he": 0.0014104372355430183, "he,would": 0.0007052186177715092, "that,<e>": 0.001692524682651622, "lords,is": 0.0019746121297602257, "is,it": 0.0015514809590973203, "if,the": 0.0019746121297602257, "aware,that": 0.0012693935119887166, "to,his": 0.0007052186177715092, "his,noble": 0.0009873060648801129, "noble,friend": 0.003244005641748942, "will,be": 0.005077574047954866, "as,the": 0.0019746121297602257, "saying,that": 0.0007052186177715092, "balance,of": 0.000846262341325811, "of,trade": 0.000846262341325811, "why,the": 0.0009873060648801129, "the,situation": 0.0009873060648801129, "am,sure": 0.0036671368124118475, "sure,that": 0.001692524682651622, "that,the": 0.014950634696755994, "the,house": 0.003385049365303244, "wish,to": 0.0026798307475317347, "congratulate,the": 0.0007052186177715092, "lord,diamond": 0.0009873060648801129, "i,certainly": 0.0009873060648801129, "<s>,it": 0.0029619181946403386, "<s>,in": 0.0021156558533145277, "is,a": 0.0031029619181946405, "this,house": 0.0007052186177715092, "and,to": 0.0014104372355430183, "the,other": 0.0015514809590973203, "is,not": 0.0036671368124118475, "not,<e>": 0.0007052186177715092, "am,obliged": 0.0009873060648801129, "noble,earl": 0.005500705218617771, "some,of": 0.0014104372355430183, "of,his": 0.0014104372355430183, "in,another": 0.000846262341325811, "another,place": 0.000846262341325811, "take,the": 0.0007052186177715092, "the,same": 0.0015514809590973203, "i,say": 0.0012693935119887166, "am,not": 0.001692524682651622, "not,a": 0.0011283497884344146, "<s>,the": 0.0039492242595204514, "that,we": 0.0039492242595204514, "we,are": 0.002538787023977433, "are,being": 0.0007052186177715092, "it,will": 0.001692524682651622, "by,the": 0.004513399153737658, "the,minister": 0.012129760225669958, "minister,that": 0.0007052186177715092, "the,government": 0.008744710860366713, "of,public": 0.0007052186177715092, "expenditure,<e>": 0.0007052186177715092, "<s>,indeed": 0.0011283497884344146, "on,the": 0.005359661495063469, "the,question": 0.0012693935119887166, "what,i": 0.0018335684062059238, "will,not": 0.001692524682651622, "so,much": 0.0009873060648801129, "as,he": 0.0015514809590973203, "at,the": 0.003526093088857546, "the,time": 0.0009873060648801129, "when,i": 0.0007052186177715092, "i,did": 0.0011283497884344146, "them,<e>": 0.000846262341325811, "we,were": 0.000846262341325811, "my,noble": 0.0026798307475317347, "noble,and": 0.0021156558533145277, "and,learned": 0.0021156558533145277, "friend,lord": 0.0018335684062059238, "<s>,but": 0.003385049365303244, "lordships,house": 0.0011283497884344146, "we,can": 0.0007052186177715092, "time,<e>": 0.0009873060648801129, "fact,is": 0.000846262341325811, "the,real": 0.0014104372355430183, "if,we": 0.0011283497884344146, "make,it": 0.0007052186177715092, "quite,clear": 0.0007052186177715092, "that,in": 0.0012693935119887166, "of,what": 0.0011283497884344146, "what,the": 0.002256699576868829, "in,their": 0.0009873060648801129, "if,it": 0.0009873060648801129, "the,way": 0.0018335684062059238, "way,in": 0.0009873060648801129, "in,which": 0.0014104372355430183, "mean,that": 0.0014104372355430183, "been,a": 0.0007052186177715092, "as,a": 0.001692524682651622, "<s>,on": 0.0007052186177715092, "think,that": 0.0009873060648801129, "the,opposition": 0.0007052186177715092, "if,i": 0.0026798307475317347, "i,may": 0.0021156558533145277, "might,be": 0.0007052186177715092, "for,a": 0.000846262341325811, "would,not": 0.001692524682651622, "not,wish": 0.0011283497884344146, "on,this": 0.0009873060648801129,