{"<cs>,my": 0.030437188710570006, "my,lords": 0.030437188710570006, "the,minister": 0.008301051466519093, "of,the": 0.03984504703929164, "may,i": 0.005534034311012728, "i,ask": 0.003320420586607637, "to,the": 0.01770890979524073, "lords,i": 0.012174875484228001, "to,ask": 0.003320420586607637, "ask,the": 0.002767017155506364, "the,question": 0.003320420586607637, "on,the": 0.008301051466519093, "my,noble": 0.026563364692861097, "noble,friend": 0.02213613724405091, "<e>,<s>": 0.10071942446043165, "they,are": 0.00387382401770891, "and,not": 0.002767017155506364, "<s>,if": 0.007194244604316547, "if,the": 0.002767017155506364, "the,government": 0.01770890979524073, "<cs>,i": 0.008301051466519093, "i,should": 0.008301051466519093, "should,like": 0.006087437742114001, "like,to": 0.005534034311012728, "has,been": 0.008301051466519093, "by,my": 0.00387382401770891, "that,it": 0.005534034311012728, "it,is": 0.014941892639734366, "to,deal": 0.003320420586607637, "deal,with": 0.00387382401770891, "<s>,they": 0.002767017155506364, "the,other": 0.002767017155506364, "to,a": 0.004980630879911455, "which,is": 0.005534034311012728, "for,a": 0.004427227448810182, "the,bill": 0.00387382401770891, "for,the": 0.00774764803541782, "to,be": 0.014388489208633094, "will,be": 0.006640841173215274, "the,case": 0.004980630879911455, "it,was": 0.004980630879911455, "<s>,but": 0.006087437742114001, "have,been": 0.009407858328721638, "<s>,it": 0.012728278915329275, "do,not": 0.004427227448810182, "of,this": 0.004980630879911455, "this,bill": 0.004427227448810182, "at,the": 0.009407858328721638, "the,same": 0.004427227448810182, "it,would": 0.002767017155506364, "the,whole": 0.003320420586607637, "will,not": 0.002767017155506364, "that,have": 0.00387382401770891, "friend,lord": 0.006640841173215274, "<s>,i": 0.027116768123962368, "that,is": 0.002767017155506364, "is,that": 0.003320420586607637, "that,i": 0.00387382401770891, "in,a": 0.004980630879911455, "a,number": 0.00387382401770891, "number,of": 0.00387382401770891, "government,are": 0.002767017155506364, "to,take": 0.00387382401770891, "the,present": 0.004980630879911455, "the,right": 0.004427227448810182, "right,to": 0.002767017155506364, "that,the": 0.01770890979524073, "the,general": 0.004980630879911455, "the,country": 0.002767017155506364, "which,i": 0.00387382401770891, "of,my": 0.005534034311012728, "by,the": 0.011068068622025456, "the,noble": 0.011068068622025456, "noble,lord": 0.005534034311012728, "did,not": 0.002767017155506364, "all,the": 0.00387382401770891, "this,amendment": 0.006640841173215274, "amendment,<e>": 0.004980630879911455, "in,order": 0.002767017155506364, "order,to": 0.002767017155506364, "in,the": 0.01383508577753182, "as,a": 0.004427227448810182, "noble,friends": 0.003320420586607637, "i,think": 0.008301051466519093, "this,is": 0.00387382401770891, "we,are": 0.002767017155506364, "in,view": 0.003320420586607637, "view,of": 0.00387382401770891, "the,fact": 0.005534034311012728, "fact,that": 0.005534034311012728, "against,the": 0.003320420586607637, "think,that": 0.002767017155506364, "i,did": 0.002767017155506364, "of,your": 0.003320420586607637, "your,lordships": 0.007194244604316547, "should,not": 0.002767017155506364, "with,the": 0.003320420586607637, "there,is": 0.00387382401770891, "that,we": 0.004427227448810182, "we,have": 0.003320420586607637, "from,the": 0.006640841173215274, "noble,and": 0.004427227448810182, "and,learned": 0.004427227448810182, "learned,lord": 0.002767017155506364, "<s>,he": 0.00387382401770891, "the,point": 0.002767017155506364, "these,matters": 0.003320420586607637, "he,has": 0.005534034311012728, "is,it": 0.002767017155506364, "that,they": 0.002767017155506364, "<s>,the": 0.003320420586607637, "noble,baroness": 0.002767017155506364, "the,committee": 0.00387382401770891, "committee,stage": 0.002767017155506364, "report,stage": 0.002767017155506364, "stage,<e>": 0.002767017155506364, "what,the": 0.002767017155506364, "of,his": 0.002767017155506364, "i,am": 0.00996126175982291, "that,this": 0.003320420586607637, "is,an": 0.002767017155506364, "but,i": 0.002767017155506364, "i,have": 0.005534034311012728, "the,house": 0.003320420586607637, "house,<e>": 0.00387382401770891, "is,not": 0.004427227448810182, "they,have": 0.00387382401770891, "the,amendment": 0.005534034311012728, "in,this": 0.005534034311012728, "this,house": 0.00387382401770891, "matter,of": 0.002767017155506364, "it,<e>": 0.003320420586607637, "lord,lord": 0.002767017155506364, "one,of": 0.003320420586607637, "the,great": 0.002767017155506364, "had,been": 0.003320420586607637, "before,the": 0.002767017155506364, "i,do": 0.003320420586607637, "and,the": 0.00387382401770891, "to,my": 0.002767017155506364, "to,raise": 0.003320420586607637, "this,matter": 0.003320420586607637, "friend,the": 0.00387382401770891, "is,the": 0.004427227448810182, "as,it": 0.002767017155506364, "is,a": 0.002767017155506364, "that,there": 0.002767017155506364, "the,secretary": 0.004980630879911455, "secretary,of": 0.004980630879911455, "of,state": 0.005534034311012728, "if,i": 0.003320420586607637, "<s>,in": 0.00387382401770891, "lords,in": 0.002767017155506364}