{"<cs>,my": 0.01947463768115942, "my,lords": 0.019927536231884056, "which,is": 0.0036231884057971015, "your,lordships": 0.006793478260869565, "of,a": 0.002717391304347826, "of,this": 0.004076086956521739, "this,bill": 0.003170289855072464, "about,the": 0.002717391304347826, "and,the": 0.00588768115942029, "the,future": 0.002717391304347826, "of,the": 0.02355072463768116, "<e>,<s>": 0.10869565217391304, "it,is": 0.013134057971014492, "to,have": 0.0036231884057971015, "with,the": 0.008605072463768116, "i,have": 0.011322463768115942, "to,be": 0.010416666666666666, "in,the": 0.01585144927536232, "and,in": 0.002717391304347826, "have,been": 0.004076086956521739, "<cs>,i": 0.015398550724637682, "i,think": 0.006340579710144928, "that,the": 0.014945652173913044, "the,amendments": 0.002717391304347826, "noble,lords": 0.002717391304347826, "they,are": 0.004528985507246377, "the,bill": 0.004076086956521739, "<s>,they": 0.0022644927536231885, "as,the": 0.0036231884057971015, "the,noble": 0.021739130434782608, "noble,lord": 0.016757246376811596, "lord,lord": 0.005434782608695652, "i,am": 0.01585144927536232, "in,this": 0.005434782608695652, "this,matter": 0.004076086956521739, "<s>,i": 0.03215579710144927, "i,do": 0.008152173913043478, "do,not": 0.01177536231884058, "not,wish": 0.0036231884057971015, "<s>,we": 0.008605072463768116, "we,have": 0.006340579710144928, "what,the": 0.002717391304347826, "do,with": 0.002717391304347826, "it,<e>": 0.004981884057971014, "<s>,it": 0.008152173913043478, "to,me": 0.002717391304347826, "that,they": 0.002717391304347826, "the,same": 0.004981884057971014, "at,this": 0.0036231884057971015, "should,be": 0.003170289855072464, "<cs>,it": 0.0022644927536231885, "have,the": 0.0022644927536231885, "this,is": 0.0036231884057971015, "trying,to": 0.0022644927536231885, "in,fact": 0.0022644927536231885, "to,say": 0.004076086956521739, "say,that": 0.004981884057971014, "should,not": 0.0022644927536231885, "as,a": 0.0036231884057971015, "to,do": 0.006793478260869565, "i,beg": 0.007699275362318841, "beg,leave": 0.007699275362318841, "leave,to": 0.007699275362318841, "to,withdraw": 0.008152173913043478, "withdraw,the": 0.007699275362318841, "the,amendment": 0.011322463768115942, "amendment,<e>": 0.010416666666666666, "want,to": 0.004076086956521739, "from,the": 0.002717391304347826, "and,that": 0.0036231884057971015, "in,view": 0.0022644927536231885, "view,of": 0.0022644927536231885, "wish,to": 0.00588768115942029, "to,speak": 0.002717391304347826, "i,hope": 0.0036231884057971015, "hope,that": 0.0036231884057971015, "that,i": 0.007699275362318841, "i,shall": 0.004076086956521739, "be,able": 0.0022644927536231885, "able,to": 0.003170289855072464, "to,the": 0.013134057971014492, "at,the": 0.0036231884057971015, "the,bbc": 0.004076086956521739, "of,your": 0.0022644927536231885, "i,should": 0.004981884057971014, "are,the": 0.002717391304347826, "the,other": 0.002717391304347826, "is,not": 0.004528985507246377, "<s>,nevertheless": 0.002717391304347826, "ought,to": 0.0022644927536231885, "would,be": 0.002717391304347826, "am,not": 0.0036231884057971015, "the,home": 0.004076086956521739, "home,secretary": 0.002717391304347826, "if,the": 0.004076086956521739, "the,house": 0.002717391304347826, "on,this": 0.006340579710144928, "will,be": 0.002717391304347826, "as,i": 0.0022644927536231885, "that,is": 0.004528985507246377, "second,reading": 0.0022644927536231885, "is,the": 0.0036231884057971015, "lords,i": 0.010869565217391304, "i,rise": 0.002717391304347826, "is,a": 0.003170289855072464, "that,we": 0.00588768115942029, "what,is": 0.003170289855072464, "going,to": 0.002717391304347826, "will,not": 0.0022644927536231885, "i,cannot": 0.002717391304347826, "the,committee": 0.0022644927536231885, "this,amendment": 0.0036231884057971015, "to,press": 0.002717391304347826, "<s>,if": 0.00588768115942029, "which,i": 0.004528985507246377, "what,i": 0.0036231884057971015, "i,believe": 0.0036231884057971015, "i,was": 0.006793478260869565, "try,to": 0.0022644927536231885, "did,not": 0.0022644927536231885, "not,have": 0.0022644927536231885, "it,was": 0.002717391304347826, "not,be": 0.003170289855072464, "think,that": 0.0036231884057971015, "<s>,but": 0.003170289855072464, "but,i": 0.0022644927536231885, "noble,baroness": 0.002717391304347826, "may,i": 0.004076086956521739, "the,government": 0.005434782608695652, "have,to": 0.0022644927536231885, "what,they": 0.0022644927536231885, "that,it": 0.00588768115942029, "i,had": 0.003170289855072464, "had,not": 0.0022644927536231885, "not,intended": 0.0022644927536231885, "intended,to": 0.0022644927536231885, "to,this": 0.002717391304347826, "one,of": 0.004076086956521739, "<s>,the": 0.004981884057971014, "of,what": 0.003170289855072464, "is,that": 0.0036231884057971015, "for,the": 0.007246376811594203, "i,would": 0.004076086956521739, "if,i": 0.0036231884057971015, "lord,the": 0.003170289855072464, "the,minister": 0.004981884057971014, "we,are": 0.006340579710144928, "believe,that": 0.003170289855072464, "on,the": 0.004981884057971014, "i,ask": 0.0022644927536231885, "and,so": 0.0022644927536231885, "so,on": 0.0022644927536231885, "that,he": 0.0022644927536231885, "this,<e>": 0.0022644927536231885, "so,that": 0.0022644927536231885, "that,this": 0.002717391304347826, "bill,<e>": 0.0036231884057971015, "at,all": 0.0022644927536231885, "that,there": 0.0022644927536231885, "there,is": 0.0022644927536231885, "would,not": 0.0022644927536231885, "should,like": 0.002717391304347826, "like,to": 0.0036231884057971015, "the,whole": 0.002717391304347826, "may,be": 0.004076086956521739, "in,a": 0.0036231884057971015, "be,a": 0.0022644927536231885, "amendment,no": 0.004076086956521739, "no,<e>": 0.004528985507246377, "the,way": 0.0022644927536231885, "we,should": 0.0022644927536231885, "by,the": 0.003170289855072464, "has,been": 0.006793478260869565, "in,which": 0.003170289855072464, "dealt,with": 0.0022644927536231885, "it,has": 0.0022644927536231885, "which,we": 0.0022644927536231885, "thank,the": 0.0022644927536231885, "he,has": 0.0036231884057971015, "<s>,this": 0.002717391304347826}