{"<cs>,my": 0.038396386222473176, "my,lords": 0.03867871259175607, "lords,is": 0.0016939582156973462, "is,not": 0.00282326369282891, "not,the": 0.001411631846414455, "the,noble": 0.017786561264822136, "noble,lord": 0.010728402032749858, "at,this": 0.001411631846414455, "<e>,<s>": 0.08554488989271598, "all,the": 0.0016939582156973462, "lords,i": 0.007340485601355167, "i,was": 0.0036702428006775835, "at,the": 0.004234895539243365, "in,the": 0.01383399209486166, "but,i": 0.005364201016374929, "i,do": 0.006211180124223602, "do,not": 0.007058159232072276, "<s>,i": 0.027385657820440428, "i,should": 0.004799548277809147, "should,like": 0.0036702428006775835, "like,to": 0.004799548277809147, "my,noble": 0.007340485601355167, "on,the": 0.005081874647092038, "i,think": 0.009316770186335404, "think,that": 0.006775832862789385, "that,if": 0.001976284584980237, "if,we": 0.001976284584980237, "continue,to": 0.001411631846414455, "to,be": 0.007340485601355167, "and,in": 0.003105590062111801, "this,country": 0.005081874647092038, "that,is": 0.002258610954263128, "<s>,there": 0.0016939582156973462, "there,is": 0.003105590062111801, "i,am": 0.00846979107848673, "what,is": 0.002258610954263128, "is,going": 0.0016939582156973462, "going,to": 0.002258610954263128, "not,think": 0.001976284584980237, "think,it": 0.002540937323546019, "it,was": 0.0033879164313946925, "of,the": 0.026256352343308864, "that,the": 0.01355166572557877, "and,the": 0.006211180124223602, "the,americans": 0.001411631846414455, "the,other": 0.0016939582156973462, "<s>,if": 0.004234895539243365, "if,the": 0.00282326369282891, "the,world": 0.0016939582156973462, "have,done": 0.001976284584980237, "have,been": 0.002258610954263128, "<s>,we": 0.001976284584980237, "is,a": 0.005081874647092038, "it,is": 0.01355166572557877, "and,i": 0.005928853754940711, "that,we": 0.005081874647092038, "we,should": 0.0016939582156973462, "it,<e>": 0.0036702428006775835, "to,the": 0.010163749294184076, "would,be": 0.002258610954263128, "able,to": 0.0016939582156973462, "there,<e>": 0.0016939582156973462, "i,have": 0.004517221908526256, "of,people": 0.001411631846414455, "people,who": 0.001976284584980237, "<cs>,i": 0.004517221908526256, "one,of": 0.0016939582156973462, "not,want": 0.0016939582156973462, "want,to": 0.004234895539243365, "for,the": 0.004234895539243365, "which,the": 0.002540937323546019, "per,cent": 0.001411631846414455, "cent,<e>": 0.001411631846414455, "by,the": 0.006493506493506494, "that,it": 0.005928853754940711, "we,have": 0.00564652738565782, "a,moment": 0.001411631846414455, "is,very": 0.001976284584980237, "to,see": 0.0016939582156973462, "we,are": 0.002540937323546019, "a,very": 0.004234895539243365, "made,a": 0.001411631846414455, "i,believe": 0.0016939582156973462, "believe,that": 0.0016939582156973462, "a,great": 0.005081874647092038, "great,deal": 0.003105590062111801, "which,i": 0.002540937323546019, "<s>,the": 0.00564652738565782, "lords,may": 0.001411631846414455, "may,i": 0.0036702428006775835, "i,ask": 0.00282326369282891, "from,the": 0.0036702428006775835, "lords,are": 0.003952569169960474, "are,the": 0.005081874647092038, "the,government": 0.02766798418972332, "government,aware": 0.005081874647092038, "aware,that": 0.006211180124223602, "that,many": 0.001411631846414455, "many,people": 0.0016939582156973462, "people,are": 0.001411631846414455, "on,this": 0.00282326369282891, "this,question": 0.003952569169960474, "will,be": 0.0033879164313946925, "lords,will": 0.005364201016374929, "will,the": 0.00818746470920384, "by,my": 0.001411631846414455, "noble,friend": 0.006211180124223602, "<s>,will": 0.002540937323546019, "i,want": 0.001411631846414455, "to,support": 0.002540937323546019, "deal,of": 0.00282326369282891, "of,what": 0.0016939582156973462, "has,been": 0.003105590062111801, "in,this": 0.00564652738565782, "this,debate": 0.002540937323546019, "they,have": 0.0033879164313946925, "ask,the": 0.0033879164313946925, "of,a": 0.003105590062111801, "government,are": 0.0016939582156973462, "i,agree": 0.002540937323546019, "agree,with": 0.00282326369282891, "with,a": 0.003105590062111801, "about,the": 0.0036702428006775835, "<s>,but": 0.002258610954263128, "<s>,it": 0.005928853754940711, "have,to": 0.002540937323546019, "is,that": 0.001976284584980237, "that,this": 0.0036702428006775835, "years,and": 0.001411631846414455, "it,will": 0.001411631846414455, "to,go": 0.002258610954263128, "we,shall": 0.001976284584980237, "be,a": 0.001976284584980237, "that,there": 0.002258610954263128, "the,foreign": 0.002540937323546019, "to,make": 0.002258610954263128, "lords,before": 0.00282326369282891, "to,say": 0.0016939582156973462, "say,that": 0.002540937323546019, "that,i": 0.001976284584980237, "did,not": 0.0016939582156973462, "noble,lords": 0.002258610954263128, "that,he": 0.0016939582156973462, "deal,with": 0.001411631846414455, "would,the": 0.002258610954263128, "as,we": 0.001411631846414455, "have,heard": 0.001411631846414455, "of,them": 0.002258610954263128, "<s>,as": 0.001411631846414455, "lord,lord": 0.004799548277809147, "if,i": 0.001411631846414455, "i,may": 0.0016939582156973462, "i,hope": 0.002258610954263128, "am,sure": 0.0016939582156973462, "that,they": 0.00282326369282891, "they,will": 0.001976284584980237, "your,lordships": 0.001976284584980237, "lords,would": 0.001411631846414455, "lord,give": 0.0016939582156973462, "give,way": 0.0016939582156973462, "it,not": 0.005364201016374929, "to,get": 0.001976284584980237, "sort,of": 0.0016939582156973462, "that,a": 0.002540937323546019, "and,to": 0.002258610954263128, "as,the": 0.001411631846414455, "to,do": 0.001411631846414455, "of,us": 0.001411631846414455, "is,the": 0.002540937323546019, "this,amendment": 0.001411631846414455, "the,fact": 0.002258610954263128, "fact,that": 0.002258610954263128, "what,the": 0.002258610954263128, "have,had": 0.001411631846414455, "very,great": 0.002258610954263128, "is,it": 0.0033879164313946925, "at,present": 0.001411631846414455, "which,are": 0.001411631846414455, "<s>,is": 0.00282326369282891, "the,united": 0.002258610954263128, "the,m": 0.001411631846414455, "some,of": 0.0016939582156973462, "with,the": 0.007058159232072276, "<s>,are": 0.001411631846414455, "is,really": 0.002540937323546019, "government,have": 0.001976284584980237, "of,our": 0.0036702428006775835, "of,which": 0.001411631846414455, "in,our": 0.001411631846414455, "the,present": 0.0016939582156973462, "when,the": 0.001976284584980237, "the,russians": 0.001976284584980237, "ought,to": 0.002258610954263128, "lords,in": 0.001976284584980237, "government,bear": 0.001976284584980237, "bear,in": 0.001976284584980237, "in,mind": 0.002258610954263128, "mind,that": 0.001411631846414455, "this,sort": 0.0016939582156973462, "government,will": 0.001976284584980237, "before,we": 0.001976284584980237, "we,leave": 0.001976284584980237, "a,view": 0.001411631846414455, "view,to": 0.001411631846414455, "would,it": 0.003105590062111801, "not,be": 0.003105590062111801, "may,we": 0.002540937323546019, "to,produce": 0.001411631846414455, "of,this": 0.0036702428006775835, "hope,that": 0.002258610954263128, "does,not": 0.0016939582156973462, "i,support": 0.0016939582156973462, "the,time": 0.0016939582156973462, "industrial,relations": 0.001411631846414455, "this,is": 0.002258610954263128, "for,a": 0.001411631846414455, "and,that": 0.0016939582156973462, "have,the": 0.001976284584980237, "to,have": 0.0033879164313946925, "about,this": 0.0016939582156973462, "they,are": 0.003105590062111801, "number,of": 0.0016939582156973462, "<s>,may": 0.001411631846414455, "friend,lord": 0.005081874647092038, "sides,of": 0.001411631846414455, "of,my": 0.0016939582156973462, "and,so": 0.001411631846414455, "government,agree": 0.001976284584980237, "agree,that": 0.00282326369282891, "have,a": 0.001976284584980237, "because,i": 0.0016939582156973462, "noble,earl": 0.002258610954263128, "about,it": 0.0016939582156973462, "a,lot": 0.0016939582156973462,