{"<cs>,my": 0.029667519181585677, "my,lords": 0.030690537084398978, "lords,i": 0.011253196930946292, "i,do": 0.0035805626598465474, "do,not": 0.004092071611253197, "think,that": 0.003069053708439898, "that,we": 0.007161125319693095, "to,the": 0.022506393861892585, "the,noble": 0.04245524296675192, "noble,baroness": 0.0035805626598465474, "this,subject": 0.004092071611253197, "your,lordships": 0.006649616368286445, "lordships,house": 0.004092071611253197, "when,the": 0.003069053708439898, "by,the": 0.008184143222506393, "we,have": 0.003069053708439898, "noble,lord": 0.02506393861892583, "lord,lord": 0.018925831202046037, "<e>,<s>": 0.12429667519181585, "<s>,it": 0.009207161125319692, "it,is": 0.019437340153452685, "in,this": 0.006649616368286445, "kind,of": 0.0025575447570332483, "as,i": 0.003069053708439898, "have,to": 0.0025575447570332483, "i,should": 0.011253196930946292, "should,like": 0.011764705882352941, "like,to": 0.011764705882352941, "say,that": 0.0025575447570332483, "that,i": 0.006138107416879796, "with,a": 0.004092071611253197, "i,have": 0.005626598465473146, "what,i": 0.004092071611253197, "<s>,what": 0.0035805626598465474, "my,mind": 0.0025575447570332483, "to,me": 0.004092071611253197, "as,a": 0.004092071611253197, "that,<e>": 0.0025575447570332483, "<s>,i": 0.016368286445012786, "i,think": 0.004603580562659846, "that,is": 0.0076726342710997444, "is,a": 0.008695652173913044, "noble,earl": 0.009718670076726343, "may,i": 0.008695652173913044, "<s>,we": 0.004603580562659846, "this,country": 0.004603580562659846, "and,i": 0.003069053708439898, "at,the": 0.008184143222506393, "<s>,they": 0.005115089514066497, "look,at": 0.004092071611253197, "to,make": 0.0025575447570332483, "lords,may": 0.0035805626598465474, "i,ask": 0.0035805626598465474, "the,minister": 0.0025575447570332483, "whether,he": 0.0025575447570332483, "into,the": 0.004092071611253197, "national,health": 0.0025575447570332483, "a,very": 0.004603580562659846, "of,them": 0.0025575447570332483, "for,the": 0.005115089514066497, "of,the": 0.02608695652173913, "the,bill": 0.0035805626598465474, "of,this": 0.006649616368286445, "i,am": 0.009718670076726343, "to,follow": 0.0025575447570332483, "follow,the": 0.0025575447570332483, "who,has": 0.003069053708439898, "trying,to": 0.003069053708439898, "out,of": 0.003069053708439898, "we,are": 0.009718670076726343, "are,dealing": 0.0025575447570332483, "<s>,if": 0.006649616368286445, "if,i": 0.0025575447570332483, "i,may": 0.0035805626598465474, "<s>,as": 0.004092071611253197, "<s>,the": 0.010230179028132993, "the,point": 0.0025575447570332483, "is,that": 0.003069053708439898, "that,it": 0.005115089514066497, "have,a": 0.004603580562659846, "that,the": 0.009718670076726343, "from,the": 0.004603580562659846, "one,of": 0.0025575447570332483, "has,been": 0.003069053708439898, "<s>,but": 0.005626598465473146, "but,i": 0.003069053708439898, "he,has": 0.004092071611253197, "to,this": 0.003069053708439898, "in,the": 0.017391304347826087, "does,not": 0.0025575447570332483, "to,be": 0.007161125319693095, "there,are": 0.003069053708439898, "on,the": 0.0076726342710997444, "if,we": 0.0025575447570332483, "with,the": 0.004603580562659846, "the,water": 0.005626598465473146, "and,the": 0.003069053708439898, "<s>,there": 0.003069053708439898, "the,world": 0.005115089514066497, "into,a": 0.0035805626598465474, "lords,before": 0.0025575447570332483, "before,the": 0.0035805626598465474, "sits,down": 0.0035805626598465474, "as,the": 0.0025575447570332483, "i,would": 0.004092071611253197, "that,there": 0.0025575447570332483, "there,is": 0.006649616368286445, "<s>,one": 0.0025575447570332483, "is,the": 0.008184143222506393, "<s>,in": 0.003069053708439898, "have,been": 0.004092071611253197, "the,national": 0.0035805626598465474, "<s>,this": 0.006138107416879796, "it,does": 0.0025575447570332483, "is,not": 0.006649616368286445, "my,noble": 0.004092071611253197, "noble,friend": 0.0035805626598465474, "you,can": 0.003069053708439898, "that,you": 0.003069053708439898, "you,are": 0.005115089514066497, "when,you": 0.0025575447570332483, "the,other": 0.003069053708439898, "<s>,so": 0.0025575447570332483, "if,you": 0.004092071611253197, "said,that": 0.003069053708439898, "me,to": 0.0025575447570332483, "<cs>,i": 0.006138107416879796, "<s>,when": 0.0025575447570332483, "dealing,with": 0.0035805626598465474, "the,amendment": 0.0025575447570332483, "to,give": 0.0025575447570332483, "to,have": 0.003069053708439898, "this,amendment": 0.004092071611253197, "which,is": 0.006138107416879796, "<s>,that": 0.005626598465473146, "are,the": 0.003069053708439898, "you,look": 0.003069053708439898, "is,it": 0.0035805626598465474, "to,do": 0.0025575447570332483, "lords,the": 0.0025575447570332483, "will,be": 0.0025575447570332483, "this,is": 0.0035805626598465474, "amendment,is": 0.0025575447570332483, "talking,about": 0.005115089514066497, "are,talking": 0.0025575447570332483, "it,was": 0.0025575447570332483, "it,will": 0.0025575447570332483, "one,part": 0.003069053708439898, "part,per": 0.003069053708439898, "per,million": 0.003069053708439898, "if,the": 0.0025575447570332483, "fluorine,<e>": 0.0025575447570332483, "water,<e>": 0.005115089514066497}