{"<cs>,my": 0.040829986613119144, "my,lords": 0.04216867469879518, "the,committee": 0.007362784471218206, "that,this": 0.0033467202141900937, "of,a": 0.004016064257028112, "it,was": 0.008032128514056224, "to,be": 0.004685408299866131, "to,this": 0.004016064257028112, "this,report": 0.004016064257028112, "lords,i": 0.019410977242302542, "i,should": 0.011378848728246318, "should,like": 0.009370816599732263, "to,thank": 0.008032128514056224, "thank,all": 0.004685408299866131, "all,those": 0.0033467202141900937, "noble,lords": 0.009370816599732263, "lords,who": 0.004685408299866131, "who,have": 0.006693440428380187, "have,taken": 0.004685408299866131, "taken,part": 0.004016064257028112, "part,in": 0.006024096385542169, "in,the": 0.0214190093708166, "the,debate": 0.006693440428380187, "on,this": 0.0033467202141900937, "they,have": 0.0033467202141900937, "<e>,<s>": 0.09170013386880857, "<s>,i": 0.024765729585006693, "that,the": 0.009370816599732263, "and,i": 0.008032128514056224, "i,am": 0.009370816599732263, "grateful,to": 0.004016064257028112, "like,to": 0.008032128514056224, "thank,the": 0.004016064257028112, "the,noble": 0.040829986613119144, "noble,earl": 0.008701472556894244, "earl,lord": 0.007362784471218206, "for,his": 0.004685408299866131, "to,the": 0.0321285140562249, "he,has": 0.006693440428380187, "i,must": 0.004016064257028112, "the,house": 0.008701472556894244, "of,this": 0.00535475234270415, "this,debate": 0.012048192771084338, "debate,<e>": 0.00535475234270415, "i,was": 0.0033467202141900937, "in,a": 0.004685408299866131, "in,this": 0.01606425702811245, "house,<e>": 0.0033467202141900937, "to,take": 0.0033467202141900937, "of,the": 0.051539491298527446, "noble,lord": 0.02208835341365462, "lord,lord": 0.01606425702811245, "i,shall": 0.00535475234270415, "at,the": 0.00535475234270415, "i,too": 0.0033467202141900937, "on,the": 0.01606425702811245, "i,rise": 0.008701472556894244, "rise,to": 0.007362784471218206, "to,make": 0.004685408299866131, "<s>,the": 0.006024096385542169, "it,is": 0.009370816599732263, "for,the": 0.006024096385542169, "and,to": 0.004685408299866131, "thanks,to": 0.0033467202141900937, "<s>,it": 0.008032128514056224, "was,not": 0.0033467202141900937, "with,the": 0.00535475234270415, "have,been": 0.006024096385542169, "as,a": 0.004685408299866131, "the,sub-committee": 0.0033467202141900937, "is,the": 0.004685408299866131, "the,report": 0.008701472556894244, "the,select": 0.009370816599732263, "select,committee": 0.0107095046854083, "committee,on": 0.00535475234270415, "on,science": 0.006024096385542169, "science,and": 0.006024096385542169, "and,technology": 0.006024096385542169, "has,been": 0.008032128514056224, "that,he": 0.0033467202141900937, "the,recommendations": 0.0033467202141900937, "report,<e>": 0.0033467202141900937, "we,have": 0.0033467202141900937, "have,had": 0.0033467202141900937, "research,and": 0.004685408299866131, "and,development": 0.0033467202141900937, "the,committees": 0.0033467202141900937, "at,this": 0.0033467202141900937, "me,to": 0.0033467202141900937, "and,the": 0.008032128514056224, "your,lordships": 0.008032128514056224, "hope,that": 0.0033467202141900937, "will,be": 0.0033467202141900937, "by,the": 0.009370816599732263, "report,on": 0.004016064257028112, "that,it": 0.004685408299866131, "which,i": 0.0033467202141900937, "<s>,in": 0.00535475234270415, "the,water": 0.004016064257028112, "water,industry": 0.0033467202141900937, "that,i": 0.004685408299866131, "to,support": 0.004016064257028112, "support,the": 0.006024096385542169, "<s>,as": 0.004016064257028112, "as,the": 0.004685408299866131, "about,the": 0.004685408299866131, "<cs>,i": 0.00535475234270415, "the,minister": 0.006693440428380187, "minister,for": 0.0033467202141900937, "the,amendment": 0.0033467202141900937, "what,the": 0.004016064257028112, "said,that": 0.0033467202141900937, "to,say": 0.004685408299866131, "noble,baroness": 0.004685408299866131, "for,a": 0.0033467202141900937, "the,government": 0.004685408299866131}