{"<cs>,my": 0.040740740740740744, "my,lords": 0.044444444444444446, "<e>,<s>": 0.15185185185185185, "that,it": 0.018518518518518517, "to,be": 0.022222222222222223, "in,the": 0.040740740740740744, "<s>,i": 0.06296296296296296, "and,i": 0.018518518518518517, "i,should": 0.025925925925925925, "for,the": 0.02962962962962963, "should,like": 0.018518518518518517, "to,say": 0.018518518518518517, "this,amendment": 0.018518518518518517, "a,member": 0.018518518518518517, "of,the": 0.04814814814814815, "that,i": 0.022222222222222223, "the,noble": 0.04814814814814815, "they,have": 0.025925925925925925, "i,am": 0.02962962962962963, "it,is": 0.025925925925925925, "one,is": 0.018518518518518517, "noble,lord": 0.037037037037037035, "lords,i": 0.025925925925925925, "lord,lord": 0.018518518518518517, "of,journalism": 0.018518518518518517, "say,that": 0.022222222222222223, "these,amendments": 0.022222222222222223, "on,the": 0.025925925925925925, "that,there": 0.018518518518518517, "is,a": 0.022222222222222223, "that,the": 0.022222222222222223, "that,we": 0.018518518518518517}