{"<cs>,my": 0.03305785123966942, "my,lords": 0.03305785123966942, "lords,i": 0.03305785123966942, "i,have": 0.028925619834710745, "have,the": 0.03305785123966942, "the,honour": 0.03305785123966942, "honour,to": 0.03305785123966942, "to,present": 0.03305785123966942, "present,to": 0.03305785123966942, "to,your": 0.03305785123966942, "your,lordships": 0.03305785123966942, "lordships,a": 0.028925619834710745, "a,message": 0.028925619834710745, "message,from": 0.028925619834710745, "from,her": 0.03305785123966942, "her,majesty": 0.03305785123966942, "majesty,the": 0.03305785123966942, "the,queen": 0.03305785123966942, "queen,signed": 0.024793388429752067, "signed,by": 0.03305785123966942, "by,her": 0.03305785123966942, "her,own": 0.03305785123966942, "own,hand": 0.03305785123966942, "hand,<e>": 0.03305785123966942, "<e>,<s>": 0.0371900826446281, "<s>,the": 0.03305785123966942, "the,message": 0.028925619834710745, "message,is": 0.03305785123966942, "is,as": 0.03305785123966942, "as,follows": 0.03305785123966942, "follows,<e>": 0.03305785123966942}