{"<cs>,my": 0.03802938634399308, "my,lords": 0.03889369057908384, "the,noble": 0.036300777873811585, "noble,lord": 0.027657735522904063, "what,the": 0.005185825410544511, "of,the": 0.04407951598962835, "lords,i": 0.02247191011235955, "has,been": 0.00864304235090752, "in,the": 0.023336214347450302, "we,have": 0.010371650821089023, "have,been": 0.011235955056179775, "<e>,<s>": 0.12705272255834055, "<s>,it": 0.014693171996542784, "it,is": 0.025064822817631807, "lord,lord": 0.02247191011235955, "that,i": 0.00432152117545376, "i,am": 0.01901469317199654, "going,to": 0.00432152117545376, "to,take": 0.00432152117545376, "in,this": 0.00950734658599827, "to,follow": 0.00864304235090752, "follow,the": 0.006914433880726016, "to,the": 0.011235955056179775, "your,lordships": 0.006050129645635264, "<s>,i": 0.03025064822817632, "i,should": 0.007778738115816767, "should,like": 0.006914433880726016, "like,to": 0.006914433880726016, "by,the": 0.00864304235090752, "that,we": 0.01728608470181504, "we,must": 0.00432152117545376, "for,the": 0.00432152117545376, "that,is": 0.005185825410544511, "are,now": 0.005185825410544511, "in,which": 0.00432152117545376, "which,i": 0.00432152117545376, "which,we": 0.006050129645635264, "we,are": 0.02592912705272256, "on,the": 0.00864304235090752, "as,the": 0.006914433880726016, "pointed,out": 0.00864304235090752, "hope,that": 0.00432152117545376, "<s>,we": 0.013828867761452032, "are,talking": 0.006914433880726016, "but,i": 0.006914433880726016, "that,this": 0.006050129645635264, "this,is": 0.010371650821089023, "is,not": 0.006914433880726016, "not,a": 0.005185825410544511, "is,a": 0.007778738115816767, "<s>,this": 0.006914433880726016, "is,the": 0.007778738115816767, "in,a": 0.006914433880726016, "the,united": 0.00432152117545376, "talking,about": 0.006050129645635264, "about,the": 0.00864304235090752, "that,the": 0.006914433880726016, "<s>,the": 0.007778738115816767, "i,would": 0.00432152117545376, "at,least": 0.005185825410544511, "i,want": 0.010371650821089023, "want,to": 0.011235955056179775, "what,we": 0.007778738115816767, "question,of": 0.00432152117545376, "the,world": 0.005185825410544511, "he,is": 0.00432152117545376, "my,noble": 0.00950734658599827, "noble,friend": 0.00864304235090752, "should,be": 0.00432152117545376, "to,thank": 0.00432152117545376, "and,i": 0.00864304235090752, "i,hope": 0.005185825410544511, "that,it": 0.00432152117545376, "the,government": 0.00432152117545376, "the,fact": 0.007778738115816767, "fact,that": 0.005185825410544511, "all,the": 0.00432152117545376, "it,<e>": 0.005185825410544511, "we,can": 0.00432152117545376, "we,were": 0.00432152117545376, "noble,baroness": 0.00432152117545376, "<s>,as": 0.00432152117545376, "it,was": 0.006050129645635264, "the,minister": 0.006914433880726016, "friend,lord": 0.005185825410544511, "of,us": 0.00432152117545376, "<cs>,i": 0.006050129645635264, "to,support": 0.005185825410544511, "to,be": 0.005185825410544511, "do,not": 0.00432152117545376}