{"<cs>,my": 0.04986737400530504, "my,lords": 0.04986737400530504, "lords,i": 0.022281167108753316, "i,beg": 0.009549071618037135, "beg,leave": 0.008488063660477453, "leave,to": 0.008488063660477453, "to,ask": 0.007957559681697613, "ask,the": 0.010079575596816976, "the,question": 0.006896551724137931, "question,which": 0.003183023872679045, "which,stands": 0.003183023872679045, "stands,in": 0.003183023872679045, "in,my": 0.006896551724137931, "my,name": 0.00636604774535809, "name,on": 0.00636604774535809, "on,the": 0.011671087533156498, "the,order": 0.006896551724137931, "order,paper": 0.00636604774535809, "paper,<e>": 0.00636604774535809, "i,thank": 0.005835543766578249, "thank,the": 0.007427055702917772, "the,noble": 0.027586206896551724, "noble,lord": 0.016445623342175066, "lord,for": 0.002652519893899204, "<e>,<s>": 0.09071618037135279, "her,majestys": 0.002652519893899204, "majestys,government": 0.002652519893899204, "and,that": 0.003183023872679045, "should,be": 0.004774535809018567, "able,to": 0.003713527851458886, "i,should": 0.006896551724137931, "should,like": 0.005835543766578249, "like,to": 0.00636604774535809, "for,that": 0.005305039787798408, "that,reply": 0.003713527851458886, "reply,<e>": 0.003183023872679045, "<s>,i": 0.01803713527851459, "i,believe": 0.002652519893899204, "there,is": 0.007957559681697613, "do,not": 0.005305039787798408, "not,the": 0.003183023872679045, "and,the": 0.003713527851458886, "that,there": 0.004244031830238726, "there,are": 0.003713527851458886, "of,optical": 0.003183023872679045, "reading,glasses": 0.005835543766578249, "to,the": 0.013793103448275862, "of,the": 0.0259946949602122, "with,the": 0.004774535809018567, "number,of": 0.002652519893899204, "<s>,if": 0.005835543766578249, "they,are": 0.003713527851458886, "i,am": 0.009549071618037135, "in,fact": 0.005305039787798408, "that,the": 0.01220159151193634, "<s>,in": 0.004774535809018567, "the,opticians": 0.005835543766578249, "opticians,act": 0.003183023872679045, "act,<e>": 0.002652519893899204, "feel,that": 0.003183023872679045, "that,that": 0.002652519893899204, "to,say": 0.004774535809018567, "this,country": 0.003713527851458886, "that,this": 0.003713527851458886, "this,bill": 0.003183023872679045, "it,is": 0.013262599469496022, "<s>,there": 0.002652519893899204, "has,been": 0.004244031830238726, "your,lordships": 0.003183023872679045, "lordships,house": 0.002652519893899204, "lords,may": 0.003713527851458886, "may,i": 0.004244031830238726, "for,a": 0.002652519893899204, "<s>,is": 0.003183023872679045, "is,the": 0.003713527851458886, "in,the": 0.015384615384615385, "because,i": 0.002652519893899204, "lord,lord": 0.004244031830238726, "as,a": 0.003713527851458886, "of,this": 0.003183023872679045, "i,have": 0.007427055702917772, "we,have": 0.004774535809018567, "people,who": 0.004774535809018567, "in,order": 0.006896551724137931, "order,to": 0.00636604774535809, "by,the": 0.002652519893899204, "the,minister": 0.008488063660477453, "the,general": 0.002652519893899204, "general,optical": 0.002652519893899204, "optical,council": 0.002652519893899204, "the,act": 0.002652519893899204, "a,very": 0.004244031830238726, "have,been": 0.004774535809018567, "the,prescription": 0.004774535809018567, "from,the": 0.003713527851458886, "<s>,it": 0.005835543766578249, "will,be": 0.005305039787798408, "can,be": 0.004244031830238726, "in,a": 0.004244031830238726, "<s>,the": 0.008488063660477453, "noble,earl": 0.003183023872679045, "lords,is": 0.003713527851458886, "with,a": 0.003183023872679045, "which,is": 0.004774535809018567, "to,be": 0.006896551724137931, "that,they": 0.003713527851458886, "say,that": 0.002652519893899204, "which,the": 0.002652519893899204, "is,a": 0.00636604774535809, "fact,that": 0.003183023872679045, "that,is": 0.006896551724137931, "that,it": 0.005305039787798408, "<s>,that": 0.003183023872679045, "have,had": 0.003183023872679045, "the,bill": 0.003183023872679045, "is,to": 0.002652519893899204, "i,think": 0.004774535809018567, "it,<e>": 0.002652519893899204, "the,presbyopic": 0.002652519893899204, "to,me": 0.002652519893899204, "at,the": 0.00636604774535809, "of,a": 0.003713527851458886, "that,people": 0.003183023872679045, "<s>,they": 0.003183023872679045, "the,committee": 0.002652519893899204, "of,spectacles": 0.002652519893899204, "spectacles,<e>": 0.003183023872679045, "prescription,is": 0.002652519893899204, "a,prescription": 0.003183023872679045, "made,up": 0.002652519893899204, "one,of": 0.003183023872679045, "which,are": 0.002652519893899204, "could,be": 0.002652519893899204, "is,not": 0.002652519893899204, "<s>,he": 0.003183023872679045, "to,do": 0.003713527851458886, "the,whole": 0.002652519893899204, "<cs>,i": 0.00636604774535809, "that,i": 0.005835543766578249, "and,i": 0.004244031830238726, "i,was": 0.002652519893899204, "for,the": 0.003713527851458886, "to,make": 0.004774535809018567, "the,moment": 0.002652519893899204, "we,are": 0.004244031830238726, "to,a": 0.004244031830238726, "very,much": 0.003713527851458886, "lords,the": 0.002652519893899204, "it,would": 0.003713527851458886, "question,standing": 0.003183023872679045, "standing,in": 0.003183023872679045, "noble,baroness": 0.007427055702917772, "have,to": 0.003183023872679045, "does,the": 0.003713527851458886, "agree,that": 0.003713527851458886, "would,be": 0.003183023872679045, "lords,does": 0.004244031830238726, "aware,that": 0.002652519893899204, "can,the": 0.002652519893899204}