{"<cs>,my": 0.02346938775510204, "my,lords": 0.023809523809523808, "is,a": 0.0037414965986394557, "<e>,<s>": 0.08435374149659863, "the,noble": 0.027891156462585033, "noble,earl": 0.004761904761904762, "earl,lord": 0.002380952380952381, "of,state": 0.002380952380952381, "at,the": 0.006462585034013605, "with,the": 0.006122448979591836, "have,a": 0.0017006802721088435, "that,there": 0.0017006802721088435, "be,the": 0.0017006802721088435, "perhaps,i": 0.0020408163265306124, "i,did": 0.002380952380952381, "did,not": 0.0037414965986394557, "as,i": 0.004421768707482994, "i,should": 0.005442176870748299, "should,have": 0.003401360544217687, "i,was": 0.003401360544217687, "we,must": 0.0017006802721088435, "i,think": 0.004761904761904762, "to,the": 0.015306122448979591, "noble,lord": 0.015306122448979591, "lord,lord": 0.009183673469387756, "your,lordships": 0.002380952380952381, "lordships,house": 0.0017006802721088435, "<s>,in": 0.003401360544217687, "it,is": 0.01054421768707483, "of,the": 0.03571428571428571, "by,the": 0.009523809523809525, "on,the": 0.008503401360544218, "and,the": 0.0027210884353741495, "<s>,the": 0.00816326530612245, "the,committee": 0.005442176870748299, "have,to": 0.0020408163265306124, "is,the": 0.004761904761904762, "the,minister": 0.025510204081632654, "able,to": 0.003061224489795918, "to,say": 0.004421768707482994, "to,be": 0.008843537414965987, "as,the": 0.0020408163265306124, "noble,lords": 0.0020408163265306124, "for,the": 0.0037414965986394557, "that,the": 0.0163265306122449, "the,present": 0.0017006802721088435, "<s>,i": 0.022448979591836733, "i,believe": 0.006122448979591836, "believe,that": 0.004421768707482994, "that,it": 0.003061224489795918, "it,was": 0.0017006802721088435, "the,debate": 0.0017006802721088435, "because,it": 0.0017006802721088435, "of,us": 0.0017006802721088435, "who,are": 0.0017006802721088435, "the,governments": 0.002380952380952381, "<s>,it": 0.005782312925170068, "in,the": 0.015646258503401362, "part,of": 0.0020408163265306124, "of,his": 0.0020408163265306124, "his,reply": 0.0017006802721088435, "is,to": 0.0020408163265306124, "lords,i": 0.009863945578231292, "the,house": 0.0037414965986394557, "for,my": 0.0017006802721088435, "of,this": 0.004421768707482994, "second,reading": 0.003401360544217687, "but,i": 0.0037414965986394557, "at,least": 0.003061224489795918, "not,quite": 0.0020408163265306124, "to,speak": 0.0017006802721088435, "would,not": 0.0017006802721088435, "not,the": 0.0020408163265306124, "scottish,office": 0.0017006802721088435, "lords,it": 0.0017006802721088435, "that,this": 0.003061224489795918, "the,scottish": 0.004421768707482994, "scottish,scene": 0.0017006802721088435, "the,various": 0.0020408163265306124, "local,authorities": 0.0027210884353741495, "<cs>,i": 0.012244897959183673, "want,to": 0.0027210884353741495, "to,ask": 0.002380952380952381, "what,he": 0.002380952380952381, "<s>,as": 0.0020408163265306124, "in,scotland": 0.0037414965986394557, "is,that": 0.0020408163265306124, "as,a": 0.0037414965986394557, "this,bill": 0.0020408163265306124, "it,<e>": 0.0017006802721088435, "noble,and": 0.005782312925170068, "and,learned": 0.005782312925170068, "learned,lord": 0.005782312925170068, "that,they": 0.003061224489795918, "that,<e>": 0.0027210884353741495, "is,not": 0.0027210884353741495, "which,the": 0.0027210884353741495, "the,bill": 0.008843537414965987, "<s>,however": 0.003401360544217687, "say,that": 0.003061224489795918, "of,a": 0.0027210884353741495, "minister,should": 0.0017006802721088435, "should,like": 0.0027210884353741495, "like,to": 0.0020408163265306124, "my,noble": 0.007823129251700681, "noble,friend": 0.006462585034013605, "friend,lord": 0.006122448979591836, "lord,carmichael": 0.0037414965986394557, "carmichael,of": 0.002380952380952381, "of,kelvingrove": 0.002380952380952381, "that,he": 0.005442176870748299, "amendment,no": 0.0027210884353741495, "no,<e>": 0.003061224489795918, "i,am": 0.009183673469387756, "i,have": 0.004761904761904762, "that,is": 0.003401360544217687, "it,would": 0.003061224489795918, "would,be": 0.004081632653061225, "be,a": 0.0027210884353741495, "at,this": 0.0037414965986394557, "this,point": 0.0020408163265306124, "point,<e>": 0.003061224489795918, "he,might": 0.0017006802721088435, "when,the": 0.0017006802721088435, "the,board": 0.0017006802721088435, "which,is": 0.0027210884353741495, "is,an": 0.0017006802721088435, "will,be": 0.004761904761904762, "be,able": 0.0020408163265306124, "it,will": 0.0020408163265306124, "the,point": 0.003401360544217687, "point,which": 0.0017006802721088435, "that,i": 0.010884353741496598, "at,second": 0.0017006802721088435, "although,i": 0.0017006802721088435, "i,know": 0.0020408163265306124, "lord,the": 0.0037414965986394557, "to,that": 0.0017006802721088435, "has,just": 0.0037414965986394557, "by,my": 0.002380952380952381, "the,question": 0.0017006802721088435, "i,do": 0.005782312925170068, "do,that": 0.0017006802721088435, "<s>,but": 0.003061224489795918, "should,be": 0.0027210884353741495, "i,hope": 0.004761904761904762, "hope,that": 0.0027210884353741495, "he,will": 0.003061224489795918, "to,give": 0.002380952380952381, "give,the": 0.0017006802721088435, "lord,campbell": 0.0017006802721088435, "campbell,of": 0.0017006802721088435, "that,in": 0.0017006802721088435, "in,a": 0.0017006802721088435, "that,my": 0.002380952380952381, "the,remarks": 0.003061224489795918, "made,by": 0.003061224489795918, "of,scotland": 0.0017006802721088435, "scotland,<e>": 0.0020408163265306124, "think,that": 0.003401360544217687, "i,shall": 0.002380952380952381, "has,not": 0.0017006802721088435, "<s>,that": 0.0027210884353741495, "this,afternoon": 0.0027210884353741495, "i,want": 0.002380952380952381, "which,i": 0.004081632653061225, "about,the": 0.002380952380952381, "<s>,therefore": 0.0020408163265306124, "there,are": 0.0017006802721088435, "lord,morton": 0.0017006802721088435, "morton,of": 0.0017006802721088435, "of,shuna": 0.0017006802721088435, "members,of": 0.002380952380952381, "the,lord": 0.003401360544217687, "lord,advocate": 0.003401360544217687, "to,him": 0.002380952380952381, "him,that": 0.0020408163265306124, "bill,<e>": 0.0027210884353741495, "point,of": 0.0020408163265306124, "ask,the": 0.0017006802721088435, "minister,to": 0.0017006802721088435, "to,this": 0.0027210884353741495, "am,not": 0.0020408163265306124, "on,that": 0.0020408163265306124, "that,point": 0.0017006802721088435, "to,make": 0.0027210884353741495, "i,had": 0.0020408163265306124, "have,been": 0.002380952380952381, "if,the": 0.003061224489795918, "the,government": 0.004421768707482994, "thank,the": 0.0017006802721088435, "<s>,he": 0.0017006802721088435, "and,i": 0.005782312925170068, "board,<e>": 0.0017006802721088435, "from,the": 0.0017006802721088435, "said,that": 0.0020408163265306124, "the,amendment": 0.006462585034013605, "amendment,<e>": 0.003061224489795918, "or,not": 0.0017006802721088435, "seems,to": 0.0017006802721088435, "to,me": 0.0017006802721088435, "this,is": 0.0020408163265306124, "the,new": 0.0017006802721088435, "those,who": 0.0017006802721088435, "think,it": 0.002380952380952381, "my,name": 0.0017006802721088435, "the,other": 0.0020408163265306124, "thought,that": 0.0020408163265306124, "will,have": 0.0017006802721088435, "do,not": 0.006462585034013605, "remarks,made": 0.0017006802721088435, "the,fact": 0.0020408163265306124, "fact,that": 0.0020408163265306124, "if,i": 0.0020408163265306124, "not,think": 0.0017006802721088435, "however,i": 0.0017006802721088435, "is,another": 0.0017006802721088435, "another,example": 0.002380952380952381, "example,of": 0.0020408163265306124, "minister,has": 0.003061224489795918, "he,has": 0.002380952380952381, "the,very": 0.0017006802721088435, "support,the": 0.0020408163265306124, "i,wish": 0.0027210884353741495, "wish,to": 0.004421768707482994, "for,a": 0.0017006802721088435, "i,may": 0.002380952380952381, "are,not": 0.0020408163265306124, "might,be": 0.0017006802721088435,