{"<cs>,my": 0.03682584937039677, "my,lords": 0.03896412449512948, "lords,i": 0.011879306248515086, "i,rise": 0.0011879306248515087, "rise,to": 0.0014255167498218105, "to,support": 0.002851033499643621, "support,the": 0.001663102874792112, "the,motion": 0.0021382751247327157, "by,the": 0.007602755999049656, "the,noble": 0.03991446899501069, "noble,lord": 0.029223093371347115, "lord,lord": 0.01092896174863388, "lord,peart": 0.0023758612497030173, "and,i": 0.004514136374435733, "i,wish": 0.0011879306248515087, "from,these": 0.002613447374673319, "these,benches": 0.005702066999287242, "to,add": 0.0011879306248515087, "to,the": 0.01663102874792112, "the,mover": 0.0011879306248515087, "mover,and": 0.0011879306248515087, "who,have": 0.002851033499643621, "have,been": 0.005226894749346638, "with,the": 0.00546448087431694, "<e>,<s>": 0.07175100974103113, "of,this": 0.004751722499406035, "this,house": 0.004038964124495129, "and,we": 0.002851033499643621, "we,are": 0.004038964124495129, "grateful,to": 0.001900688999762414, "for,that": 0.0011879306248515087, "that,<e>": 0.0011879306248515087, "<s>,we": 0.004751722499406035, "of,the": 0.028985507246376812, "i,should": 0.006177239249227845, "should,like": 0.005939653124257543, "like,to": 0.006414825374198147, "hope,that": 0.0023758612497030173, "that,in": 0.0014255167498218105, "in,this": 0.006414825374198147, "not,be": 0.0021382751247327157, "for,the": 0.007365169874079354, "in,any": 0.0011879306248515087, "house,<e>": 0.001663102874792112, "<s>,i": 0.014730339748158707, "on,the": 0.006414825374198147, "the,house": 0.010453789498693276, "we,can": 0.001900688999762414, "in,<e>": 0.0011879306248515087, "i,hope": 0.0021382751247327157, "before,the": 0.001663102874792112, "it,was": 0.001900688999762414, "that,he": 0.002613447374673319, "<s>,but": 0.001900688999762414, "i,have": 0.002851033499643621, "has,said": 0.003326205749584224, "that,this": 0.002613447374673319, "industrial,action": 0.0011879306248515087, "<s>,this": 0.0030886196246139226, "this,is": 0.005226894749346638, "to,take": 0.0014255167498218105, "that,if": 0.0014255167498218105, "<s>,it": 0.004751722499406035, "in,a": 0.001663102874792112, "lords,may": 0.006177239249227845, "may,i": 0.00950344499881207, "<s>,the": 0.003326205749584224, "is,that": 0.001900688999762414, "as,the": 0.002851033499643621, "the,leader": 0.0023758612497030173, "leader,of": 0.002613447374673319, "does,not": 0.0011879306248515087, "<s>,that": 0.0023758612497030173, "that,is": 0.004514136374435733, "endorse,everything": 0.0011879306248515087, "lord,for": 0.0014255167498218105, "statement,<e>": 0.0014255167498218105, "is,very": 0.0011879306248515087, "<s>,there": 0.0011879306248515087, "there,is": 0.004514136374435733, "is,no": 0.0011879306248515087, "in,the": 0.0135424091233072, "a,matter": 0.0014255167498218105, "i,ask": 0.007602755999049656, "ask,the": 0.00688999762413875, "should,be": 0.0021382751247327157, "i,would": 0.0011879306248515087, "ought,to": 0.001900688999762414, "look,at": 0.0014255167498218105, "the,statement": 0.001663102874792112, "which,we": 0.0014255167498218105, "lord,whether": 0.001900688999762414, "he,is": 0.0021382751247327157, "aware,that": 0.0014255167498218105, "that,the": 0.01235447849845569, "that,it": 0.004989308624376337, "it,is": 0.010216203373722975, "is,not": 0.004751722499406035, "not,the": 0.0014255167498218105, "he,will": 0.0014255167498218105, "what,he": 0.001663102874792112, "he,has": 0.0042765502494654314, "whether,he": 0.0021382751247327157, "the,committee": 0.0011879306248515087, "the,foreign": 0.0014255167498218105, "lords,we": 0.0023758612497030173, "we,on": 0.0021382751247327157, "on,these": 0.003326205749584224, "but,i": 0.0014255167498218105, "i,must": 0.002613447374673319, "must,say": 0.0011879306248515087, "say,that": 0.001663102874792112, "it,would": 0.001663102874792112, "would,be": 0.003801377999524828, "with,a": 0.0011879306248515087, "a,very": 0.006177239249227845, "<s>,may": 0.001900688999762414, "to,be": 0.006652411499168448, "<s>,if": 0.003801377999524828, "will,be": 0.003563791874554526, "i,do": 0.002613447374673319, "do,not": 0.003801377999524828, "in,order": 0.0014255167498218105, "order,to": 0.0014255167498218105, "noble,earl": 0.0030886196246139226, "is,the": 0.00688999762413875, "lords,will": 0.0014255167498218105, "will,the": 0.001900688999762414, "the,minister": 0.002613447374673319, "in,many": 0.0011879306248515087, "the,government": 0.008790686623901164, "i,wonder": 0.003801377999524828, "wonder,whether": 0.003801377999524828, "whether,the": 0.004038964124495129, "the,last": 0.0014255167498218105, "want,to": 0.0011879306248515087, "is,it": 0.0014255167498218105, "it,not": 0.0021382751247327157, "thank,the": 0.001900688999762414, "must,tell": 0.0011879306248515087, "that,we": 0.006652411499168448, "and,the": 0.005702066999287242, "has,been": 0.005939653124257543, "been,said": 0.0011879306248515087, "noble,and": 0.001900688999762414, "and,learned": 0.001900688999762414, "learned,lord": 0.001663102874792112, "i,think": 0.00546448087431694, "think,that": 0.0023758612497030173, "to,have": 0.002851033499643621, "this,bill": 0.0014255167498218105, "lord,the": 0.0030886196246139226, "ask,him": 0.0014255167498218105, "would,not": 0.001663102874792112, "is,a": 0.00546448087431694, "we,ought": 0.001663102874792112, "to,get": 0.001663102874792112, "and,that": 0.0030886196246139226, "be,a": 0.001900688999762414, "a,good": 0.0011879306248515087, "very,difficult": 0.0011879306248515087, "lords,from": 0.0014255167498218105, "we,should": 0.001663102874792112, "to,say": 0.0014255167498218105, "believe,that": 0.0021382751247327157, "noble,lords": 0.001900688999762414, "<s>,of": 0.001663102874792112, "will,have": 0.0011879306248515087, "and,a": 0.0011879306248515087, "as,i": 0.0011879306248515087, "number,of": 0.0011879306248515087, "if,the": 0.001900688999762414, "what,is": 0.002851033499643621, "the,debate": 0.001663102874792112, "the,right": 0.0014255167498218105, "for,a": 0.002613447374673319, "and,for": 0.0011879306248515087, "from,the": 0.003326205749584224, "<s>,what": 0.001900688999762414, "about,the": 0.001900688999762414, "the,way": 0.001900688999762414, "of,that": 0.0011879306248515087, "which,is": 0.001900688999762414, "<s>,in": 0.001900688999762414, "point,<e>": 0.0011879306248515087, "are,going": 0.0014255167498218105, "going,to": 0.003801377999524828, "to,do": 0.0021382751247327157, "we,have": 0.002613447374673319, "of,a": 0.0023758612497030173, "lords,<e>": 0.0014255167498218105, "wish,to": 0.003326205749584224, "what,the": 0.002613447374673319, "said,<e>": 0.001900688999762414, "and,to": 0.002851033499643621, "the,public": 0.0021382751247327157, "at,the": 0.0011879306248515087, "<s>,does": 0.001900688999762414, "as,a": 0.003563791874554526, "when,the": 0.0011879306248515087, "have,had": 0.001663102874792112, "lords,the": 0.001663102874792112, "house,is": 0.0011879306248515087, "noble,baroness": 0.0042765502494654314, "very,important": 0.0021382751247327157, "motion,<e>": 0.0011879306248515087, "i,am": 0.004751722499406035, "debate,and": 0.0011879306248515087, "over,the": 0.0011879306248515087, "which,the": 0.0014255167498218105, "that,a": 0.0011879306248515087, "i,beg": 0.0011879306248515087, "the,question": 0.0014255167498218105, "this,matter": 0.001663102874792112, "<s>,how": 0.0011879306248515087, "such,a": 0.0014255167498218105, "<s>,is": 0.0014255167498218105, "of,what": 0.001663102874792112, "so,that": 0.001900688999762414, "on,this": 0.0030886196246139226, "does,the": 0.0014255167498218105, "have,the": 0.0011879306248515087, "between,the": 0.0011879306248515087, "the,plo": 0.001663102874792112, "per,cent": 0.001900688999762414, "cent,<e>": 0.001900688999762414, "the,whole": 0.0011879306248515087, "think,it": 0.0023758612497030173, "that,i": 0.0030886196246139226, "the,next": 0.0014255167498218105, "at,this": 0.0014255167498218105, "to,thank": 0.002613447374673319, "those,who": 0.0030886196246139226,