{"<cs>,i": 0.013377926421404682, "i,should": 0.013377926421404682, "should,like": 0.01137123745819398, "like,to": 0.012709030100334449, "to,support": 0.0046822742474916385, "the,noble": 0.020066889632107024, "noble,lord": 0.006688963210702341, "lord,lord": 0.004013377926421404, "<e>,<s>": 0.13377926421404682, "<s>,in": 0.006020066889632107, "<cs>,my": 0.02140468227424749, "my,lords": 0.02274247491638796, "lords,i": 0.008026755852842809, "i,hope": 0.005351170568561873, "hope,that": 0.0046822742474916385, "that,the": 0.020066889632107024, "the,government": 0.006688963210702341, "will,not": 0.006688963210702341, "accept,this": 0.0033444816053511705, "this,amendment": 0.01471571906354515, "amendment,<e>": 0.010033444816053512, "<s>,we": 0.0046822742474916385, "that,it": 0.008026755852842809, "it,is": 0.015384615384615385, "with,the": 0.006688963210702341, "they,have": 0.0033444816053511705, "have,a": 0.0033444816053511705, "<s>,if": 0.005351170568561873, "local,authorities": 0.006688963210702341, "there,is": 0.005351170568561873, "is,the": 0.007357859531772575, "<s>,i": 0.04013377926421405, "i,would": 0.0046822742474916385, "your,lordships": 0.004013377926421404, "we,have": 0.006688963210702341, "for,the": 0.006688963210702341, "of,the": 0.026755852842809364, "the,committee": 0.004013377926421404, "if,i": 0.0046822742474916385, "amendment,no": 0.008026755852842809, "no,<e>": 0.008695652173913044, "<s>,as": 0.0033444816053511705, "to,the": 0.008695652173913044, "in,the": 0.016053511705685617, "the,first": 0.0033444816053511705, "my,amendment": 0.004013377926421404, "the,whole": 0.0046822742474916385, "<s>,therefore": 0.0033444816053511705, "it,would": 0.005351170568561873, "would,be": 0.007357859531772575, "<s>,it": 0.008026755852842809, "they,are": 0.005351170568561873, "<s>,the": 0.012040133779264214, "of,this": 0.008026755852842809, "this,bill": 0.004013377926421404, "is,that": 0.0046822742474916385, "will,be": 0.014046822742474917, "and,i": 0.008695652173913044, "i,do": 0.0033444816053511705, "do,not": 0.005351170568561873, "that,we": 0.005351170568561873, "i,believe": 0.008695652173913044, "believe,that": 0.008695652173913044, "on,the": 0.006020066889632107, "noble,baroness": 0.005351170568561873, "so,far": 0.0033444816053511705, "my,noble": 0.013377926421404682, "in,this": 0.005351170568561873, "i,am": 0.016053511705685617, "that,my": 0.0033444816053511705, "that,they": 0.005351170568561873, "to,be": 0.006688963210702341, "from,the": 0.0046822742474916385, "which,is": 0.0033444816053511705, "i,have": 0.0033444816053511705, "have,been": 0.0033444816053511705, "<s>,however": 0.0033444816053511705, "i,must": 0.005351170568561873, "<s>,but": 0.0033444816053511705, "but,i": 0.009364548494983277, "noble,friend": 0.012040133779264214, "the,minister": 0.006688963210702341, "i,was": 0.0033444816053511705, "going,to": 0.0033444816053511705, "friend,lord": 0.008026755852842809, "lord,ridley": 0.0033444816053511705, "is,a": 0.006688963210702341, "and,the": 0.006020066889632107, "i,think": 0.010033444816053512, "not,be": 0.0046822742474916385, "the,local": 0.004013377926421404, "county,councils": 0.0033444816053511705, "i,shall": 0.004013377926421404, "has,been": 0.0046822742474916385, "that,if": 0.0033444816053511705, "for,that": 0.0033444816053511705, "to,withdraw": 0.0033444816053511705, "the,amendment": 0.005351170568561873, "must,be": 0.0033444816053511705, "committee,stage": 0.0033444816053511705, "lords,the": 0.0046822742474916385, "that,this": 0.008026755852842809, "the,bill": 0.005351170568561873, "said,that": 0.0033444816053511705, "of,practice": 0.004013377926421404, "that,there": 0.0046822742474916385, "local,authority": 0.005351170568561873, "i,feel": 0.004013377926421404, "feel,that": 0.004013377926421404, "this,is": 0.005351170568561873, "noble,earl": 0.006688963210702341, "to,make": 0.0033444816053511705, "all,the": 0.0046822742474916385, "is,not": 0.0033444816053511705, "rights,of": 0.004013377926421404, "should,be": 0.007357859531772575, "think,that": 0.005351170568561873, "earl,lord": 0.004013377926421404, "baroness,lady": 0.0033444816053511705, "to,say": 0.0033444816053511705, "by,the": 0.005351170568561873, "but,the": 0.0033444816053511705, "at,the": 0.0033444816053511705, "as,the": 0.004013377926421404, "the,registrar": 0.0033444816053511705}