{"<cs>,my": 0.05, "my,lords": 0.052083333333333336, "lords,i": 0.025, "i,am": 0.029166666666666667, "as,a": 0.0125, "of,the": 0.07291666666666667, "<e>,<s>": 0.16875, "your,lordships": 0.01875, "and,i": 0.014583333333333334, "the,house": 0.0125, "that,in": 0.010416666666666666, "<s>,i": 0.03958333333333333, "in,the": 0.03333333333333333, "of,this": 0.010416666666666666, "noble,lords": 0.0125, "to,the": 0.041666666666666664, "the,noble": 0.041666666666666664, "noble,earl": 0.010416666666666666, "have,been": 0.014583333333333334, "it,is": 0.022916666666666665, "that,is": 0.010416666666666666, "do,not": 0.020833333333333332, "and,to": 0.010416666666666666, "may,i": 0.010416666666666666, "that,the": 0.020833333333333332, "with,the": 0.0125, "trade,unions": 0.0125, "on,the": 0.014583333333333334, "noble,lord": 0.022916666666666665, "lord,lord": 0.020833333333333332, "for,the": 0.010416666666666666, "by,the": 0.0125, "that,i": 0.0125, "i,have": 0.01875, "the,trade": 0.0125, "that,they": 0.010416666666666666, "they,have": 0.010416666666666666, "there,is": 0.0125, "<s>,the": 0.014583333333333334, "i,do": 0.010416666666666666, "trade,union": 0.0125, "some,of": 0.0125}