{"<cs>,my": 0.03969754253308128, "my,lords": 0.04158790170132325, "and,the": 0.017013232514177693, "<e>,<s>": 0.16446124763705103, "<s>,i": 0.024574669187145556, "have,been": 0.013232514177693762, "with,the": 0.00945179584120983, "of,a": 0.013232514177693762, "lords,i": 0.015122873345935728, "by,the": 0.013232514177693762, "the,noble": 0.02835538752362949, "in,the": 0.024574669187145556, "to,the": 0.022684310018903593, "that,is": 0.00945179584120983, "in,this": 0.00945179584120983, "<s>,there": 0.011342155009451797, "there,is": 0.017013232514177693, "for,the": 0.017013232514177693, "<s>,the": 0.01890359168241966, "it,is": 0.026465028355387523, "is,that": 0.00945179584120983, "on,the": 0.01890359168241966, "<s>,it": 0.017013232514177693, "to,move": 0.011342155009451797, "is,the": 0.00945179584120983, "is,a": 0.017013232514177693, "of,the": 0.054820415879017016, "beg,to": 0.013232514177693762, "my,noble": 0.017013232514177693, "noble,and": 0.026465028355387523, "and,learned": 0.026465028355387523, "learned,friend": 0.017013232514177693, "i,am": 0.015122873345935728, "noble,lord": 0.013232514177693762, "lord,lord": 0.013232514177693762, "the,bill": 0.015122873345935728, "should,be": 0.013232514177693762, "lords,the": 0.00945179584120983, "that,the": 0.026465028355387523, "i,beg": 0.011342155009451797, "will,be": 0.011342155009451797, "learned,lord": 0.00945179584120983, "and,a": 0.00945179584120983, "the,law": 0.01890359168241966, "law,commission": 0.00945179584120983, "friend,the": 0.00945179584120983, "the,lord": 0.015122873345935728, "lord,chancellor": 0.015122873345935728, "law,society": 0.00945179584120983}