{"<cs>,my": 0.028823929299796058, "my,lords": 0.028687967369136643, "lords,i": 0.01264445955132563, "i,am": 0.010469068660774983, "to,be": 0.007749830047586676, "opportunity,to": 0.0006798096532970768, "to,speak": 0.0013596193065941536, "i,have": 0.006254248810333107, "<e>,<s>": 0.07817811012916383, "to,the": 0.010469068660774983, "and,was": 0.0006798096532970768, "the,health": 0.0008157715839564922, "health,and": 0.001087695445275323, "lords,it": 0.001087695445275323, "it,has": 0.001495581237253569, "at,least": 0.0008157715839564922, "that,this": 0.002719238613188307, "has,been": 0.005438477226376614, "one,of": 0.0016315431679129844, "of,the": 0.02705642420122366, "that,we": 0.0035350101971447995, "we,have": 0.0020394289598912306, "have,had": 0.0016315431679129844, "in,this": 0.0042148198504418765, "this,house": 0.0006798096532970768, "time,<e>": 0.001087695445275323, "<s>,i": 0.019442556084296396, "i,think": 0.004758667573079538, "think,it": 0.0009517335146159076, "be,the": 0.0008157715839564922, "the,first": 0.0017675050985723998, "that,there": 0.002175390890550646, "there,has": 0.0006798096532970768, "been,a": 0.0008157715839564922, "<s>,the": 0.006118286879673691, "is,not": 0.0020394289598912306, "we,are": 0.0017675050985723998, "talking,about": 0.0012236573759347384, "am,not": 0.0017675050985723998, "not,a": 0.0009517335146159076, "a,member": 0.0013596193065941536, "member,of": 0.002175390890550646, "but,i": 0.0025832766825288917, "i,can": 0.0020394289598912306, "in,which": 0.001495581237253569, "which,i": 0.0023113528212100613, "as,a": 0.005030591434398368, "the,medical": 0.0012236573759347384, "i,should": 0.008701563562202584, "should,like": 0.007749830047586676, "like,to": 0.007885791978246091, "to,know": 0.0006798096532970768, "from,the": 0.0023113528212100613, "the,minister": 0.005166553365057783, "and,i": 0.0031271244051665533, "with,the": 0.00557443915703603, "the,district": 0.0006798096532970768, "and,other": 0.0008157715839564922, "some,of": 0.0019034670292318152, "which,are": 0.0016315431679129844, "many,of": 0.0013596193065941536, "of,your": 0.0012236573759347384, "will,be": 0.0042148198504418765, "community,care": 0.0009517335146159076, "reply,to": 0.0008157715839564922, "the,noble": 0.023521414004078856, "noble,baroness": 0.007070020394289599, "i,would": 0.0013596193065941536, "say,that": 0.0020394289598912306, "that,i": 0.005302515295717199, "to,see": 0.0008157715839564922, "of,my": 0.0031271244051665533, "am,sorry": 0.0008157715839564922, "what,i": 0.0008157715839564922, "i,had": 0.0020394289598912306, "to,say": 0.0019034670292318152, "in,a": 0.002719238613188307, "my,speech": 0.0006798096532970768, "speech,<e>": 0.0009517335146159076, "lords,the": 0.0012236573759347384, "the,national": 0.0032630863358259687, "national,health": 0.003399048266485384, "health,service": 0.003670972127804215, "and,it": 0.0008157715839564922, "it,is": 0.00938137321549966, "this,very": 0.0006798096532970768, "of,people": 0.0008157715839564922, "would,be": 0.0025832766825288917, "be,a": 0.0017675050985723998, "have,to": 0.002175390890550646, "of,our": 0.0009517335146159076, "the,other": 0.0006798096532970768, "i,could": 0.0006798096532970768, "he,said": 0.0006798096532970768, "support,this": 0.0013596193065941536, "this,amendment": 0.0025832766825288917, "the,point": 0.0006798096532970768, "point,of": 0.0006798096532970768, "view,of": 0.0012236573759347384, "have,spoken": 0.0006798096532970768, "this,bill": 0.0020394289598912306, "members,of": 0.0006798096532970768, "who,are": 0.0013596193065941536, "service,<e>": 0.0013596193065941536, "<s>,they": 0.0009517335146159076, "feel,that": 0.0019034670292318152, "that,the": 0.010469068660774983, "to,me": 0.0008157715839564922, "the,fact": 0.0006798096532970768, "fact,that": 0.0006798096532970768, "are,not": 0.0012236573759347384, "that,it": 0.0024473147518694767, "with,regard": 0.001087695445275323, "regard,to": 0.001087695445275323, "such,as": 0.0009517335146159076, "for,the": 0.004350781781101292, "the,people": 0.0006798096532970768, "people,in": 0.0016315431679129844, "in,the": 0.013188307273963291, "general,practitioners": 0.001495581237253569, "of,a": 0.002991162474507138, "i,also": 0.0009517335146159076, "baroness,lady": 0.0013596193065941536, "for,bringing": 0.0006798096532970768, "to,that": 0.0009517335146159076, "noble,lord": 0.013868116927260367, "lord,lord": 0.007885791978246091, "lord,hunter": 0.0009517335146159076, "think,that": 0.0038069340584636303, "rather,than": 0.0008157715839564922, "your,lordships": 0.0031271244051665533, "may,be": 0.0016315431679129844, "that,a": 0.0023113528212100613, "of,this": 0.002991162474507138, "of,such": 0.0008157715839564922, "my,own": 0.0008157715839564922, "am,a": 0.0006798096532970768, "i,feel": 0.0017675050985723998, "a,medical": 0.0006798096532970768, "aspects,of": 0.0008157715839564922, "this,debate": 0.0013596193065941536, "on,the": 0.005982324949014276, "<s>,in": 0.0032630863358259687, "the,general": 0.001087695445275323, "<s>,it": 0.005982324949014276, "is,also": 0.0008157715839564922, "the,<e>": 0.0013596193065941536, "in,that": 0.0008157715839564922, "was,not": 0.0009517335146159076, "i,agree": 0.0008157715839564922, "agree,with": 0.0006798096532970768, "lords,is": 0.0025832766825288917, "is,the": 0.006118286879673691, "school,meals": 0.001495581237253569, "whether,they": 0.0006798096532970768, "<s>,is": 0.0032630863358259687, "is,he": 0.001087695445275323, "aware,that": 0.004622705642420123, "those,who": 0.0012236573759347384, "and,that": 0.0009517335146159076, "be,very": 0.0012236573759347384, "the,united": 0.001495581237253569, "this,country": 0.001495581237253569, "country,<e>": 0.001087695445275323, "<s>,there": 0.002175390890550646, "there,is": 0.004078857919782461, "bill,<e>": 0.002175390890550646, "<s>,he": 0.001087695445275323, "he,has": 0.0012236573759347384, "why,it": 0.0006798096532970768, "perhaps,i": 0.0008157715839564922, "in,<e>": 0.0006798096532970768, "wish,to": 0.0016315431679129844, "the,amendment": 0.004622705642420123, "one,or": 0.001087695445275323, "or,two": 0.0008157715839564922, "is,a": 0.003399048266485384, "that,is": 0.0025832766825288917, "is,an": 0.0006798096532970768, "sure,that": 0.0009517335146159076, "i,was": 0.002991162474507138, "able,to": 0.0024473147518694767, "at,the": 0.003942895989123046, "the,debate": 0.0028552005438477225, "debate,<e>": 0.0012236573759347384, "if,i": 0.0009517335146159076, "points,that": 0.0008157715839564922, "been,made": 0.0008157715839564922, "<s>,but": 0.0012236573759347384, "this,is": 0.0016315431679129844, "to,do": 0.0013596193065941536, "with,a": 0.0012236573759347384, "will,not": 0.0006798096532970768, "because,it": 0.0006798096532970768, "the,moment": 0.001087695445275323, "a,very": 0.0012236573759347384, "another,place": 0.0006798096532970768, "have,been": 0.002719238613188307, "against,the": 0.0006798096532970768, "the,government": 0.003399048266485384, "<s>,many": 0.0006798096532970768, "not,only": 0.001087695445275323, "lordships,house": 0.001087695445275323, "by,the": 0.004758667573079538, "lords,may": 0.0006798096532970768, "in,fact": 0.0020394289598912306, "if,the": 0.0012236573759347384, "she,not": 0.0008157715839564922, "had,been": 0.0006798096532970768, "both,the": 0.0008157715839564922, "lord,the": 0.0009517335146159076, "pointed,out": 0.0008157715839564922, "<s>,however": 0.0016315431679129844, "likely,to": 0.0012236573759347384, "to,take": 0.0006798096532970768, "i,must": 0.001495581237253569, "apologise,to": 0.0008157715839564922, "to,my": 0.001087695445275323, "my,noble": 0.004758667573079538, "noble,friend": 0.0042148198504418765, "friend,lord": 0.0023113528212100613, "for,not": 0.0009517335146159076, "when,he": 0.0006798096532970768, "as,i": 0.0012236573759347384, "many,noble": 0.0006798096532970768, "noble,lords": 0.0042148198504418765, "lords,and": 0.0006798096532970768, "i,do": 0.0023113528212100613, "do,not": 0.002991162474507138,