{"<cs>,my": 0.038649706457925634, "my,lords": 0.038649706457925634, "it,is": 0.009295499021526418, "to,the": 0.017123287671232876, "the,day": 0.002446183953033268, "your,lordships": 0.006360078277886497, "lordships,house": 0.002446183953033268, "i,have": 0.005870841487279843, "have,been": 0.003913894324853229, "as,i": 0.004403131115459882, "of,the": 0.03131115459882583, "<e>,<s>": 0.10812133072407044, "for,the": 0.007827788649706457, "is,to": 0.002446183953033268, "that,i": 0.007827788649706457, "lords,i": 0.02054794520547945, "i,too": 0.006360078277886497, "noble,lords": 0.004892367906066536, "lords,in": 0.003424657534246575, "congratulating,the": 0.002446183953033268, "the,noble": 0.03767123287671233, "noble,lord": 0.029354207436399216, "lord,lord": 0.021037181996086105, "<s>,in": 0.0053816046966731895, "he,has": 0.003913894324853229, "but,i": 0.003913894324853229, "i,think": 0.004403131115459882, "to,my": 0.002446183953033268, "because,i": 0.002446183953033268, "in,the": 0.02201565557729941, "the,other": 0.0029354207436399216, "<s>,it": 0.010273972602739725, "is,a": 0.004403131115459882, "welcome,the": 0.002446183953033268, "and,i": 0.004892367906066536, "hope,that": 0.002446183953033268, "that,we": 0.004892367906066536, "<cs>,i": 0.003913894324853229, "thank,the": 0.003424657534246575, "the,minister": 0.005870841487279843, "it,would": 0.003424657534246575, "to,do": 0.002446183953033268, "the,amendment": 0.0029354207436399216, "amendment,<e>": 0.003424657534246575, "i,welcome": 0.002446183953033268, "the,bill": 0.006360078277886497, "it,will": 0.004892367906066536, "public,transport": 0.004403131115459882, "and,the": 0.009295499021526418, "the,government": 0.004892367906066536, "to,be": 0.008317025440313111, "seeking,to": 0.002446183953033268, "they,are": 0.003913894324853229, "on,the": 0.010273972602739725, "to,a": 0.004403131115459882, "that,in": 0.0029354207436399216, "in,a": 0.0029354207436399216, "we,are": 0.005870841487279843, "i,do": 0.0029354207436399216, "do,not": 0.004403131115459882, "this,evening": 0.003424657534246575, "<s>,the": 0.0053816046966731895, "<s>,i": 0.03522504892367906, "that,it": 0.004892367906066536, "will,be": 0.004403131115459882, "there,is": 0.004403131115459882, "is,an": 0.0029354207436399216, "this,afternoon": 0.004892367906066536, "<s>,at": 0.002446183953033268, "at,the": 0.007338551859099804, "i,should": 0.010763209393346379, "should,like": 0.009784735812133072, "like,to": 0.011741682974559686, "the,debate": 0.0029354207436399216, "i,must": 0.002446183953033268, "which,is": 0.003913894324853229, "of,transport": 0.002446183953033268, "from,the": 0.0029354207436399216, "second,reading": 0.0029354207436399216, "to,me": 0.005870841487279843, "a,little": 0.004403131115459882, "of,a": 0.003424657534246575, "i,am": 0.015655577299412915, "am,sorry": 0.002446183953033268, "those,who": 0.002446183953033268, "that,the": 0.009295499021526418, "british,rail": 0.0053816046966731895, "<s>,if": 0.002446183953033268, "that,is": 0.0029354207436399216, "the,opportunity": 0.003424657534246575, "to,debate": 0.0029354207436399216, "i,can": 0.002446183953033268, "it,has": 0.002446183953033268, "the,end": 0.002446183953033268, "end,of": 0.002446183953033268, "by,congratulating": 0.002446183953033268, "not,only": 0.003913894324853229, "as,the": 0.003424657534246575, "seems,to": 0.004403131115459882, "by,the": 0.007338551859099804, "lord,underhill": 0.0029354207436399216, "opportunity,to": 0.002446183953033268, "and,in": 0.002446183953033268, "in,his": 0.0029354207436399216, "his,opening": 0.002446183953033268, "opening,remarks": 0.002446183953033268, "the,context": 0.002446183953033268, "too,am": 0.002446183953033268, "am,grateful": 0.0053816046966731895, "i,feel": 0.0029354207436399216, "feel,that": 0.0029354207436399216, "which,i": 0.0029354207436399216, "us,the": 0.0029354207436399216, "for,giving": 0.0053816046966731895, "giving,us": 0.003424657534246575, "i,believe": 0.0053816046966731895, "if,i": 0.002446183953033268, "with,the": 0.003424657534246575, "this,bill": 0.003913894324853229, "<s>,he": 0.002446183953033268, "in,this": 0.003913894324853229, "but,also": 0.002446183953033268, "it,seems": 0.002446183953033268, "of,us": 0.002446183953033268, "i,wish": 0.002446183953033268, "<s>,as": 0.003424657534246575, "to,say": 0.003424657534246575, "say,that": 0.003424657534246575, "of,those": 0.002446183953033268, "me,that": 0.002446183953033268, "<s>,but": 0.0029354207436399216, "giving,way": 0.002446183953033268, "way,<e>": 0.003424657534246575, "we,have": 0.004403131115459882, "has,been": 0.004403131115459882, "this,amendment": 0.004892367906066536, "that,he": 0.003424657534246575, "noble,earl": 0.003913894324853229, "earl,lord": 0.003913894324853229, "i,shall": 0.0053816046966731895, "noble,baroness": 0.002446183953033268, "perhaps,i": 0.0029354207436399216, "i,may": 0.003913894324853229, "i,also": 0.002446183953033268, "who,have": 0.003913894324853229, "and,that": 0.002446183953033268, "my,noble": 0.003424657534246575, "noble,friend": 0.002446183953033268, "is,not": 0.003424657534246575, "bill,and": 0.002446183953033268, "amendment,no": 0.002446183953033268, "no,<e>": 0.002446183953033268, "it,to": 0.002446183953033268, "of,this": 0.002446183953033268, "shall,be": 0.002446183953033268, "grateful,to": 0.004403131115459882, "believe,that": 0.003424657534246575, "pay,for": 0.002446183953033268, "said,that": 0.0029354207436399216}