{"<cs>,my": 0.03581720872787155, "my,lords": 0.03664059283655825, "part,of": 0.0032935364347468094, "of,the": 0.018114450391107453, "to,which": 0.0020584602717167557, "i,should": 0.004940304652120214, "should,like": 0.004528612597776863, "like,to": 0.004528612597776863, "is,the": 0.0037052284890901604, "a,little": 0.002881844380403458, "to,come": 0.0020584602717167557, "<e>,<s>": 0.08110333470564018, "<s>,it": 0.005351996706463565, "it,is": 0.016055990119390694, "<s>,that": 0.002881844380403458, "one,of": 0.0020584602717167557, "of,a": 0.002881844380403458, "have,been": 0.00699876492383697, "of,scotland": 0.002881844380403458, "number,of": 0.004940304652120214, "to,see": 0.002881844380403458, "see,that": 0.0020584602717167557, "that,they": 0.002881844380403458, "<s>,he": 0.002881844380403458, "had,the": 0.0020584602717167557, "should,be": 0.002470152326060107, "they,are": 0.005763688760806916, "to,this": 0.002470152326060107, "a,very": 0.005763688760806916, "as,i": 0.002470152326060107, "has,been": 0.005351996706463565, "lords,will": 0.012350761630300536, "will,my": 0.012762453684643887, "my,noble": 0.03952243721696171, "noble,friend": 0.03787566899958831, "lords,i": 0.007410456978180321, "the,noble": 0.018526142445450804, "noble,lord": 0.013174145738987238, "lord,lord": 0.007822149032523672, "for,the": 0.007822149032523672, "that,he": 0.0037052284890901604, "he,has": 0.002881844380403458, "the,house": 0.005763688760806916, "<s>,i": 0.0168793742280774, "that,i": 0.004940304652120214, "i,am": 0.007410456978180321, "to,the": 0.01399752984767394, "way,<e>": 0.0020584602717167557, "<s>,the": 0.005351996706463565, "i,was": 0.005351996706463565, "in,the": 0.014820913956360642, "and,that": 0.0020584602717167557, "that,if": 0.0032935364347468094, "not,the": 0.002470152326060107, "that,is": 0.002470152326060107, "the,minister": 0.0032935364347468094, "to,make": 0.0020584602717167557, "the,fact": 0.002470152326060107, "fact,that": 0.002470152326060107, "he,is": 0.006587072869493619, "going,to": 0.002881844380403458, "may,i": 0.007410456978180321, "and,the": 0.006175380815150268, "the,government": 0.006175380815150268, "<s>,is": 0.0020584602717167557, "aware,that": 0.0020584602717167557, "that,there": 0.004116920543433511, "friend,agree": 0.002470152326060107, "of,us": 0.002470152326060107, "who,have": 0.002470152326060107, "that,the": 0.015232606010703994, "<s>,will": 0.0032935364347468094, "will,he": 0.004528612597776863, "he,not": 0.0020584602717167557, "not,agree": 0.004940304652120214, "agree,that": 0.007822149032523672, "there,are": 0.0037052284890901604, "or,two": 0.0020584602717167557, "<s>,if": 0.004116920543433511, "to,be": 0.006587072869493619, "his,right": 0.0020584602717167557, "right,honourable": 0.002470152326060107, "which,is": 0.0032935364347468094, "they,do": 0.0020584602717167557, "at,least": 0.0020584602717167557, "to,my": 0.0032935364347468094, "by,the": 0.004528612597776863, "most,of": 0.0020584602717167557, "that,we": 0.0037052284890901604, "at,the": 0.004940304652120214, "because,the": 0.002470152326060107, "is,not": 0.008233841086867023, "not,a": 0.0020584602717167557, "if,we": 0.002881844380403458, "will,be": 0.0037052284890901604, "of,my": 0.0020584602717167557, "able,to": 0.0020584602717167557, "<s>,we": 0.002470152326060107, "to,do": 0.004940304652120214, "if,the": 0.0020584602717167557, "on,the": 0.007822149032523672, "the,worst": 0.0020584602717167557, "the,same": 0.0020584602717167557, "as,the": 0.0020584602717167557, "trying,to": 0.002881844380403458, "at,all": 0.0020584602717167557, "said,that": 0.002881844380403458, "would,be": 0.0032935364347468094, "there,is": 0.0020584602717167557, "friend,not": 0.004528612597776863, "the,other": 0.002881844380403458, "and,not": 0.002470152326060107, "bear,in": 0.005763688760806916, "in,mind": 0.006587072869493619, "mind,that": 0.004940304652120214, "lords,if": 0.0020584602717167557, "if,i": 0.002470152326060107, "very,much": 0.002881844380403458, "to,me": 0.0020584602717167557, "that,it": 0.004528612597776863, "on,to": 0.002470152326060107, "a,number": 0.0020584602717167557, "to,put": 0.002470152326060107, "it,was": 0.002881844380403458, "all,the": 0.0020584602717167557, "when,he": 0.0020584602717167557, "does,not": 0.0020584602717167557, "have,to": 0.004528612597776863, "that,in": 0.004940304652120214, "a,great": 0.002881844380403458, "great,deal": 0.002470152326060107, "deal,of": 0.002470152326060107, "the,country": 0.0020584602717167557, "agree,with": 0.002881844380403458, "with,the": 0.004116920543433511, "noble,earl": 0.0020584602717167557, "so,many": 0.002470152326060107, "people,who": 0.002470152326060107, "i,have": 0.007410456978180321, "an,interest": 0.0020584602717167557, "i,do": 0.0020584602717167557, "do,not": 0.0037052284890901604, "on,this": 0.0020584602717167557, "i,think": 0.006587072869493619, "in,some": 0.0020584602717167557, "<cs>,i": 0.004940304652120214, "be,a": 0.0020584602717167557, "<s>,in": 0.0020584602717167557, "some,of": 0.0020584602717167557, "well,be": 0.0020584602717167557, "they,have": 0.0020584602717167557, "to,have": 0.0020584602717167557, "the,question": 0.002881844380403458, "was,the": 0.002470152326060107, "i,ask": 0.002881844380403458, "is,a": 0.004528612597776863, "that,my": 0.0032935364347468094, "would,he": 0.002881844380403458, "think,that": 0.002881844380403458, "am,not": 0.0020584602717167557, "<s>,my": 0.002470152326060107, "we,are": 0.002881844380403458, "have,a": 0.0020584602717167557, "the,scottish": 0.0020584602717167557, "but,i": 0.0020584602717167557, "have,had": 0.002881844380403458, "in,a": 0.004528612597776863, "the,last": 0.002470152326060107, "in,this": 0.0032935364347468094, "friend,lord": 0.002881844380403458, "and,i": 0.004116920543433511, "has,said": 0.0020584602717167557, "with,which": 0.0020584602717167557, "this,is": 0.0020584602717167557, "for,a": 0.0032935364347468094, "about,the": 0.0020584602717167557, "<s>,as": 0.002470152326060107, "time,<e>": 0.0020584602717167557, "say,that": 0.0020584602717167557, "of,state": 0.0020584602717167557, "it,<e>": 0.002881844380403458, "your,lordships": 0.0020584602717167557, "lords,would": 0.0037052284890901604, "would,my": 0.004528612597776863, "this,country": 0.0020584602717167557, "<s>,would": 0.002470152326060107, "had,a": 0.002881844380403458, "not,only": 0.0020584602717167557, "of,what": 0.0020584602717167557, "this,house": 0.0020584602717167557, "is,that": 0.0037052284890901604, "government,<e>": 0.0020584602717167557, "should,not": 0.0020584602717167557, "many,of": 0.002470152326060107, "we,have": 0.004528612597776863, "are,not": 0.002470152326060107, "friend,bear": 0.004116920543433511, "the,price": 0.0020584602717167557, "price,of": 0.0020584602717167557, "from,the": 0.002470152326060107, "sort,of": 0.0020584602717167557, "noble,viscount": 0.0020584602717167557}