{"<cs>,my": 0.04880066170388751, "my,lords": 0.050454921422663356, "perhaps,i": 0.0041356492969396195, "i,may": 0.006617038875103391, "begin,by": 0.004962779156327543, "that,it": 0.006617038875103391, "it,is": 0.015715467328370553, "is,a": 0.005789909015715467, "this,house": 0.007444168734491315, "which,is": 0.0041356492969396195, "such,an": 0.0041356492969396195, "to,the": 0.01488833746898263, "the,national": 0.0041356492969396195, "and,to": 0.004962779156327543, "<e>,<s>": 0.12406947890818859, "<s>,it": 0.008271298593879239, "we,are": 0.006617038875103391, "for,that": 0.01240694789081886, "that,we": 0.006617038875103391, "thank,the": 0.015715467328370553, "is,the": 0.009098428453267164, "has,been": 0.005789909015715467, "from,the": 0.007444168734491315, "the,noble": 0.02481389578163772, "noble,lord": 0.013234077750206782, "lord,lord": 0.009098428453267164, "look,forward": 0.0041356492969396195, "forward,to": 0.0041356492969396195, "which,i": 0.0041356492969396195, "i,have": 0.004962779156327543, "noble,earl": 0.006617038875103391, "lords,i": 0.023986765922249794, "i,should": 0.010752688172043012, "should,like": 0.008271298593879239, "like,to": 0.009098428453267164, "my,noble": 0.007444168734491315, "noble,friend": 0.007444168734491315, "friend,lord": 0.006617038875103391, "i,must": 0.0041356492969396195, "i,think": 0.0041356492969396195, "<s>,i": 0.023986765922249794, "on,the": 0.010752688172043012, "that,i": 0.004962779156327543, "that,the": 0.016542597187758478, "will,the": 0.004962779156327543, "of,the": 0.04052936311000827, "at,the": 0.010752688172043012, "have,been": 0.006617038875103391, "does,he": 0.007444168734491315, "he,not": 0.0041356492969396195, "agree,that": 0.009925558312655087, "<s>,in": 0.004962779156327543, "in,mind": 0.004962779156327543, "of,this": 0.0041356492969396195, "some,of": 0.0041356492969396195, "<s>,we": 0.008271298593879239, "<s>,the": 0.0041356492969396195, "for,the": 0.007444168734491315, "of,his": 0.0041356492969396195, "and,the": 0.007444168734491315, "i,am": 0.009925558312655087, "in,the": 0.02481389578163772, "that,is": 0.005789909015715467, "will,be": 0.005789909015715467, "<s>,that": 0.004962779156327543, "the,house": 0.005789909015715467, "in,this": 0.006617038875103391, "wish,to": 0.0041356492969396195, "speech,<e>": 0.004962779156327543, "we,have": 0.0041356492969396195, "house,<e>": 0.0041356492969396195, "am,sure": 0.005789909015715467, "with,the": 0.006617038875103391, "to,be": 0.006617038875103391, "noble,lords": 0.004962779156327543, "the,government": 0.011579818031430935, "that,<e>": 0.0041356492969396195, "<s>,perhaps": 0.0041356492969396195, "i,thank": 0.01240694789081886, "the,minister": 0.03143093465674111, "minister,for": 0.009098428453267164, "reply,<e>": 0.005789909015715467, "does,the": 0.005789909015715467, "interest,rates": 0.0041356492969396195, "does,not": 0.005789909015715467, "the,governments": 0.0041356492969396195, "do,not": 0.004962779156327543, "that,reply": 0.005789909015715467, "<s>,is": 0.007444168734491315, "aware,that": 0.008271298593879239, "<s>,does": 0.004962779156327543, "rate,of": 0.004962779156327543, "per,cent": 0.008271298593879239, "cent,<e>": 0.007444168734491315, "the,city": 0.0041356492969396195, "<s>,will": 0.006617038875103391, "will,he": 0.007444168734491315, "the,past": 0.0041356492969396195}