{"<cs>,my": 0.034532000519278204, "my,lords": 0.03505127872257562, "lords,i": 0.01064520316759704, "i,am": 0.009217188108529145, "unable,to": 0.0007789173049461248, "with,the": 0.005452421134622874, "the,noble": 0.025834090614046474, "noble,lord": 0.017006361157990393, "who,has": 0.0011683759574191873, "has,just": 0.0007789173049461248, "in,terms": 0.0006490977541217707, "terms,of": 0.0007789173049461248, "in,a": 0.0023367519148383745, "that,i": 0.009606646761002207, "i,could": 0.0010385564065948333, "<e>,<s>": 0.05919771517590549, "as,i": 0.0023367519148383745, "propose,to": 0.0006490977541217707, "a,matter": 0.0006490977541217707, "the,national": 0.0010385564065948333, "national,health": 0.0010385564065948333, "health,service": 0.0012981955082435415, "i,feel": 0.0031156692197844994, "attention,to": 0.0006490977541217707, "to,the": 0.016097624302219914, "of,the": 0.02284824094508633, "the,gracious": 0.0007789173049461248, "gracious,speech": 0.0007789173049461248, "of,which": 0.0006490977541217707, "the,last": 0.0012981955082435415, "to,take": 0.0011683759574191873, "it,to": 0.000908736855770479, "to,your": 0.0007789173049461248, "your,lordships": 0.004673503829676749, "part,in": 0.0012981955082435415, "to,go": 0.0007789173049461248, "it,<e>": 0.0022069323640140203, "<s>,as": 0.0012981955082435415, "lord,lord": 0.010125924964299624, "and,the": 0.0037647669739062704, "noble,earl": 0.0032454887706088536, "earl,lord": 0.000908736855770479, "have,said": 0.0012981955082435415, "have,been": 0.0028560301181357914, "may,be": 0.0007789173049461248, "from,the": 0.0024665714656627287, "be,in": 0.0007789173049461248, "in,<e>": 0.0007789173049461248, "i,should": 0.0038945865247306246, "should,like": 0.003505127872257562, "like,to": 0.003634947423081916, "to,begin": 0.0006490977541217707, "about,the": 0.0038945865247306246, "<s>,i": 0.017006361157990393, "i,do": 0.0016876541607166039, "do,not": 0.0029858496689601456, "noble,lords": 0.0029858496689601456, "lords,who": 0.0007789173049461248, "aware,that": 0.004024406075554978, "that,if": 0.0006490977541217707, "in,the": 0.010385564065948332, "the,absence": 0.0006490977541217707, "absence,of": 0.0006490977541217707, "over,the": 0.001817473711540958, "that,this": 0.003634947423081916, "this,question": 0.0007789173049461248, "was,going": 0.0006490977541217707, "going,to": 0.0023367519148383745, "to,be": 0.004284045177203687, "by,my": 0.0015578346098922497, "my,noble": 0.01856419576788264, "noble,friend": 0.017395819810463457, "feel,that": 0.001817473711540958, "that,that": 0.0007789173049461248, "go,on": 0.0006490977541217707, "believe,that": 0.0010385564065948333, "that,the": 0.012592496429962352, "the,way": 0.0010385564065948333, "in,which": 0.0006490977541217707, "am,a": 0.0007789173049461248, "but,it": 0.0006490977541217707, "i,have": 0.007789173049461249, "have,had": 0.000908736855770479, "to,do": 0.0016876541607166039, "do,with": 0.000908736855770479, "and,i": 0.0038945865247306246, "a,number": 0.0011683759574191873, "number,of": 0.0016876541607166039, "in,this": 0.0031156692197844994, "this,house": 0.001817473711540958, "the,years": 0.0011683759574191873, "which,have": 0.0012981955082435415, "on,the": 0.007399714396988186, "result,of": 0.0006490977541217707, "of,his": 0.000908736855770479, "and,that": 0.001817473711540958, "this,bill": 0.0029858496689601456, "which,is": 0.0020771128131896665, "as,it": 0.0012981955082435415, "it,should": 0.0010385564065948333, "should,be": 0.002726210567311437, "i,think": 0.002726210567311437, "what,i": 0.0016876541607166039, "have,heard": 0.000908736855770479, "i,can": 0.0007789173049461248, "the,house": 0.0049331429313254575, "the,bill": 0.0032454887706088536, "a,second": 0.0007789173049461248, "second,reading": 0.0014280150590678957, "to,a": 0.0014280150590678957, "will,not": 0.0007789173049461248, "not,be": 0.0006490977541217707, "end,of": 0.0006490977541217707, "there,are": 0.0028560301181357914, "the,other": 0.0022069323640140203, "the,like": 0.0007789173049461248, "which,are": 0.0007789173049461248, "in,his": 0.0019472932623653123, "<s>,but": 0.0011683759574191873, "but,i": 0.0028560301181357914, "refer,to": 0.0010385564065948333, "part,of": 0.0011683759574191873, "for,that": 0.000908736855770479, "that,is": 0.0028560301181357914, "is,a": 0.0038945865247306246, "matter,<e>": 0.000908736855770479, "lords,before": 0.0028560301181357914, "before,the": 0.002596391016487083, "lord,sits": 0.0016876541607166039, "sits,down": 0.0024665714656627287, "referred,to": 0.0012981955082435415, "<s>,we": 0.0015578346098922497, "is,not": 0.0032454887706088536, "<s>,however": 0.0016876541607166039, "by,the": 0.0049331429313254575, "that,my": 0.000908736855770479, "friend,lord": 0.005192782032974166, "me,that": 0.0006490977541217707, "in,my": 0.0022069323640140203, "years,<e>": 0.0006490977541217707, "i,would": 0.0010385564065948333, "lordships,that": 0.0006490977541217707, "think,that": 0.0012981955082435415, "<s>,this": 0.0016876541607166039, "he,has": 0.0014280150590678957, "said,<e>": 0.0015578346098922497, "lords,is": 0.0033753083214332078, "is,the": 0.004413864728028041, "that,there": 0.0029858496689601456, "people,in": 0.0006490977541217707, "this,country": 0.0007789173049461248, "under,the": 0.0011683759574191873, "are,not": 0.000908736855770479, "at,the": 0.0022069323640140203, "the,people": 0.0012981955082435415, "people,<e>": 0.0010385564065948333, "mentioned,the": 0.0006490977541217707, "the,question": 0.002596391016487083, "question,of": 0.0012981955082435415, "<s>,would": 0.0006490977541217707, "would,he": 0.0006490977541217707, "agree,that": 0.0037647669739062704, "one,of": 0.0014280150590678957, "is,that": 0.0024665714656627287, "i,hope": 0.0014280150590678957, "the,problem": 0.000908736855770479, "problem,of": 0.0006490977541217707, "<s>,the": 0.0037647669739062704, "that,we": 0.0038945865247306246, "the,subject": 0.000908736855770479, "who,have": 0.0010385564065948333, "referring,to": 0.000908736855770479, "of,my": 0.0020771128131896665, "the,importance": 0.0006490977541217707, "that,it": 0.004154225626379333, "it,is": 0.00999610541347527, "have,a": 0.0016876541607166039, "of,this": 0.0037647669739062704, "i,must": 0.000908736855770479, "say,that": 0.0023367519148383745, "i,had": 0.0016876541607166039, "i,shall": 0.0012981955082435415, "shall,not": 0.0006490977541217707, "<s>,it": 0.005062962482149812, "there,was": 0.000908736855770479, "was,a": 0.0012981955082435415, "which,i": 0.0029858496689601456, "in,mind": 0.0016876541607166039, "we,are": 0.0014280150590678957, "about,it": 0.0006490977541217707, "be,a": 0.000908736855770479, "in,view": 0.000908736855770479, "view,of": 0.0010385564065948333, "of,what": 0.0015578346098922497, "what,the": 0.0024665714656627287, "this,is": 0.0024665714656627287, "is,in": 0.0007789173049461248, "down,may": 0.000908736855770479, "may,i": 0.0038945865247306246, "i,ask": 0.0020771128131896665, "ask,him": 0.0006490977541217707, "<s>,he": 0.0012981955082435415, "would,not": 0.0006490977541217707, "not,the": 0.0007789173049461248, "lord,agree": 0.0007789173049461248, "is,an": 0.0010385564065948333, "<s>,does": 0.0007789173049461248, "does,he": 0.0006490977541217707, "mind,the": 0.0006490977541217707, "i,said": 0.0012981955082435415, "is,it": 0.0016876541607166039, "it,not": 0.0007789173049461248, "lords,would": 0.0014280150590678957, "would,my": 0.0012981955082435415, "noble,and": 0.0007789173049461248, "and,learned": 0.0006490977541217707, "friend,agree": 0.0010385564065948333, "that,he": 0.0014280150590678957, "as,a": 0.003505127872257562, "a,whole": 0.0006490977541217707, "the,<e>": 0.0006490977541217707, "when,the": 0.0006490977541217707, "me,to": 0.0015578346098922497, "take,part": 0.0006490977541217707, "this,debate": 0.0032454887706088536, "said,that": 0.0016876541607166039, "my,name": 0.0016876541607166039, "listen,to": 0.0006490977541217707, "the,debate": 0.0024665714656627287, "debate,and": 0.0010385564065948333,