{"<cs>,my": 0.03720810880164229, "my,lords": 0.037721324095458045, "lords,i": 0.018988965871182963, "i,also": 0.0028226841159866563, "like,to": 0.006671798819604825, "to,pay": 0.0012830382345393892, "tribute,to": 0.0028226841159866563, "to,the": 0.015909674108288425, "the,noble": 0.016936104695919937, "noble,lord": 0.011290736463946625, "lord,lord": 0.010520913523222993, "<e>,<s>": 0.08365409289196818, "<s>,i": 0.01565306646138055, "believe,that": 0.002052861175263023, "he,is": 0.0012830382345393892, "is,the": 0.00359250705671029, "to,do": 0.001539645881447267, "it,<e>": 0.0025660764690787785, "<s>,we": 0.00359250705671029, "we,have": 0.0028226841159866563, "have,to": 0.0033358994098024123, "that,the": 0.010520913523222993, "lords,will": 0.002052861175263023, "will,the": 0.0025660764690787785, "the,government": 0.010520913523222993, "in,the": 0.02155504234026174, "we,are": 0.0025660764690787785, "will,be": 0.00359250705671029, "there,is": 0.003849114703618168, "that,there": 0.004618937644341801, "there,are": 0.0012830382345393892, "years,<e>": 0.0012830382345393892, "for,the": 0.006671798819604825, "and,a": 0.001539645881447267, "health,service": 0.007954837054144213, "service,<e>": 0.002052861175263023, "<cs>,i": 0.0023094688221709007, "i,should": 0.006415191172696947, "should,like": 0.006415191172696947, "to,say": 0.0023094688221709007, "i,believe": 0.0012830382345393892, "about,the": 0.005388760585065435, "noble,lords": 0.002052861175263023, "amendment,<e>": 0.001796253528355145, "<s>,it": 0.00359250705671029, "it,is": 0.004875545291249679, "has,been": 0.00718501411342058, "been,a": 0.0012830382345393892, "which,has": 0.001796253528355145, "to,be": 0.00718501411342058, "<s>,a": 0.0012830382345393892, "as,a": 0.0012830382345393892, "of,a": 0.0012830382345393892, "this,is": 0.0012830382345393892, "i,am": 0.0033358994098024123, "with,the": 0.00359250705671029, "noble,baroness": 0.003079291762894534, "<s>,there": 0.0025660764690787785, "there,should": 0.0012830382345393892, "should,be": 0.005388760585065435, "and,also": 0.001539645881447267, "<cs>,the": 0.0012830382345393892, "and,i": 0.0023094688221709007, "<s>,if": 0.001796253528355145, "that,it": 0.0023094688221709007, "within,the": 0.0012830382345393892, "i,beg": 0.00718501411342058, "beg,leave": 0.00718501411342058, "leave,to": 0.00718501411342058, "to,withdraw": 0.0025660764690787785, "withdraw,the": 0.001539645881447267, "the,amendment": 0.0025660764690787785, "that,i": 0.002052861175263023, "part,of": 0.002052861175263023, "of,the": 0.030279702335129586, "the,debate": 0.0023094688221709007, "of,this": 0.003079291762894534, "i,have": 0.0023094688221709007, "of,course": 0.0012830382345393892, "i,too": 0.001539645881447267, "for,his": 0.001539645881447267, "the,medical": 0.0028226841159866563, "medical,profession": 0.001539645881447267, "he,has": 0.0023094688221709007, "for,that": 0.00590197587888119, "number,of": 0.002052861175263023, "the,past": 0.001539645881447267, "a,great": 0.003079291762894534, "these,matters": 0.0012830382345393892, "per,cent": 0.0012830382345393892, "cent,<e>": 0.0012830382345393892, "<s>,the": 0.008468052347959968, "the,fact": 0.001796253528355145, "fact,that": 0.001796253528355145, "government,have": 0.001796253528355145, "have,thought": 0.0012830382345393892, "this,matter": 0.001796253528355145, "and,the": 0.008211444701052091, "the,house": 0.006928406466512702, "from,the": 0.004618937644341801, "the,question": 0.005388760585065435, "what,is": 0.0025660764690787785, "people,who": 0.0012830382345393892, "that,we": 0.002052861175263023, "is,to": 0.001796253528355145, "to,congratulate": 0.001539645881447267, "who,have": 0.001539645881447267, "in,this": 0.005388760585065435, "this,debate": 0.004105722350526046, "that,he": 0.001796253528355145, "the,national": 0.005388760585065435, "national,health": 0.0056453682319733125, "can,the": 0.002052861175263023, "the,minister": 0.01924557351809084, "minister,tell": 0.001796253528355145, "tell,us": 0.001539645881447267, "the,present": 0.0012830382345393892, "which,the": 0.0025660764690787785, "to,ask": 0.0056453682319733125, "ask,the": 0.006415191172696947, "in,my": 0.0056453682319733125, "my,name": 0.0043623299974339235, "name,on": 0.0043623299974339235, "on,the": 0.009494482935591481, "the,order": 0.0043623299974339235, "order,paper": 0.0043623299974339235, "paper,<e>": 0.0043623299974339235, "lords,in": 0.002052861175263023, "minister,for": 0.005132152938157557, "that,reply": 0.004105722350526046, "may,i": 0.0056453682319733125, "i,ask": 0.0028226841159866563, "the,report": 0.001796253528355145, "the,new": 0.001539645881447267, "whether,the": 0.003079291762894534, "view,of": 0.001539645881447267, "by,the": 0.006415191172696947, "of,state": 0.0012830382345393892, "health,and": 0.001796253528355145, "what,the": 0.001796253528355145, "the,governments": 0.0012830382345393892, "the,future": 0.003079291762894534, "the,university": 0.003079291762894534, "university,grants": 0.0023094688221709007, "grants,committee": 0.0025660764690787785, "committee,<e>": 0.001539645881447267, "<s>,will": 0.0012830382345393892, "the,universities": 0.0033358994098024123, "lords,may": 0.0025660764690787785, "i,thank": 0.006158583525789068, "thank,the": 0.006671798819604825, "reply,<e>": 0.003849114703618168, "<s>,in": 0.003079291762894534, "which,is": 0.0023094688221709007, "the,point": 0.0012830382345393892, "point,of": 0.001539645881447267, "of,view": 0.001539645881447267, "does,the": 0.002052861175263023, "think,that": 0.001796253528355145, "to,add": 0.0012830382345393892, "add,my": 0.004105722350526046, "him,on": 0.0012830382345393892, "the,health": 0.003079291762894534, "service,and": 0.001796253528355145, "the,public": 0.001796253528355145, "my,thanks": 0.002052861175263023, "thanks,to": 0.002052861175263023, "debate,<e>": 0.00359250705671029, "<s>,as": 0.001539645881447267, "as,has": 0.001796253528355145, "been,said": 0.0025660764690787785, "<s>,however": 0.0028226841159866563, "the,department": 0.0023094688221709007, "department,of": 0.002052861175263023, "of,health": 0.0012830382345393892, "<s>,does": 0.0023094688221709007, "<s>,is": 0.0012830382345393892, "is,it": 0.001539645881447267, "a,good": 0.001539645881447267, "<s>,that": 0.003079291762894534, "that,is": 0.0025660764690787785, "will,have": 0.002052861175263023, "the,family": 0.0012830382345393892, "the,first": 0.0025660764690787785, "as,the": 0.001539645881447267, "future,<e>": 0.0012830382345393892, "to,have": 0.001796253528355145, "the,opportunity": 0.0012830382345393892, "which,i": 0.0025660764690787785, "many,of": 0.0023094688221709007, "baroness,for": 0.001539645881447267, "had,been": 0.001539645881447267, "was,the": 0.001796253528355145, "is,that": 0.0025660764690787785, "i,think": 0.0028226841159866563, "the,same": 0.001539645881447267, "to,thank": 0.001796253528355145, "to,this": 0.001539645881447267, "be,a": 0.001539645881447267, "the,right": 0.0012830382345393892, "matter,<e>": 0.0012830382345393892, "<s>,for": 0.001539645881447267, "house,<e>": 0.001796253528355145, "thought,that": 0.0012830382345393892, "is,a": 0.004105722350526046, "a,very": 0.001539645881447267, "my,tribute": 0.0012830382345393892, "<s>,he": 0.002052861175263023, "years,ago": 0.0012830382345393892, "was,a": 0.002052861175263023, "at,the": 0.0025660764690787785, "question,standing": 0.00359250705671029, "standing,in": 0.00359250705671029, "chairman,of": 0.0012830382345393892, "the,ugc": 0.001796253528355145, "science,and": 0.0012830382345393892, "a,few": 0.001539645881447267, "would,be": 0.0012830382345393892, "that,they": 0.001539645881447267, "they,have": 0.001539645881447267, "have,been": 0.003079291762894534, "but,i": 0.0012830382345393892, "your,lordships": 0.001796253528355145, "and,to": 0.0012830382345393892, "<s>,may": 0.0012830382345393892, "and,whether": 0.0012830382345393892, "the,committee": 0.0012830382345393892, "the,research": 0.001539645881447267, "of,many": 0.0012830382345393892,