{"<cs>,my": 0.019909842223891812, "my,lords": 0.019534184823441023, "lords,i": 0.012396694214876033, "i,beg": 0.005259203606311044, "beg,leave": 0.005259203606311044, "leave,to": 0.005634861006761833, "the,question": 0.003005259203606311, "on,the": 0.011269722013523666, "the,order": 0.0018782870022539444, "i,am": 0.012396694214876033, "am,grateful": 0.005259203606311044, "grateful,to": 0.005259203606311044, "to,my": 0.007513148009015778, "my,noble": 0.03343350864012021, "noble,friend": 0.02779864763335838, "friend,for": 0.003756574004507889, "for,his": 0.002253944402704733, "has,been": 0.003756574004507889, "in,the": 0.015026296018031555, "<e>,<s>": 0.11344853493613824, "noble,friends": 0.005634861006761833, "at,the": 0.004507888805409466, "time,<e>": 0.0018782870022539444, "the,governments": 0.002629601803155522, "for,the": 0.003005259203606311, "of,the": 0.025169045830202855, "will,be": 0.003005259203606311, "i,may": 0.0018782870022539444, "in,a": 0.003005259203606311, "a,very": 0.002253944402704733, "i,should": 0.009391435011269721, "should,like": 0.007513148009015778, "like,to": 0.007888805409466567, "to,support": 0.005634861006761833, "friend,lord": 0.0033809166040570998, "has,said": 0.0033809166040570998, "the,government": 0.004883546205860256, "i,have": 0.007513148009015778, "is,not": 0.004132231404958678, "<s>,i": 0.03155522163786627, "does,not": 0.0018782870022539444, "that,i": 0.003756574004507889, "in,this": 0.004883546205860256, "is,a": 0.007513148009015778, "may,be": 0.004132231404958678, "that,it": 0.004507888805409466, "it,is": 0.01652892561983471, "it,<e>": 0.0033809166040570998, "<cs>,i": 0.012772351615326822, "and,i": 0.004883546205860256, "<s>,in": 0.003005259203606311, "at,this": 0.0033809166040570998, "i,think": 0.0033809166040570998, "that,we": 0.0018782870022539444, "we,are": 0.002253944402704733, "<s>,there": 0.002253944402704733, "there,are": 0.004507888805409466, "this,amendment": 0.006386175807663411, "to,be": 0.004132231404958678, "to,the": 0.012772351615326822, "the,committee": 0.004507888805409466, "friend,on": 0.002253944402704733, "the,front": 0.002253944402704733, "front,bench": 0.002253944402704733, "under,the": 0.003756574004507889, "but,i": 0.002629601803155522, "to,it": 0.002253944402704733, "do,not": 0.005259203606311044, "<s>,this": 0.002253944402704733, "such,a": 0.002253944402704733, "can,my": 0.0018782870022539444, "friend,<e>": 0.002629601803155522, "as,the": 0.003005259203606311, "that,the": 0.008264462809917356, "of,this": 0.005259203606311044, "to,make": 0.002253944402704733, "question,of": 0.002253944402704733, "the,noble": 0.006386175807663411, "noble,lord": 0.004883546205860256, "lord,lord": 0.004507888805409466, "his,amendment": 0.002253944402704733, "your,lordships": 0.004507888805409466, "i,hope": 0.004507888805409466, "hope,that": 0.004507888805409466, "that,my": 0.004883546205860256, "will,not": 0.002253944402704733, "not,be": 0.004507888805409466, "that,he": 0.003005259203606311, "<s>,the": 0.011645379413974455, "the,amendment": 0.016153268219383923, "would,be": 0.003005259203606311, "use,of": 0.0018782870022539444, "which,is": 0.0033809166040570998, "of,a": 0.006010518407212622, "firearms,certificate": 0.0018782870022539444, "certificate,<e>": 0.0018782870022539444, "this,is": 0.0018782870022539444, "are,not": 0.0018782870022539444, "i,believe": 0.004132231404958678, "they,are": 0.0033809166040570998, "i,shall": 0.0067618332081141996, "shall,not": 0.004132231404958678, "is,the": 0.002253944402704733, "at,a": 0.002253944402704733, "to,withdraw": 0.005634861006761833, "withdraw,the": 0.004883546205860256, "amendment,<e>": 0.014274981217129978, "for,what": 0.002253944402704733, "what,he": 0.003005259203606311, "he,has": 0.006386175807663411, "said,<e>": 0.002629601803155522, "i,do": 0.002629601803155522, "should,be": 0.005259203606311044, "might,be": 0.0018782870022539444, "cannot,be": 0.0018782870022539444, "should,not": 0.0018782870022539444, "the,same": 0.004883546205860256, "<s>,we": 0.002253944402704733, "of,that": 0.0018782870022539444, "that,is": 0.0033809166040570998, "<s>,if": 0.003756574004507889, "to,take": 0.0018782870022539444, "and,the": 0.002253944402704733, "with,the": 0.004132231404958678, "the,case": 0.0018782870022539444, "and,that": 0.0018782870022539444, "by,the": 0.005259203606311044, "there,is": 0.004132231404958678, "to,have": 0.002629601803155522, "have,a": 0.002253944402704733, "in,which": 0.002629601803155522, "to,give": 0.0018782870022539444, "the,bill": 0.009391435011269721, "the,law": 0.0033809166040570998, "that,a": 0.002253944402704733, "have,been": 0.005259203606311044, "this,country": 0.002629601803155522, "part,of": 0.002253944402704733, "<s>,it": 0.011645379413974455, "<s>,they": 0.002253944402704733, "i,feel": 0.0018782870022539444, "to,a": 0.003005259203606311, "<s>,my": 0.002253944402704733, "friends,reply": 0.003005259203606311, "at,bisley": 0.002253944402704733, "shooting,interests": 0.003005259203606311, "the,police": 0.002629601803155522, "clause,of": 0.0018782870022539444, "<s>,he": 0.004132231404958678, "as,well": 0.0018782870022539444, "be,able": 0.002253944402704733, "the,point": 0.002629601803155522, "has,not": 0.002629601803155522, "support,the": 0.004132231404958678, "lord,brain": 0.0018782870022539444, "a,self-loading": 0.002253944402704733, "self-loading,rifle": 0.0018782870022539444, "bill,is": 0.0018782870022539444, "i,can": 0.002629601803155522, "as,a": 0.0033809166040570998, "<s>,however": 0.0033809166040570998, "if,the": 0.002253944402704733, "country,<e>": 0.002253944402704733, "support,my": 0.002253944402704733, "number,of": 0.0018782870022539444, "amendment,is": 0.0033809166040570998, "of,them": 0.0018782870022539444, "such,as": 0.0018782870022539444, "believe,that": 0.002253944402704733, "in,his": 0.002629601803155522, "the,gun": 0.002253944402704733, "it,has": 0.0018782870022539444, "this,point": 0.0018782870022539444, "it,could": 0.0018782870022539444, "could,be": 0.0018782870022539444, "the,secretary": 0.002253944402704733, "secretary,of": 0.002629601803155522, "of,state": 0.002629601803155522, "is,quite": 0.002629601803155522, "stage,of": 0.002629601803155522, "to,misinterpretation": 0.0018782870022539444, "the,fore-end": 0.002253944402704733, "and,not": 0.0018782870022539444, "bill,<e>": 0.002629601803155522, "wish,to": 0.0018782870022539444, "the,country": 0.0033809166040570998, "it,should": 0.003005259203606311, "shotgun,certificate": 0.0018782870022539444, "i,support": 0.0018782870022539444, "for,a": 0.002253944402704733, "<s>,that": 0.0018782870022539444, "able,to": 0.0018782870022539444, "the,home": 0.002253944402704733}