{"<cs>,my": 0.054820415879017016, "my,lords": 0.054820415879017016, "lords,i": 0.04914933837429111, "i,shall": 0.01890359168241966, "the,noble": 0.04725897920604915, "noble,lord": 0.03969754253308128, "lord,lord": 0.026465028355387523, "<e>,<s>": 0.13988657844990549, "shall,be": 0.00945179584120983, "your,lordships": 0.00945179584120983, "to,the": 0.01890359168241966, "<s>,i": 0.06994328922495274, "hope,that": 0.00945179584120983, "that,the": 0.013232514177693762, "will,not": 0.00945179584120983, "<s>,the": 0.00945179584120983, "have,had": 0.011342155009451797, "of,the": 0.035916824196597356, "bill,<e>": 0.011342155009451797, "by,the": 0.013232514177693762, "my,noble": 0.020793950850661626, "noble,friend": 0.020793950850661626, "friend,lord": 0.01890359168241966, "it,would": 0.017013232514177693, "would,be": 0.015122873345935728, "in,this": 0.00945179584120983, "that,he": 0.00945179584120983, "i,should": 0.026465028355387523, "like,to": 0.020793950850661626, "on,the": 0.00945179584120983, "and,i": 0.013232514177693762, "i,am": 0.030245746691871456, "am,sure": 0.00945179584120983, "that,i": 0.011342155009451797, "a,very": 0.00945179584120983, "to,be": 0.00945179584120983, "<s>,it": 0.015122873345935728, "it,is": 0.017013232514177693, "should,like": 0.01890359168241966, "to,express": 0.00945179584120983, "noble,lords": 0.011342155009451797, "i,beg": 0.00945179584120983, "this,bill": 0.015122873345935728}