{"<cs>,my": 0.020582120582120583, "my,lords": 0.020166320166320167, "lords,is": 0.0033264033264033266, "is,the": 0.0060291060291060294, "the,minister": 0.010810810810810811, "minister,aware": 0.0018711018711018712, "aware,that": 0.004158004158004158, "a,very": 0.0031185031185031187, "there,is": 0.004365904365904366, "is,one": 0.0010395010395010396, "in,the": 0.008523908523908524, "that,i": 0.00498960498960499, "could,be": 0.0018711018711018712, "that,is": 0.006652806652806653, "of,the": 0.01975051975051975, "in,order": 0.0010395010395010396, "to,give": 0.0010395010395010396, "<e>,<s>": 0.09022869022869023, "<s>,that": 0.0035343035343035345, "would,be": 0.004158004158004158, "be,a": 0.0012474012474012475, "that,the": 0.0079002079002079, "another,place": 0.0014553014553014554, "lords,i": 0.009355509355509356, "i,should": 0.007276507276507277, "should,like": 0.005405405405405406, "like,to": 0.004573804573804574, "to,add": 0.0016632016632016633, "add,my": 0.0016632016632016633, "the,noble": 0.018295218295218296, "noble,lord": 0.01288981288981289, "lord,lord": 0.0079002079002079, "<s>,i": 0.025571725571725573, "i,am": 0.012266112266112267, "follow,the": 0.0010395010395010396, "lord,melchett": 0.0031185031185031187, "who,has": 0.0010395010395010396, "as,the": 0.0012474012474012475, "chairman,of": 0.0010395010395010396, "for,the": 0.00395010395010395, "the,first": 0.0018711018711018712, "first,time": 0.0010395010395010396, "in,<e>": 0.0012474012474012475, "all,the": 0.0016632016632016633, "in,this": 0.005197505197505198, "this,country": 0.0016632016632016633, "<s>,we": 0.0035343035343035345, "we,have": 0.00395010395010395, "and,the": 0.005197505197505198, "of,my": 0.0012474012474012475, "<s>,so": 0.0014553014553014554, "to,see": 0.0012474012474012475, "<s>,it": 0.005613305613305614, "it,was": 0.0018711018711018712, "and,we": 0.0010395010395010396, "may,i": 0.0018711018711018712, "what,the": 0.0037422037422037424, "said,<e>": 0.002494802494802495, "grateful,to": 0.0031185031185031187, "<s>,is": 0.002079002079002079, "the,bill": 0.0060291060291060294, "this,house": 0.0016632016632016633, "house,<e>": 0.0010395010395010396, "that,it": 0.002286902286902287, "it,is": 0.009147609147609148, "is,a": 0.005405405405405406, "i,beg": 0.007484407484407485, "beg,to": 0.0012474012474012475, "to,move": 0.002079002079002079, "move,that": 0.0012474012474012475, "that,this": 0.00395010395010395, "this,bill": 0.0033264033264033266, "time,<e>": 0.0016632016632016633, "i,must": 0.0014553014553014554, "noble,lords": 0.0010395010395010396, "to,the": 0.012266112266112267, "<s>,my": 0.0010395010395010396, "my,noble": 0.015384615384615385, "noble,friend": 0.015176715176715178, "friend,lord": 0.0033264033264033266, "that,he": 0.0031185031185031187, "i,too": 0.0018711018711018712, "and,i": 0.006652806652806653, "of,those": 0.0016632016632016633, "that,we": 0.002286902286902287, "today,<e>": 0.0010395010395010396, "and,that": 0.002494802494802495, "is,to": 0.0014553014553014554, "has,just": 0.0014553014553014554, "<s>,as": 0.002079002079002079, "with,the": 0.0060291060291060294, "the,countryside": 0.0014553014553014554, "countryside,commission": 0.0010395010395010396, "this,is": 0.002702702702702703, "a,great": 0.0029106029106029108, "to,thank": 0.0014553014553014554, "he,has": 0.002702702702702703, "the,conservation": 0.002079002079002079, "before,the": 0.0014553014553014554, "noble,earl": 0.0018711018711018712, "marine,reserves": 0.0014553014553014554, "to,say": 0.002286902286902287, "<cs>,before": 0.0014553014553014554, "leave,to": 0.0079002079002079, "to,withdraw": 0.00893970893970894, "withdraw,the": 0.0079002079002079, "the,amendment": 0.012058212058212059, "say,that": 0.0012474012474012475, "i,can": 0.0010395010395010396, "your,lordships": 0.0029106029106029108, "the,secretary": 0.0016632016632016633, "secretary,of": 0.0016632016632016633, "of,state": 0.0010395010395010396, "are,not": 0.0012474012474012475, "<s>,however": 0.0010395010395010396, "beg,leave": 0.007068607068607069, "amendment,<e>": 0.01288981288981289, "<cs>,i": 0.014137214137214138, "to,support": 0.002079002079002079, "support,the": 0.002286902286902287, "to,me": 0.0016632016632016633, "me,that": 0.0014553014553014554, "it,<e>": 0.004573804573804574, "am,sure": 0.0010395010395010396, "is,very": 0.0010395010395010396, "very,much": 0.0016632016632016633, "i,hope": 0.002494802494802495, "hope,the": 0.0010395010395010396, "the,government": 0.0033264033264033266, "support,this": 0.0018711018711018712, "know,that": 0.0012474012474012475, "on,the": 0.005405405405405406, "i,know": 0.0014553014553014554, "that,they": 0.002286902286902287, "they,are": 0.0029106029106029108, "this,amendment": 0.005197505197505198, "am,grateful": 0.002079002079002079, "to,my": 0.002494802494802495, "like,the": 0.0012474012474012475, "minister,to": 0.0016632016632016633, "to,look": 0.0010395010395010396, "look,at": 0.0014553014553014554, "again,<e>": 0.0010395010395010396, "i,agree": 0.002079002079002079, "agree,with": 0.002494802494802495, "with,my": 0.0010395010395010396, "friend,<e>": 0.0014553014553014554, "to,make": 0.0018711018711018712, "the,thames": 0.0010395010395010396, "<s>,for": 0.0012474012474012475, "i,have": 0.006860706860706861, "have,been": 0.0029106029106029108, "when,the": 0.0010395010395010396, "said,that": 0.0018711018711018712, "that,there": 0.0031185031185031187, "there,are": 0.002702702702702703, "have,the": 0.0012474012474012475, "<s>,there": 0.0018711018711018712, "many,of": 0.0016632016632016633, "of,them": 0.0010395010395010396, "not,only": 0.0010395010395010396, "to,be": 0.0033264033264033266, "amendment,is": 0.0010395010395010396, "i,was": 0.002079002079002079, "i,thank": 0.0012474012474012475, "thank,my": 0.0016632016632016633, "if,the": 0.0031185031185031187, "his,own": 0.0010395010395010396, "he,would": 0.0010395010395010396, "would,not": 0.0010395010395010396, "should,be": 0.002702702702702703, "has,been": 0.002286902286902287, "great,deal": 0.0016632016632016633, "deal,of": 0.0012474012474012475, "from,the": 0.002494802494802495, "of,this": 0.0016632016632016633, "i,think": 0.0029106029106029108, "the,point": 0.0010395010395010396, "point,<e>": 0.0016632016632016633, "my,amendment": 0.0029106029106029108, "amendment,which": 0.0010395010395010396, "about,the": 0.0031185031185031187, "them,<e>": 0.0012474012474012475, "<s>,but": 0.0018711018711018712, "but,i": 0.0031185031185031187, "the,world": 0.0016632016632016633, "<s>,in": 0.002494802494802495, "ensure,that": 0.0010395010395010396, "will,not": 0.0010395010395010396, "not,be": 0.0016632016632016633, "which,is": 0.0014553014553014554, "under,the": 0.0014553014553014554, "the,nature": 0.0014553014553014554, "nature,conservancy": 0.0016632016632016633, "conservancy,council": 0.0016632016632016633, "hope,that": 0.0018711018711018712, "the,other": 0.0010395010395010396, "is,quite": 0.0010395010395010396, "i,had": 0.0010395010395010396, "and,if": 0.0014553014553014554, "wanted,to": 0.0012474012474012475, "to,get": 0.0014553014553014554, "that,was": 0.0014553014553014554, "i,would": 0.002286902286902287, "the,ncc": 0.0014553014553014554, "<s>,all": 0.0010395010395010396, "be,very": 0.0014553014553014554, "very,happy": 0.0010395010395010396, "to,a": 0.0016632016632016633, "if,it": 0.0010395010395010396, "it,should": 0.0016632016632016633, "is,all": 0.0010395010395010396, "would,ask": 0.0010395010395010396, "at,a": 0.0012474012474012475, "to,have": 0.002286902286902287, "have,a": 0.002286902286902287, "at,the": 0.0018711018711018712, "the,situation": 0.0012474012474012475, "as,i": 0.0016632016632016633, "read,the": 0.0012474012474012475, "in,relation": 0.0012474012474012475, "relation,to": 0.0012474012474012475, "<s>,the": 0.006860706860706861, "i,support": 0.002079002079002079, "which,i": 0.0014553014553014554, "the,front": 0.0014553014553014554, "front,bench": 0.0018711018711018712, "is,not": 0.0031185031185031187, "should,not": 0.0010395010395010396,