{"<cs>,my": 0.05412719891745602, "my,lords": 0.05412719891745602, "not,to": 0.006765899864682003, "<e>,<s>": 0.2124492557510149, "<s>,i": 0.029769959404600813, "i,should": 0.010825439783491205, "should,like": 0.006765899864682003, "like,to": 0.006765899864682003, "by,the": 0.006765899864682003, "the,noble": 0.02435723951285521, "noble,lord": 0.014884979702300407, "lord,lord": 0.013531799729364006, "<s>,we": 0.008119079837618403, "we,have": 0.009472259810554804, "and,the": 0.013531799729364006, "the,prison": 0.012178619756427604, "it,is": 0.012178619756427604, "because,of": 0.006765899864682003, "<s>,but": 0.010825439783491205, "they,are": 0.010825439783491205, "are,not": 0.008119079837618403, "<s>,it": 0.012178619756427604, "is,a": 0.012178619756427604, "said,<e>": 0.008119079837618403, "lords,i": 0.02571041948579161, "the,probation": 0.008119079837618403, "probation,service": 0.008119079837618403, "of,the": 0.04194857916102842, "depends,on": 0.006765899864682003, "on,the": 0.010825439783491205, "in,the": 0.02571041948579161, "prison,service": 0.008119079837618403, "in,a": 0.006765899864682003, "of,a": 0.012178619756427604, "would,be": 0.006765899864682003, "from,the": 0.009472259810554804, "for,the": 0.010825439783491205, "<s>,the": 0.029769959404600813, "to,the": 0.03112313937753721, "that,the": 0.016238159675236806, "<s>,in": 0.016238159675236806, "and,a": 0.006765899864682003, "that,is": 0.008119079837618403, "has,been": 0.010825439783491205, "your,lordships": 0.009472259810554804, "i,shall": 0.016238159675236806, "is,not": 0.009472259810554804, "we,are": 0.008119079837618403, "as,a": 0.008119079837618403, "and,to": 0.006765899864682003, "the,same": 0.006765899864682003, "to,be": 0.009472259810554804, "is,the": 0.008119079837618403, "noble,lords": 0.006765899864682003, "it,was": 0.012178619756427604, "the,soviet": 0.009472259810554804, "soviet,union": 0.009472259810554804, "<s>,that": 0.006765899864682003, "did,not": 0.006765899864682003}