{"<cs>,i": 0.015439429928741092, "i,am": 0.026128266033254157, "<e>,<s>": 0.16270783847980996, "<s>,i": 0.028503562945368172, "second,reading": 0.0059382422802850355, "because,i": 0.0059382422802850355, "that,the": 0.010688836104513063, "i,would": 0.00831353919239905, "in,fact": 0.007125890736342043, "it,is": 0.02494061757719715, "is,not": 0.009501187648456057, "it,does": 0.007125890736342043, "does,not": 0.007125890736342043, "i,have": 0.014251781472684086, "to,do": 0.014251781472684086, "do,with": 0.010688836104513063, "with,the": 0.011876484560570071, "of,the": 0.030878859857482184, "as,regards": 0.0059382422802850355, "we,are": 0.007125890736342043, "are,not": 0.007125890736342043, "<cs>,my": 0.020190023752969122, "my,lords": 0.022565320665083134, "lords,i": 0.010688836104513063, "i,was": 0.00831353919239905, "the,noble": 0.0332541567695962, "noble,baroness": 0.00831353919239905, "that,i": 0.0059382422802850355, "on,the": 0.00831353919239905, "<s>,that": 0.011876484560570071, "of,course": 0.0059382422802850355, "<s>,there": 0.010688836104513063, "there,are": 0.011876484560570071, "people,who": 0.0059382422802850355, "about,the": 0.007125890736342043, "but,i": 0.007125890736342043, "and,i": 0.011876484560570071, "i,think": 0.010688836104513063, "some,of": 0.009501187648456057, "for,the": 0.00831353919239905, "kind,of": 0.007125890736342043, "i,do": 0.009501187648456057, "do,not": 0.0166270783847981, "not,think": 0.00831353919239905, "they,are": 0.019002375296912115, "to,be": 0.009501187648456057, "in,the": 0.013064133016627079, "of,schools": 0.0059382422802850355, "<s>,it": 0.010688836104513063, "noble,lord": 0.021377672209026127, "<s>,he": 0.009501187648456057, "he,is": 0.010688836104513063, "as,i": 0.0059382422802850355, "to,the": 0.009501187648456057, "<s>,the": 0.010688836104513063, "it,<e>": 0.0059382422802850355, "in,a": 0.009501187648456057, "to,say": 0.00831353919239905, "lord,lord": 0.010688836104513063, "that,we": 0.00831353919239905, "governing,body": 0.00831353919239905, "body,<e>": 0.0059382422802850355, "<s>,what": 0.007125890736342043, "<s>,they": 0.007125890736342043, "think,that": 0.010688836104513063, "is,a": 0.00831353919239905, "to,go": 0.00831353919239905, "that,is": 0.014251781472684086, "is,to": 0.007125890736342043, "because,it": 0.00831353919239905, "in,my": 0.0059382422802850355, "that,it": 0.00831353919239905, "is,the": 0.007125890736342043, "direct,grant": 0.010688836104513063, "grant,schools": 0.007125890736342043, "a,very": 0.0059382422802850355, "you,have": 0.0059382422802850355, "have,a": 0.007125890736342043, "to,build": 0.0059382422802850355}