{"<cs>,my": 0.05116279069767442, "my,lords": 0.053023255813953486, "of,the": 0.026046511627906978, "we,have": 0.008372093023255815, "have,been": 0.005581395348837209, "i,hope": 0.004651162790697674, "to,be": 0.0074418604651162795, "i,am": 0.022325581395348838, "<e>,<s>": 0.09209302325581395, "<s>,i": 0.029767441860465118, "i,do": 0.004651162790697674, "do,not": 0.0074418604651162795, "lords,i": 0.03441860465116279, "i,have": 0.009302325581395349, "and,i": 0.0065116279069767444, "your,lordships": 0.005581395348837209, "will,be": 0.0065116279069767444, "that,i": 0.0065116279069767444, "to,do": 0.004651162790697674, "as,the": 0.005581395348837209, "in,the": 0.01674418604651163, "the,order": 0.0065116279069767444, "and,that": 0.005581395348837209, "the,noble": 0.012093023255813953, "noble,lord": 0.009302325581395349, "i,beg": 0.017674418604651163, "beg,to": 0.012093023255813953, "to,the": 0.013023255813953489, "to,move": 0.010232558139534883, "move,that": 0.009302325581395349, "that,this": 0.0074418604651162795, "this,bill": 0.009302325581395349, "bill,be": 0.005581395348837209, "be,now": 0.005581395348837209, "now,read": 0.005581395348837209, "read,a": 0.005581395348837209, "time,<e>": 0.0065116279069767444, "i,should": 0.009302325581395349, "should,like": 0.005581395348837209, "like,to": 0.009302325581395349, "to,say": 0.004651162790697674, "noble,lords": 0.004651162790697674, "the,house": 0.004651162790697674, "the,bill": 0.0065116279069767444, "to,my": 0.011162790697674419, "my,noble": 0.03627906976744186, "is,a": 0.0074418604651162795, "bill,<e>": 0.005581395348837209, "i,was": 0.004651162790697674, "by,the": 0.005581395348837209, "lord,lord": 0.005581395348837209, "that,there": 0.008372093023255815, "there,is": 0.011162790697674419, "to,go": 0.005581395348837209, "that,the": 0.013953488372093023, "beg,leave": 0.0065116279069767444, "leave,to": 0.0065116279069767444, "to,ask": 0.004651162790697674, "ask,the": 0.004651162790697674, "the,question": 0.005581395348837209, "in,my": 0.005581395348837209, "my,name": 0.0074418604651162795, "name,on": 0.004651162790697674, "on,the": 0.012093023255813953, "order,paper": 0.004651162790697674, "paper,<e>": 0.004651162790697674, "i,thank": 0.005581395348837209, "thank,my": 0.0065116279069767444, "noble,friend": 0.03441860465116279, "for,his": 0.004651162790697674, "may,i": 0.0065116279069767444, "i,ask": 0.004651162790697674, "in,this": 0.004651162790697674, "it,not": 0.004651162790697674, "able,to": 0.0065116279069767444, "and,to": 0.004651162790697674, "for,the": 0.0065116279069767444, "<s>,we": 0.0065116279069767444, "have,a": 0.0065116279069767444, "they,are": 0.004651162790697674, "it,is": 0.005581395348837209, "there,are": 0.005581395348837209, "am,grateful": 0.004651162790697674, "grateful,to": 0.010232558139534883, "friend,lord": 0.0065116279069767444, "the,government": 0.010232558139534883, "friend,for": 0.008372093023255815, "<s>,that": 0.004651162790697674, "with,the": 0.004651162790697674, "aware,that": 0.011162790697674419, "amendment,<e>": 0.004651162790697674, "the,amendment": 0.005581395348837209, "greyhound,racing": 0.011162790697674419, "most,grateful": 0.004651162790697674, "is,aware": 0.004651162790697674, "lords,is": 0.004651162790697674, "is,my": 0.004651162790697674, "friend,aware": 0.004651162790697674}