{"<cs>,my": 0.13648293963254593, "my,lords": 0.13385826771653545, "lords,can": 0.013123359580052493, "my,noble": 0.031496062992125984, "noble,friend": 0.031496062992125984, "friend,the": 0.013123359580052493, "the,minister": 0.049868766404199474, "to,say": 0.023622047244094488, "to,make": 0.013123359580052493, "<e>,<s>": 0.08398950131233596, "he,tell": 0.013123359580052493, "tell,us": 0.023622047244094488, "lords,would": 0.02099737532808399, "agree,that": 0.028871391076115485, "that,if": 0.013123359580052493, "it,is": 0.01837270341207349, "would,the": 0.015748031496062992, "minister,not": 0.013123359580052493, "not,agree": 0.023622047244094488, "lords,i": 0.013123359580052493, "in,the": 0.015748031496062992, "<s>,i": 0.01837270341207349, "the,noble": 0.05511811023622047, "noble,lord": 0.03937007874015748, "we,have": 0.013123359580052493, "do,not": 0.013123359580052493, "of,the": 0.028871391076115485, "that,the": 0.015748031496062992, "can,the": 0.013123359580052493, "that,i": 0.013123359580052493, "lords,is": 0.023622047244094488, "is,the": 0.01837270341207349, "aware,that": 0.01837270341207349}