{"<cs>,my": 0.030881017257039057, "my,lords": 0.03178928247048138, "for,the": 0.004087193460490463, "and,the": 0.005903723887375113, "to,me": 0.003178928247048138, "of,the": 0.035422343324250684, "the,house": 0.004087193460490463, "<e>,<s>": 0.11489554950045414, "<s>,i": 0.029518619436875566, "that,it": 0.00862851952770209, "those,who": 0.0027247956403269754, "and,to": 0.0027247956403269754, "some,of": 0.0027247956403269754, "<s>,as": 0.0027247956403269754, "as,a": 0.0027247956403269754, "perhaps,i": 0.0027247956403269754, "i,may": 0.002270663033605813, "that,the": 0.02089009990917348, "was,to": 0.002270663033605813, "to,the": 0.02134423251589464, "the,minister": 0.013623978201634877, "<s>,however": 0.004995458673932788, "however,i": 0.002270663033605813, "i,do": 0.005903723887375113, "do,not": 0.005903723887375113, "think,that": 0.002270663033605813, "the,fact": 0.003178928247048138, "fact,that": 0.003178928247048138, "of,us": 0.002270663033605813, "that,this": 0.004087193460490463, "this,is": 0.002270663033605813, "is,a": 0.009082652134423252, "<s>,if": 0.004995458673932788, "if,the": 0.004087193460490463, "it,is": 0.013623978201634877, "is,it": 0.0036330608537693005, "the,noble": 0.03860127157129882, "noble,lord": 0.02452316076294278, "lord,lord": 0.012715712988192553, "i,feel": 0.002270663033605813, "that,i": 0.007720254314259764, "i,believe": 0.004087193460490463, "the,government": 0.012715712988192553, "in,this": 0.0036330608537693005, "this,matter": 0.003178928247048138, "believe,that": 0.004087193460490463, "i,should": 0.005903723887375113, "view,of": 0.002270663033605813, "what,has": 0.0027247956403269754, "to,take": 0.003178928247048138, "lords,i": 0.014986376021798364, "i,was": 0.004541326067211626, "to,say": 0.0036330608537693005, "say,that": 0.004995458673932788, "i,am": 0.014986376021798364, "me,to": 0.0036330608537693005, "of,this": 0.003178928247048138, "debate,<e>": 0.002270663033605813, "<s>,it": 0.00862851952770209, "the,amendment": 0.004995458673932788, "that,he": 0.006357856494096276, "he,has": 0.003178928247048138, "has,been": 0.009536784741144414, "in,a": 0.0036330608537693005, "that,has": 0.0027247956403269754, "a,great": 0.003178928247048138, "i,have": 0.005449591280653951, "in,the": 0.014532243415077202, "one,of": 0.003178928247048138, "<s>,he": 0.002270663033605813, "<cs>,i": 0.009082652134423252, "by,the": 0.009082652134423252, "noble,baroness": 0.003178928247048138, "which,i": 0.003178928247048138, "from,the": 0.004087193460490463, "noble,viscount": 0.0036330608537693005, "viscount,lord": 0.0027247956403269754, "a,very": 0.005449591280653951, "who,are": 0.003178928247048138, "with,the": 0.006811989100817439, "members,of": 0.0027247956403269754, "the,committee": 0.0036330608537693005, "is,that": 0.004541326067211626, "is,the": 0.006811989100817439, "wish,to": 0.0027247956403269754, "on,the": 0.007720254314259764, "at,the": 0.004541326067211626, "that,there": 0.004995458673932788, "that,we": 0.004995458673932788, "<s>,the": 0.006357856494096276, "i,must": 0.004087193460490463, "must,say": 0.002270663033605813, "in,that": 0.0027247956403269754, "<s>,in": 0.002270663033605813, "to,be": 0.006811989100817439, "it,was": 0.0027247956403269754, "<s>,that": 0.003178928247048138, "that,is": 0.004995458673932788, "is,not": 0.006357856494096276, "not,only": 0.002270663033605813, "aware,that": 0.003178928247048138, "have,been": 0.005449591280653951, "more,than": 0.002270663033605813, "it,has": 0.0027247956403269754, "it,not": 0.0027247956403269754, "and,that": 0.004541326067211626, "my,noble": 0.005903723887375113, "noble,friend": 0.005903723887375113, "friend,lord": 0.002270663033605813, "able,to": 0.0036330608537693005, "as,i": 0.0027247956403269754, "there,are": 0.003178928247048138, "not,know": 0.003178928247048138, "not,the": 0.002270663033605813, "the,time": 0.003178928247048138, "does,not": 0.002270663033605813, "the,bill": 0.0036330608537693005, "they,are": 0.002270663033605813, "he,is": 0.0036330608537693005, "there,is": 0.007720254314259764, "it,<e>": 0.004087193460490463, "the,kind": 0.002270663033605813, "as,the": 0.0036330608537693005, "<s>,is": 0.004995458673932788, "per,cent": 0.005449591280653951, "cent,<e>": 0.005449591280653951, "he,will": 0.002270663033605813, "that,his": 0.002270663033605813, "will,be": 0.0036330608537693005, "will,the": 0.002270663033605813, "way,<e>": 0.002270663033605813, "they,were": 0.002270663033605813, "were,to": 0.0027247956403269754, "to,do": 0.002270663033605813, "do,so": 0.003178928247048138, "it,would": 0.004087193460490463, "that,my": 0.002270663033605813, "would,be": 0.005449591280653951, "am,sure": 0.003178928247048138, "on,this": 0.0027247956403269754, "is,one": 0.002270663033605813, "if,he": 0.002270663033605813, "has,a": 0.002270663033605813, "in,their": 0.002270663033605813, "all,the": 0.002270663033605813, "i,shall": 0.003178928247048138, "the,scheme": 0.002270663033605813, "we,should": 0.0027247956403269754, "lord,boyd-carpenter": 0.0036330608537693005, "i,hope": 0.003178928247048138, "hope,that": 0.003178928247048138, "did,not": 0.002270663033605813, "will,he": 0.002270663033605813, "noble,earl": 0.004541326067211626, "should,have": 0.002270663033605813, "<s>,there": 0.004541326067211626, "saying,that": 0.002270663033605813, "should,like": 0.003178928247048138, "like,to": 0.0036330608537693005, "thank,the": 0.002270663033605813, "the,home": 0.002270663033605813}