{"<cs>,my": 0.03462897526501767, "my,lords": 0.03745583038869258, "lords,may": 0.0049469964664310955, "may,i": 0.009893992932862191, "by,the": 0.004240282685512367, "the,government": 0.008480565371024734, "that,it": 0.007067137809187279, "has,been": 0.015547703180212015, "very,much": 0.0035335689045936395, "the,minister": 0.008480565371024734, "of,the": 0.046643109540636045, "the,fact": 0.0035335689045936395, "to,the": 0.019081272084805655, "to,be": 0.011307420494699646, "lords,the": 0.007067137809187279, "the,hour": 0.004240282685512367, "hour,is": 0.004240282685512367, "and,i": 0.0077738515901060075, "i,should": 0.015547703180212015, "should,like": 0.01342756183745583, "like,to": 0.011307420494699646, "<e>,<s>": 0.11307420494699646, "the,noble": 0.023321554770318022, "noble,lord": 0.018374558303886925, "lord,lord": 0.009893992932862191, "<s>,i": 0.024734982332155476, "that,we": 0.005653710247349823, "so,much": 0.007067137809187279, "<s>,the": 0.01342756183745583, "i,want": 0.0049469964664310955, "want,to": 0.0049469964664310955, "which,was": 0.004240282685512367, "in,his": 0.004240282685512367, "<s>,it": 0.008480565371024734, "it,is": 0.021908127208480566, "is,that": 0.004240282685512367, "with,the": 0.009893992932862191, "<s>,in": 0.007067137809187279, "in,the": 0.02120141342756184, "that,this": 0.005653710247349823, "seems,to": 0.0035335689045936395, "to,me": 0.0049469964664310955, "that,the": 0.02049469964664311, "to,have": 0.005653710247349823, "i,think": 0.0049469964664310955, "your,lordships": 0.004240282685512367, "of,our": 0.0035335689045936395, "all,the": 0.0035335689045936395, "have,been": 0.0077738515901060075, "the,last": 0.0035335689045936395, "i,am": 0.0077738515901060075, "it,was": 0.005653710247349823, "<s>,this": 0.004240282685512367, "this,is": 0.0035335689045936395, "is,a": 0.0049469964664310955, "and,the": 0.005653710247349823, "we,have": 0.0035335689045936395, "<s>,if": 0.0035335689045936395, "will,be": 0.0063604240282685515, "of,a": 0.0063604240282685515, "i,ask": 0.004240282685512367, "of,what": 0.0035335689045936395, "which,is": 0.004240282685512367, "if,i": 0.0035335689045936395, "i,may": 0.0049469964664310955, "we,are": 0.004240282685512367, "cost,of": 0.004240282685512367, "and,it": 0.005653710247349823, "if,the": 0.004240282685512367, "not,so": 0.0035335689045936395, "the,country": 0.0035335689045936395, "the,whole": 0.0049469964664310955, "in,which": 0.0035335689045936395, "some,of": 0.0063604240282685515, "it,<e>": 0.007067137809187279, "which,the": 0.0035335689045936395, "lords,i": 0.0077738515901060075, "i,wonder": 0.0035335689045936395, "the,problem": 0.0063604240282685515, "problem,of": 0.0063604240282685515, "on,the": 0.01060070671378092, "i,believe": 0.004240282685512367, "believe,that": 0.0035335689045936395, "there,is": 0.004240282685512367, "a,great": 0.0035335689045936395, "i,have": 0.0063604240282685515, "when,i": 0.0035335689045936395, "i,was": 0.004240282685512367, "as,a": 0.004240282685512367, "a,very": 0.0049469964664310955, "to,say": 0.0049469964664310955, "that,i": 0.0063604240282685515, "the,subject": 0.0049469964664310955, "<s>,he": 0.0035335689045936395, "have,to": 0.0035335689045936395, "<s>,they": 0.004240282685512367, "the,work": 0.004240282685512367, "me,to": 0.0035335689045936395, "<s>,we": 0.007067137809187279, "in,this": 0.009187279151943463, "this,house": 0.004240282685512367, "those,who": 0.004240282685512367, "this,debate": 0.0049469964664310955, "this,country": 0.0077738515901060075, "for,the": 0.0077738515901060075, "is,to": 0.004240282685512367, "about,the": 0.005653710247349823, "what,has": 0.0035335689045936395, "been,said": 0.0049469964664310955, "the,infrastructure": 0.0035335689045936395, "years,ago": 0.004240282685512367, "to,ask": 0.0035335689045936395, "ask,the": 0.004240282685512367, "in,manchester": 0.005653710247349823, "of,this": 0.0035335689045936395, "to,make": 0.0035335689045936395, "was,a": 0.0035335689045936395, "had,to": 0.0035335689045936395, "what,i": 0.004240282685512367, "the,best": 0.0049469964664310955, "am,sure": 0.0035335689045936395, "in,my": 0.0035335689045936395}