{"<cs>,my": 0.029411764705882353, "my,lords": 0.030663329161451813, "in,the": 0.02190237797246558, "the,noble": 0.03379224030037547, "does,not": 0.004380475594493116, "<e>,<s>": 0.1214017521902378, "<s>,as": 0.0031289111389236545, "i,should": 0.009386733416770964, "like,to": 0.010638297872340425, "to,thank": 0.0031289111389236545, "say,that": 0.0037546933667083854, "and,i": 0.00688360450563204, "i,hope": 0.00688360450563204, "hope,that": 0.005632040050062578, "may,be": 0.0037546933667083854, "be,able": 0.0031289111389236545, "able,to": 0.0031289111389236545, "of,the": 0.031914893617021274, "lords,i": 0.012515644555694618, "i,too": 0.0037546933667083854, "too,should": 0.0031289111389236545, "should,like": 0.009386733416770964, "a,few": 0.00688360450563204, "few,words": 0.004380475594493116, "words,of": 0.0031289111389236545, "to,the": 0.016270337922403004, "the,bill": 0.0037546933667083854, "has,been": 0.004380475594493116, "my,noble": 0.014392991239048811, "noble,friend": 0.01376720901126408, "friend,lord": 0.008135168961201502, "i,am": 0.02127659574468085, "declare,an": 0.0037546933667083854, "an,interest": 0.0037546933667083854, "that,i": 0.007509386733416771, "chairman,of": 0.0031289111389236545, "this,bill": 0.004380475594493116, "<s>,the": 0.008135168961201502, "by,the": 0.005632040050062578, "<s>,i": 0.04505632040050062, "did,not": 0.0037546933667083854, "from,the": 0.007509386733416771, "am,not": 0.0050062578222778474, "in,a": 0.0050062578222778474, "at,a": 0.0031289111389236545, "i,think": 0.004380475594493116, "if,the": 0.0031289111389236545, "your,lordships": 0.013141426783479349, "lordships,house": 0.005632040050062578, "<s>,it": 0.0050062578222778474, "to,be": 0.00688360450563204, "as,a": 0.0031289111389236545, "noble,lord": 0.02127659574468085, "i,was": 0.0050062578222778474, "years,ago": 0.004380475594493116, "i,wish": 0.0031289111389236545, "on,a": 0.0031289111389236545, "because,i": 0.0037546933667083854, "i,know": 0.0031289111389236545, "that,we": 0.0050062578222778474, "we,have": 0.0037546933667083854, "i,do": 0.005632040050062578, "do,not": 0.008760951188986232, "have,a": 0.004380475594493116, "<s>,however": 0.004380475594493116, "there,is": 0.00688360450563204, "is,one": 0.0031289111389236545, "one,point": 0.0050062578222778474, "which,i": 0.0050062578222778474, "noble,baroness": 0.004380475594493116, "i,shall": 0.00688360450563204, "that,it": 0.0050062578222778474, "it,is": 0.010638297872340425, "that,the": 0.008135168961201502, "noble,and": 0.004380475594493116, "and,learned": 0.004380475594493116, "learned,lord": 0.004380475594493116, "lord,lord": 0.017521902377972465, "may,i": 0.0031289111389236545, "on,the": 0.008760951188986232, "and,it": 0.0031289111389236545, "i,can": 0.0037546933667083854, "about,the": 0.0031289111389236545, "for,the": 0.008135168961201502, "that,is": 0.010012515644555695, "i,did": 0.0031289111389236545, "not,know": 0.0031289111389236545, "but,i": 0.004380475594493116, "it,<e>": 0.005632040050062578, "way,in": 0.0031289111389236545, "in,which": 0.004380475594493116, "the,debate": 0.0037546933667083854, "<s>,that": 0.0031289111389236545, "all,the": 0.0031289111389236545, "have,been": 0.0031289111389236545, "i,must": 0.0037546933667083854, "at,the": 0.006257822277847309, "and,that": 0.004380475594493116, "with,the": 0.004380475594493116, "he,has": 0.005632040050062578, "<cs>,i": 0.006257822277847309, "that,there": 0.005632040050062578, "is,a": 0.010012515644555695, "noble,lords": 0.0050062578222778474, "for,a": 0.0031289111389236545, "as,i": 0.0031289111389236545, "and,the": 0.0037546933667083854, "in,this": 0.0050062578222778474, "of,my": 0.0037546933667083854, "the,government": 0.0037546933667083854, "i,have": 0.005632040050062578, "a,little": 0.0037546933667083854, "it,was": 0.005632040050062578, "to,one": 0.0037546933667083854, "the,word": 0.004380475594493116, "is,the": 0.005632040050062578, "which,he": 0.0037546933667083854, "<s>,if": 0.0037546933667083854, "would,be": 0.0037546933667083854, "i,believe": 0.004380475594493116, "<s>,in": 0.004380475594493116, "to,hear": 0.0031289111389236545, "which,is": 0.005632040050062578, "believe,that": 0.0050062578222778474, "debate,<e>": 0.0031289111389236545, "the,amendment": 0.0037546933667083854, "voluntary,sector": 0.0031289111389236545, "per,cent": 0.0050062578222778474, "cent,<e>": 0.0050062578222778474}