{"<cs>,my": 0.023696682464454975, "my,lords": 0.023696682464454975, "is,a": 0.006714060031595577, "<e>,<s>": 0.10031595576619273, "<s>,however": 0.005924170616113744, "however,i": 0.00315955766192733, "i,have": 0.007898894154818325, "your,lordships": 0.0019747235387045812, "in,the": 0.016192733017377565, "lords,i": 0.011058451816745656, "i,welcome": 0.0019747235387045812, "my,noble": 0.022511848341232227, "noble,friend": 0.01579778830963665, "<s>,will": 0.002369668246445498, "will,he": 0.0019747235387045812, "he,agree": 0.0019747235387045812, "agree,that": 0.005134281200631911, "this,is": 0.0019747235387045812, "it,is": 0.014612954186413903, "that,we": 0.0035545023696682463, "to,the": 0.013428120063191154, "i,am": 0.008688783570300158, "that,he": 0.00631911532385466, "he,has": 0.0039494470774091624, "that,i": 0.007898894154818325, "i,hope": 0.004344391785150079, "will,be": 0.00315955766192733, "<s>,but": 0.0019747235387045812, "but,i": 0.00315955766192733, "which,is": 0.002764612954186414, "we,are": 0.0019747235387045812, "<s>,the": 0.005529225908372828, "the,governments": 0.0019747235387045812, "i,agree": 0.002764612954186414, "<s>,i": 0.02764612954186414, "i,think": 0.0035545023696682463, "think,that": 0.0019747235387045812, "i,only": 0.0019747235387045812, "say,that": 0.00315955766192733, "that,that": 0.00315955766192733, "that,is": 0.005529225908372828, "is,the": 0.0019747235387045812, "i,said": 0.0019747235387045812, "said,that": 0.004739336492890996, "that,the": 0.018562401263823063, "the,government": 0.01382306477093207, "of,the": 0.02843601895734597, "the,amendment": 0.0035545023696682463, "it,<e>": 0.002369668246445498, "the,noble": 0.017377567140600316, "i,do": 0.0071090047393364926, "do,not": 0.008293838862559242, "not,know": 0.0019747235387045812, "should,be": 0.004344391785150079, "to,a": 0.00315955766192733, "<s>,he": 0.0019747235387045812, "he,could": 0.0019747235387045812, "at,the": 0.005529225908372828, "have,a": 0.002764612954186414, "in,this": 0.002369668246445498, "government,are": 0.002764612954186414, "the,position": 0.002369668246445498, "with,the": 0.00315955766192733, "and,the": 0.004344391785150079, "in,which": 0.0039494470774091624, "<s>,it": 0.007898894154818325, "it,will": 0.0035545023696682463, "<s>,that": 0.002369668246445498, "it,may": 0.002369668246445498, "may,be": 0.0035545023696682463, "noble,lord": 0.008293838862559242, "has,been": 0.005134281200631911, "on,the": 0.004344391785150079, "wish,to": 0.00315955766192733, "to,be": 0.007503949447077409, "by,the": 0.008688783570300158, "lord,lord": 0.009083728278041074, "<s>,in": 0.0019747235387045812, "<cs>,i": 0.010268562401263823, "feel,that": 0.002369668246445498, "support,the": 0.002764612954186414, "of,my": 0.0019747235387045812, "that,it": 0.010268562401263823, "it,was": 0.0035545023696682463, "was,not": 0.0019747235387045812, "and,one": 0.0019747235387045812, "which,i": 0.004739336492890996, "i,believe": 0.004344391785150079, "the,committee": 0.00315955766192733, "is,that": 0.0035545023696682463, "is,not": 0.005529225908372828, "<s>,as": 0.005134281200631911, "as,i": 0.0039494470774091624, "second,reading": 0.002369668246445498, "the,community": 0.002369668246445498, "it,has": 0.002764612954186414, "to,have": 0.0019747235387045812, "this,bill": 0.002369668246445498, "not,be": 0.002369668246445498, "have,been": 0.00315955766192733, "ought,to": 0.002764612954186414, "there,is": 0.006714060031595577, "it,would": 0.002369668246445498, "would,be": 0.0035545023696682463, "if,the": 0.0019747235387045812, "the,minister": 0.008688783570300158, "to,this": 0.002369668246445498, "believe,that": 0.002764612954186414, "and,to": 0.0019747235387045812, "the,bill": 0.004739336492890996, "bill,<e>": 0.0039494470774091624, "about,the": 0.006714060031595577, "the,way": 0.0035545023696682463, "way,in": 0.002764612954186414, "which,the": 0.0019747235387045812, "perhaps,i": 0.002369668246445498, "i,may": 0.0039494470774091624, "he,said": 0.0019747235387045812, "said,<e>": 0.00315955766192733, "i,should": 0.006714060031595577, "should,like": 0.005529225908372828, "and,others": 0.0019747235387045812, "hope,that": 0.005924170616113744, "minister,will": 0.0019747235387045812, "as,the": 0.00315955766192733, "friend,the": 0.00631911532385466, "he,will": 0.002764612954186414, "noble,lords": 0.002369668246445498, "that,this": 0.00315955766192733, "does,not": 0.0019747235387045812, "a,matter": 0.00315955766192733, "matter,of": 0.002369668246445498, "of,this": 0.004739336492890996, "and,i": 0.002369668246445498, "the,secretary": 0.002369668246445498, "secretary,of": 0.002369668246445498, "of,state": 0.0019747235387045812, "if,he": 0.0019747235387045812, "friend,lord": 0.004739336492890996, "what,has": 0.002369668246445498, "like,to": 0.0039494470774091624, "legislation,<e>": 0.00315955766192733, "to,say": 0.0039494470774091624, "a,little": 0.0019747235387045812, "for,the": 0.004344391785150079, "the,house": 0.0019747235387045812, "as,a": 0.0019747235387045812, "welcome,the": 0.002369668246445498, "so,far": 0.002764612954186414, "far,as": 0.002369668246445498, "that,there": 0.0039494470774091624, "of,a": 0.0019747235387045812, "from,the": 0.0039494470774091624, "there,are": 0.002764612954186414, "has,said": 0.002764612954186414, "and,that": 0.002369668246445498, "all,the": 0.0019747235387045812, "<s>,if": 0.002764612954186414, "we,have": 0.004344391785150079, "out,of": 0.0019747235387045812, "be,the": 0.0035545023696682463, "at,least": 0.0019747235387045812, "they,are": 0.002369668246445498, "who,have": 0.0019747235387045812, "does,he": 0.0019747235387045812, "on,that": 0.0019747235387045812, "i,appreciate": 0.0019747235387045812, "what,the": 0.002369668246445498, "primary,legislation": 0.00315955766192733, "by,order": 0.002369668246445498, "noble,and": 0.01263823064770932, "and,learned": 0.01263823064770932, "learned,lord": 0.0071090047393364926, "lord,simon": 0.0019747235387045812, "i,was": 0.0019747235387045812, "the,debate": 0.002764612954186414, "<s>,there": 0.0019747235387045812, "i,understand": 0.002369668246445498, "by,my": 0.0019747235387045812, "lord,the": 0.004344391785150079, "the,lord": 0.009083728278041074, "lord,chancellor": 0.009478672985781991, "what,my": 0.0019747235387045812, "is,my": 0.0019747235387045812, "friend,aware": 0.0019747235387045812, "amendment,<e>": 0.0019747235387045812, "i,must": 0.0019747235387045812, "have,to": 0.002369668246445498, "this,afternoon": 0.002764612954186414, "aware,that": 0.002369668246445498, "learned,friend": 0.005134281200631911, "of,clause": 0.0019747235387045812}