{"<cs>,my": 0.01953018301010653, "my,lords": 0.019257033597377765, "lords,i": 0.009150505326413549, "with,the": 0.004233815897295821, "the,noble": 0.02185195301830101, "noble,baroness": 0.00204862059546572, "in,the": 0.013111171810980607, "to,my": 0.002185195301830101, "my,noble": 0.016115815350996994, "noble,friend": 0.01543294181917509, "friend,on": 0.0016388964763725759, "on,the": 0.0076481835564053535, "the,front": 0.0019120458891013384, "front,bench": 0.0023217700081944823, "<e>,<s>": 0.08276427205681508, "<s>,he": 0.0035509423654739142, "he,has": 0.0027314941272876263, "the,department": 0.0009560229445506692, "which,i": 0.0035509423654739142, "i,had": 0.0028680688336520078, "to,be": 0.005599562960939634, "as,i": 0.0016388964763725759, "i,am": 0.005599562960939634, "am,sure": 0.0010925976509150504, "sure,that": 0.0010925976509150504, "that,he": 0.0036875170718382957, "he,will": 0.001229172357279432, "will,be": 0.00518983884184649, "all,the": 0.0010925976509150504, "it,<e>": 0.0015023217700081944, "lords,does": 0.0006828735318219066, "agree,that": 0.0008194482381862879, "to,the": 0.012838022398251844, "to,which": 0.00204862059546572, "which,he": 0.0009560229445506692, "a,number": 0.0023217700081944823, "number,of": 0.0028680688336520078, "<s>,does": 0.0008194482381862879, "does,he": 0.0006828735318219066, "recognise,that": 0.0006828735318219066, "that,there": 0.002594919420923245, "there,are": 0.0009560229445506692, "believe,that": 0.0027314941272876263, "that,the": 0.012018574160065555, "such,a": 0.0008194482381862879, "there,will": 0.0008194482381862879, "of,a": 0.0028680688336520078, "of,that": 0.0019120458891013384, "lords,is": 0.0019120458891013384, "is,it": 0.00204862059546572, "it,not": 0.0019120458891013384, "that,in": 0.0013657470636438131, "not,be": 0.0017754711827369571, "if,it": 0.0008194482381862879, "by,the": 0.004370390603660202, "noble,lord": 0.018027861240098333, "lord,lord": 0.011608850040972412, "prepared,to": 0.0008194482381862879, "to,see": 0.0013657470636438131, "as,the": 0.002594919420923245, "of,state": 0.0023217700081944823, "state,for": 0.0010925976509150504, "for,the": 0.005599562960939634, "the,environment": 0.001229172357279432, "as,a": 0.0028680688336520078, "that,has": 0.0017754711827369571, "has,been": 0.00518983884184649, "been,made": 0.0009560229445506692, "about,the": 0.0028680688336520078, "<s>,is": 0.0017754711827369571, "is,my": 0.0009560229445506692, "friend,aware": 0.0008194482381862879, "aware,that": 0.0009560229445506692, "at,the": 0.0032777929527451517, "the,time": 0.0010925976509150504, "it,has": 0.00204862059546572, "a,year": 0.0006828735318219066, "or,two": 0.0010925976509150504, "it,will": 0.002185195301830101, "many,of": 0.0013657470636438131, "of,the": 0.03195848128926523, "who,have": 0.0019120458891013384, "the,way": 0.0009560229445506692, "way,in": 0.0008194482381862879, "in,which": 0.0009560229445506692, "<s>,i": 0.01993990712919967, "i,hope": 0.0023217700081944823, "hope,that": 0.002594919420923245, "that,my": 0.0013657470636438131, "be,able": 0.0010925976509150504, "able,to": 0.002185195301830101, "lords,will": 0.0015023217700081944, "will,my": 0.001229172357279432, "some,of": 0.00204862059546572, "the,world": 0.0008194482381862879, "<s>,if": 0.0023217700081944823, "were,to": 0.0009560229445506692, "in,this": 0.002594919420923245, "should,be": 0.0034143676591095328, "one,of": 0.002458344714558864, "i,do": 0.0032777929527451517, "do,not": 0.0038240917782026767, "not,believe": 0.0009560229445506692, "that,it": 0.004643540016388965, "it,is": 0.010106528270964218, "is,a": 0.0032777929527451517, "of,my": 0.0019120458891013384, "noble,friends": 0.0009560229445506692, "white,paper": 0.0015023217700081944, "right,<e>": 0.0006828735318219066, "i,believe": 0.0023217700081944823, "been,a": 0.0013657470636438131, "the,past": 0.0013657470636438131, "the,present": 0.0009560229445506692, "when,i": 0.0019120458891013384, "i,was": 0.005326413548210871, "was,a": 0.0016388964763725759, "member,of": 0.0009560229445506692, "i,may": 0.0023217700081944823, "<s>,my": 0.001229172357279432, "but,i": 0.0017754711827369571, "the,main": 0.0006828735318219066, "was,that": 0.0008194482381862879, "the,end": 0.0006828735318219066, "end,of": 0.0006828735318219066, "lord,lloyd": 0.0006828735318219066, "friend,has": 0.001229172357279432, "committee,<e>": 0.0008194482381862879, "grateful,to": 0.0017754711827369571, "i,apologise": 0.0010925976509150504, "apologise,for": 0.0009560229445506692, "<s>,however": 0.0036875170718382957, "perhaps,i": 0.0023217700081944823, "did,not": 0.0019120458891013384, "i,beg": 0.0008194482381862879, "the,amendment": 0.00409724119093144, "amendment,<e>": 0.002185195301830101, "i,have": 0.004916689429117728, "said,<e>": 0.0009560229445506692, "seems,to": 0.0009560229445506692, "to,me": 0.00204862059546572, "me,to": 0.0008194482381862879, "to,have": 0.0028680688336520078, "have,listened": 0.001229172357279432, "listened,to": 0.0023217700081944823, "friend,<e>": 0.0006828735318219066, "i,think": 0.0010925976509150504, "think,that": 0.001229172357279432, "that,i": 0.003960666484567058, "i,should": 0.0036875170718382957, "the,matter": 0.0016388964763725759, "in,another": 0.0010925976509150504, "another,place": 0.001229172357279432, "place,<e>": 0.0006828735318219066, "suggested,that": 0.0006828735318219066, "in,one": 0.0006828735318219066, "<s>,can": 0.0006828735318219066, "can,he": 0.0006828735318219066, "me,that": 0.001229172357279432, "that,this": 0.0019120458891013384, "and,that": 0.0015023217700081944, "there,is": 0.0027314941272876263, "those,who": 0.0016388964763725759, "said,that": 0.0015023217700081944, "nuclear,power": 0.0006828735318219066, "would,be": 0.0028680688336520078, "only,in": 0.0006828735318219066, "not,a": 0.0009560229445506692, "fact,that": 0.0010925976509150504, "of,our": 0.0009560229445506692, "the,most": 0.0017754711827369571, "have,been": 0.0036875170718382957, "before,my": 0.0008194482381862879, "a,matter": 0.0006828735318219066, "<s>,the": 0.006009287080032778, "lords,perhaps": 0.0009560229445506692, "support,the": 0.0008194482381862879, "the,amendments": 0.001229172357279432, "which,have": 0.001229172357279432, "moved,by": 0.0006828735318219066, "by,my": 0.0016388964763725759, "friend,lord": 0.0038240917782026767, "make,a": 0.0008194482381862879, "point,<e>": 0.0009560229445506692, "<s>,there": 0.0017754711827369571, "there,has": 0.001229172357279432, "a,good": 0.0009560229445506692, "good,deal": 0.0008194482381862879, "deal,of": 0.0010925976509150504, "over,the": 0.001229172357279432, "<s>,it": 0.008467631794591642, "in,a": 0.002594919420923245, "and,the": 0.0032777929527451517, "in,that": 0.001229172357279432, "have,had": 0.001229172357279432, "what,has": 0.0008194482381862879, "should,like": 0.00204862059546572, "to,support": 0.0008194482381862879, "am,grateful": 0.0008194482381862879, "lord,<e>": 0.0006828735318219066, "this,group": 0.0006828735318219066, "be,the": 0.0009560229445506692, "i,say": 0.0008194482381862879, "say,that": 0.0028680688336520078, "because,i": 0.0008194482381862879, "the,government": 0.0034143676591095328, "right,to": 0.0006828735318219066, "it,may": 0.0006828735318219066, "may,be": 0.0017754711827369571, "on,to": 0.0008194482381862879, "rather,than": 0.0006828735318219066, "which,is": 0.0010925976509150504, "a,question": 0.0008194482381862879, "on,this": 0.001229172357279432, "<s>,as": 0.0016388964763725759, "i,understand": 0.0010925976509150504, "this,is": 0.0017754711827369571, "made,by": 0.0008194482381862879, "this,bill": 0.001229172357279432, "bill,<e>": 0.0023217700081944823, "<s>,in": 0.002458344714558864, "that,they": 0.0010925976509150504, "they,are": 0.0015023217700081944, "<s>,they": 0.0008194482381862879, "that,one": 0.0010925976509150504, "want,to": 0.0006828735318219066, "to,make": 0.0028680688336520078, "which,we": 0.0010925976509150504, "we,shall": 0.0013657470636438131, "shall,be": 0.0009560229445506692,