{"<cs>,my": 0.035580524344569285, "my,lords": 0.03651685393258427, "i,should": 0.010299625468164793, "should,like": 0.009363295880149813, "like,to": 0.010299625468164793, "noble,lords": 0.0056179775280898875, "for,the": 0.006554307116104869, "<e>,<s>": 0.1694756554307116, "that,the": 0.017790262172284643, "of,the": 0.040262172284644196, "in,the": 0.020599250936329586, "the,national": 0.006554307116104869, "national,health": 0.006554307116104869, "health,service": 0.00749063670411985, "by,the": 0.00749063670411985, "service,<e>": 0.0046816479400749065, "to,the": 0.011235955056179775, "to,say": 0.0046816479400749065, "on,the": 0.0056179775280898875, "very,much": 0.0046816479400749065, "my,noble": 0.012172284644194757, "noble,friend": 0.012172284644194757, "was,a": 0.0056179775280898875, "<s>,that": 0.014044943820224719, "<s>,i": 0.026217228464419477, "as,a": 0.0046816479400749065, "the,noble": 0.03745318352059925, "noble,lord": 0.0299625468164794, "it,is": 0.02153558052434457, "is,that": 0.010299625468164793, "is,a": 0.009363295880149813, "perhaps,i": 0.012172284644194757, "i,may": 0.012172284644194757, "question,<e>": 0.0046816479400749065, "have,been": 0.009363295880149813, "<s>,there": 0.0056179775280898875, "lords,i": 0.011235955056179775, "say,that": 0.0046816479400749065, "do,not": 0.009363295880149813, "i,have": 0.00749063670411985, "that,it": 0.006554307116104869, "so,<e>": 0.0056179775280898875, "there,is": 0.006554307116104869, "it,was": 0.0056179775280898875, "and,the": 0.0046816479400749065, "<s>,he": 0.00749063670411985, "he,has": 0.0056179775280898875, "has,been": 0.006554307116104869, "disabled,people": 0.0056179775280898875, "lords,does": 0.0056179775280898875, "the,nhs": 0.0046816479400749065, "<s>,it": 0.015917602996254682, "the,labour": 0.0046816479400749065, "labour,party": 0.0046816479400749065, "i,believe": 0.006554307116104869, "believe,that": 0.00749063670411985, "<cs>,i": 0.009363295880149813, "health,authority": 0.006554307116104869, "one,of": 0.0046816479400749065, "<cs>,perhaps": 0.00749063670411985, "junior,staff": 0.0046816479400749065, "<s>,the": 0.011235955056179775, "part,of": 0.0046816479400749065, "with,the": 0.006554307116104869, "<s>,they": 0.006554307116104869, "to,do": 0.006554307116104869, "that,we": 0.00749063670411985, "wish,to": 0.0046816479400749065, "<s>,if": 0.0056179775280898875, "that,is": 0.009363295880149813, "lord,lord": 0.0149812734082397, "lord,ennals": 0.012172284644194757, "i,am": 0.014044943820224719, "to,be": 0.0046816479400749065, "is,not": 0.0056179775280898875, "is,the": 0.006554307116104869, "<s>,we": 0.010299625468164793, "we,have": 0.0056179775280898875, "we,need": 0.0046816479400749065, "but,it": 0.0046816479400749065, "agree,that": 0.006554307116104869, "the,amendment": 0.012172284644194757, "amendment,<e>": 0.006554307116104869, "lords,the": 0.0046816479400749065, "that,i": 0.0056179775280898875}