{"<cs>,my": 0.02041172365666434, "my,lords": 0.020062805303558966, "lords,i": 0.010118632240055827, "i,am": 0.012909979064898814, "happy,to": 0.00104675505931612, "to,follow": 0.0013956734124214933, "follow,the": 0.00104675505931612, "the,right": 0.00157013258897418, "a,special": 0.0008722958827634334, "to,this": 0.0008722958827634334, "this,debate": 0.0019190509420795533, "debate,<e>": 0.00104675505931612, "<e>,<s>": 0.07780879274249826, "may,i": 0.0017445917655268667, "i,join": 0.0008722958827634334, "join,with": 0.0008722958827634334, "noble,lords": 0.004361479413817167, "lords,in": 0.00104675505931612, "to,the": 0.013433356594556873, "the,noble": 0.021632937892533146, "noble,lord": 0.01692254012561061, "lord,lord": 0.011863224005582694, "and,for": 0.00104675505931612, "in,a": 0.00209351011863224, "on,this": 0.0026168876482903, "this,occasion": 0.0008722958827634334, "which,i": 0.004884856943475227, "of,the": 0.030006978367062107, "the,house": 0.0017445917655268667, "house,<e>": 0.0013956734124214933, "<s>,i": 0.0235519888346127, "that,i": 0.0054082344731332865, "i,have": 0.00471039776692254, "have,not": 0.00157013258897418, "in,that": 0.0017445917655268667, "speech,<e>": 0.0008722958827634334, "am,sure": 0.0027913468248429866, "sure,that": 0.0026168876482903, "lords,who": 0.0012212142358688067, "who,have": 0.0022679692951849267, "have,spoken": 0.0008722958827634334, "of,this": 0.0019190509420795533, "i,do": 0.003314724354501047, "do,not": 0.00314026517794836, "some,of": 0.00157013258897418, "that,have": 0.00104675505931612, "have,been": 0.0052337752965806, "that,there": 0.00209351011863224, "has,been": 0.00471039776692254, "such,a": 0.0012212142358688067, "in,the": 0.016050244242847175, "which,have": 0.0017445917655268667, "your,lordships": 0.0024424284717376133, "so,far": 0.0012212142358688067, "my,noble": 0.02407536636427076, "noble,friend": 0.0183182135380321, "on,the": 0.005757152826238661, "the,private": 0.0019190509420795533, "private,sector": 0.0019190509420795533, "the,public": 0.0012212142358688067, "public,sector": 0.0012212142358688067, "with,the": 0.005059316120027913, "i,must": 0.0012212142358688067, "declare,an": 0.00209351011863224, "an,interest": 0.003314724354501047, "interest,as": 0.0017445917655268667, "as,i": 0.0017445917655268667, "the,chairman": 0.0017445917655268667, "chairman,of": 0.0027913468248429866, "of,a": 0.003314724354501047, "within,the": 0.0019190509420795533, "this,bill": 0.0008722958827634334, "to,be": 0.004884856943475227, "of,it": 0.0017445917655268667, "<s>,the": 0.006454989532449407, "it,is": 0.01203768318213538, "and,the": 0.00471039776692254, "not,a": 0.0008722958827634334, "points,<e>": 0.0008722958827634334, "i,should": 0.0027913468248429866, "should,not": 0.00104675505931612, "like,my": 0.0012212142358688067, "friend,lord": 0.007501744591765527, "i,was": 0.0008722958827634334, "very,strongly": 0.0008722958827634334, "and,it": 0.00104675505931612, "that,it": 0.004884856943475227, "it,should": 0.0012212142358688067, "should,be": 0.0045359385903698535, "noble,baroness": 0.0017445917655268667, "put,forward": 0.00209351011863224, "the,arguments": 0.00104675505931612, "against,the": 0.00104675505931612, "the,amendment": 0.007152826238660153, "i,think": 0.00314026517794836, "which,are": 0.0017445917655268667, "<s>,all": 0.00104675505931612, "by,the": 0.0078506629448709, "committee,<e>": 0.0012212142358688067, "if,the": 0.00157013258897418, "the,committee": 0.0026168876482903, "would,be": 0.0054082344731332865, "in,this": 0.0038381018841591066, "amendment,<e>": 0.0038381018841591066, "there,are": 0.0017445917655268667, "i,believe": 0.00628053035589672, "they,are": 0.0024424284717376133, "<s>,they": 0.0008722958827634334, "am,grateful": 0.0024424284717376133, "grateful,to": 0.00314026517794836, "to,my": 0.0029658060013956736, "friend,for": 0.0013956734124214933, "for,that": 0.0008722958827634334, "i,shall": 0.0034891835310537334, "to,see": 0.0012212142358688067, "as,it": 0.00157013258897418, "during,the": 0.0008722958827634334, "<s>,therefore": 0.0013956734124214933, "leave,to": 0.0008722958827634334, "to,withdraw": 0.0008722958827634334, "should,like": 0.00157013258897418, "like,to": 0.0017445917655268667, "this,amendment": 0.0026168876482903, "referred,to": 0.0029658060013956736, "and,i": 0.005059316120027913, "shall,not": 0.0017445917655268667, "<s>,in": 0.003314724354501047, "we,are": 0.0008722958827634334, "<s>,it": 0.008025122121423587, "many,of": 0.0012212142358688067, "of,these": 0.0012212142358688067, "those,who": 0.00157013258897418, "who,are": 0.0012212142358688067, "able,to": 0.00209351011863224, "to,do": 0.0008722958827634334, "do,so": 0.0012212142358688067, "so,on": 0.0013956734124214933, "i,support": 0.00157013258897418, "support,the": 0.0022679692951849267, "friend,has": 0.0017445917655268667, "would,not": 0.00104675505931612, "not,only": 0.00104675505931612, "part,of": 0.0027913468248429866, "to,which": 0.0013956734124214933, "one,of": 0.0022679692951849267, "which,the": 0.00209351011863224, "to,accept": 0.00104675505931612, "made,<e>": 0.00104675505931612, "<s>,my": 0.0013956734124214933, "to,say": 0.00104675505931612, "say,that": 0.0017445917655268667, "at,the": 0.003314724354501047, "we,should": 0.0017445917655268667, "at,this": 0.00104675505931612, "will,have": 0.0008722958827634334, "to,take": 0.0012212142358688067, "think,that": 0.00104675505931612, "that,my": 0.00209351011863224, "a,very": 0.00104675505931612, "looking,at": 0.0012212142358688067, "which,would": 0.0013956734124214933, "to,make": 0.0012212142358688067, "the,point": 0.0024424284717376133, "point,which": 0.0008722958827634334, "about,the": 0.0008722958827634334, "that,is": 0.0027913468248429866, "<s>,indeed": 0.0013956734124214933, "it,will": 0.0013956734124214933, "it,<e>": 0.0026168876482903, "i,hope": 0.0034891835310537334, "hope,that": 0.0029658060013956736, "friend,will": 0.0008722958827634334, "will,not": 0.0017445917655268667, "not,be": 0.0017445917655268667, "the,points": 0.0013956734124214933, "perhaps,i": 0.00157013258897418, "by,my": 0.0022679692951849267, "friend,<e>": 0.0013956734124214933, "other,noble": 0.00157013258897418, "all,the": 0.0022679692951849267, "with,which": 0.0013956734124214933, "lords,the": 0.0013956734124214933, "are,not": 0.0013956734124214933, "not,the": 0.0008722958827634334, "are,now": 0.0008722958827634334, "to,those": 0.0013956734124214933, "have,the": 0.0008722958827634334, "the,opportunity": 0.0008722958827634334, "wish,to": 0.00157013258897418, "but,i": 0.00314026517794836, "friend,that": 0.0008722958827634334, "that,in": 0.00157013258897418, "in,view": 0.0008722958827634334, "view,of": 0.0008722958827634334, "he,is": 0.00104675505931612, "is,not": 0.0024424284717376133, "they,have": 0.00157013258897418, "lords,perhaps": 0.0012212142358688067, "i,may": 0.0017445917655268667, "i,also": 0.00104675505931612, "of,that": 0.0008722958827634334, "those,of": 0.00104675505931612, "of,my": 0.0012212142358688067, "of,one": 0.00157013258897418, "in,order": 0.0012212142358688067, "order,to": 0.0008722958827634334, "is,a": 0.005059316120027913, "i,would": 0.00209351011863224, "to,a": 0.00157013258897418, "may,be": 0.0017445917655268667, "a,number": 0.0017445917655268667, "number,of": 0.0022679692951849267, "it,would": 0.00418702023726448, "have,an": 0.0008722958827634334, "my,point": 0.0008722958827634334, "noble,friends": 0.00157013258897418, "<s>,as": 0.0013956734124214933, "i,understand": 0.0022679692951849267, "mean,that": 0.0008722958827634334, "that,the": 0.011165387299371946, "can,be": 0.0012212142358688067, "believe,that": 0.005059316120027913, "that,that": 0.0019190509420795533, "i,had": 0.0008722958827634334, "in,another": 0.00104675505931612, "another,place": 0.00104675505931612, "he,will": 0.0019190509420795533, "if,i": 0.0026168876482903, "that,he": 0.004012561060711794, "<s>,of": 0.0008722958827634334, "of,course": 0.00157013258897418, "i,share": 0.00104675505931612,