{"<cs>,my": 0.038375224416517056, "my,lords": 0.03927289048473968, "lords,may": 0.006732495511669659, "may,i": 0.014138240574506284, "i,ask": 0.012118491921005385, "ask,the": 0.014138240574506284, "the,noble": 0.031867145421903054, "noble,earl": 0.003590664272890485, "earl,whether": 0.0011220825852782765, "whether,her": 0.002468581687612208, "her,majestys": 0.007405745062836625, "majestys,government": 0.007405745062836625, "that,the": 0.013689407540394972, "of,the": 0.0190754039497307, "of,our": 0.0011220825852782765, "inshore,fishing": 0.0031418312387791743, "fishing,industry": 0.005385996409335727, "industry,<e>": 0.0013464991023339318, "lords,i": 0.013464991023339317, "i,thank": 0.0015709156193895871, "thank,the": 0.002244165170556553, "for,that": 0.0015709156193895871, "lords,is": 0.0020197486535008975, "fact,that": 0.0011220825852782765, "have,been": 0.004937163375224416, "noble,lord": 0.021319569120287252, "lord,whether": 0.004263913824057451, "to,the": 0.014138240574506284, "over,the": 0.002244165170556553, "the,last": 0.002468581687612208, "last,years": 0.0015709156193895871, "give,us": 0.0020197486535008975, "us,an": 0.0015709156193895871, "an,assurance": 0.002468581687612208, "assurance,that": 0.0017953321364452424, "that,her": 0.0020197486535008975, "government,will": 0.002244165170556553, "lord,the": 0.0011220825852782765, "the,house": 0.003590664272890485, "whether,he": 0.005385996409335727, "not,only": 0.0011220825852782765, "only,to": 0.0011220825852782765, "and,the": 0.0062836624775583485, "the,whole": 0.002244165170556553, "and,that": 0.005610412926391382, "that,i": 0.006732495511669659, "i,can": 0.0020197486535008975, "question,which": 0.0029174147217235187, "which,i": 0.0015709156193895871, "i,have": 0.0062836624775583485, "in,view": 0.0015709156193895871, "view,of": 0.0020197486535008975, "by,the": 0.0062836624775583485, "it,is": 0.006956912028725314, "there,is": 0.0020197486535008975, "in,the": 0.01189407540394973, "the,world": 0.0017953321364452424, "which,is": 0.0020197486535008975, "is,not": 0.002468581687612208, "on,the": 0.009649910233393177, "is,the": 0.005385996409335727, "aware,that": 0.004488330341113106, "that,if": 0.0020197486535008975, "if,the": 0.0013464991023339318, "this,country": 0.004039497307001795, "<e>,<s>": 0.05655296229802514, "<s>,can": 0.0015709156193895871, "can,he": 0.0011220825852782765, "he,not": 0.0011220825852782765, "i,should": 0.006508078994614004, "should,like": 0.004263913824057451, "like,to": 0.0062836624775583485, "to,say": 0.004039497307001795, "as,the": 0.0013464991023339318, "lords,before": 0.0031418312387791743, "before,the": 0.0031418312387791743, "lord,sits": 0.0020197486535008975, "sits,down": 0.0033662477558348293, "down,may": 0.0015709156193895871, "ask,him": 0.0029174147217235187, "him,one": 0.0011220825852782765, "one,question": 0.002468581687612208, "question,<e>": 0.0031418312387791743, "lords,does": 0.0011220825852782765, "does,he": 0.0026929982046678637, "is,a": 0.0026929982046678637, "because,i": 0.0015709156193895871, "i,do": 0.0026929982046678637, "i,beg": 0.004488330341113106, "beg,leave": 0.004263913824057451, "leave,to": 0.004263913824057451, "to,ask": 0.006508078994614004, "the,question": 0.005161579892280072, "which,stands": 0.0026929982046678637, "stands,in": 0.0026929982046678637, "in,my": 0.005161579892280072, "my,name": 0.004488330341113106, "name,on": 0.004488330341113106, "the,order": 0.004263913824057451, "order,paper": 0.004263913824057451, "paper,<e>": 0.004039497307001795, "lord,for": 0.0017953321364452424, "<s>,it": 0.004712746858168761, "at,least": 0.0015709156193895871, "<s>,i": 0.016831238779174147, "the,past": 0.0011220825852782765, "that,we": 0.0031418312387791743, "your,lordships": 0.004488330341113106, "this,afternoon": 0.0011220825852782765, "is,that": 0.0015709156193895871, "that,for": 0.0013464991023339318, "for,the": 0.005385996409335727, "years,and": 0.0011220825852782765, "of,them": 0.0015709156193895871, "treasury,and": 0.0015709156193895871, "and,i": 0.004488330341113106, "that,it": 0.003590664272890485, "will,the": 0.0015709156193895871, "brief,question": 0.0011220825852782765, "<s>,there": 0.0011220825852782765, "is,no": 0.0011220825852782765, "lords,as": 0.0017953321364452424, "as,one": 0.0020197486535008975, "one,who": 0.0020197486535008975, "in,another": 0.0017953321364452424, "another,place": 0.002244165170556553, "for,years": 0.0017953321364452424, "as,a": 0.0031418312387791743, "who,has": 0.0011220825852782765, "he,is": 0.0013464991023339318, "is,aware": 0.0013464991023339318, "of,parliament": 0.0020197486535008975, "that,a": 0.0011220825852782765, "have,had": 0.0011220825852782765, "lords,arising": 0.0026929982046678637, "arising,out": 0.002468581687612208, "out,of": 0.003590664272890485, "of,that": 0.002468581687612208, "that,answer": 0.002244165170556553, "answer,may": 0.0015709156193895871, "for,a": 0.002244165170556553, "to,a": 0.0017953321364452424, "in,a": 0.0011220825852782765, "lord,lord": 0.004263913824057451, "think,that": 0.002244165170556553, "the,treasury": 0.0015709156193895871, "to,have": 0.0015709156193895871, "to,give": 0.0011220825852782765, "do,not": 0.003590664272890485, "but,i": 0.0013464991023339318, "i,want": 0.0017953321364452424, "want,to": 0.0029174147217235187, "which,has": 0.0013464991023339318, "has,been": 0.005161579892280072, "it,<e>": 0.0033662477558348293, "<s>,the": 0.004039497307001795, "the,first": 0.0015709156193895871, "in,this": 0.0031418312387791743, "the,bbc": 0.0015709156193895871, "in,scotland": 0.0017953321364452424, "the,minister": 0.0031418312387791743, "he,realises": 0.002468581687612208, "realises,that": 0.002468581687612208, "that,this": 0.0017953321364452424, "<s>,in": 0.0011220825852782765, "the,government": 0.005385996409335727, "to,do": 0.0017953321364452424, "does,the": 0.002468581687612208, "realise,that": 0.00381508078994614, "that,unless": 0.0013464991023339318, "central,london": 0.0011220825852782765, "noble,viscount": 0.0026929982046678637, "i,think": 0.002468581687612208, "<s>,is": 0.0013464991023339318, "answer,to": 0.0011220825852782765, "the,problem": 0.0011220825852782765, "<s>,does": 0.0020197486535008975, "question,of": 0.0011220825852782765, "my,noble": 0.0020197486535008975, "noble,friend": 0.0020197486535008975, "not,be": 0.0013464991023339318, "<s>,that": 0.0015709156193895871, "that,is": 0.002468581687612208, "the,united": 0.0029174147217235187, "united,states": 0.0029174147217235187, "have,a": 0.0013464991023339318, "it,was": 0.0031418312387791743, "the,number": 0.0013464991023339318, "number,of": 0.0015709156193895871, "the,present": 0.0020197486535008975, "time,<e>": 0.002244165170556553, "should,not": 0.0011220825852782765, "should,be": 0.0013464991023339318, "between,the": 0.0013464991023339318, "of,us": 0.0013464991023339318, "believe,that": 0.0011220825852782765, "can,give": 0.0011220825852782765, "state,of": 0.0011220825852782765, "that,there": 0.0011220825852782765, "should,just": 0.0013464991023339318, "just,like": 0.0015709156193895871, "say,that": 0.004039497307001795, "i,am": 0.004039497307001795, "one,of": 0.002244165170556553, "we,have": 0.0033662477558348293, "i,hope": 0.0011220825852782765, "will,not": 0.0013464991023339318, "can,the": 0.0011220825852782765, "we,are": 0.002244165170556553, "<s>,we": 0.0020197486535008975, "government,realise": 0.0020197486535008975, "what,is": 0.0011220825852782765, "to,be": 0.0015709156193895871, "from,the": 0.0029174147217235187, "the,british": 0.0013464991023339318, "at,the": 0.0031418312387791743, "to,my": 0.0013464991023339318, "that,he": 0.0017953321364452424, "government,<e>": 0.0011220825852782765, "ask,one": 0.0015709156193895871, "very,brief": 0.0013464991023339318, "noble,and": 0.0029174147217235187, "and,learned": 0.002468581687612208, "learned,lord": 0.002244165170556553, "as,i": 0.0011220825852782765, "can,be": 0.0011220825852782765, "this,amendment": 0.0013464991023339318,