{"<cs>,my": 0.022704837117472853, "my,lords": 0.02303389272787101, "lords,i": 0.008884501480750246, "in,this": 0.0029615004935834156, "this,house": 0.0016452780519907865, "will,be": 0.0029615004935834156, "be,no": 0.0016452780519907865, "should,be": 0.004606778545574202, "by,the": 0.008884501480750246, "the,courts": 0.0019743336623889436, "of,a": 0.0029615004935834156, "<e>,<s>": 0.1016781836130306, "<s>,in": 0.004606778545574202, "for,the": 0.005593945376768674, "in,a": 0.0026324448831852583, "is,not": 0.0052648897663705166, "of,the": 0.034221783481408356, "<s>,the": 0.01349128002632445, "<s>,it": 0.01085883514313919, "it,is": 0.01349128002632445, "<s>,but": 0.002303389272787101, "is,the": 0.004606778545574202, "if,the": 0.002303389272787101, "<s>,he": 0.0026324448831852583, "to,the": 0.018756169792694965, "court,in": 0.0016452780519907865, "in,the": 0.012833168805528134, "to,give": 0.0019743336623889436, "not,to": 0.0029615004935834156, "to,be": 0.011516946363935505, "<s>,so": 0.0016452780519907865, "<s>,as": 0.0042777229351760445, "as,the": 0.0042777229351760445, "the,noble": 0.03882856202698256, "noble,lord": 0.01579466929911155, "lord,lord": 0.012833168805528134, "was,a": 0.0016452780519907865, "to,have": 0.0016452780519907865, "is,to": 0.003948667324777887, "<cs>,i": 0.011516946363935505, "i,beg": 0.004935834155972359, "beg,leave": 0.0052648897663705166, "leave,to": 0.005593945376768674, "to,withdraw": 0.006252056597564989, "withdraw,the": 0.005593945376768674, "the,amendment": 0.011516946363935505, "amendment,<e>": 0.01217505758473182, "lords,the": 0.0029615004935834156, "the,house": 0.0042777229351760445, "the,bill": 0.006252056597564989, "to,remove": 0.0016452780519907865, "has,been": 0.002303389272787101, "that,is": 0.0052648897663705166, "the,<e>": 0.0019743336623889436, "with,the": 0.0042777229351760445, "this,amendment": 0.006252056597564989, "the,committee": 0.0019743336623889436, "lord,has": 0.002303389272787101, "of,this": 0.003948667324777887, "<s>,what": 0.0016452780519907865, "this,is": 0.0019743336623889436, "is,a": 0.004935834155972359, "which,i": 0.0026324448831852583, "it,has": 0.0019743336623889436, "that,a": 0.0016452780519907865, "that,the": 0.017439947351102335, "<s>,there": 0.002303389272787101, "to,a": 0.0029615004935834156, "i,should": 0.0019743336623889436, "should,like": 0.0016452780519907865, "like,to": 0.0019743336623889436, "noble,and": 0.014149391247120764, "and,learned": 0.014149391247120764, "learned,lord": 0.012833168805528134, "that,i": 0.006581112207963146, "in,my": 0.0019743336623889436, "they,are": 0.0016452780519907865, "<s>,however": 0.0036196117143797303, "the,government": 0.0042777229351760445, "does,the": 0.0019743336623889436, "i,am": 0.012833168805528134, "on,this": 0.002303389272787101, "<s>,i": 0.016123724909509706, "the,first": 0.002303389272787101, "the,court": 0.0029615004935834156, "i,shall": 0.0036196117143797303, "what,the": 0.0019743336623889436, "noble,earl": 0.006252056597564989, "earl,has": 0.0019743336623889436, "has,said": 0.0026324448831852583, "as,i": 0.003948667324777887, "desire,to": 0.0016452780519907865, "what,i": 0.0016452780519907865, "i,have": 0.005923000987166831, "in,<e>": 0.0016452780519907865, "am,grateful": 0.0026324448831852583, "grateful,to": 0.0029615004935834156, "that,he": 0.003290556103981573, "he,has": 0.0036196117143797303, "these,amendments": 0.0016452780519907865, "amendments,<e>": 0.0016452780519907865, "amendment,no": 0.006252056597564989, "no,<e>": 0.006910167818361303, "from,the": 0.0042777229351760445, "<cs>,the": 0.0036196117143797303, "part,of": 0.0026324448831852583, "the,argument": 0.0019743336623889436, "the,words": 0.0019743336623889436, "to,say": 0.0029615004935834156, "say,that": 0.0019743336623889436, "at,the": 0.002303389272787101, "the,purpose": 0.0019743336623889436, "purpose,of": 0.0019743336623889436, "and,that": 0.0016452780519907865, "with,care": 0.0019743336623889436, "so,far": 0.0016452780519907865, "far,as": 0.0016452780519907865, "and,i": 0.003290556103981573, "is,that": 0.0026324448831852583, "that,there": 0.005923000987166831, "there,is": 0.0042777229351760445, "is,no": 0.0016452780519907865, "<s>,we": 0.0042777229351760445, "we,are": 0.0016452780519907865, "have,been": 0.0019743336623889436, "the,governments": 0.0016452780519907865, "appears,to": 0.0029615004935834156, "it,appears": 0.0016452780519907865, "to,me": 0.002303389272787101, "that,it": 0.006252056597564989, "not,be": 0.002303389272787101, "on,the": 0.006581112207963146, "i,would": 0.002303389272787101, "however,i": 0.0019743336623889436, "would,be": 0.004935834155972359, "which,the": 0.0042777229351760445, "would,not": 0.0016452780519907865, "<s>,that": 0.002303389272787101, "the,board": 0.003290556103981573, "to,which": 0.0026324448831852583, "lord,morton": 0.002303389272787101, "morton,of": 0.0019743336623889436, "of,shuna": 0.0019743336623889436, "perhaps,i": 0.0019743336623889436, "i,may": 0.0029615004935834156, "it,was": 0.0036196117143797303, "whether,the": 0.0016452780519907865, "support,the": 0.0026324448831852583, "must,be": 0.002303389272787101, "and,the": 0.003290556103981573, "may,be": 0.0029615004935834156, "<s>,if": 0.0019743336623889436, "be,the": 0.0016452780519907865, "the,position": 0.0019743336623889436, "support,of": 0.0029615004935834156, "i,was": 0.002303389272787101, "<cs>,it": 0.0016452780519907865, "<s>,for": 0.0016452780519907865, "as,it": 0.0016452780519907865, "<cs>,we": 0.0016452780519907865, "of,course": 0.0019743336623889436, "support,this": 0.0016452780519907865, "amendment,is": 0.0019743336623889436, "the,discretion": 0.002303389272787101, "the,public": 0.0026324448831852583, "be,a": 0.0029615004935834156, "about,the": 0.002303389272787101, "bill,<e>": 0.0016452780519907865, "to,what": 0.0016452780519907865, "i,do": 0.0016452780519907865, "do,not": 0.0029615004935834156, "the,minister": 0.0026324448831852583, "your,lordships": 0.003948667324777887, "accept,that": 0.0019743336623889436, "that,we": 0.0019743336623889436, "lord,the": 0.003948667324777887, "the,lord": 0.003948667324777887, "lord,chancellor": 0.0036196117143797303, "in,which": 0.0016452780519907865, "in,committee": 0.003290556103981573, "the,subject": 0.0019743336623889436, "amendments,nos": 0.0016452780519907865, "nos,<e>": 0.0016452780519907865, "in,support": 0.0019743336623889436, "add,a": 0.0019743336623889436, "my,own": 0.0019743336623889436, "is,an": 0.0019743336623889436, "the,power": 0.0016452780519907865, "to,add": 0.0016452780519907865, "my,noble": 0.0029615004935834156, "noble,friend": 0.0026324448831852583, "the,point": 0.0029615004935834156, "it,may": 0.0019743336623889436, "point,<e>": 0.0019743336623889436, "it,would": 0.0029615004935834156, "noble,lords": 0.0029615004935834156, "that,they": 0.0016452780519907865, "lords,we": 0.0016452780519907865, "these,benches": 0.0036196117143797303, "from,these": 0.0026324448831852583, "does,not": 0.0016452780519907865, "the,case": 0.0016452780519907865, "legal,aid": 0.0016452780519907865, "local,authorities": 0.0016452780519907865, "lord,renton": 0.0016452780519907865, "i,wonder": 0.0016452780519907865, "wonder,whether": 0.0016452780519907865, "the,question": 0.002303389272787101, "friend,lord": 0.0026324448831852583, "the,debate": 0.0026324448831852583, "hong,kong": 0.002303389272787101, "we,support": 0.0016452780519907865, "as,to": 0.0016452780519907865, "lordships,house": 0.0019743336623889436}