{"<cs>,my": 0.06357388316151202, "my,lords": 0.06529209621993128, "by,the": 0.012027491408934709, "your,lordships": 0.00859106529209622, "<e>,<s>": 0.17869415807560138, "<s>,the": 0.015463917525773196, "to,the": 0.022336769759450172, "for,the": 0.015463917525773196, "this,country": 0.00859106529209622, "<s>,it": 0.012027491408934709, "it,is": 0.015463917525773196, "is,the": 0.020618556701030927, "on,the": 0.010309278350515464, "<s>,i": 0.03264604810996564, "that,i": 0.010309278350515464, "noble,friend": 0.00859106529209622, "<s>,that": 0.010309278350515464, "the,government": 0.012027491408934709, "in,the": 0.01718213058419244, "of,the": 0.054982817869415807, "the,noble": 0.048109965635738834, "noble,lord": 0.03436426116838488, "lord,lord": 0.012027491408934709, "will,the": 0.012027491408934709, "noble,earl": 0.010309278350515464, "i,am": 0.012027491408934709, "<s>,does": 0.00859106529209622, "about,the": 0.012027491408934709, "aware,that": 0.00859106529209622, "there,is": 0.01718213058419244, "is,a": 0.00859106529209622, "has,been": 0.012027491408934709, "the,minister": 0.015463917525773196, "lords,i": 0.020618556701030927, "the,question": 0.00859106529209622, "agree,that": 0.013745704467353952, "would,be": 0.00859106529209622, "that,the": 0.024054982817869417, "the,nedc": 0.00859106529209622, "<s>,there": 0.013745704467353952, "lords,perhaps": 0.00859106529209622, "perhaps,i": 0.00859106529209622, "i,may": 0.012027491408934709, "should,be": 0.010309278350515464, "the,challenge": 0.00859106529209622, "challenge,of": 0.00859106529209622, "the,disabled": 0.00859106529209622, "think,that": 0.010309278350515464, "i,have": 0.010309278350515464, "i,should": 0.010309278350515464}