{"<cs>,my": 0.03162055335968379, "my,lords": 0.03162055335968379, "lords,i": 0.03162055335968379, "i,have": 0.02766798418972332, "have,the": 0.03162055335968379, "the,honour": 0.03162055335968379, "honour,to": 0.03162055335968379, "to,present": 0.03162055335968379, "present,to": 0.03162055335968379, "to,your": 0.03162055335968379, "your,lordships": 0.03162055335968379, "lordships,a": 0.02766798418972332, "a,message": 0.02766798418972332, "message,from": 0.02766798418972332, "from,her": 0.03162055335968379, "her,majesty": 0.03162055335968379, "majesty,the": 0.03162055335968379, "the,queen": 0.03162055335968379, "queen,signed": 0.023715415019762844, "signed,by": 0.03162055335968379, "by,her": 0.03162055335968379, "her,own": 0.03162055335968379, "own,hand": 0.03162055335968379, "hand,<e>": 0.03162055335968379, "<e>,<s>": 0.03557312252964427, "<s>,the": 0.03162055335968379, "the,message": 0.02766798418972332, "message,is": 0.03162055335968379, "is,as": 0.03162055335968379, "as,follows": 0.03162055335968379, "follows,<e>": 0.03162055335968379, "i,now": 0.003952569169960474, "now,have": 0.003952569169960474, "lordships,two": 0.003952569169960474, "two,messages": 0.003952569169960474, "messages,from": 0.003952569169960474, "queen,each": 0.003952569169960474, "each,signed": 0.003952569169960474, "the,first": 0.003952569169960474, "first,message": 0.003952569169960474, "queen,<e>": 0.003952569169960474, "<s>,signed": 0.003952569169960474}