{"<cs>,my": 0.03855421686746988, "my,lords": 0.03855421686746988, "lords,in": 0.0024096385542168677, "in,the": 0.022650602409638555, "the,course": 0.0024096385542168677, "course,of": 0.0024096385542168677, "the,noble": 0.04048192771084337, "noble,lord": 0.01927710843373494, "lord,lord": 0.006265060240963855, "of,the": 0.041927710843373496, "which,the": 0.004337349397590362, "the,government": 0.009156626506024097, "<e>,<s>": 0.09927710843373494, "this,is": 0.002891566265060241, "is,the": 0.010602409638554217, "kind,of": 0.002891566265060241, "<s>,i": 0.014457831325301205, "<s>,my": 0.0024096385542168677, "my,noble": 0.006746987951807229, "noble,friend": 0.005783132530120482, "friend,lord": 0.004337349397590362, "as,i": 0.0038554216867469878, "i,do": 0.0038554216867469878, "i,think": 0.0038554216867469878, "by,the": 0.006265060240963855, "that,they": 0.00819277108433735, "and,i": 0.004337349397590362, "i,have": 0.00819277108433735, "had,a": 0.0024096385542168677, "in,my": 0.0024096385542168677, "<s>,he": 0.004819277108433735, "from,the": 0.005301204819277108, "<s>,that": 0.0038554216867469878, "i,was": 0.0033734939759036144, "that,the": 0.013012048192771084, "lords,is": 0.0033734939759036144, "in,which": 0.0024096385542168677, "which,we": 0.0024096385542168677, "lords,i": 0.006746987951807229, "noble,earl": 0.008674698795180723, "in,this": 0.002891566265060241, "<s>,we": 0.004337349397590362, "we,have": 0.0077108433734939755, "a,long": 0.0024096385542168677, "when,the": 0.0024096385542168677, "and,the": 0.005301204819277108, "<s>,the": 0.005783132530120482, "we,are": 0.007228915662650603, "are,now": 0.004819277108433735, "with,the": 0.0038554216867469878, "may,i": 0.006265060240963855, "to,the": 0.01783132530120482, "believe,that": 0.0024096385542168677, "that,i": 0.002891566265060241, "was,the": 0.0024096385542168677, "for,the": 0.005301204819277108, "them,<e>": 0.002891566265060241, "to,go": 0.0024096385542168677, "would,be": 0.0033734939759036144, "the,new": 0.0024096385542168677, "most,of": 0.0024096385542168677, "of,those": 0.0024096385542168677, "there,was": 0.0024096385542168677, "of,what": 0.0038554216867469878, "the,house": 0.006746987951807229, "the,fact": 0.0024096385542168677, "to,be": 0.006265060240963855, "in,another": 0.002891566265060241, "to,make": 0.0024096385542168677, "on,the": 0.00963855421686747, "that,he": 0.0033734939759036144, "he,has": 0.0024096385542168677, "it,<e>": 0.004337349397590362, "and,that": 0.0033734939759036144, "of,my": 0.0024096385542168677, "have,been": 0.006746987951807229, "trying,to": 0.002891566265060241, "trade,union": 0.0033734939759036144, "that,there": 0.0033734939759036144, "there,is": 0.004337349397590362, "into,the": 0.0024096385542168677, "that,is": 0.0038554216867469878, "is,now": 0.004819277108433735, "the,end": 0.002891566265060241, "end,of": 0.0024096385542168677, "of,course": 0.0033734939759036144, "they,have": 0.0033734939759036144, "does,not": 0.0024096385542168677, "to,get": 0.004337349397590362, "there,are": 0.0024096385542168677, "a,great": 0.0024096385542168677, "lords,may": 0.0033734939759036144, "<s>,when": 0.0024096385542168677, "we,had": 0.0024096385542168677, "it,is": 0.010120481927710843, "i,am": 0.0038554216867469878, "that,in": 0.0024096385542168677, "is,a": 0.004819277108433735, "them,to": 0.002891566265060241, "did,not": 0.002891566265060241, "lords,will": 0.0033734939759036144, "will,the": 0.005301204819277108, "earl,agree": 0.0024096385542168677, "agree,that": 0.00819277108433735, "government,are": 0.0038554216867469878, "lords,the": 0.0038554216867469878, "noble,viscount": 0.00963855421686747, "<s>,is": 0.005301204819277108, "is,he": 0.002891566265060241, "aware,that": 0.007228915662650603, "about,the": 0.005783132530120482, "will,be": 0.006265060240963855, "<s>,would": 0.0024096385542168677, "one,of": 0.002891566265060241, "of,a": 0.004819277108433735, "they,are": 0.002891566265060241, "in,a": 0.0038554216867469878, "which,is": 0.0038554216867469878, "<s>,will": 0.0024096385542168677, "not,the": 0.002891566265060241, "that,it": 0.005783132530120482, "the,statement": 0.0033734939759036144, "the,neb": 0.005783132530120482, "<s>,there": 0.0033734939759036144, "of,million": 0.0024096385542168677, "would,the": 0.006265060240963855, "lord,aware": 0.0033734939759036144, "that,we": 0.004819277108433735, "that,this": 0.005783132530120482, "do,not": 0.004337349397590362, "<s>,indeed": 0.002891566265060241, "lords,would": 0.0038554216867469878, "it,was": 0.004819277108433735, "the,same": 0.0024096385542168677, "think,that": 0.002891566265060241, "the,question": 0.0038554216867469878, "far,as": 0.0024096385542168677, "if,we": 0.0033734939759036144, "number,of": 0.0024096385542168677, "will,not": 0.0024096385542168677, "<s>,in": 0.0038554216867469878, "is,that": 0.004819277108433735, "saying,that": 0.0024096385542168677, "grateful,to": 0.0024096385542168677, "has,been": 0.005301204819277108, "been,made": 0.002891566265060241, "another,place": 0.0024096385542168677, "place,<e>": 0.0024096385542168677, "a,very": 0.0038554216867469878, "this,bill": 0.0024096385542168677, "of,this": 0.0038554216867469878, "industry,<e>": 0.0033734939759036144, "said,that": 0.0024096385542168677, "indeed,the": 0.0024096385542168677, "which,are": 0.0024096385542168677, "in,fact": 0.0024096385542168677, "at,the": 0.005783132530120482, "many,of": 0.0038554216867469878, "in,that": 0.002891566265060241, "of,us": 0.002891566265060241, "but,i": 0.002891566265060241, "the,industry": 0.0024096385542168677, "<s>,it": 0.005301204819277108, "the,case": 0.0038554216867469878, "as,the": 0.002891566265060241, "have,no": 0.0033734939759036144, "which,have": 0.0024096385542168677, "<s>,therefore": 0.0033734939759036144, "because,of": 0.002891566265060241, "order,to": 0.0024096385542168677, "development,agency": 0.0024096385542168677, "of,some": 0.002891566265060241, "could,be": 0.0024096385542168677, "going,to": 0.0033734939759036144, "is,to": 0.0024096385542168677, "ask,the": 0.0024096385542168677, "to,ask": 0.0024096385542168677}