{"<cs>,my": 0.03721931713318979, "my,lords": 0.03752691479544756, "lords,i": 0.02122423869578591, "i,beg": 0.008612734543217471, "beg,leave": 0.003998769609350969, "leave,to": 0.003998769609350969, "to,ask": 0.00492156259612427, "ask,the": 0.004306367271608736, "the,question": 0.00492156259612427, "question,which": 0.003383574284835435, "which,stands": 0.003383574284835435, "stands,in": 0.003383574284835435, "in,my": 0.005229160258382036, "my,name": 0.003998769609350969, "name,on": 0.003998769609350969, "on,the": 0.011073515841279606, "the,order": 0.003998769609350969, "order,paper": 0.003998769609350969, "paper,<e>": 0.003998769609350969, "i,am": 0.014149492463857275, "am,grateful": 0.00492156259612427, "grateful,to": 0.007689941556444171, "to,my": 0.005536757920639803, "my,noble": 0.02922177791448785, "noble,friend": 0.02829898492771455, "friend,for": 0.005229160258382036, "for,that": 0.004613964933866502, "that,answer": 0.0015379883112888342, "would,he": 0.002153183635804368, "he,agree": 0.002153183635804368, "it,would": 0.0027683789603199014, "would,be": 0.004613964933866502, "to,take": 0.002460781298062135, "the,fact": 0.003691171947093202, "fact,that": 0.003691171947093202, "that,the": 0.012919101814826207, "european,community": 0.005536757920639803, "is,not": 0.0030759766225776685, "<e>,<s>": 0.06982466933251308, "<s>,will": 0.002153183635804368, "in,the": 0.01845585973546601, "the,london": 0.0015379883112888342, "and,the": 0.00492156259612427, "in,this": 0.007689941556444171, "i,believe": 0.005229160258382036, "more,than": 0.001845585973546601, "of,a": 0.003998769609350969, "by,the": 0.006151953245155337, "a,year": 0.001845585973546601, "it,was": 0.0027683789603199014, "that,it": 0.00676714856967087, "<s>,it": 0.004613964933866502, "the,european": 0.009227929867733005, "<s>,i": 0.019071055059981544, "i,wonder": 0.0015379883112888342, "whether,he": 0.003691171947093202, "he,has": 0.002153183635804368, "<s>,of": 0.0015379883112888342, "at,the": 0.004306367271608736, "european,parliament": 0.002460781298062135, "i,should": 0.007382343894186404, "should,like": 0.005536757920639803, "like,to": 0.005229160258382036, "with,the": 0.005229160258382036, "friend,lord": 0.002460781298062135, "the,noble": 0.012611504152568441, "noble,lord": 0.008920332205475239, "lord,lord": 0.006151953245155337, "the,house": 0.0030759766225776685, "able,to": 0.003998769609350969, "i,think": 0.003691171947093202, "there,is": 0.0015379883112888342, "your,lordships": 0.003691171947093202, "lordships,house": 0.0015379883112888342, "and,for": 0.0015379883112888342, "for,the": 0.0064595509074131035, "that,has": 0.0015379883112888342, "has,been": 0.004306367271608736, "<s>,the": 0.003998769609350969, "some,of": 0.001845585973546601, "of,the": 0.03014457090126115, "have,been": 0.004306367271608736, "this,matter": 0.00492156259612427, "am,very": 0.001845585973546601, "that,that": 0.001845585973546601, "that,is": 0.003998769609350969, "is,the": 0.0030759766225776685, "and,that": 0.004306367271608736, "it,is": 0.008305136880959704, "to,the": 0.009535527529990772, "noble,and": 0.0015379883112888342, "lords,is": 0.002460781298062135, "aware,that": 0.004306367271608736, "to,make": 0.001845585973546601, "<s>,is": 0.001845585973546601, "who,are": 0.0015379883112888342, "and,i": 0.003383574284835435, "ask,him": 0.0015379883112888342, "will,he": 0.002460781298062135, "the,<e>": 0.0015379883112888342, "will,the": 0.0015379883112888342, "the,minister": 0.0027683789603199014, "as,a": 0.0030759766225776685, "the,soviet": 0.0015379883112888342, "to,join": 0.0027683789603199014, "join,with": 0.0030759766225776685, "who,have": 0.004306367271608736, "that,we": 0.0027683789603199014, "reply,<e>": 0.001845585973546601, "he,is": 0.0030759766225776685, "<s>,does": 0.003383574284835435, "does,he": 0.003998769609350969, "he,not": 0.002153183635804368, "not,agree": 0.0015379883112888342, "agree,that": 0.003998769609350969, "and,in": 0.002460781298062135, "in,particular": 0.001845585973546601, "part,of": 0.002153183635804368, "is,my": 0.0027683789603199014, "friend,aware": 0.001845585973546601, "the,eec": 0.0015379883112888342, "this,country": 0.004306367271608736, "from,the": 0.002460781298062135, "was,a": 0.0015379883112888342, "him,to": 0.0015379883112888342, "interest,in": 0.0015379883112888342, "that,i": 0.003691171947093202, "is,in": 0.0015379883112888342, "on,a": 0.002460781298062135, "a,very": 0.0015379883112888342, "of,european": 0.0015379883112888342, "that,this": 0.003998769609350969, "by,my": 0.0015379883112888342, "friend,the": 0.001845585973546601, "between,the": 0.0015379883112888342, "the,british": 0.001845585973546601, "that,there": 0.0015379883112888342, "the,people": 0.0015379883112888342, "people,of": 0.0015379883112888342, "noble,lords": 0.00492156259612427, "lords,who": 0.002460781298062135, "in,an": 0.0015379883112888342, "the,end": 0.001845585973546601, "end,of": 0.001845585973546601, "that,he": 0.003383574284835435, "to,do": 0.002153183635804368, "<cs>,i": 0.0027683789603199014, "that,my": 0.001845585973546601, "of,course": 0.001845585973546601, "not,be": 0.001845585973546601, "have,to": 0.0015379883112888342, "is,he": 0.0015379883112888342, "he,aware": 0.0015379883112888342, "of,this": 0.0030759766225776685, "lords,in": 0.0015379883112888342, "may,i": 0.002460781298062135, "i,ask": 0.0015379883112888342, "that,some": 0.0015379883112888342, "members,of": 0.0027683789603199014, "confirm,that": 0.001845585973546601, "member,states": 0.0015379883112888342, "the,treaty": 0.0030759766225776685, "this,is": 0.0015379883112888342, "an,illegal": 0.0015379883112888342, "we,are": 0.001845585973546601, "will,be": 0.0064595509074131035, "in,a": 0.002153183635804368, "a,few": 0.002153183635804368, "on,this": 0.003998769609350969, "in,which": 0.0015379883112888342, "it,will": 0.001845585973546601, "about,the": 0.002460781298062135, "the,amendment": 0.002460781298062135, "does,not": 0.0015379883112888342, "i,have": 0.003691171947093202, "noble,friends": 0.0015379883112888342, "it,<e>": 0.002460781298062135, "the,government": 0.005229160258382036, "what,he": 0.0015379883112888342, "which,i": 0.0015379883112888342, "the,bill": 0.003383574284835435, "beg,to": 0.003998769609350969, "to,move": 0.0027683789603199014, "move,that": 0.002460781298062135, "and,to": 0.002153183635804368, "to,be": 0.004613964933866502, "the,first": 0.0015379883112888342, "first,time": 0.001845585973546601, "this,bill": 0.003998769609350969, "the,united": 0.0015379883112888342, "bill,<e>": 0.002460781298062135, "to,have": 0.0015379883112888342, "have,a": 0.0015379883112888342, "believe,that": 0.002460781298062135, "such,a": 0.0015379883112888342, "be,a": 0.0015379883112888342, "is,a": 0.002460781298062135, "can,my": 0.0015379883112888342, "to,introduce": 0.0015379883112888342, "introduce,a": 0.0015379883112888342, "a,bill": 0.0015379883112888342, "the,law": 0.001845585973546601, "european,communities": 0.0015379883112888342, "the,franchise": 0.0015379883112888342, "bill,be": 0.002153183635804368, "be,now": 0.002153183635804368, "now,read": 0.002153183635804368, "read,a": 0.002153183635804368, "time,<e>": 0.002460781298062135, "<s>,in": 0.001845585973546601, "i,hope": 0.0015379883112888342, "<s>,perhaps": 0.0015379883112888342, "british,airways": 0.002153183635804368, "friend,would": 0.001845585973546601, "this,debate": 0.001845585973546601, "those,who": 0.002460781298062135, "should,be": 0.002460781298062135, "of,that": 0.0015379883112888342, "that,they": 0.001845585973546601, "matter,<e>": 0.0015379883112888342, "friend,lady": 0.001845585973546601, "to,this": 0.001845585973546601, "people,who": 0.0015379883112888342, "amendment,<e>": 0.0015379883112888342, "<s>,that": 0.001845585973546601, "to,a": 0.0015379883112888342, "<s>,however": 0.003998769609350969, "white,paper": 0.0015379883112888342, "but,i": 0.0015379883112888342, "i,do": 0.001845585973546601, "do,not": 0.002153183635804368, "that,in": 0.002460781298062135,