{"<cs>,my": 0.03099985446077718, "my,lords": 0.03129093290641828, "lords,i": 0.008877892592053559, "i,hope": 0.0008732353369233009, "may,be": 0.0007276961141027507, "to,congratulate": 0.001164313782564401, "noble,lords": 0.0007276961141027507, "government,and": 0.0007276961141027507, "over,the": 0.0013098530053849513, "the,last": 0.002183088342308252, "years,<e>": 0.001018774559743851, "<e>,<s>": 0.08164750400232863, "<s>,i": 0.014553922282055013, "that,they": 0.002183088342308252, "they,will": 0.001164313782564401, "of,their": 0.001164313782564401, "as,i": 0.0017464706738466017, "i,did": 0.001018774559743851, "<s>,but": 0.0016009314510260515, "but,i": 0.0017464706738466017, "i,believe": 0.002328627565128802, "believe,that": 0.003201862902052103, "they,are": 0.003201862902052103, "that,the": 0.011643137825644011, "more,than": 0.0007276961141027507, "between,the": 0.001164313782564401, "lords,will": 0.0024741667879493523, "will,the": 0.004366176684616504, "the,minister": 0.015136079173337215, "minister,bear": 0.002183088342308252, "bear,in": 0.004511715907437055, "in,mind": 0.005239412021539805, "mind,that": 0.004511715907437055, "the,most": 0.0007276961141027507, "by,a": 0.0013098530053849513, "local,government": 0.0007276961141027507, "did,not": 0.0016009314510260515, "as,they": 0.0008732353369233009, "lords,may": 0.0018920098966671518, "may,i": 0.0034929413476932035, "<s>,my": 0.0007276961141027507, "my,noble": 0.002328627565128802, "noble,friend": 0.002183088342308252, "friend,lord": 0.001164313782564401, "to,speak": 0.0008732353369233009, "had,to": 0.0007276961141027507, "<s>,at": 0.0007276961141027507, "at,the": 0.0034929413476932035, "of,the": 0.01964779508077427, "we,have": 0.004075098238975404, "lords,the": 0.0007276961141027507, "to,the": 0.01135205938000291, "to,get": 0.0017464706738466017, "that,there": 0.005239412021539805, "there,is": 0.005239412021539805, "at,least": 0.0013098530053849513, "lords,does": 0.0008732353369233009, "does,the": 0.0008732353369233009, "the,fact": 0.0008732353369233009, "fact,that": 0.0007276961141027507, "and,that": 0.003056323679231553, "this,is": 0.002037549119487702, "when,we": 0.0013098530053849513, "can,say": 0.0008732353369233009, "that,we": 0.0037840197933343036, "in,the": 0.012952990831028962, "<s>,it": 0.005967108135642556, "it,is": 0.00989666715179741, "that,this": 0.002037549119487702, "this,country": 0.001018774559743851, "one,of": 0.0014553922282055014, "members,of": 0.001164313782564401, "some,of": 0.0013098530053849513, "should,be": 0.004802794353078154, "the,community": 0.0007276961141027507, "could,be": 0.0008732353369233009, "if,we": 0.001164313782564401, "rather,than": 0.0007276961141027507, "<s>,that": 0.004948333575898705, "that,is": 0.006549265026924756, "that,it": 0.0053849512443603555, "is,the": 0.01091544171154126, "not,want": 0.0007276961141027507, "want,to": 0.0013098530053849513, "with,the": 0.003056323679231553, "the,subject": 0.0008732353369233009, "i,think": 0.0036384805705137534, "i,must": 0.0007276961141027507, "the,question": 0.003056323679231553, "question,<e>": 0.0008732353369233009, "i,said": 0.001018774559743851, "the,debate": 0.001018774559743851, "on,the": 0.006840343472565857, "before,the": 0.001164313782564401, "i,would": 0.0026197060107699026, "there,was": 0.0018920098966671518, "was,a": 0.002037549119487702, "case,for": 0.0007276961141027507, "for,a": 0.0008732353369233009, "lords,would": 0.0018920098966671518, "would,the": 0.0029107844564110028, "the,government": 0.009168971037694658, "the,noble": 0.013244069276670063, "noble,lord": 0.008732353369233009, "lord,bear": 0.001018774559743851, "this,matter": 0.0007276961141027507, "has,been": 0.004657255130257604, "it,has": 0.0026197060107699026, "a,matter": 0.0008732353369233009, "lords,is": 0.0058215689128220055, "minister,aware": 0.0036384805705137534, "aware,that": 0.007568039586668607, "from,the": 0.0026197060107699026, "he,is": 0.001018774559743851, "is,now": 0.0007276961141027507, "the,same": 0.0017464706738466017, "he,has": 0.0016009314510260515, "<s>,there": 0.002037549119487702, "we,are": 0.003347402124872653, "have,been": 0.004802794353078154, "which,have": 0.0007276961141027507, "and,a": 0.001018774559743851, "the,house": 0.0036384805705137534, "and,in": 0.002037549119487702, "we,shall": 0.0013098530053849513, "i,should": 0.004657255130257604, "like,to": 0.004075098238975404, "or,not": 0.0007276961141027507, "it,was": 0.0027652452335904525, "that,he": 0.0016009314510260515, "speech,<e>": 0.001018774559743851, "government,<e>": 0.0017464706738466017, "think,that": 0.0024741667879493523, "the,point": 0.001018774559743851, "<s>,the": 0.006694804249745306, "is,that": 0.0024741667879493523, "there,should": 0.001018774559743851, "be,a": 0.002183088342308252, "should,not": 0.0008732353369233009, "not,be": 0.001018774559743851, "it,should": 0.0007276961141027507, "and,not": 0.001018774559743851, "congratulate,the": 0.0013098530053849513, "lord,lord": 0.0027652452335904525, "it,<e>": 0.002037549119487702, "i,am": 0.005530490467180905, "to,that": 0.0008732353369233009, "the,need": 0.0008732353369233009, "need,for": 0.001018774559743851, "ask,the": 0.0029107844564110028, "government,are": 0.0016009314510260515, "are,going": 0.0008732353369233009, "going,to": 0.002183088342308252, "be,an": 0.0007276961141027507, "i,beg": 0.003056323679231553, "beg,leave": 0.0029107844564110028, "leave,to": 0.0029107844564110028, "to,ask": 0.002183088342308252, "question,which": 0.001164313782564401, "which,stands": 0.001164313782564401, "stands,in": 0.001164313782564401, "in,my": 0.002328627565128802, "my,name": 0.002037549119487702, "name,on": 0.0018920098966671518, "the,order": 0.0018920098966671518, "order,paper": 0.0018920098966671518, "paper,<e>": 0.0018920098966671518, "lords,first": 0.001018774559743851, "first,of": 0.001164313782564401, "of,all": 0.0014553922282055014, "i,thank": 0.002183088342308252, "thank,the": 0.002183088342308252, "minister,for": 0.0013098530053849513, "for,his": 0.0017464706738466017, "<s>,is": 0.0024741667879493523, "per,cent": 0.004657255130257604, "cent,<e>": 0.004511715907437055, "<s>,in": 0.0026197060107699026, "the,<e>": 0.0008732353369233009, "government,policy": 0.001018774559743851, "is,going": 0.0008732353369233009, "in,this": 0.0016009314510260515, "by,the": 0.005239412021539805, "the,consumer": 0.0008732353369233009, "the,other": 0.0013098530053849513, "is,a": 0.005676029690001455, "i,have": 0.004220637461795954, "have,no": 0.0008732353369233009, "and,the": 0.004802794353078154, "the,governments": 0.001018774559743851, "i,do": 0.001018774559743851, "do,not": 0.002037549119487702, "they,have": 0.0016009314510260515, "time,to": 0.001018774559743851, "we,had": 0.0007276961141027507, "when,the": 0.001018774559743851, "were,in": 0.0007276961141027507, "can,be": 0.0016009314510260515, "the,real": 0.001018774559743851, "wish,to": 0.001018774559743851, "<s>,if": 0.0024741667879493523, "in,a": 0.0013098530053849513, "of,a": 0.0026197060107699026, "policy,<e>": 0.0007276961141027507, "noble,viscount": 0.001164313782564401, "i,shall": 0.0018920098966671518, "<s>,of": 0.0013098530053849513, "which,are": 0.001018774559743851, "to,put": 0.0014553922282055014, "put,to": 0.0008732353369233009, "for,that": 0.001018774559743851, "that,<e>": 0.002328627565128802, "that,when": 0.0008732353369233009, "does,not": 0.0016009314510260515, "to,be": 0.0034929413476932035, "<cs>,the": 0.001164313782564401, "is,being": 0.0008732353369233009, "<s>,first": 0.0029107844564110028, "said,that": 0.0007276961141027507, "was,not": 0.001164313782564401, "not,the": 0.001164313782564401, "<cs>,i": 0.0037840197933343036, "am,not": 0.0008732353369233009, "<s>,they": 0.0029107844564110028, "and,i": 0.0036384805705137534, "the,report": 0.0007276961141027507, "the,work": 0.0007276961141027507, "is,quite": 0.0007276961141027507, "in,order": 0.0014553922282055014, "should,like": 0.0034929413476932035, "what,i": 0.0008732353369233009,