{"<cs>,my": 0.025587828492392807, "my,lords": 0.02627939142461964, "lords,i": 0.017980636237897647, "your,lordships": 0.006915629322268326, "<e>,<s>": 0.12378976486860305, "<s>,i": 0.048409405255878286, "i,should": 0.01313969571230982, "should,like": 0.011065006915629323, "like,to": 0.011756569847856155, "for,the": 0.007607192254495159, "and,i": 0.008990318118948824, "the,noble": 0.03734439834024896, "noble,lord": 0.028354080221300138, "lord,lord": 0.024204702627939143, "of,a": 0.004149377593360996, "i,am": 0.016597510373443983, "to,be": 0.008990318118948824, "to,make": 0.003457814661134163, "subject,<e>": 0.004149377593360996, "i,have": 0.008990318118948824, "have,to": 0.006915629322268326, "that,i": 0.008298755186721992, "it,is": 0.012448132780082987, "with,the": 0.011756569847856155, "this,evening": 0.003457814661134163, "to,the": 0.02074688796680498, "in,the": 0.01590594744121715, "we,have": 0.005532503457814661, "have,a": 0.004149377593360996, "i,shall": 0.007607192254495159, "noble,earl": 0.005532503457814661, "earl,lord": 0.005532503457814661, "that,it": 0.006915629322268326, "to,consider": 0.003457814661134163, "is,a": 0.005532503457814661, "<s>,it": 0.008990318118948824, "i,hope": 0.004149377593360996, "hope,that": 0.004149377593360996, "is,that": 0.003457814661134163, "that,the": 0.01590594744121715, "<cs>,the": 0.003457814661134163, "lord,stanley": 0.003457814661134163, "<s>,if": 0.008990318118948824, "if,i": 0.003457814661134163, "would,be": 0.004840940525587829, "of,the": 0.040110650069156296, "<cs>,i": 0.007607192254495159, "to,withdraw": 0.006224066390041493, "withdraw,the": 0.006224066390041493, "the,amendment": 0.009681881051175657, "but,i": 0.004149377593360996, "i,would": 0.004840940525587829, "to,say": 0.006224066390041493, "say,that": 0.004149377593360996, "in,this": 0.003457814661134163, "do,not": 0.003457814661134163, "think,that": 0.006915629322268326, "<s>,there": 0.004149377593360996, "there,are": 0.003457814661134163, "the,government": 0.005532503457814661, "i,beg": 0.004149377593360996, "beg,leave": 0.004840940525587829, "leave,to": 0.004840940525587829, "amendment,<e>": 0.008298755186721992, "has,been": 0.004149377593360996, "and,the": 0.011756569847856155, "of,this": 0.005532503457814661, "support,the": 0.003457814661134163, "we,are": 0.003457814661134163, "to,which": 0.003457814661134163, "on,the": 0.013831258644536652, "<s>,the": 0.008298755186721992, "by,the": 0.011756569847856155, "amendment,no": 0.003457814661134163, "no,<e>": 0.003457814661134163, "there,is": 0.006915629322268326, "i,may": 0.004840940525587829, "the,value": 0.004840940525587829, "value,of": 0.004840940525587829, "that,you": 0.004149377593360996, "is,the": 0.004149377593360996, "which,i": 0.004840940525587829, "agree,with": 0.003457814661134163, "if,the": 0.003457814661134163, "<s>,in": 0.004149377593360996, "i,think": 0.008298755186721992, "is,not": 0.006224066390041493, "the,fact": 0.003457814661134163, "fact,that": 0.004149377593360996, "will,be": 0.004840940525587829, "the,bill": 0.004840940525587829, "because,i": 0.003457814661134163, "have,been": 0.004840940525587829, "it,would": 0.004149377593360996, "the,subject": 0.004840940525587829, "the,minister": 0.006915629322268326, "that,we": 0.004149377593360996, "to,take": 0.003457814661134163, "which,the": 0.004840940525587829, "of,your": 0.003457814661134163, "which,he": 0.004149377593360996, "i,too": 0.003457814661134163, "this,amendment": 0.004149377593360996, "i,was": 0.003457814661134163, "the,committee": 0.005532503457814661, "at,the": 0.005532503457814661, "the,report": 0.004149377593360996, "in,which": 0.003457814661134163, "with,which": 0.003457814661134163, "am,not": 0.003457814661134163, "the,countryside": 0.003457814661134163, "the,problem": 0.004840940525587829}