{"<cs>,my": 0.05430847212165098, "my,lords": 0.055756698044895005, "lords,i": 0.03548153511947864, "i,beg": 0.013758146270818247, "beg,leave": 0.013758146270818247, "leave,to": 0.013758146270818247, "to,ask": 0.015206372194062274, "ask,the": 0.013758146270818247, "the,question": 0.01448225923244026, "question,which": 0.00724112961622013, "which,stands": 0.00724112961622013, "stands,in": 0.00724112961622013, "in,my": 0.0166545981173063, "my,name": 0.013758146270818247, "name,on": 0.013034033309196235, "on,the": 0.020275162925416364, "the,order": 0.015206372194062274, "order,paper": 0.015206372194062274, "paper,<e>": 0.015206372194062274, "i,thank": 0.01448225923244026, "the,noble": 0.013758146270818247, "noble,lord": 0.011585807385952208, "can,he": 0.00941346850108617, "the,house": 0.007965242577842143, "that,the": 0.00724112961622013, "i,do": 0.007965242577842143, "do,not": 0.008689355539464157, "intend,to": 0.004344677769732078, "my,noble": 0.03765387400434468, "noble,friend": 0.036205648081100654, "friend,lord": 0.003620564808110065, "is,not": 0.003620564808110065, "lord,lord": 0.00724112961622013, "your,lordships": 0.008689355539464157, "<e>,<s>": 0.06806661839246922, "i,would": 0.004344677769732078, "that,i": 0.004344677769732078, "i,was": 0.005068790731354091, "<s>,i": 0.01882693700217234, "in,the": 0.01882693700217234, "to,say": 0.003620564808110065, "have,been": 0.004344677769732078, "and,i": 0.007965242577842143, "to,do": 0.003620564808110065, "lords,is": 0.003620564808110065, "is,my": 0.004344677769732078, "friend,aware": 0.003620564808110065, "the,highlands": 0.004344677769732078, "highlands,and": 0.003620564808110065, "and,the": 0.005068790731354091, "<s>,is": 0.005792903692976104, "i,am": 0.00724112961622013, "it,is": 0.00724112961622013, "noble,lords": 0.005792903692976104, "for,the": 0.003620564808110065, "the,last": 0.005068790731354091, "in,a": 0.005068790731354091, "of,the": 0.02172338884866039, "friend,for": 0.013758146270818247, "for,that": 0.01448225923244026, "that,reply": 0.0065170166545981175, "he,say": 0.005068790731354091, "say,whether": 0.003620564808110065, "her,majestys": 0.008689355539464157, "majestys,government": 0.0065170166545981175, "to,be": 0.003620564808110065, "the,government": 0.005068790731354091, "thank,my": 0.01448225923244026, "reply,<e>": 0.0065170166545981175, "and,that": 0.003620564808110065, "is,a": 0.005792903692976104, "which,i": 0.005068790731354091, "i,think": 0.0065170166545981175, "<s>,can": 0.00724112961622013, "can,my": 0.004344677769732078, "i,have": 0.00941346850108617, "a,very": 0.005792903692976104, "in,this": 0.004344677769732078, "will,be": 0.003620564808110065, "tell,the": 0.003620564808110065, "there,is": 0.003620564808110065, "of,this": 0.004344677769732078, "<s>,the": 0.003620564808110065, "that,it": 0.003620564808110065, "to,the": 0.005792903692976104, "and,for": 0.003620564808110065, "the,situation": 0.004344677769732078, "i,should": 0.0065170166545981175, "agree,with": 0.004344677769732078, "by,the": 0.003620564808110065, "that,answer": 0.003620564808110065, "answer,<e>": 0.003620564808110065, "question,standing": 0.0065170166545981175, "standing,in": 0.0065170166545981175, "of,these": 0.003620564808110065, "who,have": 0.003620564808110065, "like,to": 0.005068790731354091, "should,like": 0.003620564808110065, "i,shall": 0.003620564808110065}