{"<cs>,my": 0.05018359853121175, "my,lords": 0.05018359853121175, "it,was": 0.0036719706242350062, "to,me": 0.006119951040391677, "that,the": 0.02631578947368421, "another,place": 0.0030599755201958386, "lords,is": 0.015299877600979192, "is,my": 0.01346389228886169, "my,noble": 0.04100367197062423, "noble,friend": 0.037943696450428395, "friend,aware": 0.012851897184822521, "aware,that": 0.01835985312117503, "of,the": 0.027539779681762546, "to,the": 0.028151774785801713, "that,they": 0.004283965728274173, "they,are": 0.0036719706242350062, "<e>,<s>": 0.0777233782129743, "the,minister": 0.0055079559363525096, "that,there": 0.0055079559363525096, "will,be": 0.0055079559363525096, "in,the": 0.01346389228886169, "<cs>,i": 0.006119951040391677, "in,this": 0.006119951040391677, "<s>,it": 0.006731946144430845, "it,seems": 0.0030599755201958386, "seems,to": 0.0036719706242350062, "the,other": 0.0030599755201958386, "noble,friends": 0.0030599755201958386, "on,the": 0.00795593635250918, "<s>,if": 0.0030599755201958386, "does,not": 0.0030599755201958386, "what,the": 0.0030599755201958386, "the,bill": 0.0073439412484700125, "that,in": 0.004283965728274173, "to,a": 0.004895960832313341, "this,is": 0.0030599755201958386, "is,not": 0.006731946144430845, "as,the": 0.0036719706242350062, "the,noble": 0.016523867809057527, "noble,lord": 0.01346389228886169, "by,the": 0.006731946144430845, "noble,and": 0.0036719706242350062, "and,learned": 0.0036719706242350062, "learned,lord": 0.0030599755201958386, "it,is": 0.015299877600979192, "for,a": 0.0030599755201958386, "lords,i": 0.011015911872705019, "i,should": 0.0055079559363525096, "saying,that": 0.0036719706242350062, "that,my": 0.004283965728274173, "the,fact": 0.004283965728274173, "fact,that": 0.004895960832313341, "friend,lord": 0.006119951040391677, "<s>,i": 0.017747858017135864, "that,i": 0.00795593635250918, "i,am": 0.009791921664626682, "i,have": 0.004283965728274173, "to,be": 0.01040391676866585, "be,a": 0.0030599755201958386, "who,has": 0.0030599755201958386, "for,the": 0.004283965728274173, "lord,lord": 0.009179926560587515, "if,the": 0.0030599755201958386, "the,government": 0.006119951040391677, "have,been": 0.006731946144430845, "is,it": 0.004283965728274173, "lords,would": 0.0030599755201958386, "friend,agree": 0.0030599755201958386, "is,to": 0.0030599755201958386, "this,country": 0.0055079559363525096, "there,is": 0.0055079559363525096, "is,a": 0.00795593635250918, "and,a": 0.0030599755201958386, "lords,can": 0.0030599755201958386, "can,my": 0.004283965728274173, "the,house": 0.0030599755201958386, "with,the": 0.0030599755201958386, "on,a": 0.0036719706242350062, "very,much": 0.0030599755201958386, "and,that": 0.006731946144430845, "that,this": 0.0055079559363525096, "in,a": 0.0036719706242350062, "number,of": 0.0036719706242350062, "to,say": 0.0030599755201958386, "say,that": 0.004283965728274173, "i,was": 0.0030599755201958386, "they,were": 0.0030599755201958386, "have,a": 0.0036719706242350062, "a,very": 0.00795593635250918, "at,the": 0.0036719706242350062, "that,it": 0.009791921664626682, "do,not": 0.004895960832313341, "should,like": 0.0030599755201958386, "like,to": 0.0030599755201958386, "the,amendment": 0.0036719706242350062, "<s>,the": 0.006731946144430845, "agree,that": 0.0036719706242350062, "from,the": 0.0036719706242350062, "<s>,is": 0.004283965728274173, "is,he": 0.0030599755201958386, "at,all": 0.0030599755201958386, "very,briefly": 0.0030599755201958386, "i,think": 0.0030599755201958386, "this,amendment": 0.0036719706242350062, "i,do": 0.0036719706242350062, "is,the": 0.0030599755201958386, "wish,to": 0.0030599755201958386, "over,the": 0.004283965728274173, "has,been": 0.004895960832313341, "to,know": 0.004283965728274173, "of,a": 0.0030599755201958386, "not,only": 0.0036719706242350062, "to,this": 0.0030599755201958386, "secretary,of": 0.0030599755201958386, "of,state": 0.0030599755201958386, "<s>,but": 0.0030599755201958386, "there,are": 0.004283965728274173, "that,is": 0.004895960832313341, "it,would": 0.0036719706242350062, "did,not": 0.0030599755201958386, "and,the": 0.0036719706242350062, "not,be": 0.0030599755201958386, "think,that": 0.0030599755201958386, "would,be": 0.0036719706242350062, "the,select": 0.0036719706242350062, "select,committee": 0.0030599755201958386, "it,not": 0.004895960832313341, "at,least": 0.0036719706242350062, "to,make": 0.004895960832313341, "it,<e>": 0.0030599755201958386, "which,they": 0.0030599755201958386, "noble,lords": 0.0030599755201958386, "all,the": 0.0030599755201958386, "a,great": 0.0030599755201958386, "amendment,<e>": 0.0036719706242350062, "is,that": 0.0036719706242350062, "the,answer": 0.0030599755201958386}