{"<cs>,my": 0.025283347863993024, "my,lords": 0.027550130775937227, "lords,does": 0.002092414995640802, "does,the": 0.002964254577157803, "the,noble": 0.034176111595466435, "noble,lord": 0.01848299912816042, "lord,agree": 0.0015693112467306015, "agree,that": 0.004707933740191805, "that,in": 0.002964254577157803, "of,the": 0.02144725370531822, "the,present": 0.0036617262423714035, "present,government": 0.001046207497820401, "it,is": 0.016739319965126415, "extremely,important": 0.0017436791630340018, "important,that": 0.001046207497820401, "that,they": 0.0033129904097646034, "in,order": 0.0013949433304272015, "order,to": 0.0013949433304272015, "lords,will": 0.004184829991281604, "will,the": 0.005056669572798605, "noble,earl": 0.01028770706190061, "her,majestys": 0.0024411508282476025, "majestys,government": 0.0024411508282476025, "of,us": 0.0013949433304272015, "question,of": 0.0012205754141238012, "and,the": 0.002092414995640802, "the,fact": 0.0024411508282476025, "fact,that": 0.0024411508282476025, "wish,to": 0.0013949433304272015, "lord,lord": 0.005928509154315606, "that,this": 0.002964254577157803, "as,a": 0.002266782911944202, "pay,attention": 0.0008718395815170009, "attention,to": 0.0015693112467306015, "to,the": 0.00976460331299041, "that,although": 0.0008718395815170009, "he,is": 0.002092414995640802, "in,saying": 0.0008718395815170009, "saying,that": 0.0013949433304272015, "has,been": 0.007846556233653008, "a,lot": 0.001046207497820401, "lot,of": 0.001046207497820401, "there,is": 0.0034873583260680036, "a,good": 0.001046207497820401, "about,this": 0.0013949433304272015, "this,matter": 0.002092414995640802, "matter,<e>": 0.0019180470793374019, "<e>,<s>": 0.07114210985178727, "<s>,if": 0.002092414995640802, "if,the": 0.002092414995640802, "<s>,therefore": 0.002092414995640802, "is,not": 0.006277244986922406, "to,say": 0.002092414995640802, "say,that": 0.0015693112467306015, "expert,advice": 0.0008718395815170009, "<s>,i": 0.013426329555361813, "i,know": 0.0013949433304272015, "is,to": 0.001046207497820401, "the,government": 0.008369659982563208, "government,to": 0.0008718395815170009, "to,this": 0.0012205754141238012, "matter,and": 0.0008718395815170009, "and,to": 0.001046207497820401, "all,the": 0.0012205754141238012, "i,do": 0.002092414995640802, "do,not": 0.004184829991281604, "noble,lords": 0.0012205754141238012, "may,i": 0.0015693112467306015, "years,ago": 0.0008718395815170009, "<s>,would": 0.0024411508282476025, "would,the": 0.0015693112467306015, "that,the": 0.013077593722755012, "would,not": 0.0015693112467306015, "might,be": 0.0008718395815170009, "lord,bear": 0.001046207497820401, "bear,in": 0.002092414995640802, "in,mind": 0.0024411508282476025, "mind,that": 0.0019180470793374019, "would,be": 0.0036617262423714035, "will,not": 0.0008718395815170009, "not,the": 0.0026155187445510027, "there,are": 0.0024411508282476025, "which,are": 0.0008718395815170009, "congratulate,the": 0.0008718395815170009, "for,the": 0.005579773321708806, "perhaps,i": 0.0008718395815170009, "i,may": 0.0008718395815170009, "and,that": 0.002789886660854403, "did,not": 0.002266782911944202, "this,house": 0.002092414995640802, "house,<e>": 0.0012205754141238012, "<s>,does": 0.0015693112467306015, "in,the": 0.00993897122929381, "confirm,that": 0.0008718395815170009, "there,<e>": 0.0008718395815170009, "mean,that": 0.0026155187445510027, "is,he": 0.0008718395815170009, "prepared,to": 0.0013949433304272015, "to,take": 0.0015693112467306015, "<s>,is": 0.002789886660854403, "is,that": 0.0019180470793374019, "of,this": 0.0033129904097646034, "government,<e>": 0.0008718395815170009, "lords,i": 0.005405405405405406, "the,question": 0.0017436791630340018, "that,it": 0.007497820401046207, "the,intention": 0.0013949433304272015, "intention,of": 0.0013949433304272015, "does,he": 0.001046207497820401, "upon,the": 0.0012205754141238012, "rather,than": 0.001046207497820401, "than,to": 0.0008718395815170009, "lords,is": 0.0026155187445510027, "is,the": 0.005928509154315606, "aware,that": 0.0012205754141238012, "to,him": 0.0008718395815170009, "number,of": 0.002092414995640802, "would,he": 0.0015693112467306015, "he,not": 0.002266782911944202, "not,agree": 0.0017436791630340018, "that,to": 0.0008718395815170009, "the,first": 0.0008718395815170009, "to,be": 0.006102877070619006, "<s>,it": 0.007497820401046207, "government,are": 0.0015693112467306015, "the,past": 0.0008718395815170009, "the,future": 0.0008718395815170009, "industry,<e>": 0.0026155187445510027, "<s>,the": 0.006102877070619006, "the,order": 0.0013949433304272015, "before,us": 0.0008718395815170009, "with,a": 0.0019180470793374019, "which,is": 0.0038360941586748037, "is,one": 0.0013949433304272015, "one,of": 0.0015693112467306015, "in,this": 0.005056669572798605, "this,country": 0.002964254577157803, "and,it": 0.002092414995640802, "that,we": 0.004010462074978204, "realise,that": 0.0019180470793374019, "the,research": 0.001046207497820401, "<cs>,i": 0.002964254577157803, "the,conservative": 0.0013949433304272015, "part,of": 0.001046207497820401, "lords,the": 0.002092414995640802, "which,has": 0.0013949433304272015, "by,the": 0.004707933740191805, "earl,lord": 0.0015693112467306015, "one,which": 0.0008718395815170009, "which,i": 0.002092414995640802, "i,am": 0.008544027898866609, "am,sure": 0.002266782911944202, "will,be": 0.002266782911944202, "we,are": 0.0036617262423714035, "about,the": 0.0013949433304272015, "the,whole": 0.0036617262423714035, "problem,of": 0.0008718395815170009, "it,has": 0.0026155187445510027, "lord,trefgarne": 0.0012205754141238012, "the,industry": 0.0012205754141238012, "has,to": 0.0015693112467306015, "the,point": 0.0012205754141238012, "it,was": 0.004184829991281604, "am,not": 0.0013949433304272015, "on,a": 0.0012205754141238012, "must,be": 0.0008718395815170009, "be,a": 0.002266782911944202, "and,i": 0.0033129904097646034, "sure,that": 0.0013949433304272015, "like,to": 0.0012205754141238012, "from,the": 0.002092414995640802, "i,think": 0.005056669572798605, "it,<e>": 0.0012205754141238012, "i,thank": 0.0008718395815170009, "thank,the": 0.001046207497820401, "way,<e>": 0.0008718395815170009, "i,was": 0.002266782911944202, "was,not": 0.0012205754141238012, "as,the": 0.001046207497820401, "on,the": 0.004010462074978204, "at,the": 0.004882301656495205, "have,to": 0.0008718395815170009, "be,made": 0.0008718395815170009, "lords,it": 0.0008718395815170009, "was,a": 0.001046207497820401, "some,of": 0.001046207497820401, "us,in": 0.0008718395815170009, "is,a": 0.005928509154315606, "a,particular": 0.001046207497820401, "it,with": 0.001046207497820401, "with,the": 0.005056669572798605, "the,country": 0.0019180470793374019, "the,house": 0.0019180470793374019, "on,this": 0.0017436791630340018, "and,we": 0.0008718395815170009, "that,if": 0.002092414995640802, "the,right": 0.001046207497820401, "that,was": 0.0013949433304272015, "was,the": 0.0008718395815170009, "<s>,in": 0.0026155187445510027, "what,is": 0.0015693112467306015, "present,time": 0.0012205754141238012, "i,beg": 0.0008718395815170009, "<s>,but": 0.003138622493461203, "but,it": 0.001046207497820401, "be,able": 0.0015693112467306015, "able,to": 0.0026155187445510027, "if,we": 0.001046207497820401, "does,not": 0.0019180470793374019, "to,have": 0.002266782911944202, "have,a": 0.001046207497820401, "if,one": 0.0008718395815170009, "one,is": 0.0008718395815170009, "dealing,with": 0.0012205754141238012, "with,energy": 0.0008718395815170009, "of,energy": 0.0015693112467306015, "energy,<e>": 0.0017436791630340018, "of,course": 0.0013949433304272015, "that,there": 0.002266782911944202, "lord,is": 0.0008718395815170009, "fast,breeder": 0.0008718395815170009, "<s>,there": 0.0012205754141238012, "the,united": 0.0012205754141238012, "united,states": 0.001046207497820401, "<s>,we": 0.002266782911944202, "know,that": 0.0008718395815170009, "we,do": 0.001046207497820401, "should,be": 0.003138622493461203, "lords,can": 0.001046207497820401,