{"<cs>,my": 0.015048908954100828, "my,lords": 0.015048908954100828, "to,the": 0.014296463506395787, "because,i": 0.006772009029345372, "i,was": 0.004514672686230248, "that,i": 0.006772009029345372, "i,should": 0.007524454477050414, "should,be": 0.003762227238525207, "to,be": 0.006772009029345372, "<e>,<s>": 0.15876598946576373, "<s>,i": 0.05417607223476298, "should,like": 0.003762227238525207, "like,to": 0.005267118133935289, "the,noble": 0.03160270880361174, "noble,lord": 0.015048908954100828, "lord,lord": 0.009781790820165538, "that,the": 0.022573363431151242, "noble,lords": 0.003762227238525207, "and,the": 0.007524454477050414, "in,the": 0.018811136192626036, "thank,the": 0.007524454477050414, "on,the": 0.004514672686230248, "lords,i": 0.009781790820165538, "i,beg": 0.008276899924755455, "of,the": 0.022573363431151242, "do,not": 0.011286681715575621, "that,is": 0.004514672686230248, "there,is": 0.007524454477050414, "from,the": 0.005267118133935289, "<s>,as": 0.003762227238525207, "for,a": 0.003762227238525207, "<s>,they": 0.004514672686230248, "can,be": 0.004514672686230248, "in,a": 0.003762227238525207, "<s>,it": 0.010534236267870579, "that,a": 0.004514672686230248, "of,a": 0.003762227238525207, "is,a": 0.009781790820165538, "<cs>,i": 0.0218209179834462, "the,minister": 0.010534236267870579, "amendment,<e>": 0.012039127163280662, "not,be": 0.005267118133935289, "definition,of": 0.004514672686230248, "a,photograph": 0.006019563581640331, "as,a": 0.004514672686230248, "it,is": 0.018811136192626036, "i,am": 0.014296463506395787, "that,one": 0.004514672686230248, "beg,leave": 0.006772009029345372, "leave,to": 0.006772009029345372, "to,withdraw": 0.007524454477050414, "withdraw,the": 0.007524454477050414, "the,amendment": 0.011286681715575621, "i,think": 0.008276899924755455, "we,have": 0.005267118133935289, "the,point": 0.006019563581640331, "and,i": 0.009029345372460496, "i,have": 0.011286681715575621, "with,the": 0.006772009029345372, "<s>,however": 0.007524454477050414, "the,words": 0.003762227238525207, "by,the": 0.008276899924755455, "<s>,he": 0.006772009029345372, "<s>,the": 0.008276899924755455, "is,the": 0.003762227238525207, "them,<e>": 0.003762227238525207, "<s>,that": 0.004514672686230248, "i,support": 0.006019563581640331, "think,that": 0.009029345372460496, "that,we": 0.006019563581640331, "it,may": 0.004514672686230248, "may,be": 0.004514672686230248, "be,a": 0.004514672686230248, "we,are": 0.004514672686230248, "this,amendment": 0.010534236267870579, "<s>,this": 0.003762227238525207, "will,be": 0.006772009029345372, "for,the": 0.005267118133935289, "in,that": 0.004514672686230248, "wish,to": 0.004514672686230248, "i,understand": 0.004514672686230248, "i,do": 0.009781790820165538, "i,thank": 0.004514672686230248, "i,believe": 0.008276899924755455, "in,this": 0.003762227238525207, "is,not": 0.003762227238525207, "he,has": 0.004514672686230248, "that,it": 0.006019563581640331, "that,that": 0.004514672686230248, "<s>,if": 0.005267118133935289, "have,a": 0.006772009029345372, "that,was": 0.003762227238525207, "believe,that": 0.007524454477050414, "as,i": 0.005267118133935289, "have,been": 0.005267118133935289, "the,government": 0.007524454477050414, "amendment,no": 0.008276899924755455, "no,<e>": 0.008276899924755455, "<s>,<e>": 0.004514672686230248, "i,shall": 0.006772009029345372, "it,<e>": 0.004514672686230248, "which,is": 0.004514672686230248, "noble,earl": 0.009029345372460496, "understand,that": 0.003762227238525207, "into,a": 0.003762227238525207, "a,section": 0.003762227238525207}