{"<cs>,may": 0.0011355893708834886, "may,i": 0.0045423574835339545, "i,ask": 0.0011355893708834886, "ask,the": 0.005677946854417443, "the,noble": 0.01885078355666591, "noble,lord": 0.014989779695662049, "<e>,<s>": 0.06836248012718601, "<s>,will": 0.0018169429934135816, "not,agree": 0.001589825119236884, "agree,that": 0.0034067681126504655, "that,the": 0.008630479218714513, "noble,lords": 0.004315239609357257, "a,lot": 0.0024982966159436746, "lot,of": 0.0022711787417669773, "and,the": 0.004315239609357257, "<cs>,i": 0.005677946854417443, "i,should": 0.007040654099477629, "should,like": 0.006359300476947536, "like,to": 0.006813536225300931, "to,the": 0.009766068589598002, "sits,down": 0.0013627072450601862, "<s>,in": 0.001589825119236884, "he,said": 0.0018169429934135816, "said,that": 0.0022711787417669773, "that,this": 0.0034067681126504655, "this,amendment": 0.003179650238473768, "amendment,<e>": 0.0036338859868271633, "my,noble": 0.037247331364978424, "noble,friend": 0.03543038837156484, "to,look": 0.0013627072450601862, "at,the": 0.0024982966159436746, "amendment,and": 0.0013627072450601862, "and,i": 0.004315239609357257, "of,the": 0.011583011583011582, "<cs>,if": 0.0011355893708834886, "the,road": 0.0013627072450601862, "bill,<e>": 0.0018169429934135816, "<cs>,my": 0.039518510106745404, "my,lords": 0.0392913922325687, "i,am": 0.008176243470361118, "am,grateful": 0.0013627072450601862, "grateful,to": 0.0022711787417669773, "to,my": 0.0036338859868271633, "friend,lord": 0.005223711106064047, "for,the": 0.003861003861003861, "in,which": 0.0013627072450601862, "the,bill": 0.0045423574835339545, "<s>,i": 0.016125369066545537, "i,too": 0.0022711787417669773, "has,been": 0.0034067681126504655, "it,is": 0.007494889847831024, "not,only": 0.001589825119236884, "road,safety": 0.0022711787417669773, "with,the": 0.004088121735180559, "am,sure": 0.001589825119236884, "that,we": 0.0034067681126504655, "we,can": 0.0011355893708834886, "if,i": 0.0022711787417669773, "i,may": 0.0036338859868271633, "i,would": 0.0020440608675902795, "say,that": 0.0018169429934135816, "am,not": 0.001589825119236884, "the,amendment": 0.004088121735180559, "i,have": 0.006813536225300931, "this,evening": 0.0018169429934135816, "i,shall": 0.003179650238473768, "it,<e>": 0.0020440608675902795, "the,minister": 0.005450828980240745, "in,another": 0.001589825119236884, "another,place": 0.0022711787417669773, "of,my": 0.0018169429934135816, "friend,and": 0.001589825119236884, "what,my": 0.0011355893708834886, "on,the": 0.01294571882807177, "the,next": 0.0013627072450601862, "as,i": 0.0013627072450601862, "friend,<e>": 0.0011355893708834886, "this,country": 0.0011355893708834886, "to,ask": 0.006132182602770838, "of,what": 0.0011355893708834886, "<s>,if": 0.0022711787417669773, "go,to": 0.0018169429934135816, "want,to": 0.0011355893708834886, "about,the": 0.0022711787417669773, "of,this": 0.0013627072450601862, "there,is": 0.003861003861003861, "is,a": 0.0045423574835339545, "the,north": 0.0011355893708834886, "from,the": 0.001589825119236884, "is,to": 0.001589825119236884, "in,the": 0.012491483079718374, "<s>,the": 0.004088121735180559, "lord,has": 0.0011355893708834886, "has,said": 0.0011355893708834886, "that,he": 0.0018169429934135816, "he,is": 0.0013627072450601862, "into,the": 0.0018169429934135816, "i,think": 0.0029525323642970703, "think,that": 0.0013627072450601862, "that,it": 0.0022711787417669773, "i,believe": 0.001589825119236884, "believe,that": 0.0011355893708834886, "that,my": 0.0022711787417669773, "noble,and": 0.0011355893708834886, "and,learned": 0.0011355893708834886, "did,not": 0.0013627072450601862, "not,have": 0.0011355893708834886, "have,to": 0.0013627072450601862, "it,was": 0.0013627072450601862, "in,my": 0.007040654099477629, "to,do": 0.0013627072450601862, "do,not": 0.0018169429934135816, "my,speech": 0.0011355893708834886, "on,second": 0.0011355893708834886, "second,reading": 0.0013627072450601862, "<s>,it": 0.0047694753577106515, "the,other": 0.001589825119236884, "does,not": 0.0013627072450601862, "i,do": 0.0013627072450601862, "lord,lord": 0.008176243470361118, "whether,the": 0.0018169429934135816, "your,lordships": 0.0034067681126504655, "that,i": 0.003179650238473768, "during,the": 0.0011355893708834886, "and,which": 0.0011355893708834886, "said,<e>": 0.0011355893708834886, "noble,friends": 0.0013627072450601862, "we,are": 0.0027254144901203725, "<s>,perhaps": 0.001589825119236884, "before,the": 0.0011355893708834886, "lord,underhill": 0.001589825119236884, "in,<e>": 0.0011355893708834886, "wish,to": 0.0013627072450601862, "<s>,we": 0.0022711787417669773, "we,have": 0.003179650238473768, "have,been": 0.0027254144901203725, "noble,baroness": 0.0011355893708834886, "the,case": 0.0011355893708834886, "of,a": 0.0013627072450601862, "would,be": 0.0022711787417669773, "to,support": 0.001589825119236884, "support,the": 0.0013627072450601862, "on,this": 0.0020440608675902795, "to,which": 0.0011355893708834886, "which,i": 0.0029525323642970703, "my,name": 0.0072677719736543266, "at,this": 0.0013627072450601862, "the,first": 0.0011355893708834886, "by,the": 0.0029525323642970703, "as,well": 0.001589825119236884, "well,as": 0.0013627072450601862, "the,government": 0.0029525323642970703, "in,this": 0.0018169429934135816, "lords,may": 0.0013627072450601862, "<s>,this": 0.001589825119236884, "this,is": 0.0024982966159436746, "to,be": 0.0034067681126504655, "but,i": 0.0020440608675902795, "lords,i": 0.02157619804678628, "i,thank": 0.009084714967067909, "thank,the": 0.0022711787417669773, "for,me": 0.0011355893708834886, "thank,my": 0.010220304337951397, "friend,for": 0.00794912559618442, "for,that": 0.006813536225300931, "support,my": 0.0011355893708834886, "the,police": 0.0020440608675902795, "this,bill": 0.0024982966159436746, "the,front": 0.0011355893708834886, "front,bench": 0.0011355893708834886, "because,it": 0.0011355893708834886, "what,the": 0.001589825119236884, "lords,before": 0.0011355893708834886, "before,my": 0.0011355893708834886, "name,on": 0.005677946854417443, "as,my": 0.001589825119236884, "to,this": 0.0011355893708834886, "what,is": 0.0013627072450601862, "that,is": 0.001589825119236884, "is,not": 0.0020440608675902795, "more,than": 0.0011355893708834886, "than,the": 0.0011355893708834886, "and,to": 0.0013627072450601862, "<s>,he": 0.0013627072450601862, "i,was": 0.0018169429934135816, "when,the": 0.0011355893708834886, "will,the": 0.0013627072450601862, "as,regards": 0.0013627072450601862, "<s>,may": 0.0013627072450601862, "i,also": 0.0013627072450601862, "noble,earl": 0.0011355893708834886, "the,debate": 0.0013627072450601862, "debate,<e>": 0.0013627072450601862, "time,<e>": 0.0020440608675902795, "very,interesting": 0.0011355893708834886, "lord,beaumont": 0.0011355893708834886, "to,say": 0.0029525323642970703, "is,the": 0.0027254144901203725, "i,heard": 0.0011355893708834886, "that,there": 0.001589825119236884, "the,united": 0.0011355893708834886, "that,if": 0.0013627072450601862, "as,a": 0.0013627072450601862, "to,thank": 0.004088121735180559, "friend,the": 0.0034067681126504655, "for,his": 0.0018169429934135816, "on,behalf": 0.0013627072450601862, "behalf,of": 0.0013627072450601862, "all,noble": 0.0011355893708834886, "know,that": 0.0011355893708834886, "<s>,as": 0.0027254144901203725, "have,a": 0.0018169429934135816, "to,see": 0.0013627072450601862, "most,grateful": 0.0011355893708834886, "and,that": 0.0022711787417669773, "will,be": 0.003861003861003861, "the,same": 0.0013627072450601862, "sympathy,with": 0.0013627072450601862, "he,has": 0.0011355893708834886, "friend,on": 0.0013627072450601862, "<cs>,the": 0.0011355893708834886, "can,my": 0.0027254144901203725, "the,house": 0.006359300476947536, "lords,will": 0.0018169429934135816, "me,to": 0.0013627072450601862, "congratulate,my": 0.0013627072450601862, "perhaps,i": 0.0029525323642970703, "house,<e>": 0.0011355893708834886, "i,beg": 0.006813536225300931, "beg,to": 0.0013627072450601862,