{"may,i": 0.006957158549981692, "i,ask": 0.004760161113145368, "ask,the": 0.0029293299157817647, "the,noble": 0.03405346027096302, "noble,baroness": 0.007689491028927133, "baroness,lady": 0.003661662394727206, "a,little": 0.001830831197363603, "said,about": 0.001830831197363603, "<e>,<s>": 0.0908092273892347, "would,be": 0.009520322226290736, "that,is": 0.004027828634199927, "what,i": 0.002563163676309044, "to,say": 0.004027828634199927, "<s>,if": 0.006224826071036251, "i,am": 0.009886488465763456, "it,is": 0.007323324789454412, "that,the": 0.013914317099963384, "in,the": 0.021603808128890515, "will,be": 0.007323324789454412, "has,been": 0.006224826071036251, "of,the": 0.032588795313072134, "that,would": 0.004393994873672647, "as,the": 0.002563163676309044, "for,the": 0.009520322226290736, "that,it": 0.004027828634199927, "it,will": 0.002563163676309044, "if,it": 0.0021969974368363236, "<cs>,i": 0.005858659831563529, "one,of": 0.0021969974368363236, "going,to": 0.001830831197363603, "<cs>,my": 0.025631636763090444, "my,lords": 0.025631636763090444, "is,to": 0.002563163676309044, "by,the": 0.006957158549981692, "<s>,that": 0.004760161113145368, "which,the": 0.001830831197363603, "to,the": 0.014646649578908825, "the,government": 0.007689491028927133, "government,have": 0.001830831197363603, "should,be": 0.0032954961552544857, "whether,he": 0.001830831197363603, "that,in": 0.0021969974368363236, "lords,i": 0.014646649578908825, "i,should": 0.012449652142072502, "should,like": 0.009886488465763456, "like,to": 0.011351153423654338, "to,join": 0.004393994873672647, "join,with": 0.0021969974368363236, "my,noble": 0.0032954961552544857, "noble,lord": 0.022336140607835956, "lord,lord": 0.012815818381545222, "<s>,i": 0.021603808128890515, "i,was": 0.005492493592090809, "by,what": 0.0021969974368363236, "what,the": 0.005126327352618088, "very,much": 0.0021969974368363236, "noble,friend": 0.002563163676309044, "has,just": 0.0021969974368363236, "<s>,the": 0.008787989747345295, "said,that": 0.0029293299157817647, "that,they": 0.0021969974368363236, "do,not": 0.004393994873672647, "to,be": 0.007689491028927133, "in,this": 0.005492493592090809, "this,debate": 0.001830831197363603, "at,any": 0.0021969974368363236, "any,rate": 0.001830831197363603, "some,of": 0.001830831197363603, "want,to": 0.0021969974368363236, "to,do": 0.0021969974368363236, "as,i": 0.0029293299157817647, "i,see": 0.001830831197363603, "the,minister": 0.010252654705236177, "minister,for": 0.0021969974368363236, "for,that": 0.0021969974368363236, "<s>,as": 0.001830831197363603, "be,the": 0.0021969974368363236, "from,the": 0.002563163676309044, "so,far": 0.001830831197363603, "have,been": 0.003661662394727206, "been,a": 0.001830831197363603, "the,country": 0.002563163676309044, "with,the": 0.004760161113145368, "in,thanking": 0.0021969974368363236, "the,right": 0.0021969974368363236, "at,the": 0.0032954961552544857, "noble,lords": 0.0032954961552544857, "on,the": 0.008421823507872574, "on,this": 0.005858659831563529, "so,much": 0.0029293299157817647, "about,the": 0.004393994873672647, "and,i": 0.002563163676309044, "i,hope": 0.006224826071036251, "what,has": 0.002563163676309044, "i,do": 0.002563163676309044, "is,that": 0.002563163676309044, "could,be": 0.002563163676309044, "that,there": 0.007323324789454412, "there,is": 0.005858659831563529, "who,have": 0.0032954961552544857, "of,this": 0.004027828634199927, "this,amendment": 0.0021969974368363236, "amendment,<e>": 0.004393994873672647, "the,same": 0.002563163676309044, "<s>,it": 0.006957158549981692, "it,seems": 0.003661662394727206, "seems,to": 0.0032954961552544857, "to,me": 0.004393994873672647, "the,question": 0.001830831197363603, "the,bill": 0.004393994873672647, "the,amendment": 0.007689491028927133, "to,make": 0.0021969974368363236, "which,are": 0.003661662394727206, "this,clause": 0.001830831197363603, "to,ask": 0.0032954961552544857, "it,would": 0.006224826071036251, "would,not": 0.0029293299157817647, "not,be": 0.005126327352618088, "is,not": 0.0021969974368363236, "are,being": 0.001830831197363603, "they,are": 0.004027828634199927, "are,not": 0.002563163676309044, "accept,that": 0.0021969974368363236, "which,would": 0.001830831197363603, "at,this": 0.001830831197363603, "we,have": 0.001830831197363603, "it,was": 0.001830831197363603, "me,to": 0.003661662394727206, "if,the": 0.004760161113145368, "at,least": 0.003661662394727206, "be,prepared": 0.0021969974368363236, "prepared,to": 0.002563163676309044, "at,all": 0.001830831197363603, "what,is": 0.0021969974368363236, "is,a": 0.002563163676309044, "lords,may": 0.0029293299157817647, "he,is": 0.0021969974368363236, "able,to": 0.005858659831563529, "be,able": 0.0021969974368363236, "say,that": 0.0029293299157817647, "of,which": 0.001830831197363603, "thank,the": 0.0021969974368363236, "a,great": 0.001830831197363603, "may,be": 0.002563163676309044, "he,will": 0.001830831197363603, "hope,that": 0.006957158549981692, "there,will": 0.0021969974368363236, "be,possible": 0.001830831197363603, "i,beg": 0.001830831197363603, "beg,leave": 0.001830831197363603, "leave,to": 0.001830831197363603, "to,support": 0.0032954961552544857, "<cs>,the": 0.001830831197363603, "lord,the": 0.002563163676309044, "that,if": 0.001830831197363603, "local,authority": 0.0021969974368363236, "we,are": 0.001830831197363603, "of,a": 0.001830831197363603, "he,has": 0.004393994873672647, "is,the": 0.004393994873672647, "and,the": 0.004027828634199927, "this,bill": 0.0032954961552544857, "in,mind": 0.0021969974368363236, "lords,would": 0.001830831197363603, "would,the": 0.0021969974368363236, "that,i": 0.005858659831563529, "i,may": 0.0029293299157817647, "it,has": 0.001830831197363603, "and,other": 0.001830831197363603, "a,question": 0.001830831197363603, "<s>,in": 0.0029293299157817647, "which,is": 0.002563163676309044, "the,fact": 0.001830831197363603, "fact,that": 0.001830831197363603, "parts,of": 0.0021969974368363236, "can,be": 0.001830831197363603, "it,<e>": 0.0029293299157817647, "i,think": 0.002563163676309044, "be,a": 0.0029293299157817647, "i,have": 0.002563163676309044, "to,congratulate": 0.001830831197363603, "that,he": 0.001830831197363603, "because,it": 0.002563163676309044, "in,a": 0.0021969974368363236, "to,thank": 0.0021969974368363236, "the,national": 0.001830831197363603, "those,who": 0.0021969974368363236, "who,are": 0.002563163676309044, "the,people": 0.001830831197363603, "the,debate": 0.0029293299157817647, "be,in": 0.001830831197363603, "the,case": 0.002563163676309044, "members,of": 0.001830831197363603, "should,not": 0.0021969974368363236, "aware,that": 0.001830831197363603, "bill,<e>": 0.004027828634199927, "support,the": 0.003661662394727206, "lord,mottistone": 0.0021969974368363236, "people,who": 0.002563163676309044, "<s>,they": 0.0021969974368363236, "might,be": 0.001830831197363603, "said,<e>": 0.0021969974368363236, "which,i": 0.0021969974368363236, "perhaps,i": 0.002563163676309044, "join,in": 0.0021969974368363236, "improve,the": 0.0021969974368363236, "amendment,no": 0.001830831197363603, "no,<e>": 0.001830831197363603, "the,group": 0.0021969974368363236}