{"<cs>,my": 0.03669724770642202, "my,lords": 0.03669724770642202, "lords,i": 0.024464831804281346, "i,beg": 0.013251783893985729, "on,the": 0.00815494393476045, "the,noble": 0.040774719673802244, "noble,lord": 0.024464831804281346, "that,this": 0.007135575942915392, "agree,that": 0.0061162079510703364, "of,the": 0.03669724770642202, "should,be": 0.007135575942915392, "there,is": 0.007135575942915392, "is,a": 0.0061162079510703364, "beg,to": 0.010193679918450561, "for,the": 0.014271151885830785, "in,the": 0.013251783893985729, "<e>,<s>": 0.10091743119266056, "<s>,i": 0.03771661569826707, "to,move": 0.00815494393476045, "move,that": 0.00815494393476045, "that,the": 0.0163098878695209, "the,bill": 0.019367991845056064, "bill,be": 0.0061162079510703364, "be,now": 0.0061162079510703364, "now,read": 0.0061162079510703364, "read,a": 0.007135575942915392, "time,<e>": 0.009174311926605505, "lords,may": 0.0050968399592252805, "may,i": 0.00815494393476045, "noble,and": 0.01529051987767584, "and,learned": 0.014271151885830785, "learned,lord": 0.013251783893985729, "lord,the": 0.0061162079510703364, "the,lord": 0.0050968399592252805, "i,am": 0.026503567787971458, "by,the": 0.00815494393476045, "i,have": 0.013251783893985729, "have,been": 0.007135575942915392, "i,should": 0.014271151885830785, "should,like": 0.010193679918450561, "like,to": 0.010193679918450561, "to,the": 0.026503567787971458, "the,committee": 0.0050968399592252805, "it,is": 0.0061162079510703364, "that,it": 0.007135575942915392, "it,would": 0.007135575942915392, "would,be": 0.009174311926605505, "this,bill": 0.007135575942915392, "has,been": 0.0061162079510703364, "i,think": 0.012232415902140673, "think,that": 0.007135575942915392, "noble,lords": 0.007135575942915392, "with,the": 0.0050968399592252805, "the,house": 0.0061162079510703364, "<s>,we": 0.0050968399592252805, "bill,and": 0.0061162079510703364, "those,who": 0.007135575942915392, "who,have": 0.0061162079510703364, "have,taken": 0.0061162079510703364, "taken,part": 0.0061162079510703364, "and,the": 0.00815494393476045, "if,i": 0.0050968399592252805, "i,do": 0.0061162079510703364, "do,not": 0.0050968399592252805, "lord,lord": 0.01529051987767584, "and,i": 0.017329255861365953, "i,shall": 0.0061162079510703364, "bill,<e>": 0.007135575942915392, "<cs>,i": 0.009174311926605505, "second,reading": 0.0061162079510703364, "that,he": 0.0050968399592252805, "to,say": 0.007135575942915392, "but,i": 0.007135575942915392, "i,hope": 0.009174311926605505, "hope,that": 0.0050968399592252805, "that,i": 0.009174311926605505, "<s>,the": 0.0050968399592252805, "the,amendment": 0.0050968399592252805, "lord,morris": 0.0050968399592252805, "he,has": 0.0061162079510703364, "i,may": 0.0050968399592252805, "wording,of": 0.0050968399592252805, "in,this": 0.0061162079510703364, "this,house": 0.0050968399592252805, "am,very": 0.0050968399592252805}