{"<cs>,my": 0.03135982698026494, "my,lords": 0.0332522303325223, "there,are": 0.0016220600162206002, "members,of": 0.0021627466882941336, "of,your": 0.0016220600162206002, "your,lordships": 0.006217896728845634, "lordships,house": 0.003784806704514734, "who,are": 0.0016220600162206002, "and,of": 0.0016220600162206002, "of,course": 0.0040551500405515, "there,is": 0.0040551500405515, "is,an": 0.001892403352257367, "will,be": 0.0045958367126250335, "<e>,<s>": 0.08407677750743445, "that,is": 0.004325493376588267, "on,the": 0.008650986753176534, "of,the": 0.031630170316301706, "with,which": 0.0016220600162206002, "have,to": 0.0013517166801838335, "it,has": 0.0024330900243309003, "<s>,in": 0.002703433360367667, "in,the": 0.020546093538794268, "that,i": 0.0021627466882941336, "i,have": 0.008650986753176534, "have,been": 0.003784806704514734, "i,do": 0.0024330900243309003, "do,not": 0.0024330900243309003, "to,be": 0.004866180048661801, "lords,i": 0.017842660178426603, "i,should": 0.012435793457691267, "should,like": 0.009191673425250067, "like,to": 0.010813733441470668, "to,congratulate": 0.001892403352257367, "the,noble": 0.028926736955934035, "noble,lord": 0.015139226818058935, "lord,lord": 0.010543390105433901, "on,his": 0.0013517166801838335, "maiden,speech": 0.0032441200324412004, "which,was": 0.001892403352257367, "a,very": 0.0029737766964044337, "to,this": 0.0013517166801838335, "this,debate": 0.001892403352257367, "<s>,i": 0.026493646931603138, "i,can": 0.0013517166801838335, "hope,that": 0.0013517166801838335, "to,which": 0.0016220600162206002, "which,the": 0.0024330900243309003, "the,debate": 0.001892403352257367, "in,a": 0.0024330900243309003, "to,my": 0.0024330900243309003, "lords,if": 0.0013517166801838335, "my,noble": 0.012435793457691267, "noble,friend": 0.012165450121654502, "would,be": 0.0040551500405515, "be,a": 0.001892403352257367, "the,point": 0.001892403352257367, "i,was": 0.0040551500405515, "think,that": 0.0021627466882941336, "that,the": 0.013517166801838334, "the,other": 0.0016220600162206002, "to,the": 0.012435793457691267, "one,of": 0.0032441200324412004, "in,this": 0.0056772100567721, "because,it": 0.001892403352257367, "it,is": 0.014598540145985401, "<s>,it": 0.008110300081103, "seems,to": 0.0013517166801838335, "that,this": 0.0032441200324412004, "is,of": 0.0013517166801838335, "as,a": 0.0021627466882941336, "about,the": 0.0032441200324412004, "<s>,the": 0.006217896728845634, "with,the": 0.0045958367126250335, "and,it": 0.0016220600162206002, "may,be": 0.0013517166801838335, "<s>,that": 0.003514463368477967, "is,the": 0.0056772100567721, "the,labour": 0.0016220600162206002, "for,the": 0.004866180048661801, "the,arts": 0.0024330900243309003, "friend,lord": 0.0045958367126250335, "this,afternoon": 0.0016220600162206002, "public,expenditure": 0.0013517166801838335, "they,are": 0.0021627466882941336, "<s>,so": 0.0013517166801838335, "we,have": 0.0040551500405515, "the,present": 0.0016220600162206002, "has,been": 0.0040551500405515, "on,a": 0.001892403352257367, "<s>,this": 0.0016220600162206002, "as,the": 0.0029737766964044337, "is,a": 0.010002703433360368, "and,that": 0.003514463368477967, "if,the": 0.004325493376588267, "would,have": 0.0013517166801838335, "<s>,of": 0.001892403352257367, "the,people": 0.002703433360367667, "from,the": 0.003784806704514734, "and,the": 0.0032441200324412004, "people,who": 0.001892403352257367, "who,have": 0.0013517166801838335, "with,great": 0.0016220600162206002, "great,respect": 0.0013517166801838335, "noble,baroness": 0.008110300081103, "i,think": 0.006758583400919167, "the,great": 0.001892403352257367, "to,move": 0.0016220600162206002, "many,of": 0.001892403352257367, "is,that": 0.001892403352257367, "this,is": 0.0016220600162206002, "<s>,if": 0.0013517166801838335, "what,the": 0.0013517166801838335, "the,social": 0.0013517166801838335, "the,united": 0.0016220600162206002, "united,kingdom": 0.0013517166801838335, "to,give": 0.0024330900243309003, "i,am": 0.013246823465801569, "with,other": 0.0013517166801838335, "noble,lords": 0.002703433360367667, "thanking,the": 0.0013517166801838335, "this,important": 0.0016220600162206002, "debate,<e>": 0.003784806704514734, "<s>,he": 0.0032441200324412004, "of,his": 0.0013517166801838335, "in,northern": 0.0013517166801838335, "northern,ireland": 0.003784806704514734, "ireland,<e>": 0.0013517166801838335, "<s>,we": 0.003514463368477967, "we,are": 0.001892403352257367, "grateful,to": 0.0024330900243309003, "of,england": 0.0013517166801838335, "of,northern": 0.0016220600162206002, "have,had": 0.001892403352257367, "a,great": 0.0024330900243309003, "i,must": 0.0024330900243309003, "some,of": 0.0021627466882941336, "lord,stewart": 0.0013517166801838335, "stewart,of": 0.0013517166801838335, "this,question": 0.0016220600162206002, "question,<e>": 0.001892403352257367, "should,also": 0.0013517166801838335, "also,like": 0.0013517166801838335, "the,security": 0.0016220600162206002, "of,our": 0.0013517166801838335, "if,i": 0.0016220600162206002, "i,shall": 0.0021627466882941336, "am,not": 0.001892403352257367, "it,would": 0.0024330900243309003, "that,it": 0.002703433360367667, "to,take": 0.0021627466882941336, "and,to": 0.0013517166801838335, "to,say": 0.0029737766964044337, "in,your": 0.0016220600162206002, "i,may": 0.0021627466882941336, "because,i": 0.0016220600162206002, "to,make": 0.001892403352257367, "<cs>,i": 0.0032441200324412004, "i,hope": 0.0016220600162206002, "think,it": 0.0029737766964044337, "the,amendment": 0.001892403352257367, "by,the": 0.004325493376588267, "which,is": 0.0024330900243309003, "and,i": 0.005947553392808867, "the,bill": 0.0016220600162206002, "sure,that": 0.0013517166801838335, "that,he": 0.0013517166801838335, "<s>,but": 0.002703433360367667, "but,i": 0.0032441200324412004, "i,would": 0.0032441200324412004, "friend,lady": 0.0013517166801838335, "am,sure": 0.0024330900243309003, "it,was": 0.001892403352257367, "like,the": 0.001892403352257367, "of,this": 0.001892403352257367, "the,minister": 0.002703433360367667, "he,is": 0.003784806704514734, "he,has": 0.0032441200324412004, "friend,for": 0.0021627466882941336, "she,has": 0.0013517166801838335, "she,is": 0.0016220600162206002, "i,beg": 0.0045958367126250335, "beg,leave": 0.0024330900243309003, "leave,to": 0.0024330900243309003, "the,committee": 0.0021627466882941336, "local,authority": 0.0016220600162206002, "that,if": 0.001892403352257367, "kind,of": 0.001892403352257367, "may,i": 0.0021627466882941336, "i,ask": 0.0013517166801838335, "beg,to": 0.001892403352257367, "the,opportunity": 0.0016220600162206002, "have,a": 0.0032441200324412004, "am,grateful": 0.0016220600162206002, "to,speak": 0.0013517166801838335, "perhaps,i": 0.0013517166801838335, "the,royal": 0.0013517166801838335, "number,of": 0.0016220600162206002, "lords,the": 0.0016220600162206002, "the,government": 0.0016220600162206002, "time,<e>": 0.001892403352257367, "or,the": 0.0016220600162206002, "the,whole": 0.0013517166801838335, "for,that": 0.002703433360367667, "that,particular": 0.0013517166801838335, "if,you": 0.0013517166801838335, "the,house": 0.0029737766964044337, "house,and": 0.0013517166801838335, "to,ask": 0.0024330900243309003, "ask,the": 0.001892403352257367, "the,question": 0.004325493376588267, "question,which": 0.001892403352257367, "which,stands": 0.0013517166801838335, "stands,in": 0.0013517166801838335, "in,my": 0.0024330900243309003, "my,name": 0.001892403352257367, "name,on": 0.0021627466882941336, "the,order": 0.0029737766964044337, "order,paper": 0.002703433360367667, "paper,<e>": 0.0024330900243309003, "lords,while": 0.0013517166801838335, "aware,that": 0.005947553392808867, "lords,is": 0.0021627466882941336, "is,my": 0.0016220600162206002, "friend,aware": 0.0013517166801838335, "that,we": 0.001892403352257367, "on,this": 0.001892403352257367, "to,thank": 0.0029737766964044337, "thank,the": 0.0024330900243309003, "baroness,lady": 0.003784806704514734, "of,us": 0.0029737766964044337,