{"<cs>,my": 0.02335456475583864, "my,lords": 0.02388535031847134, "lords,i": 0.015127388535031847, "my,name": 0.0037154989384288748, "on,the": 0.007696390658174098, "because,i": 0.0021231422505307855, "for,a": 0.0018577494692144374, "<e>,<s>": 0.0973991507430998, "<s>,in": 0.001326963906581741, "i,am": 0.016719745222929936, "<s>,i": 0.036093418259023353, "i,also": 0.0037154989384288748, "have,a": 0.0015923566878980893, "the,government": 0.0037154989384288748, "as,regards": 0.001326963906581741, "so,far": 0.0021231422505307855, "they,have": 0.001326963906581741, "a,good": 0.0023885350318471337, "that,i": 0.006369426751592357, "and,i": 0.004246284501061571, "want,to": 0.0021231422505307855, "to,be": 0.009288747346072187, "is,that": 0.0023885350318471337, "that,if": 0.0018577494692144374, "in,the": 0.009288747346072187, "that,they": 0.001326963906581741, "said,that": 0.0018577494692144374, "i,have": 0.003980891719745223, "they,are": 0.0034501061571125266, "the,same": 0.0021231422505307855, "of,my": 0.00291932059447983, "my,noble": 0.027070063694267517, "noble,friend": 0.026008492569002124, "friend,lord": 0.006900212314225053, "i,wish": 0.00291932059447983, "that,is": 0.005307855626326964, "the,bill": 0.005573248407643312, "of,it": 0.0015923566878980893, "it,<e>": 0.003980891719745223, "what,i": 0.0018577494692144374, "to,say": 0.007696390658174098, "by,my": 0.0015923566878980893, "and,how": 0.0015923566878980893, "i,should": 0.014596602972399151, "should,like": 0.01167728237791932, "like,to": 0.012738853503184714, "that,the": 0.009554140127388535, "the,whole": 0.0015923566878980893, "of,the": 0.01751592356687898, "by,the": 0.0034501061571125266, "the,noble": 0.005307855626326964, "noble,lord": 0.004246284501061571, "lord,lord": 0.0034501061571125266, "lord,stanley": 0.002653927813163482, "and,the": 0.004246284501061571, "to,the": 0.007961783439490446, "i,believe": 0.004777070063694267, "believe,that": 0.002653927813163482, "would,be": 0.0031847133757961785, "it,is": 0.013004246284501062, "very,much": 0.004777070063694267, "about,this": 0.0021231422505307855, "this,matter": 0.0050424628450106155, "matter,<e>": 0.0031847133757961785, "<cs>,i": 0.009288747346072187, "wish,to": 0.004246284501061571, "say,a": 0.004511677282377919, "a,word": 0.0023885350318471337, "in,support": 0.0034501061571125266, "support,of": 0.0034501061571125266, "most,important": 0.0015923566878980893, "i,think": 0.00875796178343949, "think,that": 0.005307855626326964, "is,a": 0.004246284501061571, "the,amendment": 0.009288747346072187, "will,not": 0.0021231422505307855, "at,least": 0.0018577494692144374, "to,my": 0.0023885350318471337, "has,gone": 0.001326963906581741, "it,has": 0.001326963906581741, "to,ask": 0.003980891719745223, "ask,him": 0.0021231422505307855, "we,have": 0.0034501061571125266, "in,this": 0.00291932059447983, "we,should": 0.002653927813163482, "<s>,what": 0.001326963906581741, "about,the": 0.004777070063694267, "and,so": 0.0015923566878980893, "concerned,about": 0.0015923566878980893, "about,it": 0.001326963906581741, "a,very": 0.0023885350318471337, "in,order": 0.0015923566878980893, "i,beg": 0.005307855626326964, "beg,leave": 0.005573248407643312, "leave,to": 0.005573248407643312, "ask,the": 0.002653927813163482, "the,question": 0.00291932059447983, "question,which": 0.002653927813163482, "which,stands": 0.002653927813163482, "stands,in": 0.002653927813163482, "in,my": 0.0031847133757961785, "name,on": 0.002653927813163482, "the,order": 0.002653927813163482, "order,paper": 0.002653927813163482, "paper,<e>": 0.002653927813163482, "some,of": 0.0018577494692144374, "may,i": 0.006369426751592357, "i,ask": 0.004511677282377919, "ask,my": 0.0031847133757961785, "he,has": 0.0031847133757961785, "will,be": 0.003980891719745223, "that,<e>": 0.0037154989384288748, "there,is": 0.004777070063694267, "for,it": 0.0018577494692144374, "are,not": 0.0018577494692144374, "the,position": 0.001326963906581741, "going,to": 0.001326963906581741, "what,the": 0.0018577494692144374, "should,be": 0.0031847133757961785, "<s>,that": 0.0031847133757961785, "a,great": 0.0015923566878980893, "<s>,if": 0.0018577494692144374, "if,the": 0.001326963906581741, "to,do": 0.0034501061571125266, "<s>,the": 0.005573248407643312, "<s>,there": 0.0021231422505307855, "a,little": 0.0023885350318471337, "i,feel": 0.001326963906581741, "feel,that": 0.0015923566878980893, "in,that": 0.001326963906581741, "that,this": 0.00291932059447983, "this,is": 0.002653927813163482, "at,this": 0.0015923566878980893, "it,would": 0.0018577494692144374, "i,hope": 0.0021231422505307855, "that,my": 0.0021231422505307855, "to,withdraw": 0.0034501061571125266, "withdraw,the": 0.0031847133757961785, "amendment,<e>": 0.008227176220806794, "they,will": 0.001326963906581741, "of,course": 0.0021231422505307855, "see,that": 0.001326963906581741, "in,fact": 0.001326963906581741, "that,it": 0.00583864118895966, "of,this": 0.003980891719745223, "do,not": 0.006369426751592357, "important,that": 0.0015923566878980893, "degree,of": 0.0018577494692144374, "in,mind": 0.0015923566878980893, "hope,that": 0.001326963906581741, "may,be": 0.0021231422505307855, "on,this": 0.0015923566878980893, "might,be": 0.001326963906581741, "whether,the": 0.001326963906581741, "with,a": 0.0023885350318471337, "those,who": 0.0018577494692144374, "at,the": 0.0018577494692144374, "to,this": 0.0015923566878980893, "amendment,no": 0.00291932059447983, "no,<e>": 0.0031847133757961785, "<s>,a": 0.001326963906581741, "to,thank": 0.0021231422505307855, "thank,my": 0.004777070063694267, "friend,for": 0.00291932059447983, "for,that": 0.004511677282377919, "reply,<e>": 0.0021231422505307855, "am,sure": 0.0021231422505307855, "<s>,it": 0.010084925690021231, "that,reply": 0.0023885350318471337, "whether,he": 0.00291932059447983, "has,been": 0.00291932059447983, "i,must": 0.00291932059447983, "as,a": 0.0021231422505307855, "<s>,this": 0.0021231422505307855, "is,the": 0.0031847133757961785, "it,will": 0.002653927813163482, "that,we": 0.005307855626326964, "i,do": 0.004777070063694267, "not,think": 0.0018577494692144374, "have,had": 0.001326963906581741, "we,are": 0.0018577494692144374, "is,to": 0.001326963906581741, "i,thank": 0.0031847133757961785, "am,not": 0.0021231422505307855, "as,to": 0.001326963906581741, "have,to": 0.0015923566878980893, "this,amendment": 0.003980891719745223, "with,the": 0.004246284501061571, "under,the": 0.001326963906581741, "for,the": 0.003980891719745223, "that,there": 0.002653927813163482, "be,a": 0.001326963906581741, "because,of": 0.0018577494692144374, "not,want": 0.001326963906581741, "this,bill": 0.0018577494692144374, "bill,<e>": 0.0015923566878980893, "to,speak": 0.001326963906581741, "sure,that": 0.001326963906581741, "have,been": 0.0015923566878980893, "upon,the": 0.001326963906581741, "<s>,will": 0.001326963906581741, "lords,may": 0.0031847133757961785, "there,are": 0.002653927813163482, "friend,whether": 0.0018577494692144374, "he,is": 0.0015923566878980893, "or,not": 0.001326963906581741, "which,i": 0.0015923566878980893, "from,the": 0.0015923566878980893, "i,was": 0.0018577494692144374, "a,few": 0.003980891719745223, "few,words": 0.002653927813163482, "words,in": 0.0018577494692144374, "that,one": 0.001326963906581741, "the,time": 0.0015923566878980893, "to,get": 0.001326963906581741, "but,i": 0.00291932059447983, "say,that": 0.001326963906581741, "should,not": 0.0018577494692144374, "to,see": 0.001326963906581741, "is,not": 0.0021231422505307855, "at,all": 0.0015923566878980893, "<s>,may": 0.0015923566878980893, "the,minister": 0.00583864118895966, "the,committee": 0.001326963906581741, "i,know": 0.001326963906581741, "which,is": 0.0021231422505307855, "i,very": 0.001326963906581741, "i,might": 0.001326963906581741, "friend,the": 0.0050424628450106155, "<s>,however": 0.0023885350318471337, "however,i": 0.0018577494692144374, "that,he": 0.00291932059447983, "the,rural": 0.001326963906581741, "rural,areas": 0.0023885350318471337,