{"<cs>,my": 0.07103825136612021, "my,lords": 0.07650273224043716, "to,the": 0.02185792349726776, "my,noble": 0.07377049180327869, "noble,friend": 0.07103825136612021, "<e>,<s>": 0.10109289617486339, "in,the": 0.01639344262295082, "of,the": 0.04918032786885246, "lords,i": 0.02185792349726776, "to,ask": 0.01639344262295082, "ask,the": 0.01366120218579235, "in,my": 0.01639344262295082, "my,name": 0.01366120218579235, "name,on": 0.01366120218579235, "on,the": 0.0273224043715847, "friend,for": 0.01366120218579235, "that,reply": 0.02185792349726776, "may,i": 0.03551912568306011, "i,ask": 0.030054644808743168, "reply,may": 0.01639344262295082, "it,is": 0.01639344262295082, "lords,arising": 0.02185792349726776, "ask,my": 0.01366120218579235, "the,noble": 0.030054644808743168, "noble,lord": 0.0273224043715847, "lord,lord": 0.02459016393442623, "he,has": 0.01366120218579235, "<s>,i": 0.01912568306010929, "listened,to": 0.01366120218579235, "arising,out": 0.01639344262295082, "out,of": 0.01639344262295082, "friend,lord": 0.01366120218579235, "has,said": 0.01366120218579235, "i,have": 0.01912568306010929, "aware,that": 0.01912568306010929}