{"<cs>,my": 0.08816705336426914, "my,lords": 0.08816705336426914, "i,ask": 0.01160092807424594, "ask,the": 0.013921113689095127, "the,minister": 0.02320185614849188, "with,the": 0.018561484918793503, "<e>,<s>": 0.10672853828306264, "to,the": 0.037122969837587005, "fact,that": 0.013921113689095127, "of,the": 0.05336426914153132, "the,police": 0.016241299303944315, "that,the": 0.027842227378190254, "regard,to": 0.027842227378190254, "<s>,i": 0.018561484918793503, "i,should": 0.013921113689095127, "having,regard": 0.013921113689095127, "and,the": 0.01160092807424594, "the,government": 0.016241299303944315, "the,noble": 0.058004640371229696, "is,the": 0.02088167053364269, "would,the": 0.016241299303944315, "lords,is": 0.016241299303944315, "noble,lord": 0.04176334106728538, "in,the": 0.02088167053364269, "will,be": 0.02088167053364269, "for,the": 0.016241299303944315, "may,i": 0.016241299303944315, "lords,would": 0.02088167053364269, "there,is": 0.016241299303944315, "to,be": 0.02320185614849188, "be,the": 0.016241299303944315, "it,is": 0.013921113689095127, "lords,can": 0.01160092807424594, "can,the": 0.016241299303944315, "agree,that": 0.01160092807424594, "it,would": 0.01160092807424594, "would,be": 0.018561484918793503, "lord,say": 0.01160092807424594}