{"<cs>,my": 0.021920088790233074, "my,lords": 0.021087680355160933, "lords,the": 0.0022197558268590455, "the,noble": 0.021642619311875694, "noble,baroness": 0.001664816870144284, "that,in": 0.0013873473917869034, "and,i": 0.00804661487236404, "i,have": 0.00804661487236404, "your,lordships": 0.002774694783573807, "on,the": 0.009711431742508323, "the,matter": 0.001942286348501665, "has,just": 0.001664816870144284, "<e>,<s>": 0.08740288568257491, "<s>,i": 0.02025527192008879, "i,am": 0.014983351831298557, "i,should": 0.003329633740288568, "should,like": 0.001942286348501665, "like,to": 0.0024972253052164264, "to,deal": 0.0013873473917869034, "deal,with": 0.0013873473917869034, "that,i": 0.006659267480577136, "i,agree": 0.001664816870144284, "agree,with": 0.001664816870144284, "has,said": 0.003329633740288568, "noble,lord": 0.016648168701442843, "lord,lord": 0.013596004439511655, "in,saying": 0.001664816870144284, "saying,that": 0.001664816870144284, "that,the": 0.011376248612652608, "and,the": 0.007491675915649278, "the,agricultural": 0.0013873473917869034, "should,be": 0.005271920088790233, "to,the": 0.014705882352941176, "and,to": 0.001942286348501665, "<s>,this": 0.0024972253052164264, "it,is": 0.013873473917869035, "is,very": 0.0013873473917869034, "what,i": 0.0013873473917869034, "have,to": 0.0022197558268590455, "to,say": 0.003607103218645949, "will,be": 0.003329633740288568, "<s>,it": 0.006381798002219756, "on,a": 0.0013873473917869034, "and,it": 0.001664816870144284, "it,<e>": 0.003607103218645949, "this,bill": 0.0030521642619311877, "for,the": 0.004994450610432853, "it,will": 0.0013873473917869034, "from,the": 0.0024972253052164264, "in,the": 0.013318534961154272, "of,this": 0.0024972253052164264, "to,move": 0.0013873473917869034, "the,select": 0.001942286348501665, "select,committee": 0.001942286348501665, "committee,on": 0.001942286348501665, "the,bill": 0.00804661487236404, "bill,<e>": 0.0030521642619311877, "<s>,as": 0.006659267480577136, "as,the": 0.003329633740288568, "the,house": 0.002774694783573807, "if,i": 0.0022197558268590455, "the,second": 0.0013873473917869034, "when,the": 0.001664816870144284, "to,do": 0.002774694783573807, "lords,i": 0.008601553829078802, "i,beg": 0.003329633740288568, "and,in": 0.001942286348501665, "view,of": 0.001664816870144284, "of,the": 0.03357380688124306, "my,noble": 0.02025527192008879, "noble,friend": 0.018035516093229745, "friend,has": 0.0022197558268590455, "beg,leave": 0.0024972253052164264, "leave,to": 0.0024972253052164264, "to,withdraw": 0.0024972253052164264, "withdraw,the": 0.0022197558268590455, "the,amendment": 0.005826859045504994, "amendment,<e>": 0.004994450610432853, "at,the": 0.0030521642619311877, "of,a": 0.003607103218645949, "a,very": 0.0022197558268590455, "we,are": 0.0030521642619311877, "i,do": 0.005549389567147614, "do,not": 0.006104328523862375, "believe,that": 0.002774694783573807, "the,government": 0.006381798002219756, "i,will": 0.0013873473917869034, "to,be": 0.00804661487236404, "said,that": 0.0024972253052164264, "the,minister": 0.0013873473917869034, "noble,lords": 0.0047169811320754715, "at,a": 0.0013873473917869034, "is,in": 0.001942286348501665, "he,is": 0.001664816870144284, "to,achieve": 0.0013873473917869034, "which,the": 0.0013873473917869034, "the,past": 0.0013873473917869034, "the,amount": 0.0013873473917869034, "is,no": 0.0013873473917869034, "be,very": 0.0013873473917869034, "with,the": 0.006381798002219756, "i,understand": 0.0024972253052164264, "am,sure": 0.0013873473917869034, "they,are": 0.0013873473917869034, "who,have": 0.0013873473917869034, "of,our": 0.001664816870144284, "government,<e>": 0.0013873473917869034, "<cs>,i": 0.009711431742508323, "i,must": 0.001942286348501665, "say,that": 0.003329633740288568, "sympathy,with": 0.0022197558268590455, "what,my": 0.0024972253052164264, "friend,lord": 0.011098779134295227, "trying,to": 0.0013873473917869034, "this,amendment": 0.006381798002219756, "it,was": 0.0022197558268590455, "the,governments": 0.001942286348501665, "this,is": 0.002774694783573807, "am,glad": 0.0013873473917869034, "is,not": 0.003329633740288568, "must,be": 0.001942286348501665, "<s>,but": 0.001942286348501665, "i,shall": 0.0030521642619311877, "should,not": 0.0030521642619311877, "not,be": 0.004162042175360711, "by,the": 0.008601553829078802, "the,committee": 0.0024972253052164264, "that,<e>": 0.0013873473917869034, "but,i": 0.0022197558268590455, "if,it": 0.001664816870144284, "it,would": 0.0022197558268590455, "would,not": 0.001664816870144284, "the,question": 0.001664816870144284, "am,grateful": 0.0030521642619311877, "for,what": 0.001664816870144284, "what,he": 0.003329633740288568, "which,i": 0.001942286348501665, "<s>,the": 0.006381798002219756, "the,fact": 0.001942286348501665, "is,a": 0.005271920088790233, "<s>,however": 0.002774694783573807, "of,what": 0.0013873473917869034, "he,has": 0.002774694783573807, "to,look": 0.0013873473917869034, "may,i": 0.0013873473917869034, "as,i": 0.002774694783573807, "i,said": 0.0013873473917869034, "during,the": 0.0024972253052164264, "second,reading": 0.002774694783573807, "however,i": 0.001942286348501665, "look,at": 0.001664816870144284, "at,this": 0.0013873473917869034, "this,clause": 0.0013873473917869034, "by,my": 0.001664816870144284, "to,what": 0.0013873473917869034, "what,the": 0.0013873473917869034, "the,report": 0.0024972253052164264, "there,is": 0.0030521642619311877, "to,a": 0.001942286348501665, "<s>,if": 0.00388457269700333, "noble,friends": 0.0022197558268590455, "have,said": 0.0013873473917869034, "if,the": 0.0022197558268590455, "they,should": 0.001942286348501665, "has,been": 0.002774694783573807, "with,a": 0.0013873473917869034, "stage,<e>": 0.0013873473917869034, "grateful,to": 0.003329633740288568, "to,my": 0.0022197558268590455, "a,great": 0.0013873473917869034, "great,deal": 0.0013873473917869034, "that,a": 0.001942286348501665, "that,my": 0.0013873473917869034, "as,a": 0.004162042175360711, "<s>,there": 0.0013873473917869034, "he,was": 0.0013873473917869034, "<s>,he": 0.0022197558268590455, "<s>,in": 0.001942286348501665, "in,that": 0.001942286348501665, "not,think": 0.001942286348501665, "think,that": 0.001664816870144284, "that,he": 0.0022197558268590455, "would,have": 0.001664816870144284, "lord,stanley": 0.002774694783573807, "clause,<e>": 0.0022197558268590455, "number,of": 0.0022197558268590455, "of,my": 0.0022197558268590455, "that,is": 0.004162042175360711, "<s>,that": 0.0030521642619311877, "noble,viscount": 0.001664816870144284, "the,nature": 0.001664816870144284, "nature,conservancy": 0.0013873473917869034, "conservancy,council": 0.0013873473917869034, "as,to": 0.0013873473917869034, "<s>,therefore": 0.001942286348501665, "i,welcome": 0.001664816870144284, "the,first": 0.001942286348501665, "going,to": 0.0013873473917869034, "but,the": 0.001942286348501665, "i,can": 0.0022197558268590455, "that,there": 0.002774694783573807, "my,amendment": 0.001664816870144284, "amendment,no": 0.0024972253052164264, "no,<e>": 0.0024972253052164264, "to,get": 0.0013873473917869034, "i,was": 0.003329633740288568, "about,the": 0.003607103218645949, "i,think": 0.004162042175360711, "<s>,they": 0.0013873473917869034, "which,is": 0.003329633740288568, "is,the": 0.003607103218645949, "the,countryside": 0.001664816870144284, "i,would": 0.001664816870144284, "the,local": 0.0013873473917869034, "these,amendments": 0.0024972253052164264, "have,been": 0.004439511653718091, "that,it": 0.004162042175360711, "can,be": 0.001664816870144284, "not,the": 0.0013873473917869034, "have,a": 0.0013873473917869034, "under,the": 0.001664816870144284, "is,to": 0.001664816870144284, "part,of": 0.001664816870144284, "in,committee": 0.0024972253052164264, "<s>,we": 0.0024972253052164264, "we,have": 0.003329633740288568, "is,due": 0.0013873473917869034, "the,cla": 0.001664816870144284, "deal,of": 0.0013873473917869034, "fact,that": 0.0013873473917869034, "have,had": 0.0013873473917869034,