{"<cs>,my": 0.07179487179487179, "my,lords": 0.07179487179487179, "your,lordships": 0.023076923076923078, "lordships,house": 0.01282051282051282, "<e>,<s>": 0.15128205128205127, "<s>,i": 0.046153846153846156, "the,noble": 0.04358974358974359, "noble,lord": 0.038461538461538464, "lord,lord": 0.02564102564102564, "i,am": 0.020512820512820513, "of,the": 0.07179487179487179, "i,have": 0.017948717948717947, "in,south": 0.03076923076923077, "south,africa": 0.038461538461538464, "to,the": 0.028205128205128206, "of,your": 0.015384615384615385, "<s>,as": 0.015384615384615385, "in,the": 0.02564102564102564, "that,the": 0.02564102564102564, "the,minister": 0.020512820512820513, "lords,i": 0.04358974358974359, "for,introducing": 0.01282051282051282, "this,evening": 0.01282051282051282, "i,should": 0.015384615384615385, "should,like": 0.01282051282051282, "like,to": 0.015384615384615385, "on,the": 0.017948717948717947, "africa,<e>": 0.015384615384615385, "wish,to": 0.017948717948717947, "i,too": 0.01282051282051282, "the,bill": 0.015384615384615385, "the,amendment": 0.01282051282051282}