{"<cs>,my": 0.04556650246305419, "my,lords": 0.046798029556650245, "lords,i": 0.01600985221674877, "of,the": 0.059113300492610835, "the,noble": 0.04064039408866995, "noble,lord": 0.019704433497536946, "lord,lord": 0.017241379310344827, "to,the": 0.03201970443349754, "this,matter": 0.006157635467980296, "matter,<e>": 0.008620689655172414, "<e>,<s>": 0.13793103448275862, "<s>,i": 0.02586206896551724, "i,am": 0.014778325123152709, "of,a": 0.008620689655172414, "would,be": 0.007389162561576354, "in,my": 0.006157635467980296, "of,this": 0.011083743842364532, "i,have": 0.007389162561576354, "the,matter": 0.006157635467980296, "that,the": 0.014778325123152709, "in,relation": 0.013546798029556651, "relation,to": 0.012315270935960592, "should,be": 0.011083743842364532, "a,most": 0.006157635467980296, "<s>,the": 0.013546798029556651, "at,the": 0.009852216748768473, "that,there": 0.009852216748768473, "<cs>,i": 0.01847290640394089, "with,the": 0.009852216748768473, "this,amendment": 0.009852216748768473, "have,been": 0.007389162561576354, "as,the": 0.006157635467980296, "the,amendment": 0.009852216748768473, "for,the": 0.012315270935960592, "noble,and": 0.017241379310344827, "and,learned": 0.017241379310344827, "learned,lord": 0.017241379310344827, "lord,the": 0.006157635467980296, "which,is": 0.006157635467980296, "on,the": 0.009852216748768473, "from,the": 0.011083743842364532, "in,the": 0.020935960591133004, "it,is": 0.020935960591133004, "by,the": 0.012315270935960592, "to,support": 0.006157635467980296, "support,the": 0.006157635467980296, "that,i": 0.009852216748768473, "i,should": 0.012315270935960592, "those,who": 0.006157635467980296, "to,be": 0.013546798029556651, "<s>,it": 0.01600985221674877, "amendment,<e>": 0.007389162561576354, "he,is": 0.006157635467980296, "is,a": 0.012315270935960592, "to,say": 0.007389162561576354, "say,that": 0.006157635467980296, "there,is": 0.008620689655172414, "that,is": 0.008620689655172414, "is,not": 0.008620689655172414, "should,like": 0.006157635467980296, "like,to": 0.006157635467980296, "made,by": 0.006157635467980296, "<s>,as": 0.006157635467980296, "the,government": 0.006157635467980296, "this,bill": 0.006157635467980296, "we,have": 0.006157635467980296}