{"<cs>,my": 0.02255423071397788, "my,lords": 0.02327251831633386, "lords,i": 0.01336014940382129, "i,want": 0.00387875305272231, "want,to": 0.00517167073696308, "to,follow": 0.0007182876023559833, "my,noble": 0.002011205286596753, "noble,friend": 0.00172389024565436, "friend,lord": 0.0011492601637695732, "about,the": 0.0014365752047119666, "of,cyprus": 0.00129291768424077, "cyprus,<e>": 0.00086194512282718, "<e>,<s>": 0.07398362304266629, "<s>,i": 0.021261313029737106, "feel,that": 0.0011492601637695732, "that,we": 0.00258583536848154, "we,have": 0.0028731504094239332, "of,that": 0.00129291768424077, "in,the": 0.009625053871570177, "there,is": 0.00258583536848154, "i,hope": 0.0035914380117799166, "hope,that": 0.002442177848010343, "that,that": 0.0015802327251831633, "by,the": 0.004597040655078293, "to,the": 0.01034334147392616, "about,it": 0.0007182876023559833, "it,<e>": 0.00172389024565436, "i,ask": 0.00129291768424077, "her,majestys": 0.0014365752047119666, "majestys,government": 0.0014365752047119666, "that,they": 0.0028731504094239332, "as,a": 0.0015802327251831633, "under,the": 0.0014365752047119666, "of,the": 0.019250107743140354, "i,am": 0.01249820428099411, "am,not": 0.0014365752047119666, "saying,that": 0.0007182876023559833, "not,be": 0.0015802327251831633, "<s>,this": 0.0015802327251831633, "is,not": 0.00301680792989513, "might,be": 0.0007182876023559833, "because,the": 0.0010056026432983766, "is,going": 0.0010056026432983766, "going,to": 0.00344778049130872, "more,than": 0.0014365752047119666, "is,the": 0.00474069817554949, "of,course": 0.0007182876023559833, "be,a": 0.0027294928889527365, "of,us": 0.00086194512282718, "who,are": 0.0022985203275391465, "out,of": 0.0010056026432983766, "of,our": 0.0015802327251831633, "<s>,there": 0.0011492601637695732, "there,will": 0.0007182876023559833, "will,be": 0.00301680792989513, "much,more": 0.0010056026432983766, "<s>,the": 0.00517167073696308, "the,noble": 0.02241057319350668, "noble,lord": 0.015658669731360438, "lord,lord": 0.009194081310156586, "on,that": 0.00086194512282718, "have,had": 0.00129291768424077, "had,a": 0.0010056026432983766, "and,to": 0.00086194512282718, "to,me": 0.0010056026432983766, "a,very": 0.004022410573193506, "a,little": 0.002442177848010343, "from,the": 0.00215486280706795, "which,i": 0.00258583536848154, "i,thought": 0.0007182876023559833, "i,had": 0.0010056026432983766, "<s>,however": 0.0014365752047119666, "however,i": 0.00086194512282718, "i,think": 0.007613848584973423, "think,that": 0.004166068093664703, "that,a": 0.00129291768424077, "of,<e>": 0.0007182876023559833, "lords,is": 0.002011205286596753, "noble,baroness": 0.00258583536848154, "aware,that": 0.002442177848010343, "that,there": 0.0031604654503663266, "is,a": 0.0028731504094239332, "in,this": 0.0031604654503663266, "this,country": 0.00086194512282718, "which,has": 0.0011492601637695732, "which,is": 0.00258583536848154, "is,so": 0.0007182876023559833, "that,the": 0.008906766269214193, "do,not": 0.006751903462146243, "not,know": 0.0007182876023559833, "it,is": 0.006751903462146243, "it,and": 0.0007182876023559833, "and,that": 0.002442177848010343, "<s>,and": 0.0010056026432983766, "i,thank": 0.0015802327251831633, "thank,the": 0.0018675477661255567, "this,debate": 0.0014365752047119666, "but,i": 0.0033041229708375233, "your,lordships": 0.0031604654503663266, "have,been": 0.00301680792989513, "to,a": 0.00129291768424077, "which,the": 0.0007182876023559833, "the,government": 0.005315328257434276, "<s>,so": 0.0011492601637695732, "far,as": 0.00086194512282718, "they,have": 0.00258583536848154, "have,not": 0.0010056026432983766, "small,businesses": 0.00215486280706795, "businesses,and": 0.0007182876023559833, "and,it": 0.00172389024565436, "that,i": 0.008332136187329406, "to,speak": 0.00129291768424077, "today,<e>": 0.0007182876023559833, "and,i": 0.00732653354403103, "i,also": 0.00086194512282718, "support,the": 0.002011205286596753, "made,by": 0.00172389024565436, "and,the": 0.00215486280706795, "baroness,lady": 0.00129291768424077, "lady,seear": 0.0007182876023559833, "because,i": 0.00258583536848154, "on,behalf": 0.0007182876023559833, "behalf,of": 0.0007182876023559833, "the,self-employed": 0.00129291768424077, "that,is": 0.002442177848010343, "of,a": 0.0028731504094239332, "<s>,we": 0.002442177848010343, "the,whole": 0.0007182876023559833, "i,did": 0.00086194512282718, "did,not": 0.0015802327251831633, "into,the": 0.0011492601637695732, "to,do": 0.002011205286596753, "do,that": 0.0007182876023559833, "that,at": 0.0007182876023559833, "at,the": 0.0043097256141359, "the,moment": 0.0014365752047119666, "one,has": 0.0007182876023559833, "has,to": 0.0007182876023559833, "the,turkish": 0.0011492601637695732, "in,order": 0.00129291768424077, "order,to": 0.0011492601637695732, "with,the": 0.005028013216491883, "government,of": 0.00086194512282718, "i,was": 0.002011205286596753, "was,not": 0.0010056026432983766, "so,i": 0.0022985203275391465, "on,the": 0.005315328257434276, "therefore,i": 0.00086194512282718, "had,to": 0.0010056026432983766, "<s>,they": 0.002442177848010343, "they,are": 0.002442177848010343, "i,believe": 0.0033041229708375233, "very,much": 0.002011205286596753, "we,must": 0.0007182876023559833, "this,bill": 0.0015802327251831633, "must,be": 0.00086194512282718, "to,go": 0.00086194512282718, "that,it": 0.00258583536848154, "said,that": 0.0015802327251831633, "second,reading": 0.0007182876023559833, "the,bill": 0.00172389024565436, "bill,<e>": 0.0010056026432983766, "i,should": 0.004453383134607096, "should,like": 0.0035914380117799166, "like,to": 0.004022410573193506, "to,support": 0.0022985203275391465, "in,his": 0.0011492601637695732, "what,he": 0.0007182876023559833, "<s>,in": 0.0027294928889527365, "in,a": 0.00129291768424077, "a,debate": 0.00086194512282718, "believe,that": 0.00344778049130872, "would,have": 0.0010056026432983766, "in,that": 0.0011492601637695732, "not,believe": 0.0011492601637695732, "to,take": 0.0011492601637695732, "have,to": 0.0018675477661255567, "to,be": 0.00603361585979026, "the,minister": 0.008906766269214193, "minister,aware": 0.0011492601637695732, "appear,to": 0.0007182876023559833, "not,agree": 0.0010056026432983766, "agree,that": 0.0011492601637695732, "would,be": 0.00215486280706795, "which,was": 0.0007182876023559833, "the,debate": 0.0007182876023559833, "and,so": 0.0011492601637695732, "i,shall": 0.0022985203275391465, "try,to": 0.0011492601637695732, "to,keep": 0.00086194512282718, "<s>,therefore": 0.00172389024565436, "point,<e>": 0.0010056026432983766, "<s>,that": 0.0015802327251831633, "in,fact": 0.0018675477661255567, "debate,on": 0.0007182876023559833, "<s>,it": 0.005028013216491883, "it,was": 0.0022985203275391465, "was,a": 0.00129291768424077, "able,to": 0.002011205286596753, "lord,the": 0.00301680792989513, "who,is": 0.0010056026432983766, "not,the": 0.0010056026432983766, "this,afternoon": 0.0010056026432983766, "i,beg": 0.00517167073696308, "beg,leave": 0.0043097256141359, "leave,to": 0.0043097256141359, "to,ask": 0.0022985203275391465, "ask,the": 0.002442177848010343, "the,question": 0.0015802327251831633, "question,which": 0.0015802327251831633, "which,stands": 0.0015802327251831633, "stands,in": 0.0015802327251831633, "in,my": 0.0027294928889527365, "my,name": 0.0028731504094239332, "name,on": 0.00172389024565436, "the,order": 0.0018675477661255567, "order,paper": 0.00172389024565436, "paper,<e>": 0.0015802327251831633, "will,the": 0.0007182876023559833, "trying,to": 0.0007182876023559833, "to,get": 0.0010056026432983766, "to,come": 0.00086194512282718, "i,put": 0.00129291768424077, "this,morning": 0.00086194512282718, "to,find": 0.0010056026432983766, "i,have": 0.004884355696020686, "have,a": 0.0010056026432983766, "with,this": 0.00086194512282718, "but,it": 0.00086194512282718, "debate,<e>": 0.0014365752047119666, "<s>,as": 0.00086194512282718, "as,i": 0.0010056026432983766, "i,feel": 0.0011492601637695732, "i,must": 0.0018675477661255567,