{"<cs>,my": 0.04375, "my,lords": 0.04375, "the,noble": 0.04375, "noble,lord": 0.0375, "lord,lord": 0.01875, "<e>,<s>": 0.2125, "<s>,i": 0.05, "i,hope": 0.01875, "that,i": 0.028125, "i,am": 0.015625, "to,be": 0.021875, "that,is": 0.015625, "is,a": 0.015625, "lords,i": 0.015625, "that,the": 0.025, "do,not": 0.015625, "<s>,as": 0.01875, "for,the": 0.0375, "has,been": 0.015625, "of,the": 0.028125, "it,is": 0.028125, "i,have": 0.021875, "have,been": 0.021875, "will,be": 0.021875, "to,the": 0.0375, "my,noble": 0.01875, "<s>,it": 0.025, "they,are": 0.015625, "by,the": 0.015625, "housing,associations": 0.015625, "the,amendment": 0.01875, "the,minister": 0.021875, "would,be": 0.015625}