{"<cs>,my": 0.0311284046692607, "my,lords": 0.030696065715520967, "lords,i": 0.019455252918287938, "i,beg": 0.005620406398616515, "beg,leave": 0.0034587116299178555, "leave,to": 0.0034587116299178555, "ask,the": 0.0025940337224383916, "the,question": 0.00216169476869866, "in,my": 0.0034587116299178555, "on,the": 0.013834846519671422, "i,thank": 0.0034587116299178555, "thank,the": 0.004755728491137051, "the,minister": 0.005620406398616515, "for,his": 0.0030263726761781237, "of,the": 0.02464332036316472, "and,the": 0.00648508430609598, "<e>,<s>": 0.10505836575875487, "may,i": 0.00432338953739732, "i,ask": 0.00216169476869866, "the,noble": 0.03329009943795936, "noble,lord": 0.014267185473411154, "i,too": 0.0025940337224383916, "should,like": 0.01124081279723303, "like,to": 0.01124081279723303, "those,who": 0.00216169476869866, "to,the": 0.020752269779507133, "the,way": 0.00216169476869866, "way,in": 0.00216169476869866, "in,which": 0.00216169476869866, "noble,baroness": 0.005620406398616515, "this,bill": 0.004755728491137051, "bill,<e>": 0.0025940337224383916, "<s>,it": 0.007349762213575443, "to,do": 0.0038910505836575876, "at,the": 0.0030263726761781237, "the,bill": 0.010376134889753566, "can,be": 0.00216169476869866, "i,should": 0.012105490704712495, "has,been": 0.00216169476869866, "the,law": 0.00216169476869866, "should,be": 0.004755728491137051, "to,be": 0.008214440121054907, "there,is": 0.005620406398616515, "is,the": 0.006917423259835711, "<s>,i": 0.03285776048421963, "i,believe": 0.007349762213575443, "believe,that": 0.00648508430609598, "that,this": 0.0038910505836575876, "is,a": 0.00864677907479464, "that,if": 0.00216169476869866, "say,that": 0.0025940337224383916, "i,am": 0.015131863380890618, "lords,before": 0.00216169476869866, "before,the": 0.00216169476869866, "sits,down": 0.00216169476869866, "for,the": 0.00864677907479464, "am,grateful": 0.00648508430609598, "grateful,to": 0.009079118028534372, "lord,lord": 0.013834846519671422, "to,take": 0.0025940337224383916, "part,in": 0.0025940337224383916, "in,this": 0.005188067444876783, "this,debate": 0.0030263726761781237, "debate,on": 0.0025940337224383916, "it,is": 0.013834846519671422, "noble,lords": 0.005620406398616515, "lords,who": 0.0038910505836575876, "who,have": 0.005188067444876783, "the,matter": 0.00216169476869866, "and,to": 0.0030263726761781237, "it,<e>": 0.00216169476869866, "to,say": 0.0038910505836575876, "which,is": 0.0030263726761781237, "but,i": 0.00432338953739732, "i,have": 0.004755728491137051, "is,to": 0.00432338953739732, "this,is": 0.004755728491137051, "beg,to": 0.00216169476869866, "amendment,no": 0.00648508430609598, "no,<e>": 0.00648508430609598, "to,speak": 0.00216169476869866, "my,amendment": 0.0030263726761781237, "amendment,<e>": 0.007349762213575443, "i,think": 0.0038910505836575876, "if,the": 0.0038910505836575876, "i,would": 0.0025940337224383916, "<s>,in": 0.00432338953739732, "in,the": 0.012105490704712495, "to,withdraw": 0.0025940337224383916, "to,me": 0.0025940337224383916, "your,lordships": 0.0060527453523562475, "<s>,first": 0.00216169476869866, "that,i": 0.004755728491137051, "a,few": 0.00216169476869866, "to,deal": 0.0025940337224383916, "with,the": 0.005620406398616515, "would,be": 0.00432338953739732, "i,do": 0.0025940337224383916, "do,not": 0.0038910505836575876, "is,that": 0.0038910505836575876, "the,right": 0.005620406398616515, "that,the": 0.010808473843493299, "made,by": 0.0034587116299178555, "that,we": 0.00432338953739732, "we,are": 0.0030263726761781237, "the,child": 0.0038910505836575876, "that,it": 0.007349762213575443, "it,was": 0.0025940337224383916, "said,that": 0.0025940337224383916, "and,i": 0.005620406398616515, "that,<e>": 0.00216169476869866, "by,the": 0.009943795936013834, "i,had": 0.0025940337224383916, "is,not": 0.004755728491137051, "<s>,as": 0.00216169476869866, "as,a": 0.00216169476869866, "of,this": 0.0030263726761781237, "dealing,with": 0.00216169476869866, "noble,and": 0.009511456982274102, "and,learned": 0.009511456982274102, "learned,lord": 0.009079118028534372, "will,be": 0.005188067444876783, "the,subject": 0.00216169476869866, "which,will": 0.0025940337224383916, "<cs>,i": 0.007349762213575443, "withdraw,the": 0.00216169476869866, "the,amendment": 0.00864677907479464, "one,point": 0.0034587116299178555, "that,there": 0.00216169476869866, "this,amendment": 0.00216169476869866, "have,been": 0.0030263726761781237, "in,a": 0.0025940337224383916, "not,be": 0.00216169476869866, "the,house": 0.0025940337224383916, "baroness,lady": 0.0038910505836575876, "that,is": 0.0034587116299178555, "on,that": 0.00216169476869866, "the,general": 0.00216169476869866, "that,in": 0.00216169476869866, "take,up": 0.00216169476869866, "i,can": 0.00216169476869866, "<s>,if": 0.00216169476869866, "the,lord": 0.005620406398616515, "<s>,this": 0.00216169476869866, "have,spoken": 0.00216169476869866, "number,of": 0.0025940337224383916, "it,would": 0.0030263726761781237, "<s>,but": 0.00216169476869866, "from,the": 0.0025940337224383916, "<s>,the": 0.005188067444876783, "<s>,my": 0.0030263726761781237, "of,women": 0.00216169476869866, "that,he": 0.0025940337224383916, "if,i": 0.00216169476869866, "the,government": 0.0030263726761781237, "about,the": 0.00216169476869866, "lord,the": 0.004755728491137051, "lord,chancellor": 0.005188067444876783, "welcome,the": 0.0025940337224383916, "<s>,<e>": 0.00216169476869866, "the,committee": 0.0030263726761781237, "wish,to": 0.0025940337224383916, "the,same": 0.00216169476869866, "lords,the": 0.00216169476869866, "may,be": 0.00216169476869866, "to,comment": 0.00216169476869866}