{"<cs>,my": 0.058333333333333334, "my,lords": 0.06388888888888888, "lords,i": 0.030555555555555555, "i,am": 0.03611111111111111, "but,i": 0.019444444444444445, "i,should": 0.022222222222222223, "should,like": 0.019444444444444445, "like,to": 0.022222222222222223, "of,the": 0.05, "the,noble": 0.06666666666666667, "noble,lord": 0.03888888888888889, "lord,lord": 0.027777777777777776, "<e>,<s>": 0.15, "<s>,i": 0.05555555555555555, "in,the": 0.03333333333333333, "your,lordships": 0.019444444444444445, "which,i": 0.013888888888888888, "<s>,it": 0.016666666666666666, "it,is": 0.027777777777777776, "in,this": 0.013888888888888888, "i,have": 0.022222222222222223, "to,the": 0.025, "noble,lords": 0.013888888888888888, "on,the": 0.019444444444444445, "to,be": 0.016666666666666666, "i,feel": 0.016666666666666666, "that,it": 0.013888888888888888, "that,we": 0.013888888888888888, "i,was": 0.013888888888888888, "that,i": 0.030555555555555555, "because,i": 0.013888888888888888, "say,that": 0.013888888888888888}