{"<cs>,my": 0.02936014041806287, "my,lords": 0.02983883835966172, "lords,it": 0.0011169618637306526, "it,was": 0.0036700175522578586, "that,i": 0.0057443752991862135, "i,was": 0.0015956598053295037, "the,house": 0.006542205201850965, "of,my": 0.0028721876495931067, "my,noble": 0.024573161002074358, "noble,friend": 0.023456199138343705, "friend,the": 0.0015956598053295037, "and,the": 0.0057443752991862135, "the,noble": 0.009095260890378171, "noble,lord": 0.006542205201850965, "lord,lord": 0.004946545396521462, "<e>,<s>": 0.05042284984841232, "<s>,i": 0.01244614648157013, "and,to": 0.0017552257858624541, "to,the": 0.015158768150630286, "<s>,but": 0.0011169618637306526, "but,i": 0.001276527844263603, "i,can": 0.001276527844263603, "maiden,speech": 0.0009573958831977022, "speech,<e>": 0.0009573958831977022, "<s>,it": 0.0044678474549226105, "in,the": 0.01739269187809159, "of,the": 0.03414711983405138, "<s>,we": 0.001276527844263603, "hope,that": 0.0017552257858624541, "that,we": 0.0017552257858624541, "lords,may": 0.006861337162916866, "may,i": 0.008935694909845221, "i,ask": 0.007340035104515717, "ask,the": 0.003031753630126057, "noble,earl": 0.0009573958831977022, "whether,the": 0.002074357746928355, "the,government": 0.005425243338120313, "there,has": 0.0011169618637306526, "has,been": 0.0036700175522578586, "which,has": 0.0014360938247965534, "by,the": 0.004946545396521462, "the,public": 0.0007978299026647519, "in,this": 0.005425243338120313, "this,country": 0.002553055688527206, "country,<e>": 0.0014360938247965534, "lords,perhaps": 0.0007978299026647519, "perhaps,i": 0.0023934897079942556, "i,may": 0.0035104515717249082, "to,say": 0.0022339237274613052, "say,that": 0.0019147917663954045, "government,have": 0.0007978299026647519, "have,the": 0.0011169618637306526, "the,right": 0.0009573958831977022, "to,do": 0.0017552257858624541, "which,they": 0.0009573958831977022, "to,be": 0.005425243338120313, "is,not": 0.0031913196106590075, "not,in": 0.0011169618637306526, "does,not": 0.001276527844263603, "noble,lords": 0.0022339237274613052, "lords,i": 0.009095260890378171, "i,think": 0.003350885591191958, "<s>,he": 0.0009573958831977022, "as,i": 0.0017552257858624541, "i,should": 0.005106111377054412, "because,i": 0.0009573958831977022, "in,fact": 0.0015956598053295037, "that,they": 0.001276527844263603, "had,a": 0.0007978299026647519, "of,overseas": 0.0007978299026647519, "in,a": 0.0015956598053295037, "which,i": 0.001276527844263603, "at,any": 0.001276527844263603, "any,rate": 0.0011169618637306526, "will,my": 0.0011169618637306526, "government,to": 0.0009573958831977022, "in,mind": 0.0007978299026647519, "that,this": 0.003350885591191958, "this,is": 0.0019147917663954045, "is,one": 0.0007978299026647519, "one,of": 0.002074357746928355, "the,united": 0.0023934897079942556, "united,kingdom": 0.0019147917663954045, "and,that": 0.0023934897079942556, "that,it": 0.003989149513323759, "it,is": 0.010690920695707675, "he,is": 0.0014360938247965534, "at,present": 0.0007978299026647519, "at,the": 0.003829583532790809, "that,if": 0.0011169618637306526, "is,a": 0.0031913196106590075, "should,be": 0.003829583532790809, "that,is": 0.002553055688527206, "wish,to": 0.0009573958831977022, "this,debate": 0.002074357746928355, "should,like": 0.003989149513323759, "like,to": 0.003989149513323759, "from,the": 0.00430828147438966, "<s>,in": 0.003350885591191958, "the,commonwealth": 0.001276527844263603, "secretary,of": 0.0007978299026647519, "of,state": 0.0011169618637306526, "at,that": 0.0011169618637306526, "that,time": 0.0009573958831977022, "most,important": 0.0007978299026647519, "that,the": 0.01276527844263603, "in,relation": 0.0009573958831977022, "relation,to": 0.0011169618637306526, "and,in": 0.0009573958831977022, "and,i": 0.0028721876495931067, "number,of": 0.0019147917663954045, "time,<e>": 0.0027126216690601564, "of,this": 0.005425243338120313, "part,of": 0.0022339237274613052, "<s>,my": 0.0014360938247965534, "the,minister": 0.003031753630126057, "said,that": 0.001276527844263603, "the,position": 0.0011169618637306526, "position,of": 0.0009573958831977022, "did,not": 0.0014360938247965534, "not,think": 0.001276527844263603, "in,which": 0.0019147917663954045, "friend,and": 0.0007978299026647519, "i,would": 0.001276527844263603, "would,not": 0.0009573958831977022, "in,any": 0.0007978299026647519, "<s>,however": 0.0011169618637306526, "the,opportunity": 0.0007978299026647519, "to,take": 0.0019147917663954045, "part,in": 0.0014360938247965534, "it,<e>": 0.002074357746928355, "i,have": 0.003829583532790809, "i,hope": 0.0015956598053295037, "house,and": 0.0007978299026647519, "if,i": 0.0019147917663954045, "lords,if": 0.0009573958831977022, "think,it": 0.001276527844263603, "the,impression": 0.0007978299026647519, "that,he": 0.001276527844263603, "he,has": 0.0022339237274613052, "this,house": 0.0027126216690601564, "this,afternoon": 0.0007978299026647519, "as,a": 0.0019147917663954045, "about,the": 0.0007978299026647519, "the,past": 0.0015956598053295037, "i,am": 0.004946545396521462, "of,us": 0.0011169618637306526, "on,the": 0.007180469123982767, "are,not": 0.0007978299026647519, "<s>,your": 0.0007978299026647519, "your,lordships": 0.004946545396521462, "lordships,will": 0.0007978299026647519, "with,the": 0.0035104515717249082, "on,a": 0.0014360938247965534, "<s>,that": 0.0007978299026647519, "and,not": 0.0007978299026647519, "<s>,the": 0.0031913196106590075, "the,same": 0.0019147917663954045, "occasion,<e>": 0.0009573958831977022, "in,my": 0.003031753630126057, "lords,the": 0.0011169618637306526, "noble,baroness": 0.0007978299026647519, "apply,to": 0.0009573958831977022, "am,very": 0.0009573958831977022, "very,grateful": 0.001276527844263603, "for,the": 0.006861337162916866, "was,the": 0.0009573958831977022, "i,beg": 0.006063507260252114, "beg,leave": 0.0022339237274613052, "leave,to": 0.0022339237274613052, "to,ask": 0.003031753630126057, "the,question": 0.0023934897079942556, "question,which": 0.0017552257858624541, "which,stands": 0.0015956598053295037, "stands,in": 0.0015956598053295037, "my,name": 0.0022339237274613052, "name,on": 0.0019147917663954045, "the,order": 0.002074357746928355, "order,paper": 0.0019147917663954045, "paper,<e>": 0.002074357746928355, "ask,my": 0.006223073240785065, "friend,whether": 0.004786979415988511, "so,far": 0.002074357746928355, "far,as": 0.0017552257858624541, "as,the": 0.0017552257858624541, "<s>,would": 0.0007978299026647519, "the,interests": 0.0014360938247965534, "interests,of": 0.0015956598053295037, "be,made": 0.001276527844263603, "to,a": 0.001276527844263603, "a,great": 0.0017552257858624541, "the,point": 0.0011169618637306526, "point,of": 0.0014360938247965534, "of,view": 0.0014360938247965534, "view,of": 0.0022339237274613052, "a,result": 0.0011169618637306526, "result,of": 0.0011169618637306526, "realise,that": 0.0007978299026647519, "a,very": 0.0023934897079942556, "may,be": 0.0014360938247965534, "has,said": 0.0011169618637306526, "is,it": 0.0009573958831977022, "her,majestys": 0.0009573958831977022, "majestys,government": 0.0009573958831977022, "to,give": 0.0009573958831977022, "whether,he": 0.0028721876495931067, "he,will": 0.0019147917663954045, "how,many": 0.001276527844263603, "against,the": 0.0007978299026647519, "which,are": 0.0011169618637306526, "of,their": 0.0009573958831977022, "in,those": 0.001276527844263603, "there,are": 0.0011169618637306526, "will,be": 0.0035104515717249082, "of,a": 0.003350885591191958, "rather,than": 0.0011169618637306526, "we,have": 0.001276527844263603, "a,good": 0.0007978299026647519, "deal,of": 0.0007978299026647519, "<s>,there": 0.0011169618637306526, "there,is": 0.0031913196106590075, "fact,that": 0.002074357746928355, "have,not": 0.0019147917663954045, "is,that": 0.002074357746928355, "interest,in": 0.0007978299026647519, "at,a": 0.0007978299026647519, "the,country": 0.0011169618637306526, "have,a": 0.0011169618637306526, "the,governments": 0.0017552257858624541,