{"<cs>,my": 0.033764367816091954, "my,lords": 0.034482758620689655, "lords,i": 0.015804597701149427, "because,i": 0.0035919540229885057, "i,think": 0.007183908045977011, "your,lordships": 0.007183908045977011, "agree,that": 0.0035919540229885057, "has,been": 0.005028735632183908, "this,afternoon": 0.0035919540229885057, "that,the": 0.022988505747126436, "it,is": 0.02514367816091954, "is,to": 0.0035919540229885057, "is,a": 0.010057471264367816, "to,be": 0.011494252873563218, "be,allowed": 0.0035919540229885057, "allowed,to": 0.0035919540229885057, "the,noble": 0.032327586206896554, "<e>,<s>": 0.10775862068965517, "<s>,it": 0.011494252873563218, "a,very": 0.005028735632183908, "to,me": 0.0035919540229885057, "<s>,i": 0.03017241379310345, "have,been": 0.00646551724137931, "would,have": 0.005747126436781609, "we,are": 0.005028735632183908, "i,hope": 0.005747126436781609, "hope,that": 0.005747126436781609, "to,the": 0.02442528735632184, "may,i": 0.005028735632183908, "which,i": 0.007183908045977011, "of,the": 0.032327586206896554, "this,amendment": 0.007902298850574713, "amendment,<e>": 0.00646551724137931, "<s>,this": 0.0035919540229885057, "is,not": 0.005028735632183908, "it,<e>": 0.007183908045977011, "should,like": 0.007183908045977011, "like,to": 0.007902298850574713, "to,support": 0.00646551724137931, "support,the": 0.004310344827586207, "noble,earl": 0.00646551724137931, "<s>,there": 0.004310344827586207, "would,be": 0.0035919540229885057, "which,the": 0.00646551724137931, "the,government": 0.010057471264367816, "do,not": 0.007902298850574713, "the,amendment": 0.011494252873563218, "we,have": 0.007902298850574713, "perhaps,i": 0.0035919540229885057, "i,may": 0.0035919540229885057, "to,say": 0.0035919540229885057, "say,that": 0.005747126436781609, "that,i": 0.007902298850574713, "i,do": 0.005747126436781609, "in,the": 0.01867816091954023, "i,should": 0.011494252873563218, "should,have": 0.0035919540229885057, "for,the": 0.013649425287356323, "but,i": 0.005028735632183908, "i,have": 0.005028735632183908, "noble,lord": 0.020114942528735632, "lord,lord": 0.01221264367816092, "it,has": 0.0035919540229885057, "that,it": 0.010057471264367816, "which,is": 0.0035919540229885057, "<cs>,i": 0.00646551724137931, "i,want": 0.0035919540229885057, "want,to": 0.0035919540229885057, "the,national": 0.017959770114942528, "national,trust": 0.017241379310344827, "noble,viscount": 0.0035919540229885057, "<s>,they": 0.0035919540229885057, "they,are": 0.004310344827586207, "of,special": 0.0035919540229885057, "special,scientific": 0.004310344827586207, "scientific,interest": 0.0035919540229885057, "<s>,the": 0.007183908045977011, "i,am": 0.016522988505747127, "is,that": 0.007902298850574713, "that,if": 0.005028735632183908, "if,we": 0.0035919540229885057, "that,this": 0.0035919540229885057, "in,which": 0.005747126436781609, "and,we": 0.0035919540229885057, "by,the": 0.007902298850574713, "think,that": 0.004310344827586207, "on,the": 0.005028735632183908, "as,a": 0.0035919540229885057, "and,the": 0.005028735632183908, "<s>,but": 0.0035919540229885057, "what,the": 0.0035919540229885057, "and,that": 0.004310344827586207, "reserve,power": 0.004310344827586207, "that,is": 0.004310344827586207, "it,will": 0.005028735632183908, "that,we": 0.004310344827586207, "the,governments": 0.0035919540229885057, "does,not": 0.0035919540229885057, "and,i": 0.00646551724137931, "i,cannot": 0.005028735632183908, "in,this": 0.004310344827586207, "so,that": 0.0035919540229885057, "there,is": 0.005747126436781609, "<s>,in": 0.0035919540229885057, "should,be": 0.005028735632183908, "the,minister": 0.00646551724137931, "with,the": 0.00646551724137931, "<s>,if": 0.004310344827586207, "lordships,house": 0.0035919540229885057, "chairman,of": 0.005747126436781609, "do,so": 0.0035919540229885057, "to,do": 0.0035919540229885057, "it,was": 0.0035919540229885057, "the,arts": 0.007183908045977011}