{"<cs>,my": 0.033812088569718735, "my,lords": 0.0353081986834231, "the,noble": 0.042788749251944945, "noble,earl": 0.00807899461400359, "not,agree": 0.0014961101137043686, "agree,that": 0.0023937761819269898, "in,the": 0.01376421304608019, "that,there": 0.002992220227408737, "there,is": 0.004488330341113106, "in,northern": 0.003590664272890485, "northern,ireland": 0.011669658886894075, "we,have": 0.0017953321364452424, "of,the": 0.021843207660083783, "with,the": 0.0026929982046678637, "and,the": 0.0038898862956313583, "as,well": 0.0014961101137043686, "as,the": 0.0017953321364452424, "noble,lord": 0.026929982046678635, "me,to": 0.002094554159186116, "<e>,<s>": 0.08258527827648116, "<s>,the": 0.005685218432076601, "the,point": 0.0023937761819269898, "i,was": 0.005984440454817474, "trying,to": 0.002094554159186116, "to,make": 0.0026929982046678637, "that,i": 0.007480550568521843, "i,think": 0.0047875523638539795, "think,it": 0.0014961101137043686, "it,is": 0.00718132854578097, "her,majestys": 0.0047875523638539795, "and,i": 0.003590664272890485, "would,be": 0.002094554159186116, "on,the": 0.008378216636744464, "the,northern": 0.0038898862956313583, "to,be": 0.010472770795930581, "that,they": 0.0014961101137043686, "they,will": 0.0014961101137043686, "to,say": 0.003291442250149611, "say,that": 0.0026929982046678637, "<s>,that": 0.0026929982046678637, "that,is": 0.0026929982046678637, "is,the": 0.0047875523638539795, "at,the": 0.002992220227408737, "i,would": 0.003590664272890485, "majestys,government": 0.004488330341113106, "will,have": 0.0014961101137043686, "<s>,but": 0.0017953321364452424, "but,i": 0.0026929982046678637, "hope,that": 0.0026929982046678637, "that,this": 0.0047875523638539795, "will,be": 0.002992220227408737, "of,my": 0.0014961101137043686, "my,speech": 0.0014961101137043686, "to,see": 0.0017953321364452424, "lords,in": 0.003590664272890485, "of,what": 0.0014961101137043686, "what,the": 0.0023937761819269898, "lord,has": 0.0017953321364452424, "i,shall": 0.0023937761819269898, "<s>,however": 0.003291442250149611, "however,i": 0.0014961101137043686, "like,to": 0.009275882704967086, "join,in": 0.0014961101137043686, "in,thanking": 0.002992220227408737, "thanking,the": 0.002992220227408737, "lord,lord": 0.011968880909634948, "for,having": 0.007779772591262717, "not,only": 0.0014961101137043686, "a,very": 0.0017953321364452424, "debate,<e>": 0.0026929982046678637, "noble,lords": 0.005086774386594853, "lords,i": 0.01944943147815679, "think,that": 0.0026929982046678637, "there,are": 0.0017953321364452424, "the,minister": 0.004189108318372232, "that,the": 0.01376421304608019, "is,not": 0.0026929982046678637, "by,the": 0.002992220227408737, "to,have": 0.002094554159186116, "the,fact": 0.0023937761819269898, "fact,that": 0.0023937761819269898, "that,it": 0.0038898862956313583, "i,have": 0.007779772591262717, "i,too": 0.0038898862956313583, "am,grateful": 0.0026929982046678637, "grateful,to": 0.004488330341113106, "to,the": 0.01436265709156194, "having,given": 0.0014961101137043686, "of,this": 0.003590664272890485, "this,debate": 0.003291442250149611, "<s>,i": 0.024536205864751647, "which,i": 0.004488330341113106, "i,should": 0.008378216636744464, "should,like": 0.007779772591262717, "have,been": 0.005984440454817474, "when,i": 0.0017953321364452424, "as,a": 0.0017953321364452424, "<s>,there": 0.0014961101137043686, "number,of": 0.0014961101137043686, "for,a": 0.002992220227408737, "to,bring": 0.0017953321364452424, "i,hope": 0.002992220227408737, "be,able": 0.0014961101137043686, "able,to": 0.0026929982046678637, "noble,duke": 0.002094554159186116, "i,had": 0.002094554159186116, "he,has": 0.0023937761819269898, "what,i": 0.003291442250149611, "the,government": 0.0014961101137043686, "for,the": 0.004189108318372232, "ireland,<e>": 0.0023937761819269898, "and,that": 0.002094554159186116, "has,to": 0.002094554159186116, "in,mind": 0.0014961101137043686, "<s>,one": 0.0014961101137043686, "to,hear": 0.0026929982046678637, "which,has": 0.0017953321364452424, "this,is": 0.003590664272890485, "is,a": 0.004189108318372232, "i,ask": 0.0017953321364452424, "<cs>,i": 0.003291442250149611, "that,<e>": 0.0026929982046678637, "because,i": 0.0026929982046678637, "i,am": 0.012567324955116697, "your,lordships": 0.005984440454817474, "the,points": 0.0017953321364452424, "points,that": 0.002992220227408737, "that,he": 0.003291442250149611, "with,me": 0.0014961101137043686, "that,we": 0.003291442250149611, "we,are": 0.0038898862956313583, "have,a": 0.0014961101137043686, "<s>,it": 0.004488330341113106, "who,are": 0.0014961101137043686, "that,has": 0.0014961101137043686, "has,been": 0.005984440454817474, "want,to": 0.0017953321364452424, "<s>,is": 0.0017953321364452424, "if,the": 0.0026929982046678637, "to,thank": 0.0047875523638539795, "who,have": 0.0014961101137043686, "in,this": 0.0014961101137043686, "as,i": 0.0014961101137043686, "one,of": 0.002094554159186116, "to,me": 0.0014961101137043686, "i,beg": 0.004189108318372232, "beg,leave": 0.0014961101137043686, "leave,to": 0.0014961101137043686, "to,ask": 0.0023937761819269898, "ask,the": 0.002094554159186116, "in,my": 0.0017953321364452424, "my,name": 0.0014961101137043686, "the,order": 0.0026929982046678637, "paper,<e>": 0.0014961101137043686, "lord,for": 0.003590664272890485, "for,his": 0.006582884500299222, "do,not": 0.0026929982046678637, "it,was": 0.004189108318372232, "enough,to": 0.0014961101137043686, "aware,of": 0.0014961101137043686, "<s>,if": 0.0014961101137043686, "the,way": 0.0026929982046678637, "perhaps,i": 0.0017953321364452424, "in,advance": 0.0017953321364452424, "am,sure": 0.0014961101137043686, "sure,that": 0.0014961101137043686, "will,forgive": 0.0014961101137043686, "forgive,me": 0.0017953321364452424, "on,this": 0.0017953321364452424, "noble,viscount": 0.0017953321364452424, "to,take": 0.0017953321364452424, "in,<e>": 0.0014961101137043686, "may,i": 0.0017953321364452424, "of,a": 0.0023937761819269898, "of,that": 0.0014961101137043686, "is,an": 0.002992220227408737, "which,is": 0.0023937761819269898, "is,that": 0.002992220227408737, "earl,for": 0.0014961101137043686, "he,is": 0.0017953321364452424, "in,which": 0.0017953321364452424, "in,a": 0.0017953321364452424, "thank,the": 0.007480550568521843, "lord,on": 0.0014961101137043686, "front,bench": 0.0023937761819269898, "bench,for": 0.0014961101137043686, "<s>,this": 0.0017953321364452424, "it,<e>": 0.0026929982046678637, "<s>,in": 0.0026929982046678637, "perhaps,the": 0.0014961101137043686, "from,the": 0.0023937761819269898, "i,thank": 0.003590664272890485, "for,that": 0.0014961101137043686, "<s>,what": 0.0017953321364452424, "is,to": 0.0017953321364452424, "of,any": 0.0017953321364452424, "has,said": 0.0014961101137043686, "the,front": 0.0014961101137043686, "order,<e>": 0.003291442250149611, "the,department": 0.0014961101137043686, "may,be": 0.0017953321364452424, "his,intervention": 0.0014961101137043686, "i,do": 0.002094554159186116, "if,i": 0.0023937761819269898, "i,may": 0.002094554159186116, "should,be": 0.003291442250149611, "lordships,house": 0.003291442250149611, "when,he": 0.0014961101137043686, "which,he": 0.002094554159186116, "and,for": 0.0014961101137043686, "minister,for": 0.002094554159186116, "too,should": 0.002094554159186116, "like,the": 0.0014961101137043686, "provisions,of": 0.0014961101137043686, "appropriation,order": 0.0023937761819269898, "once,again": 0.0026929982046678637, "to,refer": 0.0014961101137043686, "<s>,therefore": 0.0017953321364452424, "the,first": 0.0014961101137043686, "did,not": 0.0014961101137043686, "<s>,we": 0.002094554159186116, "in,his": 0.0014961101137043686, "i,did": 0.0014961101137043686, "must,be": 0.0014961101137043686, "to,this": 0.0017953321364452424, "wish,to": 0.0017953321364452424, "ireland,assembly": 0.0023937761819269898, "to,give": 0.0017953321364452424, "notice,of": 0.002094554159186116, "debate,and": 0.0014961101137043686, "we,might": 0.0014961101137043686,