{"<cs>,my": 0.03687821612349914, "my,lords": 0.03516295025728988, "of,my": 0.006003430531732418, "like,to": 0.006003430531732418, "the,noble": 0.018010291595197257, "<e>,<s>": 0.1483704974271012, "<s>,we": 0.005145797598627788, "would,be": 0.004288164665523156, "i,believe": 0.005145797598627788, "as,a": 0.005145797598627788, "<s>,in": 0.008576329331046312, "i,am": 0.024013722126929673, "of,the": 0.044596912521440824, "to,the": 0.022298456260720412, "on,sundays": 0.006003430531732418, "<s>,i": 0.03773584905660377, "in,the": 0.011149228130360206, "by,my": 0.004288164665523156, "my,noble": 0.023156089193825044, "noble,friend": 0.018010291595197257, "friend,lord": 0.004288164665523156, "garden,centres": 0.005145797598627788, "range,of": 0.004288164665523156, "<s>,the": 0.023156089193825044, "with,the": 0.007718696397941681, "for,a": 0.005145797598627788, "the,bill": 0.008576329331046312, "to,my": 0.008576329331046312, "and,the": 0.012864493996569469, "should,be": 0.004288164665523156, "that,this": 0.004288164665523156, "this,amendment": 0.006003430531732418, "to,be": 0.0137221269296741, "<s>,it": 0.006003430531732418, "and,to": 0.004288164665523156, "during,the": 0.004288164665523156, "that,the": 0.01972555746140652, "lords,i": 0.023156089193825044, "i,welcome": 0.004288164665523156, "the,minister": 0.0137221269296741, "i,should": 0.006003430531732418, "should,like": 0.005145797598627788, "from,the": 0.004288164665523156, "by,the": 0.009433962264150943, "secretary,of": 0.005145797598627788, "of,state": 0.004288164665523156, "for,the": 0.010291595197255575, "and,i": 0.004288164665523156, "it,is": 0.006003430531732418, "on,the": 0.008576329331046312, "at,this": 0.005145797598627788, "i,shall": 0.011149228130360206, "noble,lord": 0.006003430531732418, "lord,lord": 0.006003430531732418, "which,will": 0.004288164665523156, "<cs>,i": 0.011149228130360206, "am,grateful": 0.009433962264150943, "noble,friends": 0.005145797598627788, "explanation,<e>": 0.004288164665523156, "i,beg": 0.009433962264150943, "beg,leave": 0.011149228130360206, "leave,to": 0.011149228130360206, "to,withdraw": 0.011149228130360206, "withdraw,the": 0.011149228130360206, "the,amendment": 0.017152658662092625, "amendment,<e>": 0.0137221269296741, "he,has": 0.004288164665523156, "has,been": 0.004288164665523156, "the,government": 0.008576329331046312, "do,not": 0.004288164665523156, "my,amendment": 0.005145797598627788, "amendment,no": 0.006003430531732418, "no,<e>": 0.006003430531732418, "support,the": 0.004288164665523156, "that,i": 0.005145797598627788, "the,nra": 0.004288164665523156, "i,have": 0.007718696397941681, "the,governments": 0.010291595197255575, "noble,baroness": 0.006003430531732418, "baroness,lady": 0.004288164665523156, "is,to": 0.004288164665523156, "committee,<e>": 0.004288164665523156, "has,said": 0.006003430531732418, "friend,for": 0.005145797598627788, "reply,<e>": 0.005145797598627788, "grateful,to": 0.008576329331046312, "amendment,which": 0.004288164665523156, "which,i": 0.004288164665523156, "the,amendments": 0.004288164665523156, "the,wildlife": 0.004288164665523156, "that,is": 0.004288164665523156}