{"<cs>,my": 0.032663316582914576, "my,lords": 0.032663316582914576, "i,think": 0.007537688442211055, "to,make": 0.0041876046901172526, "and,in": 0.0041876046901172526, "<e>,<s>": 0.14991624790619765, "<s>,the": 0.009212730318257957, "the,noble": 0.038525963149078725, "noble,baroness": 0.006700167504187605, "that,i": 0.01423785594639866, "to,be": 0.006700167504187605, "<s>,if": 0.0041876046901172526, "noble,lords": 0.007537688442211055, "i,hope": 0.005025125628140704, "as,a": 0.010887772194304857, "i,can": 0.0041876046901172526, "as,the": 0.0041876046901172526, "noble,lord": 0.02763819095477387, "lord,lord": 0.025963149078726967, "would,be": 0.005862646566164154, "have,been": 0.008375209380234505, "lords,i": 0.019262981574539362, "i,too": 0.007537688442211055, "that,the": 0.01340033500837521, "the,government": 0.010050251256281407, "<s>,i": 0.04438860971524288, "of,the": 0.04355108877721943, "and,i": 0.011725293132328308, "a,good": 0.0041876046901172526, "in,the": 0.017587939698492462, "what,i": 0.005862646566164154, "by,the": 0.006700167504187605, "committee,<e>": 0.0041876046901172526, "i,should": 0.01256281407035176, "should,like": 0.008375209380234505, "like,to": 0.009212730318257957, "with,the": 0.005025125628140704, "the,committee": 0.005025125628140704, "i,want": 0.005025125628140704, "want,to": 0.005025125628140704, "i,shall": 0.010050251256281407, "shall,not": 0.0041876046901172526, "if,i": 0.006700167504187605, "i,do": 0.009212730318257957, "do,not": 0.01256281407035176, "have,said": 0.005025125628140704, "i,am": 0.017587939698492462, "there,are": 0.0041876046901172526, "but,i": 0.008375209380234505, "it,<e>": 0.005862646566164154, "this,is": 0.005025125628140704, "report,<e>": 0.0041876046901172526, "i,have": 0.010887772194304857, "a,number": 0.005025125628140704, "that,is": 0.0041876046901172526, "<s>,as": 0.0041876046901172526, "it,is": 0.01507537688442211, "<s>,it": 0.01507537688442211, "to,the": 0.01423785594639866, "a,great": 0.005025125628140704, "am,sure": 0.0041876046901172526, "on,the": 0.008375209380234505, "number,of": 0.005025125628140704, "a,lot": 0.0041876046901172526, "as,well": 0.0041876046901172526, "about,the": 0.007537688442211055, "say,that": 0.005862646566164154, "and,the": 0.007537688442211055, "that,it": 0.006700167504187605, "of,us": 0.0041876046901172526, "chairman,of": 0.005025125628140704, "<cs>,i": 0.008375209380234505, "the,bbc": 0.005862646566164154, "leave,to": 0.0041876046901172526, "to,withdraw": 0.0041876046901172526, "the,amendment": 0.008375209380234505, "amendment,<e>": 0.008375209380234505, "your,lordships": 0.005025125628140704, "to,say": 0.006700167504187605, "thank,the": 0.005862646566164154, "said,that": 0.0041876046901172526, "who,have": 0.005025125628140704, "of,this": 0.005025125628140704, "debate,<e>": 0.0041876046901172526, "this,debate": 0.005025125628140704, "to,thank": 0.0041876046901172526, "i,did": 0.005025125628140704, "did,not": 0.0041876046901172526, "i,was": 0.0041876046901172526, "my,noble": 0.005862646566164154, "noble,friend": 0.005025125628140704, "he,said": 0.0041876046901172526, "have,done": 0.0041876046901172526, "deal,of": 0.0041876046901172526}