{"<cs>,my": 0.025239005736137667, "my,lords": 0.024474187380497132, "lords,it": 0.0019120458891013384, "it,is": 0.021032504780114723, "another,place": 0.0019120458891013384, "one,of": 0.0034416826003824093, "of,the": 0.03326959847036329, "of,this": 0.0038240917782026767, "your,lordships": 0.0019120458891013384, "for,the": 0.004588910133843212, "<e>,<s>": 0.102868068833652, "is,a": 0.010325047801147227, "i,think": 0.009560229445506692, "<s>,i": 0.02141491395793499, "<s>,as": 0.0030592734225621415, "as,i": 0.004206500956022944, "there,are": 0.004588910133843212, "many,of": 0.0026768642447418736, "<s>,but": 0.0034416826003824093, "people,who": 0.0038240917782026767, "over,the": 0.0026768642447418736, "the,noble": 0.03365200764818355, "noble,lord": 0.024474187380497132, "lord,lord": 0.011472275334608031, "of,us": 0.0034416826003824093, "on,the": 0.008795411089866157, "<s>,if": 0.006883365200764819, "if,i": 0.0019120458891013384, "i,may": 0.002294455066921606, "at,the": 0.0057361376673040155, "as,a": 0.0076481835564053535, "in,this": 0.00497131931166348, "this,house": 0.0034416826003824093, "i,am": 0.009560229445506692, "with,the": 0.0057361376673040155, "the,house": 0.0038240917782026767, "<s>,it": 0.007265774378585086, "all,sides": 0.0019120458891013384, "there,is": 0.0076481835564053535, "is,no": 0.002294455066921606, "<s>,that": 0.005353728489483747, "does,not": 0.00497131931166348, "i,have": 0.0057361376673040155, "<s>,however": 0.0026768642447418736, "that,we": 0.0038240917782026767, "that,there": 0.006118546845124283, "is,not": 0.005353728489483747, "not,a": 0.0034416826003824093, "that,the": 0.01606118546845124, "the,problems": 0.002294455066921606, "has,been": 0.004206500956022944, "about,the": 0.0030592734225621415, "the,state": 0.0019120458891013384, "the,british": 0.002294455066921606, "that,i": 0.00650095602294455, "the,last": 0.0019120458891013384, "have,been": 0.00497131931166348, "that,is": 0.005353728489483747, "that,<e>": 0.0030592734225621415, "anyone,who": 0.0019120458891013384, "i,believe": 0.0030592734225621415, "lords,i": 0.006118546845124283, "to,the": 0.01491395793499044, "the,problem": 0.002294455066921606, "i,shall": 0.002294455066921606, "a,great": 0.0034416826003824093, "very,much": 0.0019120458891013384, "we,are": 0.0026768642447418736, "and,i": 0.004588910133843212, "it,<e>": 0.006883365200764819, "<s>,the": 0.00650095602294455, "the,bill": 0.0057361376673040155, "it,would": 0.0026768642447418736, "would,be": 0.0076481835564053535, "of,a": 0.005353728489483747, "a,free": 0.0019120458891013384, "in,a": 0.004588910133843212, "to,be": 0.008413001912045888, "by,the": 0.00497131931166348, "<cs>,i": 0.0076481835564053535, "on,this": 0.002294455066921606, "think,it": 0.0026768642447418736, "that,he": 0.0019120458891013384, "<s>,this": 0.0034416826003824093, "this,is": 0.006118546845124283, "a,question": 0.0019120458891013384, "question,of": 0.0019120458891013384, "in,the": 0.01338432122370937, "the,case": 0.0026768642447418736, "amendment,no": 0.0019120458891013384, "no,<e>": 0.002294455066921606, "some,of": 0.0030592734225621415, "with,a": 0.0019120458891013384, "the,present": 0.002294455066921606, "he,has": 0.0019120458891013384, "<s>,in": 0.0034416826003824093, "the,labour": 0.0026768642447418736, "the,minister": 0.006118546845124283, "and,the": 0.0057361376673040155, "the,same": 0.0026768642447418736, "the,amendment": 0.007265774378585086, "is,the": 0.0030592734225621415, "great,deal": 0.0030592734225621415, "<s>,we": 0.0026768642447418736, "on,a": 0.0026768642447418736, "a,number": 0.0019120458891013384, "number,of": 0.0026768642447418736, "am,grateful": 0.0030592734225621415, "grateful,to": 0.0026768642447418736, "at,all": 0.0019120458891013384, "say,that": 0.004588910133843212, "in,relation": 0.0019120458891013384, "relation,to": 0.0019120458891013384, "to,this": 0.0019120458891013384, "this,particular": 0.004206500956022944, "i,was": 0.0030592734225621415, "i,find": 0.0030592734225621415, "is,to": 0.0019120458891013384, "to,me": 0.0030592734225621415, "a,very": 0.0038240917782026767, "in,london": 0.0019120458891013384, "before,the": 0.0019120458891013384, "from,the": 0.0038240917782026767, "i,should": 0.0038240917782026767, "should,like": 0.002294455066921606, "a,result": 0.0019120458891013384, "the,government": 0.006883365200764819, "noble,viscount": 0.0019120458891013384, "because,i": 0.0026768642447418736, "if,the": 0.0034416826003824093, "me,to": 0.0019120458891013384, "not,agree": 0.002294455066921606, "that,it": 0.008413001912045888, "in,its": 0.0026768642447418736, "the,whole": 0.0019120458891013384, "will,be": 0.004588910133843212, "noble,lords": 0.0038240917782026767, "<s>,there": 0.0034416826003824093, "is,that": 0.00497131931166348, "that,this": 0.0030592734225621415, "amendment,<e>": 0.002294455066921606, "seems,to": 0.0030592734225621415, "but,the": 0.0019120458891013384, "the,fact": 0.0030592734225621415, "fact,that": 0.0026768642447418736, "to,say": 0.002294455066921606, "that,they": 0.0034416826003824093, "but,i": 0.0026768642447418736, "should,be": 0.0030592734225621415, "like,to": 0.0019120458891013384, "this,amendment": 0.0026768642447418736, "which,are": 0.0026768642447418736, "is,an": 0.002294455066921606, "do,not": 0.0034416826003824093, "who,are": 0.0030592734225621415, "amendment,is": 0.0019120458891013384, "and,that": 0.0034416826003824093, "kind,of": 0.0019120458891013384, "to,have": 0.0019120458891013384, "for,a": 0.0019120458891013384, "the,national": 0.0019120458891013384, "to,do": 0.002294455066921606, "it,was": 0.002294455066921606, "deal,of": 0.0019120458891013384, "would,not": 0.0019120458891013384, "the,point": 0.0026768642447418736, "ask,the": 0.0019120458891013384, "<s>,one": 0.0019120458891013384, "they,have": 0.002294455066921606, "labour,party": 0.0019120458891013384, "i,do": 0.0030592734225621415, "faced,with": 0.0019120458891013384, "not,the": 0.0030592734225621415, "work,<e>": 0.0019120458891013384, "lords,will": 0.0019120458891013384, "will,the": 0.0026768642447418736, "think,that": 0.0038240917782026767, "with,some": 0.0019120458891013384, "does,he": 0.002294455066921606, "not,believe": 0.0019120458891013384, "believe,that": 0.004588910133843212, "that,if": 0.0019120458891013384, "who,is": 0.0019120458891013384, "noble,earl": 0.0034416826003824093, "in,that": 0.002294455066921606, "i,understand": 0.0019120458891013384, "have,a": 0.0038240917782026767, "agree,that": 0.009560229445506692, "the,opportunity": 0.0019120458891013384, "who,will": 0.0019120458891013384, "is,it": 0.0019120458891013384, "lords,does": 0.005353728489483747, "does,the": 0.0057361376673040155, "accept,that": 0.0026768642447418736, "<s>,does": 0.0026768642447418736, "minister,agree": 0.0026768642447418736, "<s>,is": 0.0019120458891013384, "based,on": 0.002294455066921606, "<cs>,the": 0.002294455066921606, "in,hong": 0.0019120458891013384, "hong,kong": 0.0019120458891013384, "if,one": 0.0019120458891013384}