{"<cs>,my": 0.0323943661971831, "my,lords": 0.0323943661971831, "lords,i": 0.016901408450704224, "i,am": 0.016901408450704224, "am,sure": 0.008450704225352112, "sure,that": 0.007042253521126761, "noble,lords": 0.009859154929577466, "<e>,<s>": 0.1676056338028169, "<s>,i": 0.0323943661971831, "i,should": 0.01267605633802817, "should,like": 0.011267605633802818, "like,to": 0.014084507042253521, "we,are": 0.018309859154929577, "by,the": 0.008450704225352112, "of,the": 0.059154929577464786, "i,hope": 0.009859154929577466, "interest,in": 0.008450704225352112, "it,is": 0.018309859154929577, "in,that": 0.009859154929577466, "that,i": 0.008450704225352112, "with,the": 0.01267605633802817, "the,noble": 0.029577464788732393, "noble,lord": 0.02112676056338028, "lord,lord": 0.02112676056338028, "in,the": 0.018309859154929577, "it,<e>": 0.007042253521126761, "at,the": 0.01267605633802817, "i,may": 0.014084507042253521, "perhaps,i": 0.008450704225352112, "i,have": 0.008450704225352112, "have,been": 0.009859154929577466, "that,we": 0.01267605633802817, "to,the": 0.023943661971830985, "for,the": 0.011267605633802818, "i,think": 0.009859154929577466, "<s>,but": 0.008450704225352112, "<s>,the": 0.01971830985915493, "the,government": 0.015492957746478873, "in,this": 0.008450704225352112, "to,see": 0.008450704225352112, "those,in": 0.007042253521126761, "to,have": 0.007042253521126761, "<s>,we": 0.008450704225352112, "that,is": 0.008450704225352112, "and,the": 0.009859154929577466, "the,more": 0.008450704225352112, "there,is": 0.014084507042253521, "is,a": 0.009859154929577466, "<cs>,i": 0.01267605633802817, "that,the": 0.01971830985915493, "as,it": 0.007042253521126761, "will,be": 0.014084507042253521, "hope,that": 0.007042253521126761, "as,a": 0.008450704225352112, "about,the": 0.007042253521126761, "<s>,there": 0.007042253521126761, "which,i": 0.008450704225352112, "i,believe": 0.007042253521126761, "would,be": 0.008450704225352112, "the,rice": 0.007042253521126761, "is,to": 0.007042253521126761, "the,general": 0.007042253521126761, "the,minister": 0.007042253521126761, "support,the": 0.007042253521126761}