{"<cs>,my": 0.029224904701397714, "my,lords": 0.029987293519695046, "lords,i": 0.008132147395171537, "i,do": 0.0048284625158831005, "do,not": 0.0055908513341804324, "your,lordships": 0.0027954256670902162, "was,a": 0.0020330368487928843, "of,the": 0.022871664548919948, "the,house": 0.006861499364675985, "<e>,<s>": 0.09428208386277001, "<s>,he": 0.004320203303684879, "he,was": 0.0012706480304955528, "both,sides": 0.0012706480304955528, "<s>,i": 0.02795425667090216, "of,this": 0.0027954256670902162, "government,and": 0.0015247776365946632, "government,<e>": 0.0017789072426937739, "about,the": 0.004320203303684879, "in,the": 0.014231257941550191, "as,to": 0.0017789072426937739, "said,that": 0.0017789072426937739, "that,they": 0.0038119440914866584, "they,were": 0.0015247776365946632, "all,the": 0.0020330368487928843, "i,think": 0.005336721728081322, "to,the": 0.020330368487928845, "sides,of": 0.0015247776365946632, "<s>,it": 0.008640406607369758, "it,is": 0.012198221092757306, "a,little": 0.0020330368487928843, "they,have": 0.0025412960609911056, "but,i": 0.0020330368487928843, "and,to": 0.002287166454891995, "with,which": 0.0012706480304955528, "government,are": 0.0012706480304955528, "we,are": 0.0035578144853875477, "that,we": 0.005336721728081322, "of,a": 0.003303684879288437, "some,of": 0.0012706480304955528, "to,try": 0.0012706480304955528, "try,to": 0.0020330368487928843, "to,do": 0.004320203303684879, "<cs>,i": 0.00457433290978399, "i,know": 0.0012706480304955528, "<s>,if": 0.0030495552731893264, "the,noble": 0.030495552731893267, "noble,lord": 0.02388818297331639, "see,the": 0.0012706480304955528, "of,what": 0.0015247776365946632, "i,have": 0.007369758576874206, "have,to": 0.0027954256670902162, "to,say": 0.00457433290978399, "<s>,the": 0.007623888182973317, "the,labour": 0.0017789072426937739, "i,am": 0.0071156289707750954, "am,not": 0.0020330368487928843, "in,that": 0.0012706480304955528, "<s>,what": 0.0012706480304955528, "is,that": 0.0017789072426937739, "that,the": 0.00940279542566709, "labour,party": 0.0017789072426937739, "that,it": 0.0038119440914866584, "by,the": 0.005844980940279542, "more,than": 0.0017789072426937739, "is,a": 0.008386277001270648, "think,the": 0.0012706480304955528, "may,have": 0.0012706480304955528, "i,was": 0.0017789072426937739, "was,not": 0.0012706480304955528, "to,have": 0.0027954256670902162, "have,a": 0.0035578144853875477, "lords,it": 0.0017789072426937739, "may,i": 0.0017789072426937739, "have,been": 0.0017789072426937739, "so,far": 0.0012706480304955528, "the,whole": 0.0015247776365946632, "and,the": 0.00457433290978399, "lord,lord": 0.01372299872935197, "and,with": 0.0012706480304955528, "with,a": 0.0012706480304955528, "with,the": 0.00457433290978399, "many,years": 0.0012706480304955528, "and,i": 0.007369758576874206, "to,him": 0.0017789072426937739, "hope,that": 0.0027954256670902162, "to,me": 0.0012706480304955528, "i,would": 0.004066073697585769, "give,way": 0.0012706480304955528, "because,i": 0.0017789072426937739, "<s>,they": 0.0017789072426937739, "noble,baroness": 0.00457433290978399, "from,the": 0.0025412960609911056, "<s>,but": 0.0025412960609911056, "i,will": 0.0015247776365946632, "will,not": 0.002287166454891995, "they,are": 0.0025412960609911056, "<s>,in": 0.002287166454891995, "in,our": 0.0012706480304955528, "to,make": 0.0025412960609911056, "make,a": 0.0017789072426937739, "in,this": 0.008132147395171537, "quality,of": 0.0012706480304955528, "<s>,that": 0.0015247776365946632, "that,is": 0.0035578144853875477, "to,take": 0.002287166454891995, "had,the": 0.0012706480304955528, "quite,a": 0.0017789072426937739, "number,of": 0.0017789072426937739, "this,house": 0.0015247776365946632, "house,and": 0.0012706480304955528, "and,it": 0.0012706480304955528, "thought,that": 0.0012706480304955528, "that,i": 0.0048284625158831005, "with,him": 0.0015247776365946632, "he,has": 0.0025412960609911056, "my,noble": 0.011944091486658195, "noble,friend": 0.011181702668360865, "to,be": 0.0055908513341804324, "be,a": 0.0035578144853875477, "i,should": 0.0027954256670902162, "it,<e>": 0.0038119440914866584, "the,prime": 0.0015247776365946632, "lords,the": 0.0017789072426937739, "the,speech": 0.0012706480304955528, "speech,of": 0.0015247776365946632, "which,we": 0.0012706480304955528, "we,have": 0.003303684879288437, "which,he": 0.0012706480304955528, "he,is": 0.0025412960609911056, "for,the": 0.006607369758576874, "as,a": 0.0027954256670902162, "in,a": 0.0027954256670902162, "is,not": 0.0030495552731893264, "and,we": 0.0012706480304955528, "so,i": 0.0015247776365946632, "the,way": 0.0012706480304955528, "going,to": 0.0015247776365946632, "i,rise": 0.0020330368487928843, "the,government": 0.005082592121982211, "that,this": 0.0030495552731893264, "this,is": 0.0027954256670902162, "there,are": 0.004320203303684879, "i,hope": 0.0027954256670902162, "of,my": 0.0017789072426937739, "those,who": 0.0015247776365946632, "this,amendment": 0.002287166454891995, "and,for": 0.0012706480304955528, "a,great": 0.003303684879288437, "with,great": 0.0020330368487928843, "i,shall": 0.0020330368487928843, "that,if": 0.0020330368487928843, "it,would": 0.002287166454891995, "would,be": 0.0027954256670902162, "i,thank": 0.0012706480304955528, "on,the": 0.00457433290978399, "lordships,house": 0.0015247776365946632, "the,right": 0.005844980940279542, "right,reverend": 0.0048284625158831005, "reverend,prelate": 0.0048284625158831005, "have,the": 0.0015247776365946632, "maiden,speech": 0.0012706480304955528, "if,he": 0.0012706480304955528, "it,was": 0.004320203303684879, "the,public": 0.0020330368487928843, "public,sector": 0.0020330368487928843, "i,believe": 0.002287166454891995, "believe,that": 0.002287166454891995, "there,is": 0.00457433290978399, "us,<e>": 0.0012706480304955528, "is,an": 0.0017789072426937739, "<s>,we": 0.0025412960609911056, "at,the": 0.002287166454891995, "prime,minister": 0.0012706480304955528, "that,are": 0.0015247776365946632, "to,speak": 0.0015247776365946632, "contribution,to": 0.0015247776365946632, "i,wish": 0.0015247776365946632, "to,thank": 0.0017789072426937739, "to,my": 0.0015247776365946632, "a,few": 0.002287166454891995, "of,his": 0.0012706480304955528, "thank,the": 0.0012706480304955528, "in,which": 0.0015247776365946632, "the,debate": 0.0015247776365946632, "debate,<e>": 0.0017789072426937739, "this,country": 0.0038119440914866584, "country,<e>": 0.0012706480304955528, "friend,lord": 0.002287166454891995, "and,that": 0.004066073697585769, "think,that": 0.0017789072426937739, "noble,lords": 0.0020330368487928843, "that,that": 0.0015247776365946632, "this,debate": 0.002287166454891995, "the,opportunity": 0.0012706480304955528, "opportunity,to": 0.0012706480304955528, "it,not": 0.0015247776365946632, "the,great": 0.0015247776365946632, "is,the": 0.0030495552731893264, "to,see": 0.0017789072426937739, "a,very": 0.0030495552731893264, "which,i": 0.002287166454891995, "wish,to": 0.0015247776365946632, "over,the": 0.0015247776365946632, "a,speech": 0.0012706480304955528, "<s>,indeed": 0.0015247776365946632, "for,a": 0.0017789072426937739, "very,much": 0.0020330368487928843, "if,we": 0.0012706480304955528, "i,agree": 0.0017789072426937739, "agree,with": 0.002287166454891995, "him,<e>": 0.0025412960609911056, "if,i": 0.0027954256670902162, "agree,that": 0.0038119440914866584, "local,government": 0.0020330368487928843, "baroness,lady": 0.0017789072426937739, "it,will": 0.0012706480304955528, "what,is": 0.0012706480304955528, "a,sensible": 0.0012706480304955528, "that,he": 0.0038119440914866584, "like,to": 0.0025412960609911056, "not,to": 0.0012706480304955528, "i,may": 0.0020330368487928843, "say,a": 0.0017789072426937739, "a,word": 0.0020330368487928843, "want,to": 0.0027954256670902162, "which,is": 0.0012706480304955528, "such,a": 0.0012706480304955528, "my,daughter": 0.0012706480304955528, "do,so": 0.0012706480304955528, "so,<e>": 0.0017789072426937739, "<s>,my": 0.0015247776365946632,