{"<cs>,my": 0.025518035303146586, "my,lords": 0.02532617037605526, "lords,may": 0.006523407521105142, "may,i": 0.010744435917114352, "of,the": 0.02014581734458941, "the,noble": 0.026477359938603222, "noble,baroness": 0.0015349194167306216, "in,regard": 0.0009593246354566385, "regard,to": 0.0034535686876438986, "to,the": 0.011320030698388335, "we,have": 0.001918649270913277, "from,the": 0.0024942440521872602, "noble,lord": 0.020529547198772063, "<e>,<s>": 0.06350729086722948, "<s>,in": 0.0034535686876438986, "in,the": 0.013046815042210284, "i,have": 0.005180353031465848, "at,all": 0.0024942440521872602, "which,has": 0.0023023791250959325, "as,the": 0.001343054489639294, "lord,has": 0.001343054489639294, "to,us": 0.001343054489639294, "and,by": 0.0009593246354566385, "he,has": 0.002686108979278588, "<s>,i": 0.01170376055257099, "i,am": 0.00671527244819647, "in,this": 0.00422102839600921, "with,the": 0.004604758250191865, "lords,i": 0.008825786646201074, "i,beg": 0.0049884881043745204, "beg,leave": 0.0049884881043745204, "leave,to": 0.005180353031465848, "to,ask": 0.0049884881043745204, "ask,the": 0.008633921719109747, "question,which": 0.003837298541826554, "which,stands": 0.0036454336147352263, "stands,in": 0.0036454336147352263, "in,my": 0.005180353031465848, "my,name": 0.003837298541826554, "name,on": 0.0036454336147352263, "on,the": 0.006523407521105142, "the,order": 0.003837298541826554, "order,paper": 0.003837298541826554, "paper,<e>": 0.003837298541826554, "i,ask": 0.007674597083653108, "lord,to": 0.0011511895625479663, "to,take": 0.0011511895625479663, "at,the": 0.004796623177283192, "the,present": 0.0017267843438219493, "present,time": 0.0011511895625479663, "the,ussr": 0.0024942440521872602, "for,example": 0.0023023791250959325, "has,been": 0.007099002302379125, "in,a": 0.0034535686876438986, "is,being": 0.0024942440521872602, "<s>,will": 0.005372217958557176, "will,he": 0.005564082885648503, "see,to": 0.0023023791250959325, "to,that": 0.0009593246354566385, "and,other": 0.0009593246354566385, "of,people": 0.0024942440521872602, "people,in": 0.0017267843438219493, "in,view": 0.0015349194167306216, "view,of": 0.003261703760552571, "the,fact": 0.0036454336147352263, "fact,that": 0.003261703760552571, "that,there": 0.0023023791250959325, "there,are": 0.0024942440521872602, "at,present": 0.0034535686876438986, "i,thank": 0.001343054489639294, "thank,the": 0.002686108979278588, "lord,for": 0.0030698388334612432, "for,the": 0.004029163468917882, "has,given": 0.0009593246354566385, "whether,he": 0.002686108979278588, "he,is": 0.0028779739063699156, "am,sure": 0.0023023791250959325, "is,that": 0.0009593246354566385, "many,people": 0.0009593246354566385, "in,order": 0.002686108979278588, "order,to": 0.0024942440521872602, "to,be": 0.005372217958557176, "which,is": 0.0028779739063699156, "<s>,is": 0.0049884881043745204, "is,he": 0.0034535686876438986, "aware,that": 0.0036454336147352263, "my,noble": 0.0017267843438219493, "noble,friend": 0.001343054489639294, "of,us": 0.001918649270913277, "of,a": 0.0024942440521872602, "when,the": 0.0017267843438219493, "for,that": 0.0011511895625479663, "he,be": 0.0011511895625479663, "be,good": 0.001918649270913277, "good,enough": 0.001918649270913277, "enough,to": 0.001918649270913277, "the,plo": 0.004796623177283192, "in,which": 0.001918649270913277, "will,the": 0.0036454336147352263, "realise,that": 0.004029163468917882, "that,in": 0.001918649270913277, "of,this": 0.002686108979278588, "and,that": 0.004029163468917882, "that,it": 0.004412893323100537, "it,is": 0.008633921719109747, "is,an": 0.0009593246354566385, "he,please": 0.0015349194167306216, "the,position": 0.0028779739063699156, "to,it": 0.0023023791250959325, "it,that": 0.001918649270913277, "that,the": 0.009593246354566385, "is,not": 0.003837298541826554, "<s>,the": 0.0030698388334612432, "not,only": 0.004029163468917882, "the,government": 0.004029163468917882, "the,kind": 0.0015349194167306216, "the,situation": 0.0011511895625479663, "so,far": 0.0023023791250959325, "far,as": 0.0017267843438219493, "is,concerned": 0.0011511895625479663, "to,this": 0.0009593246354566385, "this,matter": 0.003261703760552571, "is,a": 0.0023023791250959325, "the,world": 0.0024942440521872602, "those,who": 0.0030698388334612432, "who,are": 0.0049884881043745204, "lord,whether": 0.0017267843438219493, "of,what": 0.0023023791250959325, "should,be": 0.0034535686876438986, "people,who": 0.0030698388334612432, "by,the": 0.005372217958557176, "when,he": 0.0009593246354566385, "some,of": 0.0009593246354566385, "they,were": 0.001343054489639294, "<s>,does": 0.0017267843438219493, "a,matter": 0.0009593246354566385, "dealt,with": 0.0009593246354566385, "a,question": 0.0011511895625479663, "and,i": 0.003837298541826554, "that,has": 0.0009593246354566385, "been,made": 0.0015349194167306216, "are,very": 0.001343054489639294, "with,a": 0.001918649270913277, "noble,lords": 0.001343054489639294, "will,have": 0.0009593246354566385, "what,the": 0.001918649270913277, "the,bill": 0.0009593246354566385, "will,be": 0.0023023791250959325, "bound,to": 0.0009593246354566385, "to,say": 0.0023023791250959325, "say,that": 0.001918649270913277, "who,has": 0.0009593246354566385, "to,make": 0.0015349194167306216, "<s>,let": 0.0011511895625479663, "let,me": 0.001343054489639294, "that,i": 0.0028779739063699156, "been,in": 0.0011511895625479663, "such,a": 0.0011511895625479663, "the,question": 0.0049884881043745204, "lords,while": 0.0017267843438219493, "while,thanking": 0.001918649270913277, "thanking,the": 0.0023023791250959325, "if,i": 0.0009593246354566385, "i,may": 0.0009593246354566385, "that,this": 0.0015349194167306216, "the,minister": 0.002686108979278588, "this,is": 0.0011511895625479663, "what,i": 0.0011511895625479663, "what,is": 0.002110514198004605, "that,is": 0.0036454336147352263, "is,the": 0.0028779739063699156, "one,of": 0.001343054489639294, "of,their": 0.0011511895625479663, "<s>,it": 0.0034535686876438986, "has,to": 0.0009593246354566385, "a,few": 0.0015349194167306216, "lord,lord": 0.0023023791250959325, "question,<e>": 0.0011511895625479663, "i,should": 0.004604758250191865, "should,like": 0.00422102839600921, "like,to": 0.004796623177283192, "which,have": 0.0024942440521872602, "have,been": 0.005564082885648503, "ask,him": 0.0015349194167306216, "at,that": 0.0009593246354566385, "which,the": 0.0015349194167306216, "the,right": 0.0011511895625479663, "look,at": 0.0009593246354566385, "and,to": 0.0015349194167306216, "to,see": 0.0017267843438219493, "our,government": 0.0009593246354566385, "and,the": 0.004412893323100537, "the,people": 0.0011511895625479663, "this,country": 0.003261703760552571, "the,reply": 0.0009593246354566385, "which,he": 0.001343054489639294, "in,respect": 0.0017267843438219493, "respect,of": 0.0017267843438219493, "the,house": 0.0034535686876438986, "before,the": 0.0015349194167306216, "to,do": 0.0009593246354566385, "are,being": 0.003261703760552571, "being,taken": 0.0017267843438219493, "have,the": 0.0009593246354566385, "about,the": 0.001343054489639294, "this,particular": 0.0015349194167306216, "be,made": 0.0011511895625479663, "noble,earl": 0.001918649270913277, "lords,will": 0.0009593246354566385, "many,years": 0.0017267843438219493, "years,<e>": 0.0011511895625479663, "is,it": 0.0028779739063699156, "going,to": 0.001918649270913277, "as,a": 0.0023023791250959325, "who,have": 0.0028779739063699156, "your,lordships": 0.0011511895625479663, "for,a": 0.001343054489639294, "to,thank": 0.0011511895625479663, "people,are": 0.0009593246354566385, "but,i": 0.0011511895625479663, "i,think": 0.002686108979278588, "think,that": 0.0015349194167306216, "i,hope": 0.0030698388334612432, "i,do": 0.0028779739063699156, "do,not": 0.004412893323100537, "i,was": 0.0011511895625479663, "world,<e>": 0.001343054489639294, "to,which": 0.001918649270913277, "which,i": 0.0024942440521872602, "that,we": 0.0017267843438219493, "we,are": 0.0034535686876438986,