{"<cs>,my": 0.05149501661129568, "my,lords": 0.05149501661129568, "lords,i": 0.008305647840531562, "of,the": 0.020764119601328904, "that,the": 0.009966777408637873, "the,noble": 0.02574750830564784, "noble,lord": 0.022425249169435217, "lord,lord": 0.007475083056478406, "i,would": 0.004152823920265781, "we,have": 0.005813953488372093, "<e>,<s>": 0.10548172757475083, "<s>,in": 0.007475083056478406, "in,the": 0.020764119601328904, "i,have": 0.013289036544850499, "but,i": 0.007475083056478406, "i,do": 0.01079734219269103, "do,not": 0.013289036544850499, "not,think": 0.004152823920265781, "going,to": 0.006644518272425249, "to,do": 0.0049833887043189366, "that,we": 0.0049833887043189366, "have,a": 0.008305647840531562, "in,this": 0.009136212624584718, "before,the": 0.004152823920265781, "may,i": 0.013289036544850499, "a,great": 0.0049833887043189366, "if,they": 0.004152823920265781, "to,a": 0.005813953488372093, "the,bill": 0.007475083056478406, "i,am": 0.012458471760797342, "it,<e>": 0.005813953488372093, "lords,may": 0.007475083056478406, "i,ask": 0.008305647840531562, "ask,my": 0.0049833887043189366, "my,noble": 0.03156146179401993, "noble,friend": 0.029900332225913623, "by,the": 0.011627906976744186, "they,have": 0.0049833887043189366, "<s>,is": 0.004152823920265781, "to,have": 0.005813953488372093, "friend,lord": 0.0049833887043189366, "lords,is": 0.007475083056478406, "is,the": 0.009966777408637873, "the,minister": 0.009136212624584718, "will,be": 0.009966777408637873, "with,the": 0.005813953488372093, "of,a": 0.006644518272425249, "i,think": 0.009136212624584718, "<s>,i": 0.016611295681063124, "<s>,we": 0.005813953488372093, "and,the": 0.007475083056478406, "have,been": 0.006644518272425249, "to,the": 0.014950166112956811, "that,is": 0.0049833887043189366, "to,be": 0.014119601328903655, "and,we": 0.004152823920265781, "not,know": 0.005813953488372093, "it,is": 0.015780730897009966, "lords,can": 0.005813953488372093, "can,my": 0.006644518272425249, "what,is": 0.004152823920265781, "it,would": 0.004152823920265781, "would,be": 0.005813953488372093, "her,majestys": 0.006644518272425249, "majestys,government": 0.006644518272425249, "this,country": 0.005813953488372093, "in,a": 0.005813953488372093, "<cs>,i": 0.014119601328903655, "the,amendment": 0.006644518272425249, "on,the": 0.008305647840531562, "i,was": 0.0049833887043189366, "has,been": 0.004152823920265781, "number,of": 0.004152823920265781, "on,a": 0.008305647840531562, "of,this": 0.005813953488372093, "is,to": 0.0049833887043189366, "to,get": 0.004152823920265781, "to,me": 0.005813953488372093, "<s>,the": 0.006644518272425249, "would,have": 0.004152823920265781, "say,whether": 0.0049833887043189366, "friend,say": 0.006644518272425249, "at,the": 0.009966777408637873, "or,not": 0.004152823920265781, "that,he": 0.0049833887043189366, "as,to": 0.004152823920265781, "be,able": 0.004152823920265781, "able,to": 0.004152823920265781, "is,going": 0.0049833887043189366, "to,go": 0.004152823920265781, "because,i": 0.007475083056478406, "he,will": 0.0049833887043189366, "if,the": 0.004152823920265781, "<s>,it": 0.005813953488372093, "say,that": 0.004152823920265781, "the,same": 0.005813953488372093, "from,the": 0.005813953488372093, "whether,it": 0.004152823920265781, "the,moment": 0.006644518272425249, "that,it": 0.004152823920265781, "who,are": 0.0049833887043189366, "this,bill": 0.0049833887043189366}