{"<cs>,my": 0.024171539961013646, "my,lords": 0.02456140350877193, "lords,i": 0.011695906432748537, "i,should": 0.006237816764132553, "should,like": 0.005847953216374269, "like,to": 0.006627680311890838, "noble,lords": 0.003898635477582846, "the,noble": 0.03352826510721248, "noble,lord": 0.019103313840155945, "lord,lord": 0.01793372319688109, "on,his": 0.0023391812865497076, "in,the": 0.014035087719298246, "cause,of": 0.001949317738791423, "human,rights": 0.0023391812865497076, "this,house": 0.0023391812865497076, "house,<e>": 0.0027290448343079924, "<e>,<s>": 0.08927875243664718, "noble,viscount": 0.001949317738791423, "i,hope": 0.0035087719298245615, "hope,that": 0.003898635477582846, "will,be": 0.003898635477582846, "to,the": 0.019103313840155945, "the,bill": 0.007407407407407408, "another,place": 0.001949317738791423, "house,to": 0.0031189083820662767, "that,the": 0.012475633528265107, "allow,me": 0.0023391812865497076, "for,the": 0.005458089668615985, "<s>,i": 0.028070175438596492, "of,the": 0.03391812865497076, "bill,of": 0.0023391812865497076, "and,the": 0.006627680311890838, "the,judges": 0.001949317738791423, "it,<e>": 0.0042884990253411305, "<s>,the": 0.008576998050682261, "as,it": 0.001949317738791423, "that,i": 0.010526315789473684, "i,am": 0.0101364522417154, "i,think": 0.004678362573099415, "after,the": 0.0035087719298245615, "of,a": 0.0027290448343079924, "a,bill": 0.0027290448343079924, "would,be": 0.001949317738791423, "clause,<e>": 0.0027290448343079924, "which,the": 0.0027290448343079924, "the,law": 0.006627680311890838, "i,shall": 0.0035087719298245615, "of,your": 0.0031189083820662767, "your,lordships": 0.008576998050682261, "to,which": 0.0027290448343079924, "this,debate": 0.0031189083820662767, "to,congratulate": 0.0035087719298245615, "congratulate,the": 0.0023391812865497076, "debate,<e>": 0.0027290448343079924, "he,has": 0.003898635477582846, "to,do": 0.001949317738791423, "in,a": 0.004678362573099415, "the,very": 0.001949317738791423, "of,our": 0.0027290448343079924, "to,my": 0.001949317738791423, "my,noble": 0.011695906432748537, "noble,and": 0.019103313840155945, "and,learned": 0.019103313840155945, "learned,friend": 0.008576998050682261, "friend,lord": 0.006237816764132553, "lord,simon": 0.001949317738791423, "this,bill": 0.007017543859649123, "bill,<e>": 0.005847953216374269, "it,is": 0.015984405458089667, "is,a": 0.005458089668615985, "a,great": 0.0027290448343079924, "law,reform": 0.0023391812865497076, "<s>,we": 0.0031189083820662767, "we,have": 0.0035087719298245615, "learned,lord": 0.00935672514619883, "the,lord": 0.003898635477582846, "lord,chancellor": 0.0027290448343079924, "we,are": 0.0035087719298245615, "i,beg": 0.0035087719298245615, "beg,to": 0.0027290448343079924, "to,move": 0.0023391812865497076, "that,this": 0.0035087719298245615, "lordships,house": 0.0050682261208577, "as,i": 0.001949317738791423, "i,can": 0.001949317738791423, "the,house": 0.009746588693957114, "<cs>,i": 0.007407407407407408, "think,that": 0.0023391812865497076, "if,i": 0.0027290448343079924, "i,must": 0.001949317738791423, "and,to": 0.0023391812865497076, "not,be": 0.001949317738791423, "to,be": 0.008187134502923977, "be,a": 0.001949317738791423, "a,very": 0.0031189083820662767, "on,the": 0.008966861598440545, "of,this": 0.003898635477582846, "number,of": 0.001949317738791423, "member,of": 0.0023391812865497076, "has,been": 0.0031189083820662767, "on,this": 0.0023391812865497076, "in,which": 0.0023391812865497076, "which,he": 0.0023391812865497076, "the,government": 0.0050682261208577, "to,hear": 0.003898635477582846, "<s>,they": 0.001949317738791423, "they,will": 0.001949317738791423, "to,say": 0.006237816764132553, "that,they": 0.0027290448343079924, "not,yet": 0.001949317738791423, "will,allow": 0.0023391812865497076, "me,to": 0.004678362573099415, "maiden,speech": 0.0023391812865497076, "i,have": 0.007017543859649123, "with,a": 0.0027290448343079924, "with,him": 0.0031189083820662767, "<s>,but": 0.003898635477582846, "i,know": 0.0027290448343079924, "agree,with": 0.001949317738791423, "say,that": 0.003898635477582846, "all,of": 0.0023391812865497076, "of,us": 0.0027290448343079924, "this,amendment": 0.005847953216374269, "amendment,<e>": 0.005458089668615985, "by,the": 0.010526315789473684, "with,the": 0.005847953216374269, "that,there": 0.001949317738791423, "there,is": 0.0027290448343079924, "in,this": 0.003898635477582846, "amendment,which": 0.001949317738791423, "a,little": 0.001949317738791423, "<s>,it": 0.0101364522417154, "should,be": 0.001949317738791423, "but,i": 0.0023391812865497076, "lord,the": 0.0031189083820662767, "that,is": 0.0023391812865497076, "is,to": 0.0023391812865497076, "and,i": 0.004678362573099415, "the,amendment": 0.0042884990253411305, "that,it": 0.003898635477582846, "which,i": 0.0042884990253411305, "to,make": 0.0023391812865497076, "of,my": 0.0027290448343079924, "as,to": 0.001949317738791423, "or,the": 0.001949317738791423, "is,not": 0.0042884990253411305, "i,will": 0.001949317738791423, "i,may": 0.0027290448343079924, "this,is": 0.001949317738791423, "do,so": 0.0023391812865497076, "<s>,if": 0.0035087719298245615, "if,the": 0.0027290448343079924, "for,a": 0.001949317738791423, "is,the": 0.001949317738791423, "i,would": 0.0023391812865497076, "at,the": 0.0023391812865497076, "have,been": 0.0023391812865497076, "her,majestys": 0.001949317738791423, "majestys,government": 0.001949317738791423, "<s>,he": 0.0023391812865497076, "as,a": 0.0027290448343079924, "from,the": 0.004678362573099415, "of,which": 0.001949317738791423, "of,them": 0.0023391812865497076, "not,the": 0.001949317738791423, "it,has": 0.0023391812865497076, "<s>,of": 0.0023391812865497076, "of,course": 0.0042884990253411305, "who,are": 0.001949317738791423, "committee,will": 0.0023391812865497076, "lord,denning": 0.0031189083820662767, "them,<e>": 0.001949317738791423, "who,has": 0.001949317738791423, "i,do": 0.0035087719298245615, "do,not": 0.001949317738791423, "i,was": 0.001949317738791423, "about,the": 0.0027290448343079924, "the,committee": 0.008576998050682261, "as,the": 0.0031189083820662767, "part,of": 0.0027290448343079924, "it,was": 0.0031189083820662767, "members,of": 0.001949317738791423, "which,we": 0.001949317738791423, "at,once": 0.0023391812865497076, "this,clause": 0.0023391812865497076, "noble,friend": 0.0023391812865497076}