{"<cs>,my": 0.04294478527607362, "my,lords": 0.04382120946538125, "lords,i": 0.02366345311130587, "the,noble": 0.021910604732690624, "noble,lord": 0.011393514460999123, "of,the": 0.06485539000876424, "which,have": 0.0052585451358457495, "have,been": 0.018404907975460124, "in,this": 0.013146362839614373, "<e>,<s>": 0.08676599474145487, "which,has": 0.007011393514460999, "has,been": 0.014899211218229623, "in,particular": 0.007011393514460999, "regard,to": 0.0043821209465381246, "to,the": 0.03155127081507449, "in,which": 0.007011393514460999, "by,the": 0.014899211218229623, "in,the": 0.02366345311130587, "of,this": 0.006134969325153374, "<s>,it": 0.007011393514460999, "that,we": 0.013146362839614373, "we,are": 0.006134969325153374, "and,i": 0.0043821209465381246, "i,am": 0.014022787028921999, "that,it": 0.012269938650306749, "should,be": 0.011393514460999123, "and,in": 0.0052585451358457495, "i,think": 0.012269938650306749, "think,that": 0.006134969325153374, "at,this": 0.0043821209465381246, "been,made": 0.0052585451358457495, "to,us": 0.008764241893076249, "us,today": 0.0043821209465381246, "<s>,i": 0.026292725679228746, "first,to": 0.0043821209465381246, "the,very": 0.0052585451358457495, "noble,baroness": 0.006134969325153374, "am,sure": 0.0043821209465381246, "it,is": 0.016652059596844872, "that,in": 0.0052585451358457495, "we,should": 0.007887817703768623, "that,the": 0.010517090271691499, "and,the": 0.014022787028921999, "of,cyprus": 0.006134969325153374, "that,i": 0.006134969325153374, "i,was": 0.007011393514460999, "i,wish": 0.0043821209465381246, "wish,to": 0.007011393514460999, "to,be": 0.006134969325153374, "this,evening": 0.006134969325153374, "which,i": 0.0043821209465381246, "for,a": 0.006134969325153374, "which,we": 0.009640666082383873, "that,time": 0.0043821209465381246, "i,do": 0.0052585451358457495, "do,not": 0.007011393514460999, "a,matter": 0.0052585451358457495, "i,have": 0.0052585451358457495, "for,the": 0.006134969325153374, "the,united": 0.029798422436459245, "united,nations": 0.015775635407537247, "as,i": 0.0043821209465381246, "<s>,the": 0.006134969325153374, "we,have": 0.015775635407537247, "united,states": 0.012269938650306749, "the,government": 0.0052585451358457495, "the,question": 0.0052585451358457495, "in,regard": 0.0043821209465381246, "the,world": 0.0043821209465381246, "question,of": 0.0043821209465381246, "lord,lord": 0.007011393514460999, "the,house": 0.007011393514460999, "which,is": 0.0043821209465381246, "is,not": 0.0052585451358457495, "and,indeed": 0.0052585451358457495, "that,this": 0.0052585451358457495, "this,country": 0.008764241893076249, "can,be": 0.0043821209465381246, "the,minister": 0.007887817703768623, "agree,that": 0.006134969325153374, "<s>,is": 0.0052585451358457495, "is,it": 0.006134969325153374, "it,not": 0.006134969325153374, "not,be": 0.0052585451358457495, "our,government": 0.0043821209465381246, "to,congratulate": 0.0043821209465381246, "at,the": 0.0043821209465381246, "i,believe": 0.0043821209465381246, "on,the": 0.008764241893076249, "to,express": 0.0043821209465381246, "<s>,we": 0.007011393514460999, "i,should": 0.0052585451358457495, "should,like": 0.0043821209465381246}