{"<cs>,my": 0.049394221808014914, "my,lords": 0.049394221808014914, "lords,i": 0.023299161230195712, "i,should": 0.004193849021435228, "should,like": 0.004193849021435228, "like,to": 0.004659832246039142, "to,ask": 0.012581547064305684, "ask,my": 0.006989748369058714, "my,noble": 0.03494874184529357, "noble,friend": 0.034482758620689655, "<e>,<s>": 0.058247903075489285, "bearing,in": 0.004659832246039142, "in,mind": 0.008853681267474371, "mind,the": 0.005125815470643057, "of,the": 0.028890959925442685, "the,noble": 0.007455731593662628, "noble,lord": 0.005125815470643057, "lord,lord": 0.002329916123019571, "regarding,the": 0.002329916123019571, "with,the": 0.005125815470643057, "should,be": 0.002329916123019571, "that,the": 0.014911463187325256, "will,be": 0.005591798695246971, "in,effect": 0.007921714818266543, "effect,the": 0.0032618825722274, "in,the": 0.016775396085740912, "will,the": 0.0027958993476234857, "bear,in": 0.002329916123019571, "by,the": 0.0060577819198508855, "lords,can": 0.0032618825722274, "can,the": 0.0032618825722274, "the,minister": 0.01863932898415657, "<s>,can": 0.004659832246039142, "minister,say": 0.0027958993476234857, "may,i": 0.010717614165890028, "i,ask": 0.008387698042870456, "question,<e>": 0.005125815470643057, "for,the": 0.0060577819198508855, "have,been": 0.0027958993476234857, "of,gibraltar": 0.004659832246039142, "gibraltar,and": 0.004659832246039142, "i,am": 0.0032618825722274, "friend,lord": 0.0027958993476234857, "<s>,may": 0.0032618825722274, "her,majestys": 0.012115563839701771, "majestys,government": 0.012115563839701771, "on,the": 0.015843429636533086, "at,the": 0.005591798695246971, "the,frontier": 0.002329916123019571, "<s>,will": 0.0060577819198508855, "will,her": 0.0027958993476234857, "it,is": 0.0032618825722274, "is,a": 0.004659832246039142, "i,beg": 0.008387698042870456, "beg,leave": 0.008387698042870456, "leave,to": 0.008387698042870456, "ask,the": 0.009319664492078284, "the,question": 0.011649580615097856, "question,which": 0.005591798695246971, "which,stands": 0.005591798695246971, "stands,in": 0.005591798695246971, "in,my": 0.008853681267474371, "my,name": 0.008387698042870456, "name,on": 0.008387698042870456, "the,order": 0.008387698042870456, "order,paper": 0.008387698042870456, "paper,<e>": 0.008387698042870456, "i,thank": 0.0097856477166822, "thank,the": 0.004193849021435228, "for,that": 0.0065237651444548, "that,reply": 0.002329916123019571, "ask,him": 0.0032618825722274, "would,be": 0.004659832246039142, "the,french": 0.002329916123019571, "whether,he": 0.0027958993476234857, "does,not": 0.0027958993476234857, "that,in": 0.005125815470643057, "<s>,furthermore": 0.0032618825722274, "question,of": 0.003727865796831314, "a,very": 0.002329916123019571, "to,a": 0.002329916123019571, "lords,may": 0.0027958993476234857, "further,question": 0.002329916123019571, "of,my": 0.0027958993476234857, "of,state": 0.0027958993476234857, "on,th": 0.0027958993476234857, "to,be": 0.004193849021435228, "to,the": 0.013979496738117428, "that,there": 0.004659832246039142, "lords,in": 0.002329916123019571, "in,view": 0.003727865796831314, "view,of": 0.004193849021435228, "part,of": 0.002329916123019571, "and,the": 0.004659832246039142, "the,fact": 0.004659832246039142, "of,a": 0.002329916123019571, "thank,my": 0.0065237651444548, "friend,the": 0.0060577819198508855, "minister,for": 0.004193849021435228, "for,his": 0.005125815470643057, "answer,<e>": 0.0027958993476234857, "<s>,would": 0.003727865796831314, "would,he": 0.003727865796831314, "he,not": 0.005125815470643057, "not,agree": 0.0060577819198508855, "agree,that": 0.012115563839701771, "this,country": 0.0032618825722274, "can,my": 0.004659832246039142, "has,been": 0.004193849021435228, "with,a": 0.0027958993476234857, "there,is": 0.004659832246039142, "can,he": 0.004659832246039142, "he,say": 0.0032618825722274, "reply,<e>": 0.004659832246039142, "country,<e>": 0.002329916123019571, "friend,for": 0.005591798695246971, "that,answer": 0.002329916123019571, "<s>,is": 0.0027958993476234857, "hong,kong": 0.0027958993476234857, "the,hong": 0.002329916123019571, "and,that": 0.002329916123019571, "<s>,if": 0.002329916123019571, "government,will": 0.0027958993476234857, "will,my": 0.002329916123019571, "say,whether": 0.004193849021435228, "friend,agree": 0.002329916123019571, "in,a": 0.002329916123019571, "his,reply": 0.0027958993476234857, "will,he": 0.0027958993476234857, "fact,that": 0.004193849021435228, "friend,one": 0.002329916123019571, "do,not": 0.002329916123019571, "wish,to": 0.002329916123019571, "the,house": 0.0027958993476234857, "on,this": 0.0027958993476234857, "whether,the": 0.0027958993476234857, "by,her": 0.002329916123019571, "lords,as": 0.003727865796831314, "gibraltar,<e>": 0.0032618825722274, "which,are": 0.002329916123019571, "is,the": 0.0032618825722274, "i,may": 0.0032618825722274, "<s>,i": 0.0032618825722274, "the,gibraltar": 0.005591798695246971, "gibraltar,government": 0.003727865796831314, "and,a": 0.002329916123019571, "as,the": 0.002329916123019571, "in,this": 0.002329916123019571, "<s>,could": 0.002329916123019571, "in,gibraltar": 0.004659832246039142, "from,the": 0.002329916123019571, "question,standing": 0.0027958993476234857, "standing,in": 0.0027958993476234857, "the,secretary": 0.002329916123019571, "secretary,of": 0.002329916123019571}