{"<cs>,my": 0.04871060171919771, "my,lords": 0.04871060171919771, "lords,i": 0.022922636103151862, "for,the": 0.014326647564469915, "of,the": 0.045845272206303724, "<e>,<s>": 0.14326647564469913, "<s>,i": 0.04871060171919771, "hong,kong": 0.05300859598853868, "is,a": 0.01002865329512894, "<s>,it": 0.014326647564469915, "it,is": 0.02005730659025788, "to,be": 0.015759312320916905, "<s>,the": 0.011461318051575931, "that,the": 0.012893982808022923, "of,hong": 0.012893982808022923, "kong,<e>": 0.02005730659025788, "congratulate,the": 0.011461318051575931, "the,noble": 0.03581661891117478, "it,was": 0.008595988538681949, "in,its": 0.008595988538681949, "the,british": 0.01002865329512894, "british,nationality": 0.011461318051575931, "nationality,act": 0.01002865329512894, "<s>,but": 0.0071633237822349575, "there,is": 0.008595988538681949, "in,the": 0.02148997134670487, "as,the": 0.011461318051575931, "noble,lord": 0.02865329512893983, "to,the": 0.0071633237822349575, "the,united": 0.008595988538681949, "united,kingdom": 0.008595988538681949, "<s>,as": 0.0071633237822349575, "and,i": 0.011461318051575931, "i,do": 0.0071633237822349575, "<s>,however": 0.0071633237822349575, "i,should": 0.012893982808022923, "in,hong": 0.024355300859598854, "which,is": 0.0071633237822349575, "i,was": 0.008595988538681949, "with,the": 0.01002865329512894, "the,government": 0.015759312320916905, "lord,lord": 0.02148997134670487, "should,like": 0.011461318051575931, "to,congratulate": 0.0071633237822349575, "on,his": 0.008595988538681949, "speech,<e>": 0.008595988538681949, "i,am": 0.011461318051575931, "the,minister": 0.027220630372492838, "thank,the": 0.011461318051575931, "minister,for": 0.0071633237822349575, "like,to": 0.01002865329512894, "people,in": 0.008595988538681949, "is,to": 0.0071633237822349575, "is,the": 0.0071633237822349575}