{"<cs>,my": 0.04457225017972682, "my,lords": 0.04457225017972682, "i,was": 0.009345794392523364, "to,me": 0.005751258087706686, "on,the": 0.012940330697340043, "<e>,<s>": 0.09130122214234364, "<s>,i": 0.028037383177570093, "i,am": 0.020129403306973402, "your,lordships": 0.012940330697340043, "lordships,house": 0.007189072609633357, "i,shall": 0.004313443565780014, "that,the": 0.020848310567936738, "and,i": 0.009345794392523364, "am,sure": 0.0035945363048166786, "will,be": 0.008626887131560028, "my,noble": 0.007189072609633357, "noble,friend": 0.006470165348670022, "friend,lord": 0.0050323508267433505, "white,paper": 0.0035945363048166786, "there,is": 0.004313443565780014, "has,been": 0.004313443565780014, "time,<e>": 0.0050323508267433505, "it,is": 0.012940330697340043, "in,the": 0.018691588785046728, "the,government": 0.010064701653486701, "local,government": 0.007189072609633357, "of,course": 0.0035945363048166786, "to,be": 0.007907979870596693, "<s>,but": 0.0035945363048166786, "of,the": 0.038820992092020126, "we,are": 0.006470165348670022, "lords,i": 0.020848310567936738, "grateful,to": 0.007907979870596693, "to,the": 0.020848310567936738, "the,noble": 0.043134435657800146, "noble,earl": 0.007907979870596693, "but,i": 0.0050323508267433505, "is,the": 0.0050323508267433505, "<s>,the": 0.007189072609633357, "seems,to": 0.0035945363048166786, "that,there": 0.006470165348670022, "there,are": 0.007189072609633357, "i,have": 0.009345794392523364, "i,think": 0.0050323508267433505, "i,should": 0.0035945363048166786, "to,make": 0.005751258087706686, "the,fact": 0.0035945363048166786, "is,that": 0.004313443565780014, "in,my": 0.0035945363048166786, "of,my": 0.0035945363048166786, "noble,lord": 0.026599568655643422, "in,this": 0.007189072609633357, "this,debate": 0.007907979870596693, "said,that": 0.004313443565780014, "that,he": 0.0035945363048166786, "did,not": 0.0050323508267433505, "aware,that": 0.0035945363048166786, "that,many": 0.005751258087706686, "noble,baroness": 0.006470165348670022, "local,authorities": 0.005751258087706686, "the,minister": 0.008626887131560028, "not,be": 0.0035945363048166786, "able,to": 0.0050323508267433505, "by,the": 0.008626887131560028, "give,way": 0.0035945363048166786, "would,be": 0.0035945363048166786, "agree,that": 0.005751258087706686, "noble,viscount": 0.0035945363048166786, "if,the": 0.0050323508267433505, "were,to": 0.004313443565780014, "i,beg": 0.010064701653486701, "beg,leave": 0.004313443565780014, "leave,to": 0.004313443565780014, "the,order": 0.0035945363048166786, "<s>,as": 0.0035945363048166786, "for,the": 0.004313443565780014, "have,been": 0.005751258087706686, "would,not": 0.0035945363048166786, "<cs>,i": 0.0050323508267433505, "amendment,<e>": 0.006470165348670022, "all,the": 0.0035945363048166786, "lord,lord": 0.012221423436376708, "at,the": 0.004313443565780014, "some,of": 0.0035945363048166786, "that,i": 0.005751258087706686, "with,the": 0.0035945363048166786, "of,this": 0.004313443565780014, "is,to": 0.0035945363048166786, "to,move": 0.007189072609633357, "the,whole": 0.0035945363048166786, "is,a": 0.004313443565780014, "that,they": 0.004313443565780014, "debate,<e>": 0.005751258087706686, "i,had": 0.0035945363048166786, "which,is": 0.0035945363048166786, "lords,the": 0.006470165348670022, "this,bill": 0.007907979870596693, "he,has": 0.0035945363048166786, "of,your": 0.0050323508267433505, "and,the": 0.004313443565780014, "the,bill": 0.007189072609633357, "the,house": 0.007189072609633357, "a,number": 0.0035945363048166786, "number,of": 0.0035945363048166786, "noble,lords": 0.0050323508267433505, "members,of": 0.004313443565780014, "earl,lord": 0.0035945363048166786, "that,this": 0.005751258087706686, "of,his": 0.0035945363048166786, "and,to": 0.0035945363048166786, "from,the": 0.0035945363048166786, "beg,to": 0.006470165348670022, "move,that": 0.005751258087706686, "bill,be": 0.0035945363048166786, "be,now": 0.0035945363048166786, "now,read": 0.0035945363048166786, "read,a": 0.0035945363048166786}