{"<cs>,my": 0.054987212276214836, "my,lords": 0.0639386189258312, "the,house": 0.015345268542199489, "by,the": 0.011508951406649617, "<e>,<s>": 0.12404092071611253, "that,we": 0.01278772378516624, "in,the": 0.01918158567774936, "<s>,i": 0.03580562659846547, "i,must": 0.0076726342710997444, "that,the": 0.021739130434782608, "is,a": 0.010230179028132993, "i,have": 0.017902813299232736, "that,i": 0.016624040920716114, "i,do": 0.008951406649616368, "do,not": 0.008951406649616368, "if,i": 0.010230179028132993, "i,did": 0.0076726342710997444, "we,are": 0.0076726342710997444, "the,noble": 0.05754475703324808, "to,have": 0.00639386189258312, "i,am": 0.0319693094629156, "noble,lord": 0.04731457800511509, "lord,is": 0.00639386189258312, "am,sure": 0.0076726342710997444, "sure,that": 0.00639386189258312, "that,he": 0.0076726342710997444, "and,not": 0.00639386189258312, "<s>,the": 0.01278772378516624, "the,government": 0.00639386189258312, "to,the": 0.030690537084398978, "lord,lord": 0.016624040920716114, "for,the": 0.00639386189258312, "which,i": 0.00639386189258312, "is,that": 0.008951406649616368, "that,it": 0.011508951406649617, "it,is": 0.021739130434782608, "with,the": 0.008951406649616368, "we,have": 0.00639386189258312, "lords,i": 0.020460358056265986, "of,the": 0.052429667519181586, "say,that": 0.0076726342710997444, "of,course": 0.00639386189258312, "on,the": 0.014066496163682864, "there,is": 0.00639386189258312, "per,cent": 0.008951406649616368, "cent,<e>": 0.008951406649616368, "did,not": 0.0076726342710997444, "i,would": 0.00639386189258312, "that,is": 0.00639386189258312, "and,the": 0.008951406649616368, "lords,<e>": 0.00639386189258312, "but,i": 0.0076726342710997444, "noble,and": 0.0076726342710997444, "and,learned": 0.0076726342710997444, "lord,plowden": 0.0076726342710997444, "and,i": 0.00639386189258312, "my,noble": 0.00639386189258312, "noble,friend": 0.00639386189258312, "have,a": 0.00639386189258312, "the,world": 0.00639386189258312, "secret,reserves": 0.00639386189258312}