{"<cs>,my": 0.09685230024213075, "my,lords": 0.09927360774818401, "that,the": 0.031476997578692496, "is,not": 0.012106537530266344, "should,like": 0.01694915254237288, "like,to": 0.012106537530266344, "this,is": 0.012106537530266344, "not,the": 0.012106537530266344, "<e>,<s>": 0.14285714285714285, "of,the": 0.0387409200968523, "the,noble": 0.06295399515738499, "noble,lord": 0.04116222760290557, "lord,lord": 0.01694915254237288, "in,the": 0.043583535108958835, "in,this": 0.012106537530266344, "for,the": 0.01937046004842615, "the,government": 0.026634382566585957, "to,the": 0.012106537530266344, "is,the": 0.012106537530266344, "lords,i": 0.01694915254237288, "there,are": 0.012106537530266344, "i,should": 0.014527845036319613, "<s>,it": 0.014527845036319613, "<s>,i": 0.021791767554479417, "by,the": 0.012106537530266344, "and,the": 0.014527845036319613, "the,minister": 0.026634382566585957, "to,be": 0.01694915254237288, "i,am": 0.01937046004842615, "per,cent": 0.012106537530266344, "cent,<e>": 0.012106537530266344, "we,are": 0.012106537530266344, "it,is": 0.012106537530266344, "on,the": 0.012106537530266344, "agree,that": 0.012106537530266344, "my,noble": 0.012106537530266344, "noble,baroness": 0.012106537530266344, "do,not": 0.012106537530266344}