{"<cs>,my": 0.03401609363569861, "my,lords": 0.03621068032187271, "lords,the": 0.002926115581565472, "the,bill": 0.006217995610826628, "my,noble": 0.0021945866861741038, "noble,friend": 0.0018288222384784199, "in,the": 0.01645940014630578, "the,law": 0.004023408924652524, "to,a": 0.0032918800292611556, "<e>,<s>": 0.09692757863935625, "have,been": 0.004754937820043892, "more,than": 0.0018288222384784199, "at,the": 0.004023408924652524, "of,the": 0.05084125822970007, "we,are": 0.002926115581565472, "<s>,this": 0.0018288222384784199, "this,is": 0.0021945866861741038, "of,us": 0.0018288222384784199, "in,this": 0.0032918800292611556, "your,lordships": 0.0043891733723482075, "some,of": 0.002560351133869788, "on,the": 0.010241404535479151, "the,point": 0.0021945866861741038, "if,the": 0.0036576444769568397, "the,noble": 0.04023408924652524, "noble,earl": 0.0032918800292611556, "i,shall": 0.005120702267739576, "in,a": 0.0036576444769568397, "<s>,it": 0.010607168983174835, "very,much": 0.0018288222384784199, "do,not": 0.005120702267739576, "<s>,if": 0.0021945866861741038, "said,that": 0.002560351133869788, "it,must": 0.0018288222384784199, "must,be": 0.0032918800292611556, "that,the": 0.018653986832479885, "that,we": 0.002926115581565472, "it,is": 0.013899049012435992, "is,a": 0.005120702267739576, "<s>,i": 0.019751280175566936, "i,think": 0.0032918800292611556, "think,that": 0.0036576444769568397, "that,a": 0.0021945866861741038, "from,the": 0.0043891733723482075, "to,the": 0.02121433796634967, "does,not": 0.0018288222384784199, "in,which": 0.0021945866861741038, "which,the": 0.004023408924652524, "lords,i": 0.012435991221653255, "i,was": 0.004023408924652524, "is,that": 0.002560351133869788, "for,the": 0.006217995610826628, "the,case": 0.0018288222384784199, "the,basis": 0.0018288222384784199, "<s>,the": 0.008412582297000731, "they,are": 0.0043891733723482075, "lords,it": 0.004754937820043892, "it,would": 0.0032918800292611556, "would,be": 0.0036576444769568397, "the,subject": 0.0018288222384784199, "with,great": 0.0018288222384784199, "by,the": 0.007681053401609363, "noble,and": 0.008046817849305048, "and,learned": 0.008046817849305048, "learned,lord": 0.008046817849305048, "lord,lord": 0.01572787125091441, "upon,the": 0.0021945866861741038, "and,to": 0.0032918800292611556, "it,<e>": 0.002926115581565472, "of,a": 0.0043891733723482075, "is,the": 0.006583760058522311, "the,<e>": 0.0018288222384784199, "lordships,house": 0.002926115581565472, "it,was": 0.002560351133869788, "the,opportunity": 0.0021945866861741038, "between,the": 0.0021945866861741038, "the,press": 0.002560351133869788, "and,the": 0.0073152889539136795, "of,justice": 0.0018288222384784199, "not,be": 0.0018288222384784199, "about,the": 0.004754937820043892, "to,be": 0.007681053401609363, "<s>,as": 0.002560351133869788, "as,the": 0.0032918800292611556, "noble,lord": 0.019019751280175568, "not,only": 0.0032918800292611556, "the,committee": 0.005486466715435259, "with,the": 0.005852231163130944, "and,i": 0.004754937820043892, "i,do": 0.0043891733723482075, "that,i": 0.0043891733723482075, "what,i": 0.0018288222384784199, "has,already": 0.0021945866861741038, "<s>,there": 0.0018288222384784199, "which,has": 0.0021945866861741038, "a,few": 0.0018288222384784199, "to,me": 0.0018288222384784199, "this,amendment": 0.002926115581565472, "which,it": 0.0021945866861741038, "which,i": 0.002560351133869788, "the,report": 0.0021945866861741038, "report,of": 0.0018288222384784199, "of,your": 0.002560351133869788, "of,this": 0.004754937820043892, "has,been": 0.002926115581565472, "i,am": 0.009144111192392099, "the,house": 0.0036576444769568397, "is,not": 0.0021945866861741038, "them,<e>": 0.002560351133869788, "i,should": 0.0036576444769568397, "should,like": 0.0036576444769568397, "like,to": 0.004023408924652524, "with,which": 0.0018288222384784199, "which,he": 0.0018288222384784199, "the,minister": 0.006217995610826628, "to,what": 0.0018288222384784199, "view,of": 0.0021945866861741038, "the,government": 0.0018288222384784199, "to,make": 0.0036576444769568397, "<s>,in": 0.0043891733723482075, "the,national": 0.002926115581565472, "noble,lords": 0.0036576444769568397, "that,they": 0.0021945866861741038, "many,of": 0.0021945866861741038, "of,them": 0.0021945866861741038, "<s>,they": 0.002560351133869788, "of,their": 0.0018288222384784199, "what,the": 0.0043891733723482075, "able,to": 0.002560351133869788, "to,say": 0.0032918800292611556, "should,be": 0.0032918800292611556, "as,a": 0.0032918800292611556, "an,interest": 0.0018288222384784199, "in,that": 0.0032918800292611556, "chairman,of": 0.0018288222384784199, "i,have": 0.0043891733723482075, "is,to": 0.002560351133869788, "but,i": 0.002560351133869788, "<s>,but": 0.002926115581565472, "am,grateful": 0.002560351133869788, "grateful,to": 0.0032918800292611556, "there,is": 0.0043891733723482075, "president,of": 0.0018288222384784199, "will,be": 0.004023408924652524, "this,bill": 0.0018288222384784199, "lord,the": 0.0032918800292611556, "the,lord": 0.0018288222384784199, "lord,chancellor": 0.0018288222384784199, "in,respect": 0.0032918800292611556, "respect,of": 0.0032918800292611556, "<cs>,i": 0.008046817849305048, "i,wish": 0.005486466715435259, "wish,to": 0.0073152889539136795, "amendment,<e>": 0.0073152889539136795, "<s>,and": 0.002560351133869788, "has,just": 0.002560351133869788, "i,beg": 0.002560351133869788, "beg,leave": 0.002926115581565472, "leave,to": 0.002926115581565472, "to,withdraw": 0.0032918800292611556, "withdraw,the": 0.0032918800292611556, "the,amendment": 0.013167520117044623, "thank,the": 0.0018288222384784199, "that,it": 0.0021945866861741038, "<s>,that": 0.002560351133869788, "that,is": 0.005120702267739576, "part,of": 0.0032918800292611556, "said,<e>": 0.0018288222384784199, "all,the": 0.0018288222384784199, "that,in": 0.0018288222384784199, "be,a": 0.0018288222384784199, "to,which": 0.0021945866861741038, "noble,baroness": 0.004754937820043892, "baroness,lady": 0.0021945866861741038, "welcome,the": 0.0018288222384784199, "<s>,however": 0.0018288222384784199, "to,understand": 0.0021945866861741038, "cannot,be": 0.0018288222384784199, "purpose,of": 0.0021945866861741038, "that,he": 0.002560351133869788, "age,of": 0.0018288222384784199, "a,very": 0.0018288222384784199, "bill,<e>": 0.0021945866861741038, "the,principle": 0.0018288222384784199, "the,debate": 0.0018288222384784199, "hope,that": 0.0021945866861741038, "there,are": 0.0021945866861741038, "on,that": 0.0018288222384784199, "i,hope": 0.0018288222384784199, "amendments,nos": 0.0018288222384784199, "nos,<e>": 0.0018288222384784199, "of,view": 0.0018288222384784199, "licensing,authority": 0.0018288222384784199}