{"<cs>,my": 0.04178019981834696, "my,lords": 0.04178019981834696, "lords,i": 0.013623978201634877, "i,hope": 0.012715712988192553, "i,am": 0.013623978201634877, "but,i": 0.004541326067211626, "in,a": 0.005449591280653951, "another,place": 0.004541326067211626, "this,house": 0.005449591280653951, "for,the": 0.010899182561307902, "in,this": 0.010899182561307902, "<e>,<s>": 0.11807447774750227, "that,he": 0.012715712988192553, "may,i": 0.006357856494096276, "my,noble": 0.03996366939146231, "noble,friend": 0.03814713896457766, "to,the": 0.025431425976385105, "of,a": 0.004541326067211626, "of,the": 0.0681198910081744, "this,is": 0.004541326067211626, "is,a": 0.007266121707538601, "<s>,the": 0.012715712988192553, "the,noble": 0.02452316076294278, "noble,lord": 0.01634877384196185, "lord,lord": 0.01634877384196185, "on,the": 0.010899182561307902, "<s>,i": 0.01725703905540418, "that,the": 0.025431425976385105, "from,the": 0.005449591280653951, "have,a": 0.005449591280653951, "on,this": 0.007266121707538601, "a,very": 0.004541326067211626, "in,his": 0.004541326067211626, "the,whole": 0.006357856494096276, "there,is": 0.008174386920980926, "has,been": 0.008174386920980926, "he,has": 0.005449591280653951, "the,government": 0.009990917347865577, "this,bill": 0.008174386920980926, "member,of": 0.004541326067211626, "that,i": 0.008174386920980926, "<s>,it": 0.011807447774750226, "it,is": 0.011807447774750226, "with,the": 0.009082652134423252, "and,to": 0.004541326067211626, "<cs>,i": 0.007266121707538601, "hope,that": 0.009082652134423252, "that,my": 0.006357856494096276, "friend,lord": 0.010899182561307902, "amendment,<e>": 0.009082652134423252, "the,amendment": 0.011807447774750226, "your,lordships": 0.007266121707538601, "is,not": 0.004541326067211626, "<s>,in": 0.008174386920980926, "i,beg": 0.007266121707538601, "as,i": 0.004541326067211626, "i,should": 0.004541326067211626, "to,move": 0.005449591280653951, "amendment,no": 0.005449591280653951, "no,<e>": 0.005449591280653951, "as,a": 0.005449591280653951, "in,the": 0.01725703905540418, "have,been": 0.005449591280653951, "at,the": 0.005449591280653951, "the,position": 0.005449591280653951, "that,is": 0.008174386920980926, "is,the": 0.009082652134423252, "do,not": 0.005449591280653951, "all,the": 0.005449591280653951, "will,be": 0.005449591280653951, "is,my": 0.004541326067211626, "by,the": 0.007266121707538601, "<s>,that": 0.005449591280653951, "of,your": 0.004541326067211626, "in,fact": 0.005449591280653951, "of,this": 0.005449591280653951, "side,of": 0.004541326067211626, "view,of": 0.005449591280653951, "the,bill": 0.013623978201634877, "at,this": 0.004541326067211626, "which,the": 0.004541326067211626, "the,house": 0.007266121707538601, "the,point": 0.005449591280653951, "<s>,however": 0.004541326067211626}