{"<cs>,my": 0.028389830508474576, "my,lords": 0.0288135593220339, "lords,i": 0.006779661016949152, "i,am": 0.007627118644067797, "what,i": 0.002542372881355932, "to,say": 0.005508474576271186, "should,be": 0.00423728813559322, "by,the": 0.011016949152542373, "is,the": 0.006779661016949152, "the,minister": 0.008898305084745763, "minister,aware": 0.00423728813559322, "that,is": 0.004661016949152543, "i,would": 0.002542372881355932, "like,to": 0.005084745762711864, "say,that": 0.002542372881355932, "many,years": 0.003389830508474576, "to,have": 0.002542372881355932, "in,the": 0.021610169491525423, "<e>,<s>": 0.09364406779661016, "of,my": 0.002542372881355932, "of,the": 0.03389830508474576, "the,exchange": 0.0029661016949152543, "at,the": 0.007627118644067797, "the,bank": 0.015254237288135594, "bank,of": 0.011440677966101695, "of,england": 0.01059322033898305, "<s>,in": 0.00423728813559322, "of,that": 0.00211864406779661, "for,the": 0.005932203389830509, "<s>,i": 0.022457627118644068, "to,the": 0.020338983050847456, "that,it": 0.005508474576271186, "it,was": 0.002542372881355932, "on,the": 0.010169491525423728, "of,their": 0.00211864406779661, "i,hope": 0.005508474576271186, "hope,that": 0.00211864406779661, "that,the": 0.015677966101694914, "for,many": 0.002542372881355932, "i,have": 0.005084745762711864, "have,been": 0.0029661016949152543, "with,the": 0.008898305084745763, "aware,that": 0.004661016949152543, "<s>,the": 0.00847457627118644, "the,first": 0.00211864406779661, "it,is": 0.013559322033898305, "as,the": 0.0038135593220338985, "the,present": 0.003389830508474576, "and,i": 0.005084745762711864, "the,end": 0.003389830508474576, "i,believe": 0.0029661016949152543, "i,may": 0.006779661016949152, "the,point": 0.003389830508474576, "the,noble": 0.03728813559322034, "on,this": 0.002542372881355932, "will,be": 0.005084745762711864, "that,in": 0.005508474576271186, "the,city": 0.004661016949152543, "we,have": 0.00211864406779661, "<s>,it": 0.014830508474576272, "noble,lords": 0.005932203389830509, "they,are": 0.0038135593220338985, "about,the": 0.0038135593220338985, "the,fact": 0.00211864406779661, "noble,lord": 0.02923728813559322, "lord,lord": 0.017796610169491526, "is,not": 0.004661016949152543, "to,a": 0.00211864406779661, "which,i": 0.005084745762711864, "out,of": 0.0029661016949152543, "and,the": 0.005508474576271186, "i,should": 0.008898305084745763, "should,like": 0.004661016949152543, "earl,lord": 0.002542372881355932, "lord,selkirk": 0.002542372881355932, "noble,and": 0.002542372881355932, "and,learned": 0.002542372881355932, "lord,the": 0.0029661016949152543, "he,has": 0.00211864406779661, "which,has": 0.0029661016949152543, "as,i": 0.00211864406779661, "it,<e>": 0.004661016949152543, "<s>,however": 0.002542372881355932, "agree,with": 0.00211864406779661, "the,committee": 0.005932203389830509, "of,london": 0.00211864406779661, "did,not": 0.0038135593220338985, "i,think": 0.006355932203389831, "think,it": 0.00211864406779661, "if,the": 0.003389830508474576, "the,amendment": 0.004661016949152543, "may,i": 0.00423728813559322, "put,forward": 0.002542372881355932, "forward,by": 0.00211864406779661, "the,government": 0.004661016949152543, "i,was": 0.003389830508474576, "that,that": 0.003389830508474576, "to,be": 0.00847457627118644, "be,the": 0.00211864406779661, "and,that": 0.0029661016949152543, "your,lordships": 0.006779661016949152, "it,seems": 0.002542372881355932, "seems,to": 0.002542372881355932, "to,me": 0.0029661016949152543, "me,to": 0.003389830508474576, "my,name": 0.002542372881355932, "of,this": 0.00423728813559322, "this,amendment": 0.00211864406779661, "lords,would": 0.00211864406779661, "would,the": 0.00211864406779661, "agree,that": 0.003389830508474576, "<s>,that": 0.003389830508474576, "we,are": 0.00211864406779661, "has,been": 0.006355932203389831, "would,be": 0.0029661016949152543, "it,has": 0.0038135593220338985, "lords,is": 0.003389830508474576, "that,i": 0.006779661016949152, "in,this": 0.00423728813559322, "the,house": 0.002542372881355932, "lordships,house": 0.00211864406779661, "does,not": 0.003389830508474576, "on,behalf": 0.00211864406779661, "behalf,of": 0.00211864406779661, "part,of": 0.002542372881355932, "and,it": 0.002542372881355932, "lords,<e>": 0.00211864406779661, "to,make": 0.0029661016949152543, "from,the": 0.0038135593220338985, "may,be": 0.00211864406779661, "has,said": 0.00211864406779661, "is,a": 0.004661016949152543, "<s>,they": 0.002542372881355932, "they,have": 0.00211864406779661, "i,had": 0.00211864406779661, "<cs>,i": 0.002542372881355932, "think,that": 0.00423728813559322, "there,is": 0.00211864406779661, "do,not": 0.0038135593220338985, "this,house": 0.00211864406779661, "the,european": 0.00423728813559322, "european,communities": 0.00211864406779661, "<s>,he": 0.003389830508474576, "lords,who": 0.00211864406779661, "who,have": 0.002542372881355932, "part,in": 0.002542372881355932, "this,debate": 0.003389830508474576, "to,thank": 0.00211864406779661, "members,of": 0.002542372881355932, "member,of": 0.00211864406779661, "a,year": 0.00211864406779661, "for,me": 0.00211864406779661, "perhaps,i": 0.005508474576271186, "in,that": 0.00211864406779661, "before,the": 0.00423728813559322, "lord,<e>": 0.00211864406779661, "sits,down": 0.002542372881355932, "<s>,if": 0.00211864406779661, "to,take": 0.0038135593220338985, "in,which": 0.00211864406779661, "he,is": 0.002542372881355932, "that,they": 0.0029661016949152543, "support,the": 0.00211864406779661, "which,the": 0.00211864406779661, "believe,that": 0.0029661016949152543, "the,debate": 0.002542372881355932, "lord,bruce": 0.0038135593220338985, "exchange,rate": 0.002542372881355932, "rate,mechanism": 0.00211864406779661, "the,exchequer": 0.002542372881355932, "as,a": 0.00211864406779661, "<cs>,before": 0.00211864406779661, "able,to": 0.002542372881355932, "bruce,of": 0.00211864406779661, "of,donington": 0.00211864406779661, "the,treasury": 0.0029661016949152543, "the,chancellor": 0.003389830508474576, "chancellor,of": 0.00211864406779661, "the,board": 0.00211864406779661}