{"<cs>,my": 0.049099836333878884, "my,lords": 0.04582651391162029, "my,noble": 0.060556464811783964, "noble,friend": 0.05237315875613748, "of,the": 0.03927986906710311, "with,the": 0.008183306055646482, "which,is": 0.008183306055646482, "i,should": 0.016366612111292964, "should,like": 0.009819967266775777, "like,to": 0.009819967266775777, "the,noble": 0.01800327332242226, "noble,lord": 0.01309328968903437, "lord,lord": 0.01309328968903437, "<e>,<s>": 0.16530278232405893, "<s>,it": 0.019639934533551555, "<s>,i": 0.06382978723404255, "to,be": 0.014729950900163666, "in,a": 0.011456628477905073, "fund,<e>": 0.008183306055646482, "it,is": 0.022913256955810146, "that,it": 0.009819967266775777, "i,think": 0.01800327332242226, "that,the": 0.02618657937806874, "<cs>,i": 0.016366612111292964, "i,must": 0.009819967266775777, "that,i": 0.022913256955810146, "i,am": 0.031096563011456628, "<s>,the": 0.008183306055646482, "to,the": 0.014729950900163666, "friend,lord": 0.011456628477905073, "amendment,<e>": 0.009819967266775777, "the,minister": 0.008183306055646482, "<s>,if": 0.008183306055646482, "to,me": 0.008183306055646482, "the,amendment": 0.011456628477905073, "and,i": 0.011456628477905073, "should,be": 0.008183306055646482, "think,that": 0.008183306055646482, "lords,i": 0.01309328968903437, "in,the": 0.014729950900163666, "has,been": 0.008183306055646482, "i,have": 0.009819967266775777, "on,the": 0.016366612111292964, "it,was": 0.008183306055646482, "the,bill": 0.011456628477905073, "your,lordships": 0.008183306055646482, "by,the": 0.009819967266775777, "may,i": 0.008183306055646482}