{"<cs>,my": 0.04563233376792699, "my,lords": 0.04563233376792699, "lords,i": 0.01564537157757497, "on,the": 0.018252933507170794, "as,the": 0.010430247718383311, "the,government": 0.01564537157757497, "and,the": 0.009126466753585397, "the,minister": 0.018252933507170794, "that,this": 0.009126466753585397, "to,the": 0.01955671447196871, "of,the": 0.04302477183833116, "<e>,<s>": 0.12646675358539766, "i,should": 0.01694915254237288, "in,that": 0.00651890482398957, "that,i": 0.007822685788787484, "to,be": 0.010430247718383311, "in,this": 0.009126466753585397, "the,house": 0.010430247718383311, "the,secretary": 0.009126466753585397, "secretary,of": 0.010430247718383311, "of,state": 0.009126466753585397, "in,the": 0.03259452411994785, "for,the": 0.01303780964797914, "they,are": 0.010430247718383311, "has,said": 0.00651890482398957, "<s>,it": 0.018252933507170794, "the,noble": 0.03259452411994785, "noble,lords": 0.007822685788787484, "noble,lord": 0.01694915254237288, "lord,lord": 0.009126466753585397, "<s>,the": 0.01564537157757497, "that,the": 0.01955671447196871, "the,committee": 0.007822685788787484, "of,energy": 0.00651890482398957, "<s>,we": 0.00651890482398957, "this,is": 0.007822685788787484, "i,am": 0.01564537157757497, "noble,earl": 0.011734028683181226, "should,like": 0.011734028683181226, "like,to": 0.014341590612777053, "one,of": 0.007822685788787484, "it,is": 0.014341590612777053, "will,be": 0.009126466753585397, "your,lordships": 0.011734028683181226, "is,a": 0.010430247718383311, "it,<e>": 0.009126466753585397, "about,the": 0.007822685788787484, "this,house": 0.007822685788787484, "my,noble": 0.02216427640156454, "noble,friend": 0.020860495436766623, "friend,lord": 0.014341590612777053, "the,bill": 0.01564537157757497, "<s>,i": 0.01564537157757497, "the,matter": 0.007822685788787484, "the,amendment": 0.00651890482398957, "there,is": 0.007822685788787484, "that,it": 0.010430247718383311, "to,me": 0.007822685788787484, "we,are": 0.011734028683181226, "<cs>,i": 0.00651890482398957, "it,seems": 0.00651890482398957, "seems,to": 0.007822685788787484, "should,be": 0.00651890482398957, "and,i": 0.007822685788787484, "is,not": 0.00651890482398957, "of,this": 0.007822685788787484}