{"<cs>,my": 0.030867555072069622, "my,lords": 0.03154745716616807, "lords,i": 0.012782159369050857, "i,hope": 0.0012238237693772097, "that,it": 0.0027196083763937995, "it,will": 0.0008158825129181398, "will,not": 0.0014957846070165896, "not,be": 0.0016317650258362796, "that,i": 0.003399510470492249, "i,am": 0.009382648898558608, "of,this": 0.0010878433505575197, "which,i": 0.0031275496328528694, "if,i": 0.0009518629317378297, "with,the": 0.003399510470492249, "the,soviet": 0.0019037258634756595, "soviet,union": 0.0013598041881968997, "union,and": 0.0006799020940984499, "and,the": 0.005303236333967908, "i,beg": 0.007614903453902638, "beg,leave": 0.007342942616263258, "leave,to": 0.007342942616263258, "to,ask": 0.007614903453902638, "ask,the": 0.006935001359804188, "the,first": 0.0008158825129181398, "question,which": 0.004351373402230079, "which,stands": 0.004215392983410389, "stands,in": 0.004215392983410389, "in,my": 0.0070709817786238785, "my,name": 0.007206962197443568, "name,on": 0.006799020940984498, "on,the": 0.012646178950231167, "the,order": 0.006935001359804188, "order,paper": 0.006935001359804188, "paper,<e>": 0.007206962197443568, "lords,may": 0.0012238237693772097, "may,i": 0.006527060103345118, "that,is": 0.0035354908893119393, "good,enough": 0.0008158825129181398, "of,the": 0.021484906173511016, "out,of": 0.0016317650258362796, "<e>,<s>": 0.05955942344302421, "to,the": 0.008158825129181398, "setting,up": 0.0006799020940984499, "of,a": 0.0014957846070165896, "which,would": 0.0009518629317378297, "would,have": 0.0012238237693772097, "have,the": 0.0016317650258362796, "another,place": 0.0010878433505575197, "which,has": 0.0010878433505575197, "in,all": 0.0006799020940984499, "and,of": 0.0006799020940984499, "the,very": 0.0008158825129181398, "members,of": 0.0006799020940984499, "in,this": 0.0019037258634756595, "the,government": 0.007478923035082948, "on,a": 0.0019037258634756595, "lords,the": 0.0006799020940984499, "the,noble": 0.004351373402230079, "noble,lord": 0.0035354908893119393, "the,committee": 0.0013598041881968997, "which,was": 0.0009518629317378297, "by,my": 0.0006799020940984499, "my,noble": 0.025836279575741094, "noble,friend": 0.023932553712265433, "friend,lord": 0.003671471308131629, "<s>,however": 0.0010878433505575197, "is,the": 0.0016317650258362796, "am,very": 0.0019037258634756595, "very,grateful": 0.0012238237693772097, "for,that": 0.0028555887952134893, "that,reply": 0.0017677454446559696, "reply,which": 0.0006799020940984499, "a,good": 0.0013598041881968997, "from,the": 0.0014957846070165896, "failure,to": 0.0008158825129181398, "in,the": 0.009790590155017678, "can,my": 0.0019037258634756595, "a,little": 0.0009518629317378297, "the,house": 0.002583627957574109, "is,likely": 0.0006799020940984499, "likely,to": 0.0010878433505575197, "to,be": 0.0070709817786238785, "it,is": 0.005167255915148218, "the,governments": 0.0010878433505575197, "to,get": 0.0008158825129181398, "<s>,secondly": 0.0009518629317378297, "that,there": 0.0031275496328528694, "will,be": 0.0024476475387544194, "be,very": 0.0014957846070165896, "the,question": 0.007886864291542018, "friend,agree": 0.0008158825129181398, "agree,that": 0.0016317650258362796, "we,have": 0.0021756867011150393, "have,a": 0.0010878433505575197, "look,at": 0.0009518629317378297, "<s>,is": 0.005847158009246668, "is,not": 0.003399510470492249, "one,of": 0.0010878433505575197, "that,the": 0.011558335599673647, "the,fact": 0.0017677454446559696, "fact,that": 0.0017677454446559696, "that,some": 0.0006799020940984499, "<s>,if": 0.0014957846070165896, "if,my": 0.0006799020940984499, "as,well": 0.0013598041881968997, "in,which": 0.0019037258634756595, "lords,while": 0.0010878433505575197, "government,are": 0.0009518629317378297, "about,this": 0.0012238237693772097, "this,question": 0.0014957846070165896, "i,ask": 0.0035354908893119393, "ask,my": 0.003263530051672559, "friend,for": 0.0009518629317378297, "that,he": 0.0019037258634756595, "he,will": 0.0013598041881968997, "the,british": 0.0006799020940984499, "the,whole": 0.0012238237693772097, "<s>,in": 0.0014957846070165896, "in,other": 0.0013598041881968997, "friend,whether": 0.0024476475387544194, "whether,he": 0.0014957846070165896, "about,the": 0.002991569214033179, "on,which": 0.0009518629317378297, "is,he": 0.0016317650258362796, "that,this": 0.0014957846070165896, "bearing,in": 0.0009518629317378297, "in,mind": 0.0023116671199347296, "are,concerned": 0.0006799020940984499, "friend,to": 0.0006799020940984499, "comment,on": 0.0006799020940984499, "by,the": 0.003943432145771009, "<s>,may": 0.0027196083763937995, "has,been": 0.004215392983410389, "have,been": 0.0027196083763937995, "question,<e>": 0.0012238237693772097, "am,grateful": 0.0008158825129181398, "grateful,for": 0.0017677454446559696, "reply,<e>": 0.0020397062822953495, "<s>,does": 0.0012238237693772097, "formerly,independent": 0.0006799020940984499, "independent,countries": 0.0006799020940984499, "countries,of": 0.0008158825129181398, "and,central": 0.0008158825129181398, "central,europe": 0.0008158825129181398, "there,is": 0.0031275496328528694, "is,a": 0.004759314658689149, "case,for": 0.0009518629317378297, "to,which": 0.0012238237693772097, "which,they": 0.0016317650258362796, "under,the": 0.0010878433505575197, "such,a": 0.0008158825129181398, "is,very": 0.0014957846070165896, "lord,lord": 0.0024476475387544194, "i,find": 0.0006799020940984499, "<s>,i": 0.011830296437313027, "am,not": 0.0008158825129181398, "at,the": 0.0020397062822953495, "said,that": 0.0008158825129181398, "was,not": 0.0014957846070165896, "not,a": 0.0019037258634756595, "i,feel": 0.0010878433505575197, "sure,that": 0.0009518629317378297, "that,if": 0.0010878433505575197, "he,would": 0.0009518629317378297, "make,a": 0.0009518629317378297, "<s>,there": 0.0010878433505575197, "can,be": 0.0006799020940984499, "noble,lords": 0.0031275496328528694, "lords,who": 0.0008158825129181398, "who,have": 0.0014957846070165896, "have,not": 0.0009518629317378297, "not,been": 0.0008158825129181398, "last,week": 0.0006799020940984499, "this,debate": 0.0009518629317378297, "debate,<e>": 0.0009518629317378297, "i,welcome": 0.0006799020940984499, "welcome,the": 0.0008158825129181398, "government,have": 0.0017677454446559696, "and,in": 0.0010878433505575197, "the,european": 0.0020397062822953495, "european,community": 0.0017677454446559696, "i,think": 0.003807451726951319, "am,most": 0.0009518629317378297, "most,grateful": 0.0010878433505575197, "which,is": 0.0023116671199347296, "i,have": 0.0021756867011150393, "have,had": 0.0013598041881968997, "time,to": 0.0006799020940984499, "noble,friends": 0.0016317650258362796, "he,aware": 0.0012238237693772097, "aware,that": 0.004759314658689149, "which,he": 0.0010878433505575197, "he,has": 0.0014957846070165896, "be,made": 0.0006799020940984499, "to,make": 0.0006799020940984499, "in,a": 0.002991569214033179, "a,very": 0.003807451726951319, "very,large": 0.0006799020940984499, "part,of": 0.0012238237693772097, "at,this": 0.0010878433505575197, "time,is": 0.0006799020940984499, "is,that": 0.0019037258634756595, "that,not": 0.0012238237693772097, "lords,in": 0.0012238237693772097, "the,united": 0.0021756867011150393, "united,states": 0.0014957846070165896, "is,my": 0.0044873538210497685, "need,to": 0.0006799020940984499, "between,the": 0.0010878433505575197, "the,community": 0.0012238237693772097, "lords,does": 0.0012238237693772097, "does,my": 0.0014957846070165896, "and,that": 0.0023116671199347296, "it,would": 0.0019037258634756595, "would,be": 0.0020397062822953495, "i,put": 0.0012238237693772097, "to,my": 0.0027196083763937995, "friend,<e>": 0.0008158825129181398, "of,which": 0.0016317650258362796, "friend,aware": 0.002991569214033179, "for,a": 0.0024476475387544194, "is,now": 0.0008158825129181398, "what,the": 0.0008158825129181398, "is,there": 0.0013598041881968997, "there,not": 0.0013598041881968997, "that,as": 0.0006799020940984499,