{"<cs>,my": 0.019485580670303974, "my,lords": 0.019095869056897894, "may,be": 0.0009742790335151987, "aware,that": 0.002338269680436477, "that,there": 0.0021434138737334374, "there,are": 0.0017537022603273578, "<e>,<s>": 0.09431021044427124, "<s>,there": 0.0021434138737334374, "there,is": 0.002533125487139517, "is,the": 0.007599376461418551, "which,is": 0.0019485580670303975, "want,to": 0.0017537022603273578, "<s>,i": 0.02474668745128605, "hope,that": 0.0027279812938425566, "this,afternoon": 0.0011691348402182386, "will,not": 0.0017537022603273578, "not,be": 0.0021434138737334374, "be,the": 0.002533125487139517, "in,this": 0.005261106780982073, "this,debate": 0.0037022603273577552, "i,rise": 0.0021434138737334374, "to,support": 0.0009742790335151987, "this,amendment": 0.0013639906469212783, "from,the": 0.0037022603273577552, "the,point": 0.0029228371005455963, "point,of": 0.0019485580670303975, "of,view": 0.0021434138737334374, "view,of": 0.0009742790335151987, "of,a": 0.0037022603273577552, "one,of": 0.004481683554169914, "of,the": 0.034879189399844114, "will,be": 0.003897116134060795, "people,who": 0.0009742790335151987, "who,have": 0.0013639906469212783, "regard,to": 0.0013639906469212783, "to,the": 0.013639906469212782, "<s>,it": 0.008768511301636788, "it,is": 0.010327357755261106, "that,this": 0.0011691348402182386, "rise,to": 0.0013639906469212783, "member,of": 0.001558846453624318, "the,public": 0.0011691348402182386, "has,not": 0.001558846453624318, "by,the": 0.005455962587685113, "as,a": 0.0029228371005455963, "a,very": 0.0029228371005455963, "of,this": 0.003312548713951676, "i,would": 0.001558846453624318, "your,lordships": 0.002533125487139517, "i,must": 0.004091971940763835, "in,that": 0.0019485580670303975, "that,would": 0.0011691348402182386, "would,be": 0.004091971940763835, "said,that": 0.0019485580670303975, "that,i": 0.006430241621200311, "i,can": 0.0027279812938425566, "say,that": 0.002338269680436477, "is,in": 0.0009742790335151987, "in,a": 0.002533125487139517, "that,is": 0.007599376461418551, "is,not": 0.0019485580670303975, "<s>,therefore": 0.0009742790335151987, "without,any": 0.0009742790335151987, "debate,<e>": 0.003897116134060795, "if,i": 0.0021434138737334374, "i,may": 0.0035074045206547155, "before,the": 0.0017537022603273578, "the,noble": 0.013445050662509743, "noble,lord": 0.008768511301636788, "lord,sits": 0.0009742790335151987, "sits,down": 0.0013639906469212783, "lords,i": 0.00857365549493375, "i,have": 0.005066250974279034, "on,the": 0.00818394388152767, "the,subject": 0.0009742790335151987, "the,bill": 0.006040530007794232, "it,was": 0.0011691348402182386, "the,house": 0.003312548713951676, "in,the": 0.010327357755261106, "the,past": 0.0013639906469212783, "because,i": 0.0009742790335151987, "a,few": 0.0017537022603273578, "had,the": 0.0009742790335151987, "point,<e>": 0.002338269680436477, "<s>,we": 0.003312548713951676, "we,are": 0.006819953234606391, "are,talking": 0.0009742790335151987, "talking,about": 0.0017537022603273578, "which,has": 0.001558846453624318, "has,been": 0.005066250974279034, "under,the": 0.0009742790335151987, "i,am": 0.010132501948558068, "am,grateful": 0.0009742790335151987, "for,the": 0.005845674201091193, "lord,lord": 0.006040530007794232, "<s>,however": 0.003312548713951676, "however,i": 0.0013639906469212783, "trying,to": 0.0017537022603273578, "act,<e>": 0.0009742790335151987, "as,i": 0.001558846453624318, "is,that": 0.003897116134060795, "can,be": 0.0011691348402182386, "to,make": 0.0027279812938425566, "for,that": 0.0017537022603273578, "must,admit": 0.0011691348402182386, "to,be": 0.00798908807482463, "<s>,the": 0.009547934528448947, "the,secretary": 0.0021434138737334374, "secretary,of": 0.0021434138737334374, "does,not": 0.0017537022603273578, "wish,to": 0.0019485580670303975, "that,the": 0.01461418550272798, "if,that": 0.0009742790335151987, "the,case": 0.0011691348402182386, "i,thank": 0.002533125487139517, "thank,the": 0.004091971940763835, "i,should": 0.004286827747466875, "should,like": 0.004871395167575994, "like,to": 0.006040530007794232, "to,say": 0.0017537022603273578, "i,shall": 0.004286827747466875, "seek,to": 0.0011691348402182386, "if,the": 0.0027279812938425566, "that,he": 0.0017537022603273578, "to,withdraw": 0.0011691348402182386, "withdraw,the": 0.0011691348402182386, "i,too": 0.002338269680436477, "too,should": 0.0017537022603273578, "to,thank": 0.0027279812938425566, "the,committee": 0.003312548713951676, "before,us": 0.0013639906469212783, "us,<e>": 0.0011691348402182386, "i,hope": 0.0029228371005455963, "that,they": 0.0019485580670303975, "i,had": 0.0011691348402182386, "the,other": 0.003117692907248636, "that,we": 0.006430241621200311, "at,the": 0.0037022603273577552, "bill,<e>": 0.002338269680436477, "this,country": 0.003312548713951676, "country,<e>": 0.0011691348402182386, "to,do": 0.001558846453624318, "in,fact": 0.0009742790335151987, "that,it": 0.005261106780982073, "it,would": 0.0035074045206547155, "would,not": 0.0009742790335151987, "them,<e>": 0.0013639906469212783, "<s>,that": 0.005066250974279034, "<cs>,i": 0.008768511301636788, "i,believe": 0.0021434138737334374, "believe,that": 0.0029228371005455963, "the,government": 0.013834762275915822, "do,not": 0.002338269680436477, "the,situation": 0.001558846453624318, "this,side": 0.0011691348402182386, "side,of": 0.0019485580670303975, "the,argument": 0.0009742790335151987, "we,have": 0.0027279812938425566, "the,governments": 0.0017537022603273578, "have,to": 0.001558846453624318, "government,will": 0.0009742790335151987, "on,this": 0.002338269680436477, "i,say": 0.0011691348402182386, "this,bill": 0.002338269680436477, "rather,than": 0.0011691348402182386, "it,<e>": 0.0009742790335151987, "have,had": 0.0009742790335151987, "i,think": 0.003117692907248636, "think,that": 0.0019485580670303975, "noble,lords": 0.002338269680436477, "of,my": 0.0013639906469212783, "<s>,if": 0.0029228371005455963, "do,so": 0.0011691348402182386, "so,<e>": 0.0009742790335151987, "am,sure": 0.0021434138737334374, "sure,that": 0.0021434138737334374, "that,<e>": 0.0019485580670303975, "members,of": 0.001558846453624318, "have,been": 0.0037022603273577552, "and,the": 0.006235385814497272, "should,not": 0.0011691348402182386, "will,the": 0.0019485580670303975, "noble,earl": 0.001558846453624318, "way,<e>": 0.0009742790335151987, "<cs>,the": 0.0013639906469212783, "which,i": 0.002533125487139517, "are,not": 0.0019485580670303975, "to,my": 0.0011691348402182386, "is,a": 0.004481683554169914, "the,whole": 0.0011691348402182386, "of,local": 0.001558846453624318, "local,government": 0.001558846453624318, "government,and": 0.0011691348402182386, "should,be": 0.002533125487139517, "local,authority": 0.0019485580670303975, "if,we": 0.0011691348402182386, "to,have": 0.0011691348402182386, "in,their": 0.0009742790335151987, "all,the": 0.0013639906469212783, "government,<e>": 0.002533125487139517, "we,should": 0.002533125487139517, "have,a": 0.0011691348402182386, "i,was": 0.0017537022603273578, "and,i": 0.0035074045206547155, "in,my": 0.0011691348402182386, "was,that": 0.0009742790335151987, "the,minister": 0.0074045206547155105, "for,his": 0.0017537022603273578, "with,the": 0.004676539360872954, "the,sense": 0.0009742790335151987, "sense,that": 0.0009742790335151987, "concept,of": 0.0011691348402182386, "<s>,when": 0.001558846453624318, "one,is": 0.0011691348402182386, "about,the": 0.0029228371005455963, "<s>,one": 0.0019485580670303975, "the,local": 0.0019485580670303975, "a,little": 0.0017537022603273578, "on,a": 0.0013639906469212783, "but,i": 0.0019485580670303975, "into,the": 0.0011691348402182386, "the,debate": 0.005261106780982073, "in,terms": 0.0017537022603273578, "terms,of": 0.0021434138737334374, "<s>,he": 0.0017537022603273578, "to,speak": 0.0009742790335151987, "saying,that": 0.0011691348402182386, "local,authorities": 0.001558846453624318, "<s>,in": 0.002338269680436477, "of,people": 0.0009742790335151987,