{"<cs>,my": 0.03458524723047825, "my,lords": 0.03526074034044853, "lords,as": 0.0008105917319643339, "as,a": 0.0045933531477978925, "of,the": 0.03147797892461497, "i,cannot": 0.0008105917319643339, "say,that": 0.0022966765738989463, "that,i": 0.0025668738178870575, "of,this": 0.0025668738178870575, "<e>,<s>": 0.06781950824101594, "<s>,however": 0.0014860848419346122, "i,have": 0.0025668738178870575, "it,<e>": 0.0013509862199405566, "inflation,which": 0.0008105917319643339, "from,the": 0.0035125641718454473, "the,previous": 0.0014860848419346122, "previous,government": 0.0006754931099702783, "account,of": 0.0006754931099702783, "of,that": 0.001215887597946501, "to,be": 0.005133747635774115, "with,the": 0.0045933531477978925, "the,world": 0.0008105917319643339, "fall,in": 0.0008105917319643339, "in,the": 0.0155363415293164, "on,the": 0.004458254525803837, "able,to": 0.0018913807079167792, "<s>,they": 0.0014860848419346122, "did,not": 0.0022966765738989463, "they,were": 0.0016211834639286678, "this,country": 0.0033774655498513915, "if,they": 0.0010807889759524452, "<s>,it": 0.00405295865982167, "it,is": 0.010672791137530398, "difficult,to": 0.0008105917319643339, "to,say": 0.0029721696838692245, "they,would": 0.0009456903539583896, "would,have": 0.0013509862199405566, "with,a": 0.0010807889759524452, "<s>,in": 0.0033774655498513915, "in,order": 0.0010807889759524452, "order,to": 0.0010807889759524452, "a,period": 0.0006754931099702783, "may,be": 0.0008105917319643339, "be,a": 0.0010807889759524452, "but,that": 0.0006754931099702783, "does,not": 0.0013509862199405566, "to,make": 0.0021615779519048904, "to,the": 0.012429073223453121, "the,point": 0.0017562820859227236, "i,was": 0.0016211834639286678, "lords,i": 0.009456903539583896, "the,noble": 0.03336935963253175, "noble,earl": 0.005268846257768171, "but,i": 0.001215887597946501, "i,shall": 0.0018913807079167792, "the,subject": 0.0006754931099702783, "whether,it": 0.0006754931099702783, "is,a": 0.004323155903809781, "i,am": 0.006754931099702783, "saying,that": 0.0008105917319643339, "that,it": 0.0033774655498513915, "it,would": 0.0014860848419346122, "would,not": 0.0016211834639286678, "not,have": 0.0013509862199405566, "have,been": 0.0022966765738989463, "as,it": 0.0006754931099702783, "as,the": 0.002431775195893002, "result,of": 0.001215887597946501, "into,the": 0.0006754931099702783, "industry,<e>": 0.0017562820859227236, "<s>,that": 0.0036476627938395027, "has,been": 0.0017562820859227236, "the,private": 0.0006754931099702783, "for,the": 0.0054039448797622265, "stock,exchange": 0.0008105917319643339, "make,a": 0.0009456903539583896, "in,a": 0.0022966765738989463, "my,speech": 0.0008105917319643339, "the,last": 0.0013509862199405566, "and,i": 0.0027019724398811133, "i,do": 0.0029721696838692245, "do,not": 0.00405295865982167, "not,think": 0.0008105917319643339, "could,have": 0.0009456903539583896, "that,<e>": 0.0009456903539583896, "<s>,i": 0.012158875979465009, "i,said": 0.0008105917319643339, "i,did": 0.0010807889759524452, "not,know": 0.0006754931099702783, "it,was": 0.002837071061875169, "the,common": 0.001215887597946501, "more,than": 0.0008105917319643339, "the,very": 0.001215887597946501, "very,much": 0.002431775195893002, "of,british": 0.0006754931099702783, "british,industry": 0.0009456903539583896, "and,for": 0.0009456903539583896, "the,s": 0.0013509862199405566, "noble,lord": 0.022156174007025128, "lord,will": 0.0008105917319643339, "will,allow": 0.0008105917319643339, "allow,me": 0.0009456903539583896, "me,to": 0.0010807889759524452, "to,ask": 0.0022966765738989463, "a,question": 0.001215887597946501, "question,<e>": 0.0018913807079167792, "agree,that": 0.0041880572818157255, "that,the": 0.01121318562550662, "between,the": 0.0006754931099702783, "in,which": 0.001215887597946501, "which,we": 0.0010807889759524452, "and,the": 0.0037827614158335585, "to,our": 0.0009456903539583896, "that,is": 0.0049986490137800595, "is,to": 0.0016211834639286678, "after,the": 0.0009456903539583896, "the,war": 0.0009456903539583896, "which,the": 0.002026479329910835, "and,which": 0.0006754931099702783, "the,end": 0.0009456903539583896, "end,of": 0.0010807889759524452, "in,terms": 0.0008105917319643339, "terms,of": 0.0010807889759524452, "of,their": 0.0014860848419346122, "and,to": 0.0010807889759524452, "and,in": 0.0017562820859227236, "at,the": 0.003917860037827614, "i,too": 0.0006754931099702783, "should,like": 0.0031072683058632803, "like,to": 0.0036476627938395027, "members,of": 0.0018913807079167792, "they,have": 0.0009456903539583896, "have,a": 0.0013509862199405566, "i,should": 0.004458254525803837, "to,congratulate": 0.0008105917319643339, "congratulate,the": 0.0006754931099702783, "noble,viscount": 0.0022966765738989463, "will,be": 0.002431775195893002, "my,remarks": 0.0006754931099702783, "we,are": 0.0009456903539583896, "are,in": 0.0006754931099702783, "as,to": 0.001215887597946501, "i,hope": 0.0009456903539583896, "if,i": 0.0022966765738989463, "much,the": 0.0008105917319643339, "lord,lord": 0.005539043501756282, "i,wish": 0.0009456903539583896, "wish,to": 0.0018913807079167792, "the,same": 0.0029721696838692245, "same,time": 0.0008105917319643339, "maiden,speech": 0.0008105917319643339, "speech,<e>": 0.0006754931099702783, "that,we": 0.0021615779519048904, "the,future": 0.0009456903539583896, "should,also": 0.0006754931099702783, "also,like": 0.0006754931099702783, "lord,cockfield": 0.0006754931099702783, "of,course": 0.0006754931099702783, "we,have": 0.001215887597946501, "for,a": 0.0018913807079167792, "<s>,there": 0.001215887597946501, "there,was": 0.0006754931099702783, "was,a": 0.0008105917319643339, "when,he": 0.0008105917319643339, "he,was": 0.0009456903539583896, "the,board": 0.0006754931099702783, "<s>,he": 0.0016211834639286678, "which,was": 0.0006754931099702783, "as,an": 0.0008105917319643339, "principles,of": 0.0008105917319643339, "<s>,but": 0.002026479329910835, "is,not": 0.003917860037827614, "not,true": 0.0006754931099702783, "that,this": 0.0016211834639286678, "this,government": 0.0006754931099702783, "reduction,in": 0.0008105917319643339, "in,this": 0.0035125641718454473, "and,not": 0.002026479329910835, "<s>,the": 0.005268846257768171, "per,cent": 0.006484733855714671, "cent,<e>": 0.006484733855714671, "increase,in": 0.001215887597946501, "in,prices": 0.0006754931099702783, "<s>,if": 0.004323155903809781, "<s>,and": 0.0010807889759524452, "the,whole": 0.0010807889759524452, "to,which": 0.0014860848419346122, "which,he": 0.0018913807079167792, "my,noble": 0.0017562820859227236, "noble,friend": 0.0014860848419346122, "friend,lord": 0.001215887597946501, "this,is": 0.002026479329910835, "can,be": 0.0016211834639286678, "lords,will": 0.0025668738178870575, "will,the": 0.0027019724398811133, "ask,him": 0.0013509862199405566, "sits,down": 0.0021615779519048904, "of,his": 0.0016211834639286678, "he,not": 0.0006754931099702783, "not,agree": 0.0013509862199405566, "that,a": 0.0018913807079167792, "in,other": 0.0014860848419346122, "is,the": 0.006484733855714671, "the,first": 0.0021615779519048904, "so,much": 0.0009456903539583896, "the,fact": 0.0021615779519048904, "fact,that": 0.002431775195893002, "that,in": 0.0021615779519048904, "are,not": 0.0008105917319643339, "because,the": 0.0008105917319643339, "agree,with": 0.0006754931099702783, "is,this": 0.0006754931099702783, "is,so": 0.0008105917319643339, "to,have": 0.0013509862199405566, "have,the": 0.0006754931099702783, "the,best": 0.0009456903539583896, "<s>,is": 0.0017562820859227236, "is,it": 0.0016211834639286678, "it,not": 0.0017562820859227236, "which,is": 0.0018913807079167792, "be,able": 0.001215887597946501, "i,believe": 0.0008105917319643339, "one,of": 0.0018913807079167792, "i,think": 0.002837071061875169, "think,that": 0.0018913807079167792, "to,do": 0.001215887597946501, "lords,if": 0.0018913807079167792, "i,may": 0.0009456903539583896, "the,second": 0.0008105917319643339, "into,account": 0.0006754931099702783,