{"<cs>,my": 0.05148005148005148, "my,lords": 0.05148005148005148, "lords,i": 0.032175032175032175, "i,ask": 0.006435006435006435, "which,i": 0.007722007722007722, "i,should": 0.03474903474903475, "like,to": 0.036036036036036036, "to,thank": 0.014157014157014158, "to,the": 0.028314028314028315, "have,been": 0.010296010296010296, "<e>,<s>": 0.11969111969111969, "i,have": 0.007722007722007722, "of,the": 0.06306306306306306, "in,the": 0.02445302445302445, "in,a": 0.007722007722007722, "as,a": 0.011583011583011582, "a,member": 0.01287001287001287, "member,of": 0.011583011583011582, "the,committee": 0.010296010296010296, "on,the": 0.01673101673101673, "<s>,i": 0.02574002574002574, "this,afternoon": 0.011583011583011582, "at,the": 0.01287001287001287, "from,the": 0.006435006435006435, "should,like": 0.032175032175032175, "that,i": 0.007722007722007722, "i,think": 0.006435006435006435, "should,be": 0.007722007722007722, "with,the": 0.010296010296010296, "of,this": 0.006435006435006435, "my,noble": 0.009009009009009009, "noble,friend": 0.009009009009009009, "<cs>,i": 0.014157014157014158, "has,been": 0.009009009009009009, "<s>,we": 0.009009009009009009, "we,are": 0.009009009009009009, "<s>,the": 0.015444015444015444, "to,be": 0.007722007722007722, "to,make": 0.006435006435006435, "<s>,it": 0.006435006435006435, "and,the": 0.009009009009009009, "would,be": 0.006435006435006435, "the,noble": 0.021879021879021878, "noble,lord": 0.014157014157014158, "lord,lord": 0.014157014157014158, "and,that": 0.006435006435006435, "for,the": 0.009009009009009009, "i,am": 0.014157014157014158, "i,must": 0.006435006435006435, "that,the": 0.018018018018018018, "freedom,of": 0.007722007722007722, "of,speech": 0.007722007722007722, "it,is": 0.006435006435006435, "to,add": 0.006435006435006435, "noble,baroness": 0.006435006435006435, "the,minister": 0.009009009009009009, "that,we": 0.010296010296010296, "thank,the": 0.006435006435006435, "i,wish": 0.007722007722007722, "wish,to": 0.009009009009009009, "that,it": 0.006435006435006435, "the,debate": 0.009009009009009009, "the,select": 0.006435006435006435}