{"<cs>,my": 0.048370136698212406, "my,lords": 0.049947423764458466, "lords,i": 0.02260778128286015, "that,it": 0.0057833859095688745, "it,would": 0.003680336487907466, "would,be": 0.005257623554153523, "in,a": 0.004206098843322818, "on,the": 0.011566771819137749, "of,the": 0.04363827549947424, "the,soviet": 0.005257623554153523, "not,be": 0.00473186119873817, "in,the": 0.01840168243953733, "we,have": 0.003680336487907466, "<e>,<s>": 0.07360672975814932, "it,is": 0.01629863301787592, "that,the": 0.012618296529968454, "and,the": 0.007360672975814932, "soviet,union": 0.004206098843322818, "during,the": 0.0031545741324921135, "white,paper": 0.0026288117770767614, "i,should": 0.004206098843322818, "should,like": 0.0057833859095688745, "like,to": 0.006834910620399579, "to,my": 0.0031545741324921135, "my,noble": 0.029442691903259727, "noble,friend": 0.028391167192429023, "friend,lord": 0.014195583596214511, "<s>,i": 0.014721345951629864, "i,think": 0.007360672975814932, "of,this": 0.00473186119873817, "this,debate": 0.005257623554153523, "pointed,out": 0.003680336487907466, "is,not": 0.0026288117770767614, "the,united": 0.004206098843322818, "united,states": 0.004206098843322818, "that,is": 0.003680336487907466, "the,first": 0.0031545741324921135, "from,the": 0.0031545741324921135, "the,second": 0.0026288117770767614, "i,beg": 0.0031545741324921135, "beg,leave": 0.0031545741324921135, "leave,to": 0.0031545741324921135, "to,ask": 0.0026288117770767614, "ask,the": 0.0031545741324921135, "the,question": 0.0031545741324921135, "question,which": 0.0026288117770767614, "which,stands": 0.0026288117770767614, "stands,in": 0.0026288117770767614, "in,my": 0.004206098843322818, "my,name": 0.0031545741324921135, "name,on": 0.0026288117770767614, "the,order": 0.0026288117770767614, "order,paper": 0.0026288117770767614, "paper,<e>": 0.0031545741324921135, "i,am": 0.00946372239747634, "am,grateful": 0.003680336487907466, "grateful,to": 0.004206098843322818, "friend,for": 0.0031545741324921135, "for,that": 0.0031545741324921135, "seems,to": 0.0026288117770767614, "on,this": 0.005257623554153523, "is,one": 0.0026288117770767614, "to,have": 0.003680336487907466, "a,debate": 0.0026288117770767614, "the,house": 0.008412197686645636, "to,the": 0.022082018927444796, "the,noble": 0.026288117770767613, "noble,lord": 0.022082018927444796, "lord,lord": 0.017875920084121977, "of,us": 0.0026288117770767614, "with,the": 0.0026288117770767614, "seem,to": 0.0026288117770767614, "to,be": 0.008937960042060988, "noble,lords": 0.011041009463722398, "think,that": 0.00473186119873817, "to,say": 0.00473186119873817, "<s>,the": 0.006309148264984227, "debate,and": 0.0026288117770767614, "of,a": 0.003680336487907466, "may,i": 0.003680336487907466, "at,the": 0.0057833859095688745, "by,the": 0.006834910620399579, "has,been": 0.008412197686645636, "that,there": 0.003680336487907466, "that,he": 0.0031545741324921135, "to,congratulate": 0.0026288117770767614, "which,has": 0.00473186119873817, "i,speak": 0.0026288117770767614, "as,a": 0.00473186119873817, "a,great": 0.004206098843322818, "which,i": 0.0026288117770767614, "on,a": 0.0026288117770767614, "<s>,it": 0.009989484752891693, "other,noble": 0.00473186119873817, "lords,the": 0.003680336487907466, "your,lordships": 0.003680336487907466, "that,i": 0.007360672975814932, "i,shall": 0.003680336487907466, "lords,it": 0.0031545741324921135, "this,side": 0.0031545741324921135, "side,of": 0.004206098843322818, "do,not": 0.0026288117770767614, "i,must": 0.003680336487907466, "agree,that": 0.0026288117770767614, "that,we": 0.0031545741324921135, "we,are": 0.005257623554153523, "lords,like": 0.003680336487907466, "like,other": 0.004206098843322818, "select,committee": 0.004206098843322818, "it,was": 0.0057833859095688745, "the,select": 0.0026288117770767614, "of,my": 0.0026288117770767614, "should,be": 0.004206098843322818, "be,able": 0.0026288117770767614, "able,to": 0.0031545741324921135, "which,is": 0.0026288117770767614, "lord,jenkins": 0.004206098843322818, "jenkins,of": 0.0031545741324921135, "did,not": 0.0026288117770767614, "in,this": 0.006834910620399579, "this,house": 0.0026288117770767614, "debate,on": 0.0031545741324921135, "to,me": 0.0031545741324921135, "have,been": 0.0057833859095688745, "is,a": 0.00473186119873817, "fact,that": 0.0026288117770767614, "<s>,this": 0.003680336487907466, "the,case": 0.0026288117770767614, "by,my": 0.0031545741324921135, "the,government": 0.0057833859095688745, "friend,the": 0.00473186119873817, "the,minister": 0.00473186119873817, "for,the": 0.0057833859095688745, "for,a": 0.0026288117770767614, "as,to": 0.003680336487907466, "lords,<e>": 0.0026288117770767614, "debate,<e>": 0.004206098843322818, "must,be": 0.0026288117770767614, "for,introducing": 0.0031545741324921135, "say,that": 0.0026288117770767614, "the,debate": 0.004206098843322818, "to,which": 0.0026288117770767614, "that,that": 0.0026288117770767614, "there,are": 0.0031545741324921135, "one,of": 0.00473186119873817, "the,moment": 0.0031545741324921135, "will,be": 0.0031545741324921135, "the,amendment": 0.0026288117770767614}