{"<cs>,my": 0.050425273390036454, "my,lords": 0.05103280680437424, "lords,in": 0.003037667071688943, "in,view": 0.0054678007290400975, "view,of": 0.007290400972053463, "has,been": 0.007897934386391251, "may,i": 0.013973268529769137, "the,noble": 0.01761846901579587, "noble,lord": 0.010935601458080195, "lord,lord": 0.004860267314702308, "i,am": 0.00425273390036452, "that,we": 0.0036452004860267314, "<e>,<s>": 0.06622114216281895, "<s>,as": 0.003037667071688943, "on,the": 0.01701093560145808, "on,this": 0.00425273390036452, "of,the": 0.04981773997569866, "the,house": 0.00425273390036452, "<s>,i": 0.010328068043742407, "by,the": 0.011543134872417983, "for,the": 0.006682867557715674, "in,his": 0.0036452004860267314, "to,the": 0.024301336573511544, "that,he": 0.0036452004860267314, "as,the": 0.0036452004860267314, "in,this": 0.00850546780072904, "this,house": 0.003037667071688943, "the,minister": 0.018833535844471446, "<s>,is": 0.006075334143377886, "in,a": 0.0054678007290400975, "a,position": 0.003037667071688943, "position,to": 0.003037667071688943, "is,the": 0.00850546780072904, "that,the": 0.014580801944106925, "the,united": 0.014580801944106925, "united,states": 0.00425273390036452, "has,just": 0.003037667071688943, "lords,may": 0.006682867557715674, "i,ask": 0.011543134872417983, "ask,the": 0.01275820170109356, "whether,it": 0.0036452004860267314, "it,is": 0.012150668286755772, "is,not": 0.003037667071688943, "united,nations": 0.009113001215066828, "is,in": 0.0036452004860267314, "is,a": 0.006682867557715674, "do,not": 0.003037667071688943, "lords,i": 0.014580801944106925, "which,the": 0.004860267314702308, "my,noble": 0.012150668286755772, "noble,friend": 0.011543134872417983, "should,be": 0.0054678007290400975, "i,have": 0.003037667071688943, "that,in": 0.0054678007290400975, "lord,the": 0.003037667071688943, "referred,to": 0.003037667071688943, "with,regard": 0.00425273390036452, "regard,to": 0.00425273390036452, "can,he": 0.004860267314702308, "will,be": 0.004860267314702308, "given,to": 0.0036452004860267314, "the,question": 0.009113001215066828, "question,of": 0.00425273390036452, "to,a": 0.003037667071688943, "is,to": 0.0036452004860267314, "is,it": 0.007290400972053463, "to,be": 0.00850546780072904, "be,understood": 0.003037667071688943, "lords,is": 0.003037667071688943, "and,that": 0.003037667071688943, "that,it": 0.00425273390036452, "<s>,in": 0.003037667071688943, "aware,that": 0.00425273390036452, "in,the": 0.0212636695018226, "this,country": 0.007290400972053463, "country,<e>": 0.0054678007290400975, "with,the": 0.009113001215066828, "of,a": 0.0036452004860267314, "and,the": 0.00850546780072904, "that,i": 0.003037667071688943, "we,have": 0.003037667071688943, "which,have": 0.003037667071688943, "have,been": 0.007290400972053463, "a,very": 0.003037667071688943, "which,he": 0.00425273390036452, "leave,to": 0.006682867557715674, "in,my": 0.006682867557715674, "my,name": 0.006682867557715674, "name,on": 0.006682867557715674, "the,order": 0.006682867557715674, "order,paper": 0.006682867557715674, "paper,<e>": 0.006075334143377886, "i,should": 0.0036452004860267314, "should,like": 0.0036452004860267314, "like,to": 0.0036452004860267314, "to,ask": 0.007290400972053463, "would,it": 0.0036452004860267314, "proportion,of": 0.003037667071688943, "from,the": 0.00850546780072904, "minister,whether": 0.003037667071688943, "at,the": 0.0036452004860267314, "the,fact": 0.0036452004860267314, "fact,that": 0.004860267314702308, "it,not": 0.00850546780072904, "of,this": 0.003037667071688943, "there,is": 0.004860267314702308, "question,which": 0.006682867557715674, "ask,him": 0.003037667071688943, "right,to": 0.003037667071688943, "of,south": 0.0036452004860267314, "which,is": 0.003037667071688943, "africa,<e>": 0.0036452004860267314, "that,there": 0.006682867557715674, "there,should": 0.003037667071688943, "i,beg": 0.006075334143377886, "beg,leave": 0.006075334143377886, "which,stands": 0.006075334143377886, "stands,in": 0.006075334143377886, "<s>,may": 0.003037667071688943, "lords,would": 0.006075334143377886, "would,the": 0.00425273390036452, "minister,not": 0.003037667071688943, "not,agree": 0.004860267314702308, "agree,that": 0.0054678007290400975, "the,total": 0.0036452004860267314, "would,not": 0.003037667071688943, "the,republic": 0.0054678007290400975, "i,was": 0.003037667071688943, "republic,of": 0.0036452004860267314, "south,africa": 0.00425273390036452, "bill,<e>": 0.0036452004860267314, "the,bill": 0.0036452004860267314}