{"<cs>,my": 0.029387920551276855, "my,lords": 0.029995946493717066, "to,take": 0.0010133765707336846, "the,noble": 0.03891366031617349, "noble,lord": 0.028779894608836645, "lord,lord": 0.02047020672882043, "lord,elton": 0.003445480340494528, "on,his": 0.0014187271990271585, "at,the": 0.005066882853668423, "the,northern": 0.0018240778273206323, "northern,ireland": 0.01256586947709769, "<e>,<s>": 0.08046209971625456, "<s>,i": 0.0263477908390758, "i,understand": 0.0012160518848804217, "that,he": 0.0022294284556141062, "he,is": 0.0012160518848804217, "is,to": 0.0032428050263477908, "to,have": 0.0010133765707336846, "and,we": 0.0010133765707336846, "that,this": 0.0016214025131738954, "this,is": 0.0032428050263477908, "is,a": 0.0038508309687880016, "in,which": 0.0016214025131738954, "<s>,the": 0.0064856100526955816, "the,way": 0.0012160518848804217, "way,in": 0.0010133765707336846, "of,the": 0.018646128901499796, "the,two": 0.0014187271990271585, "<s>,we": 0.005066882853668423, "in,his": 0.0018240778273206323, "would,be": 0.0014187271990271585, "in,northern": 0.005674908796108634, "ireland,<e>": 0.0018240778273206323, "is,that": 0.0010133765707336846, "for,the": 0.005674908796108634, "lord,<e>": 0.0010133765707336846, "that,is": 0.0012160518848804217, "i,shall": 0.0038508309687880016, "i,believe": 0.002026753141467369, "the,province": 0.0038508309687880016, "province,<e>": 0.0012160518848804217, "there,is": 0.0018240778273206323, "on,this": 0.0014187271990271585, "i,am": 0.0064856100526955816, "the,secretary": 0.002026753141467369, "secretary,of": 0.002026753141467369, "in,the": 0.011957843534657479, "the,other": 0.0024321037697608433, "other,place": 0.002026753141467369, "and,the": 0.003445480340494528, "noble,lords": 0.0012160518848804217, "in,your": 0.0010133765707336846, "your,lordships": 0.0014187271990271585, "lordships,house": 0.0010133765707336846, "lords,i": 0.02047020672882043, "i,think": 0.0022294284556141062, "that,i": 0.002837454398054317, "i,should": 0.0064856100526955816, "this,point": 0.0010133765707336846, "point,<e>": 0.0014187271990271585, "that,we": 0.003445480340494528, "we,must": 0.0010133765707336846, "support,the": 0.003445480340494528, "in,this": 0.00263477908390758, "this,order": 0.009931090393190109, "order,<e>": 0.010741791649777057, "<s>,it": 0.006282934738548845, "like,to": 0.013376570733684636, "to,support": 0.0010133765707336846, "lords,we": 0.0014187271990271585, "too,would": 0.0014187271990271585, "would,like": 0.0014187271990271585, "to,thank": 0.009120389136603162, "thank,the": 0.01783542764491285, "elton,for": 0.00263477908390758, "for,repeating": 0.0022294284556141062, "repeating,the": 0.0012160518848804217, "the,statement": 0.0018240778273206323, "to,the": 0.014997973246858533, "and,that": 0.0018240778273206323, "that,the": 0.009728415079043373, "of,state": 0.0016214025131738954, "with,the": 0.004053506282934738, "look,forward": 0.0012160518848804217, "forward,to": 0.0010133765707336846, "as,the": 0.002026753141467369, "of,a": 0.0022294284556141062, "am,sure": 0.0018240778273206323, "sure,that": 0.0010133765707336846, "the,whole": 0.0016214025131738954, "house,will": 0.0010133765707336846, "will,be": 0.002026753141467369, "grateful,to": 0.0010133765707336846, "noble,viscount": 0.0014187271990271585, "me,to": 0.0010133765707336846, "if,i": 0.0014187271990271585, "be,a": 0.0016214025131738954, "of,northern": 0.0010133765707336846, "may,i": 0.0018240778273206323, "this,debate": 0.0012160518848804217, "so,ably": 0.0010133765707336846, "by,the": 0.005674908796108634, "lord,underhill": 0.002026753141467369, "should,like": 0.011349817592217268, "to,say": 0.0022294284556141062, "it,is": 0.009728415079043373, "noble,baroness": 0.0014187271990271585, "of,course": 0.0018240778273206323, "we,should": 0.0012160518848804217, "but,i": 0.002837454398054317, "the,same": 0.0022294284556141062, "same,time": 0.0014187271990271585, "at,this": 0.0010133765707336846, "i,hope": 0.0014187271990271585, "<s>,as": 0.0032428050263477908, "my,noble": 0.0012160518848804217, "and,not": 0.0012160518848804217, "as,a": 0.0010133765707336846, "once,again": 0.0014187271990271585, "and,for": 0.0012160518848804217, "so,much": 0.0014187271990271585, "to,put": 0.002026753141467369, "<s>,at": 0.0012160518848804217, "the,moment": 0.0012160518848804217, "we,support": 0.0014187271990271585, "the,government": 0.003445480340494528, "i,do": 0.002837454398054317, "do,not": 0.00263477908390758, "i,might": 0.0010133765707336846, "ask,the": 0.0012160518848804217, "which,is": 0.0010133765707336846, "<s>,this": 0.0012160518848804217, "speak,only": 0.0012160518848804217, "the,bill": 0.0016214025131738954, "and,i": 0.0074989866234292666, "i,speak": 0.0016214025131738954, "<s>,first": 0.0012160518848804217, "i,was": 0.0036481556546412645, "was,a": 0.0012160518848804217, "this,bill": 0.0014187271990271585, "to,be": 0.005674908796108634, "<s>,secondly": 0.0010133765707336846, "that,it": 0.0038508309687880016, "it,was": 0.0012160518848804217, "noble,friend": 0.0010133765707336846, "i,too": 0.011755168220510741, "too,should": 0.006688285366842318, "repeating,this": 0.0010133765707336846, "this,statement": 0.0010133765707336846, "we,shall": 0.0010133765707336846, "fact,that": 0.0014187271990271585, "<s>,is": 0.0010133765707336846, "is,the": 0.0022294284556141062, "that,in": 0.0010133765707336846, "the,present": 0.0018240778273206323, "is,not": 0.00263477908390758, "not,a": 0.0010133765707336846, "from,the": 0.0016214025131738954, "a,few": 0.0010133765707336846, "to,me": 0.0018240778273206323, "at,a": 0.0010133765707336846, "the,house": 0.002026753141467369, "i,have": 0.007093635995135792, "have,listened": 0.0030401297122010537, "listened,with": 0.0022294284556141062, "with,interest": 0.0032428050263477908, "interest,to": 0.0030401297122010537, "to,what": 0.002026753141467369, "said,<e>": 0.0016214025131738954, "briefly,<e>": 0.0012160518848804217, "lords,the": 0.0022294284556141062, "in,england": 0.0010133765707336846, "england,and": 0.0014187271990271585, "and,wales": 0.0014187271990271585, "that,they": 0.0016214025131738954, "should,be": 0.0030401297122010537, "<s>,there": 0.0014187271990271585, "on,the": 0.004256181597081476, "the,fact": 0.0012160518848804217, "as,has": 0.0010133765707336846, "has,been": 0.0036481556546412645, "been,said": 0.0012160518848804217, "they,are": 0.0010133765707336846, "which,has": 0.0012160518848804217, "at,present": 0.0012160518848804217, "hope,that": 0.0016214025131738954, "of,which": 0.0010133765707336846, "<s>,in": 0.0016214025131738954, "i,thank": 0.005674908796108634, "for,his": 0.006282934738548845, "his,introduction": 0.003445480340494528, "introduction,of": 0.003445480340494528, "to,hear": 0.0014187271990271585, "what,the": 0.0030401297122010537, "lord,blease": 0.0030401297122010537, "i,wish": 0.0014187271990271585, "wish,to": 0.002026753141467369, "to,speak": 0.0010133765707336846, "with,great": 0.0016214025131738954, "great,interest": 0.0012160518848804217, "lord,for": 0.0014187271990271585, "the,minister": 0.011957843534657479, "said,and": 0.0010133765707336846, "we,have": 0.0012160518848804217, "listened,to": 0.0018240778273206323, "the,order": 0.0074989866234292666, "i,listened": 0.0010133765707336846, "for,introducing": 0.008917713822456425, "introducing,this": 0.005472233481961897, "order,and": 0.0030401297122010537, "has,said": 0.0014187271990271585, "my,party": 0.0012160518848804217, "this,matter": 0.0010133765707336846, "have,been": 0.002026753141467369, "as,it": 0.0010133765707336846, "to,see": 0.0016214025131738954, "as,always": 0.0010133765707336846, "did,not": 0.0010133765707336846, "if,the": 0.0010133765707336846, "the,united": 0.0012160518848804217, "united,kingdom": 0.0012160518848804217, "lord,the": 0.003445480340494528, "minister,for": 0.008107012565869477, "can,be": 0.0016214025131738954, "to,ask": 0.0018240778273206323, "which,i": 0.00263477908390758, "it,<e>": 0.0010133765707336846,