{"<cs>,my": 0.04061470911086718, "my,lords": 0.041163556531284305, "lords,i": 0.009879253567508232, "to,be": 0.006586169045005488, "in,this": 0.007135016465422613, "on,the": 0.006586169045005488, "<e>,<s>": 0.11031833150384193, "at,the": 0.0043907793633369925, "i,am": 0.015367727771679473, "by,the": 0.015367727771679473, "of,the": 0.03402854006586169, "the,noble": 0.03677277716794731, "noble,viscount": 0.003293084522502744, "<s>,i": 0.023600439077936335, "i,should": 0.0038419319429198683, "as,a": 0.0038419319429198683, "of,a": 0.0027442371020856204, "lords,will": 0.0038419319429198683, "will,the": 0.0060373216245883645, "the,minister": 0.019758507135016465, "whether,the": 0.004939626783754116, "the,government": 0.02305159165751921, "government,have": 0.0027442371020856204, "with,the": 0.013172338090010977, "for,the": 0.0043907793633369925, "of,that": 0.0027442371020856204, "which,is": 0.0038419319429198683, "noble,lord": 0.024149286498353458, "the,house": 0.004939626783754116, "the,prime": 0.0027442371020856204, "prime,minister": 0.0038419319429198683, "in,the": 0.019758507135016465, "made,by": 0.0060373216245883645, "lords,is": 0.0027442371020856204, "is,the": 0.0060373216245883645, "aware,that": 0.0060373216245883645, "<s>,is": 0.0060373216245883645, "is,he": 0.0038419319429198683, "the,united": 0.003293084522502744, "united,kingdom": 0.0027442371020856204, "perhaps,i": 0.003293084522502744, "i,may": 0.0043907793633369925, "my,noble": 0.010976948408342482, "noble,friend": 0.010428100987925357, "friend,lord": 0.007135016465422613, "<s>,he": 0.0043907793633369925, "he,is": 0.003293084522502744, "is,a": 0.007135016465422613, "i,was": 0.0027442371020856204, "lord,lord": 0.009879253567508232, "on,this": 0.003293084522502744, "that,i": 0.009330406147091108, "from,the": 0.0043907793633369925, "that,he": 0.0060373216245883645, "he,made": 0.0027442371020856204, "that,the": 0.019758507135016465, "does,the": 0.004939626783754116, "agree,that": 0.004939626783754116, "in,that": 0.0027442371020856204, "not,the": 0.0043907793633369925, "the,european": 0.0038419319429198683, "<s>,as": 0.0027442371020856204, "<s>,that": 0.003293084522502744, "it,is": 0.009330406147091108, "of,all": 0.0027442371020856204, "secretary,of": 0.004939626783754116, "of,state": 0.004939626783754116, "state,for": 0.003293084522502744, "trade,and": 0.0027442371020856204, "and,industry": 0.0027442371020856204, "when,he": 0.0027442371020856204, "what,is": 0.0027442371020856204, "it,was": 0.0027442371020856204, "should,be": 0.0027442371020856204, "<s>,in": 0.007683863885839737, "noble,lords": 0.003293084522502744, "<s>,what": 0.0060373216245883645, "government,are": 0.0038419319429198683, "to,take": 0.0027442371020856204, "the,secretary": 0.0038419319429198683, "minister,<e>": 0.003293084522502744, "is,it": 0.0027442371020856204, "<s>,does": 0.003293084522502744, "did,not": 0.0027442371020856204, "to,the": 0.019209659714599342, "<s>,it": 0.006586169045005488, "before,the": 0.0038419319429198683, "said,<e>": 0.0043907793633369925, "the,point": 0.003293084522502744, "<s>,the": 0.003293084522502744, "rather,than": 0.0027442371020856204, "in,relation": 0.0060373216245883645, "relation,to": 0.0060373216245883645, "the,governments": 0.0038419319429198683, "<cs>,i": 0.0043907793633369925, "will,be": 0.003293084522502744, "which,i": 0.003293084522502744, "that,there": 0.004939626783754116, "that,is": 0.0060373216245883645, "the,amendment": 0.007683863885839737, "has,been": 0.0038419319429198683, "the,question": 0.0038419319429198683, "i,wonder": 0.003293084522502744, "wonder,whether": 0.003293084522502744, "do,not": 0.0027442371020856204, "<cs>,the": 0.003293084522502744, "is,not": 0.003293084522502744, "<s>,if": 0.0043907793633369925, "say,that": 0.0038419319429198683, "the,matter": 0.005488474204171241, "to,say": 0.0027442371020856204, "what,he": 0.003293084522502744, "he,has": 0.003293084522502744, "there,is": 0.007135016465422613, "would,be": 0.0038419319429198683, "noble,earl": 0.005488474204171241, "for,that": 0.0027442371020856204, "the,commission": 0.003293084522502744, "that,<e>": 0.0027442371020856204, "am,not": 0.0027442371020856204, "sits,down": 0.003293084522502744, "i,thank": 0.0043907793633369925, "amendment,<e>": 0.007135016465422613, "thank,the": 0.0038419319429198683, "circumstances,i": 0.003293084522502744, "i,beg": 0.006586169045005488, "beg,leave": 0.006586169045005488, "leave,to": 0.006586169045005488, "to,withdraw": 0.006586169045005488, "withdraw,the": 0.006586169045005488, "i,have": 0.0027442371020856204, "how,many": 0.0027442371020856204, "there,are": 0.0027442371020856204, "stage,<e>": 0.0027442371020856204, "deal,with": 0.0027442371020856204, "to,consider": 0.0027442371020856204, "at,this": 0.0027442371020856204, "he,said": 0.0027442371020856204}