{"<cs>,my": 0.031833150384193196, "my,lords": 0.033479692645444564, "for,the": 0.007135016465422613, "may,i": 0.00823271130625686, "the,noble": 0.02030735455543359, "noble,lord": 0.01646542261251372, "lord,lord": 0.015367727771679473, "that,i": 0.019758507135016465, "i,did": 0.0038419319429198683, "did,not": 0.0038419319429198683, "lords,i": 0.018111964873765093, "i,should": 0.012074643249176729, "should,like": 0.010976948408342482, "like,to": 0.010976948408342482, "thank,the": 0.003293084522502744, "giving,us": 0.0027442371020856204, "of,the": 0.03238199780461032, "the,antarctic": 0.0038419319429198683, "<e>,<s>": 0.09989023051591657, "<s>,i": 0.03293084522502744, "i,hope": 0.003293084522502744, "are,not": 0.0027442371020856204, "that,is": 0.004939626783754116, "it,is": 0.012074643249176729, "the,world": 0.0038419319429198683, "i,believe": 0.004939626783754116, "i,beg": 0.0027442371020856204, "beg,leave": 0.0027442371020856204, "leave,to": 0.003293084522502744, "the,question": 0.003293084522502744, "in,my": 0.003293084522502744, "on,the": 0.010976948408342482, "paper,<e>": 0.0027442371020856204, "my,noble": 0.02579582875960483, "noble,friend": 0.02469813391877058, "friend,for": 0.0027442371020856204, "for,that": 0.0027442371020856204, "which,is": 0.0038419319429198683, "is,not": 0.0043907793633369925, "from,the": 0.0038419319429198683, "to,the": 0.014818880351262349, "the,debate": 0.003293084522502744, "on,this": 0.0038419319429198683, "which,i": 0.0043907793633369925, "i,ask": 0.0027442371020856204, "and,the": 0.012623490669593854, "the,government": 0.010976948408342482, "they,are": 0.005488474204171241, "as,they": 0.0027442371020856204, "is,the": 0.0027442371020856204, "and,i": 0.003293084522502744, "i,am": 0.018660812294182216, "of,a": 0.003293084522502744, "<cs>,i": 0.00823271130625686, "i,have": 0.014270032930845226, "have,to": 0.0060373216245883645, "that,the": 0.010428100987925357, "your,lordships": 0.004939626783754116, "aware,that": 0.0027442371020856204, "and,that": 0.005488474204171241, "we,are": 0.004939626783754116, "in,mind": 0.0027442371020856204, "in,the": 0.019758507135016465, "the,falkland": 0.0038419319429198683, "falkland,islands": 0.003293084522502744, "<s>,in": 0.0027442371020856204, "would,be": 0.0027442371020856204, "i,thank": 0.0027442371020856204, "<s>,however": 0.0038419319429198683, "there,is": 0.0038419319429198683, "i,wish": 0.0038419319429198683, "wish,to": 0.0038419319429198683, "as,a": 0.0038419319429198683, "anglia,television": 0.003293084522502744, "if,i": 0.003293084522502744, "i,may": 0.0043907793633369925, "the,amendment": 0.0043907793633369925, "amendment,<e>": 0.0043907793633369925, "at,the": 0.003293084522502744, "am,not": 0.003293084522502744, "year,<e>": 0.0027442371020856204, "which,has": 0.003293084522502744, "has,not": 0.0027442371020856204, "not,been": 0.0027442371020856204, "been,mentioned": 0.003293084522502744, "but,i": 0.0043907793633369925, "<s>,the": 0.005488474204171241, "nature,conservancy": 0.003293084522502744, "and,so": 0.0027442371020856204, "for,a": 0.003293084522502744, "by,the": 0.005488474204171241, "noble,lords": 0.0038419319429198683, "has,been": 0.0043907793633369925, "say,that": 0.0060373216245883645, "that,there": 0.0038419319429198683, "to,be": 0.007683863885839737, "and,to": 0.0027442371020856204, "friend,lord": 0.00823271130625686, "what,i": 0.003293084522502744, "a,very": 0.0038419319429198683, "perhaps,i": 0.0038419319429198683, "although,i": 0.0027442371020856204, "i,was": 0.0060373216245883645, "going,to": 0.0027442371020856204, "amendment,no": 0.0027442371020856204, "no,<e>": 0.0027442371020856204, "to,say": 0.007683863885839737, "i,shall": 0.0060373216245883645, "to,have": 0.0038419319429198683, "that,it": 0.0060373216245883645, "i,feel": 0.003293084522502744, "on,a": 0.0027442371020856204, "will,be": 0.005488474204171241, "in,order": 0.0027442371020856204, "order,to": 0.0027442371020856204, "the,minister": 0.006586169045005488, "friend,the": 0.0060373216245883645, "because,i": 0.003293084522502744, "as,chairman": 0.0027442371020856204, "chairman,of": 0.0027442371020856204, "have,been": 0.0043907793633369925, "it,<e>": 0.0038419319429198683, "it,will": 0.0027442371020856204, "<s>,it": 0.006586169045005488, "part,of": 0.0027442371020856204, "the,bill": 0.0043907793633369925, "is,a": 0.0038419319429198683, "do,not": 0.0043907793633369925, "should,be": 0.0027442371020856204, "out,of": 0.0027442371020856204, "am,grateful": 0.003293084522502744, "grateful,to": 0.004939626783754116, "to,my": 0.004939626783754116, "with,the": 0.0043907793633369925, "south,georgia": 0.003293084522502744, "<s>,that": 0.0027442371020856204, "to,speak": 0.0027442371020856204, "very,briefly": 0.003293084522502744, "about,the": 0.0043907793633369925, "the,subject": 0.0027442371020856204, "i,think": 0.0027442371020856204, "<s>,we": 0.0038419319429198683, "that,he": 0.0027442371020856204, "shall,not": 0.003293084522502744}