{"<cs>,my": 0.04933586337760911, "my,lords": 0.04933586337760911, "i,add": 0.013282732447817837, "add,my": 0.024667931688804556, "to,the": 0.05313092979127135, "the,noble": 0.03984819734345351, "noble,lord": 0.03415559772296015, "lord,lord": 0.03225806451612903, "for,introducing": 0.011385199240986717, "introducing,this": 0.009487666034155597, "i,am": 0.017077798861480076, "that,the": 0.015180265654648957, "your,lordships": 0.013282732447817837, "of,this": 0.011385199240986717, "this,debate": 0.020872865275142316, "will,be": 0.009487666034155597, "<e>,<s>": 0.11385199240986717, "<s>,i": 0.04174573055028463, "my,congratulations": 0.009487666034155597, "congratulations,to": 0.009487666034155597, "who,have": 0.013282732447817837, "in,his": 0.009487666034155597, "in,the": 0.020872865275142316, "i,shall": 0.013282732447817837, "this,afternoon": 0.013282732447817837, "afternoon,<e>": 0.011385199240986717, "i,think": 0.015180265654648957, "it,is": 0.015180265654648957, "lords,i": 0.03225806451612903, "and,the": 0.013282732447817837, "my,noble": 0.022770398481973434, "noble,friend": 0.018975332068311195, "friend,lord": 0.013282732447817837, "on,the": 0.015180265654648957, "in,this": 0.013282732447817837, "of,the": 0.026565464895635674, "debate,<e>": 0.013282732447817837, "for,the": 0.015180265654648957, "have,been": 0.009487666034155597, "there,is": 0.009487666034155597, "<s>,it": 0.011385199240986717, "the,government": 0.009487666034155597, "i,should": 0.015180265654648957, "should,like": 0.011385199240986717, "like,to": 0.013282732447817837, "tribute,to": 0.009487666034155597, "which,i": 0.011385199240986717, "the,debate": 0.015180265654648957, "that,there": 0.009487666034155597}