{"<cs>,my": 0.04868421052631579, "my,lords": 0.04868421052631579, "lords,i": 0.010526315789473684, "i,should": 0.010526315789473684, "should,like": 0.007894736842105263, "thank,the": 0.003947368421052632, "the,government": 0.009210526315789473, "noble,friend": 0.003289473684210526, "friend,lord": 0.003947368421052632, "maiden,speech": 0.003947368421052632, "speech,<e>": 0.003289473684210526, "<e>,<s>": 0.10789473684210527, "<s>,i": 0.015789473684210527, "of,your": 0.003289473684210526, "your,lordships": 0.009868421052631578, "before,the": 0.003289473684210526, "the,noble": 0.04802631578947368, "noble,lord": 0.021710526315789475, "he,would": 0.003289473684210526, "agree,that": 0.003289473684210526, "it,is": 0.008552631578947369, "question,of": 0.004605263157894736, "and,that": 0.003289473684210526, "that,is": 0.005263157894736842, "<s>,and": 0.003947368421052632, "of,the": 0.03223684210526316, "can,the": 0.003947368421052632, "the,minister": 0.0059210526315789476, "it,was": 0.003947368421052632, "in,the": 0.015789473684210527, "noble,earl": 0.007236842105263158, "up,to": 0.003947368421052632, "lords,is": 0.007236842105263158, "is,it": 0.003289473684210526, "it,not": 0.004605263157894736, "fact,that": 0.005263157894736842, "in,this": 0.0059210526315789476, "not,a": 0.003947368421052632, "over,the": 0.003289473684210526, "to,do": 0.003947368421052632, "as,the": 0.003289473684210526, "member,of": 0.003289473684210526, "lordships,house": 0.005263157894736842, "may,i": 0.007236842105263158, "i,ask": 0.004605263157894736, "ask,the": 0.007236842105263158, "the,territorial": 0.004605263157894736, "territorial,army": 0.0059210526315789476, "like,to": 0.008552631578947369, "to,ask": 0.006578947368421052, "aware,that": 0.007894736842105263, "<s>,the": 0.005263157894736842, "by,the": 0.011842105263157895, "to,the": 0.015789473684210527, "civil,defence": 0.005263157894736842, "<s>,in": 0.003947368421052632, "to,be": 0.0059210526315789476, "will,the": 0.005263157894736842, "bear,in": 0.0059210526315789476, "in,mind": 0.007236842105263158, "defence,<e>": 0.003947368421052632, "when,i": 0.003289473684210526, "given,to": 0.003289473684210526, "some,of": 0.003289473684210526, "of,us": 0.003947368421052632, "on,the": 0.01118421052631579, "in,that": 0.003289473684210526, "and,i": 0.007894736842105263, "i,have": 0.011842105263157895, "lord,lord": 0.008552631578947369, "and,the": 0.007236842105263158, "as,a": 0.005263157894736842, "over,dartmoor": 0.003947368421052632, "say,that": 0.003947368421052632, "would,be": 0.003289473684210526, "to,those": 0.003289473684210526, "at,the": 0.003289473684210526, "it,would": 0.003289473684210526, "lords,will": 0.003947368421052632, "the,question": 0.010526315789473684, "that,in": 0.003289473684210526, "has,been": 0.003289473684210526, "that,the": 0.009210526315789473, "which,i": 0.003947368421052632, "i,am": 0.009868421052631578, "home,defence": 0.004605263157894736, "of,this": 0.004605263157894736, "is,the": 0.007236842105263158, "i,was": 0.008552631578947369, "that,i": 0.007894736842105263, "out,of": 0.003289473684210526, "they,would": 0.003289473684210526, "with,the": 0.004605263157894736, "to,say": 0.004605263157894736, "in,which": 0.004605263157894736, "<s>,it": 0.005263157894736842, "question,which": 0.005263157894736842, "for,the": 0.0125, "<s>,would": 0.003947368421052632, "would,not": 0.004605263157894736, "i,beg": 0.005263157894736842, "beg,leave": 0.005263157894736842, "leave,to": 0.005263157894736842, "which,stands": 0.004605263157894736, "stands,in": 0.004605263157894736, "in,my": 0.007236842105263158, "my,name": 0.005263157894736842, "name,on": 0.004605263157894736, "the,order": 0.004605263157894736, "order,paper": 0.004605263157894736, "paper,<e>": 0.004605263157894736, "so,that": 0.003289473684210526, "my,interest": 0.003289473684210526, "president,of": 0.003289473684210526, "we,have": 0.003947368421052632, "that,it": 0.004605263157894736, "the,last": 0.004605263157894736, "noble,baroness": 0.007236842105263158, "for,that": 0.003289473684210526, "noble,viscount": 0.009210526315789473, "that,we": 0.004605263157894736, "<s>,they": 0.003947368421052632, "you,have": 0.003947368421052632, "have,got": 0.003947368421052632, "got,to": 0.003947368421052632, "to,see": 0.003289473684210526, "the,country": 0.003289473684210526, "have,been": 0.003289473684210526, "will,he": 0.003947368421052632, "you,are": 0.003289473684210526, "i,had": 0.003289473684210526}