{"<cs>,my": 0.01902702702702703, "my,lords": 0.018378378378378378, "lords,my": 0.0015135135135135136, "interest,in": 0.001081081081081081, "in,the": 0.014054054054054054, "of,this": 0.002162162162162162, "is,that": 0.0025945945945945945, "that,i": 0.008864864864864866, "i,have": 0.006054054054054054, "and,that": 0.0023783783783783785, "i,am": 0.011675675675675675, "very,much": 0.0015135135135135136, "of,the": 0.03156756756756757, "lords,i": 0.01145945945945946, "am,grateful": 0.0034594594594594594, "grateful,to": 0.004324324324324324, "to,the": 0.012108108108108109, "the,noble": 0.018378378378378378, "noble,lord": 0.011675675675675675, "lord,lord": 0.009513513513513514, "bill,<e>": 0.002810810810810811, "<e>,<s>": 0.07372972972972973, "<s>,the": 0.0058378378378378375, "i,also": 0.0015135135135135136, "the,bill": 0.005405405405405406, "<s>,i": 0.022054054054054053, "i,wish": 0.0019459459459459458, "to,my": 0.004972972972972973, "my,noble": 0.024216216216216217, "noble,friend": 0.015351351351351352, "no,<e>": 0.003243243243243243, "a,few": 0.0015135135135135136, "and,my": 0.001081081081081081, "friend,will": 0.0015135135135135136, "have,to": 0.0023783783783783785, "the,right": 0.0015135135135135136, "right,to": 0.0017297297297297297, "of,what": 0.0015135135135135136, "is,the": 0.002162162162162162, "<cs>,i": 0.009297297297297297, "to,what": 0.002810810810810811, "what,my": 0.0017297297297297297, "friend,has": 0.002810810810810811, "has,said": 0.0025945945945945945, "and,i": 0.0038918918918918917, "i,must": 0.001081081081081081, "if,the": 0.002162162162162162, "of,my": 0.0019459459459459458, "my,amendment": 0.002810810810810811, "the,law": 0.0041081081081081085, "i,was": 0.0025945945945945945, "as,i": 0.0025945945945945945, "i,would": 0.001081081081081081, "would,have": 0.0015135135135135136, "to,have": 0.0019459459459459458, "with,my": 0.0012972972972972972, "that,this": 0.003243243243243243, "this,is": 0.002810810810810811, "is,a": 0.0036756756756756758, "by,the": 0.0058378378378378375, "the,government": 0.0019459459459459458, "i,should": 0.008, "should,like": 0.005405405405405406, "like,to": 0.005405405405405406, "noble,and": 0.011675675675675675, "and,learned": 0.011675675675675675, "learned,friend": 0.007135135135135135, "the,words": 0.001081081081081081, "<s>,it": 0.0058378378378378375, "it,seems": 0.0019459459459459458, "seems,to": 0.003027027027027027, "to,me": 0.004324324324324324, "me,that": 0.003027027027027027, "to,speak": 0.0017297297297297297, "noble,friends": 0.0015135135135135136, "which,i": 0.0019459459459459458, "to,see": 0.001081081081081081, "have,been": 0.0034594594594594594, "landlord,and": 0.001081081081081081, "<s>,nevertheless": 0.001081081081081081, "not,be": 0.0015135135135135136, "to,say": 0.0036756756756756758, "say,that": 0.0036756756756756758, "that,in": 0.0017297297297297297, "<s>,that": 0.001081081081081081, "so,far": 0.001081081081081081, "i,do": 0.005189189189189189, "do,not": 0.00627027027027027, "not,think": 0.0017297297297297297, "think,that": 0.003243243243243243, "amendment,and": 0.0017297297297297297, "and,in": 0.0015135135135135136, "in,my": 0.0017297297297297297, "it,is": 0.008648648648648649, "should,be": 0.004756756756756757, "i,think": 0.0036756756756756758, "who,is": 0.0012972972972972972, "at,the": 0.004324324324324324, "the,clause": 0.0012972972972972972, "going,to": 0.0012972972972972972, "to,ask": 0.0012972972972972972, "the,circumstances": 0.0017297297297297297, "<s>,if": 0.001081081081081081, "there,are": 0.002162162162162162, "i,understand": 0.0019459459459459458, "the,case": 0.002162162162162162, "we,have": 0.0015135135135135136, "before,the": 0.0019459459459459458, "in,a": 0.002162162162162162, "would,be": 0.0012972972972972972, "one,<e>": 0.001081081081081081, "there,is": 0.002810810810810811, "for,the": 0.005189189189189189, "will,not": 0.0019459459459459458, "on,the": 0.0058378378378378375, "which,was": 0.0015135135135135136, "to,be": 0.006486486486486486, "a,later": 0.0012972972972972972, "i,shall": 0.0034594594594594594, "amendment,no": 0.003027027027027027, "<s>,in": 0.002810810810810811, "in,which": 0.0023783783783783785, "the,effect": 0.0012972972972972972, "effect,of": 0.0012972972972972972, "this,bill": 0.0025945945945945945, "<s>,but": 0.0015135135135135136, "but,i": 0.002162162162162162, "this,amendment": 0.003243243243243243, "to,a": 0.0019459459459459458, "am,sure": 0.001081081081081081, "sure,that": 0.001081081081081081, "that,my": 0.003243243243243243, "point,<e>": 0.0017297297297297297, "<s>,he": 0.0015135135135135136, "i,may": 0.002810810810810811, "may,be": 0.0025945945945945945, "amendment,<e>": 0.008432432432432432, "i,can": 0.0017297297297297297, "the,question": 0.003027027027027027, "question,of": 0.0023783783783783785, "as,to": 0.0015135135135135136, "a,very": 0.0015135135135135136, "<s>,however": 0.004324324324324324, "at,this": 0.0015135135135135136, "wish,to": 0.003027027027027027, "the,matter": 0.0015135135135135136, "i,beg": 0.00454054054054054, "beg,leave": 0.0036756756756756758, "leave,to": 0.004324324324324324, "to,withdraw": 0.004324324324324324, "withdraw,the": 0.0034594594594594594, "the,amendment": 0.01145945945945946, "friend,for": 0.002162162162162162, "what,he": 0.0017297297297297297, "he,has": 0.0017297297297297297, "said,<e>": 0.0012972972972972972, "clear,that": 0.0012972972972972972, "that,we": 0.003027027027027027, "it,<e>": 0.003027027027027027, "for,his": 0.0015135135135135136, "said,i": 0.0015135135135135136, "i,wonder": 0.0012972972972972972, "wonder,whether": 0.0015135135135135136, "friend,is": 0.001081081081081081, "able,to": 0.002162162162162162, "who,are": 0.001081081081081081, "that,it": 0.0023783783783783785, "will,be": 0.0023783783783783785, "the,house": 0.0019459459459459458, "me,to": 0.0012972972972972972, "that,the": 0.012972972972972972, "the,point": 0.0019459459459459458, "of,a": 0.0019459459459459458, "that,that": 0.0012972972972972972, "the,tenant": 0.002162162162162162, "with,the": 0.006918918918918919, "which,he": 0.0012972972972972972, "under,the": 0.0012972972972972972, "was,not": 0.001081081081081081, "i,agree": 0.0012972972972972972, "agree,that": 0.0012972972972972972, "that,there": 0.0034594594594594594, "learned,lord": 0.0036756756756756758, "and,the": 0.005189189189189189, "friend,lord": 0.0041081081081081085, "from,the": 0.003027027027027027, "the,new": 0.001081081081081081, "i,hope": 0.0017297297297297297, "hope,that": 0.0015135135135135136, "the,first": 0.002810810810810811, "in,this": 0.0023783783783783785, "for,a": 0.0015135135135135136, "<s>,my": 0.0019459459459459458, "propose,to": 0.0012972972972972972, "law,society": 0.003027027027027027, "<s>,there": 0.001081081081081081, "be,a": 0.0019459459459459458, "we,shall": 0.0012972972972972972, "which,the": 0.002810810810810811, "the,committee": 0.0034594594594594594, "this,afternoon": 0.001081081081081081, "on,this": 0.0015135135135135136, "end,of": 0.0019459459459459458, "as,a": 0.003027027027027027, "the,other": 0.002162162162162162, "part,of": 0.0019459459459459458, "we,are": 0.0025945945945945945, "that,clause": 0.001081081081081081, "is,not": 0.0023783783783783785, "agree,with": 0.0017297297297297297, "said,that": 0.002162162162162162, "deal,with": 0.0019459459459459458, "of,that": 0.001081081081081081, "he,said": 0.0015135135135135136, "in,committee": 0.0025945945945945945, "committee,<e>": 0.001081081081081081, "are,not": 0.0015135135135135136, "which,is": 0.0017297297297297297, "his,amendment": 0.001081081081081081, "i,find": 0.0012972972972972972, "lord,has": 0.0012972972972972972, "the,fact": 0.001081081081081081, "fact,that": 0.001081081081081081, "with,a": 0.001081081081081081, "a,matter": 0.0015135135135135136, "not,a": 0.0012972972972972972, "i,believe": 0.002162162162162162, "believe,that": 0.0019459459459459458, "noble,lords": 0.0023783783783783785, "i,cannot": 0.001081081081081081, "that,is": 0.0023783783783783785, "that,he": 0.0025945945945945945,