{"<cs>,my": 0.060287736926238865, "my,lords": 0.06154373144553551, "lords,may": 0.009819593514501028, "may,i": 0.013016670472710665, "i,ask": 0.012103219913222198, "noble,friend": 0.0005709065996802923, "we,can": 0.0006850879196163508, "that,the": 0.008677780315140443, "in,their": 0.0005709065996802923, "bear,in": 0.0021694450787851107, "in,mind": 0.0033112582781456954, "lords,i": 0.003996346197762046, "i,am": 0.0023978077186572275, "the,house": 0.0019410824389129938, "of,the": 0.01769810459008906, "the,noble": 0.027403516784654032, "noble,lord": 0.015871203471112125, "lord,lord": 0.0009134505594884677, "<e>,<s>": 0.03802237953870747, "<s>,i": 0.006850879196163508, "i,should": 0.0026261703585293444, "should,like": 0.0021694450787851107, "like,to": 0.002511989038593286, "to,say": 0.001712719799040877, "say,a": 0.0006850879196163508, "a,few": 0.00148435715916876, "about,the": 0.0013701758392327015, "the,territorial": 0.0007992692395524092, "territorial,army": 0.0007992692395524092, "<s>,if": 0.0023978077186572275, "me,whether": 0.0006850879196163508, "whether,i": 0.0005709065996802923, "i,have": 0.002740351678465403, "in,the": 0.011760675953414021, "<s>,it": 0.0022836263987211693, "it,is": 0.0074217857958438, "that,in": 0.0021694450787851107, "when,i": 0.001255994519296643, "was,a": 0.0010276318794245262, "to,me": 0.0006850879196163508, "and,that": 0.0019410824389129938, "that,i": 0.002740351678465403, "i,was": 0.001712719799040877, "used,to": 0.0009134505594884677, "as,i": 0.0007992692395524092, "that,was": 0.0007992692395524092, "at,the": 0.0030828956382735785, "i,had": 0.0006850879196163508, "idea,of": 0.0005709065996802923, "<s>,so": 0.0005709065996802923, "so,i": 0.0005709065996802923, "down,the": 0.0005709065996802923, "the,same": 0.0010276318794245262, "to,be": 0.006850879196163508, "be,the": 0.0007992692395524092, "that,a": 0.0010276318794245262, "say,that": 0.0013701758392327015, "on,the": 0.004338890157570221, "the,somme": 0.0009134505594884677, "somme,in": 0.0009134505594884677, "in,<e>": 0.0010276318794245262, "that,they": 0.0011418131993605847, "it,was": 0.0015985384791048184, "as,a": 0.0023978077186572275, "a,member": 0.0005709065996802923, "member,of": 0.0005709065996802923, "of,my": 0.0010276318794245262, "lords,does": 0.0063941539164192734, "does,the": 0.005594884676866864, "lord,agree": 0.00148435715916876, "agree,that": 0.005366522036994748, "that,when": 0.0010276318794245262, "when,the": 0.0023978077186572275, "by,the": 0.0023978077186572275, "of,one": 0.0005709065996802923, "lords,can": 0.00890614295501256, "can,the": 0.010276318794245261, "a,little": 0.0009134505594884677, "he,has": 0.0013701758392327015, "the,question": 0.0015985384791048184, "question,of": 0.0005709065996802923, "<s>,is": 0.0021694450787851107, "is,he": 0.001255994519296643, "he,aware": 0.0007992692395524092, "aware,of": 0.0015985384791048184, "the,fact": 0.003653802237953871, "fact,that": 0.005480703356930806, "epping,forest": 0.0006850879196163508, "the,forest": 0.0007992692395524092, "and,i": 0.002740351678465403, "numbers,of": 0.0007992692395524092, "they,are": 0.001255994519296643, "lord,the": 0.00296871431833752, "the,leader": 0.0005709065996802923, "leader,of": 0.0005709065996802923, "assure,us": 0.0007992692395524092, "us,that": 0.0011418131993605847, "lords,the": 0.0026261703585293444, "of,it": 0.0009134505594884677, "it,<e>": 0.0019410824389129938, "has,been": 0.0011418131993605847, "the,bill": 0.0011418131993605847, "ask,the": 0.010847225393925554, "noble,earl": 0.0038821648778259877, "<cs>,i": 0.0006850879196163508, "to,ask": 0.0019410824389129938, "of,this": 0.0026261703585293444, "he,can": 0.0015985384791048184, "it,in": 0.0013701758392327015, "that,there": 0.0028545329984014617, "there,are": 0.0015985384791048184, "to,the": 0.007764329755651975, "for,example": 0.0006850879196163508, "that,if": 0.0018269011189769354, "if,a": 0.0010276318794245262, "with,a": 0.0010276318794245262, "<s>,that": 0.0011418131993605847, "that,is": 0.0030828956382735785, "is,a": 0.003767983557889929, "tell,us": 0.008335236355332268, "us,whether": 0.0028545329984014617, "whether,the": 0.003767983557889929, "the,first": 0.00148435715916876, "part,of": 0.0009134505594884677, "that,we": 0.0028545329984014617, "we,should": 0.0005709065996802923, "into,the": 0.0005709065996802923, "lord,whether": 0.0010276318794245262, "whether,it": 0.002511989038593286, "is,not": 0.0018269011189769354, "not,a": 0.0019410824389129938, "a,fact": 0.0022836263987211693, "that,since": 0.0005709065996802923, "since,the": 0.0010276318794245262, "the,present": 0.0013701758392327015, "present,government": 0.0006850879196163508, "government,came": 0.0009134505594884677, "government,<e>": 0.0009134505594884677, "lords,would": 0.0038821648778259877, "would,the": 0.0038821648778259877, "the,minister": 0.025919159625485272, "minister,agree": 0.0028545329984014617, "would,be": 0.0033112582781456954, "us,to": 0.0005709065996802923, "to,put": 0.0006850879196163508, "upon,the": 0.0006850879196163508, "this,country": 0.002511989038593286, "country,<e>": 0.0011418131993605847, "minister,whether": 0.003653802237953871, "the,government": 0.010504681434117378, "will,be": 0.0026261703585293444, "local,government": 0.0006850879196163508, "<s>,may": 0.0007992692395524092, "ask,him": 0.0007992692395524092, "the,local": 0.0005709065996802923, "local,authorities": 0.0007992692395524092, "whether,he": 0.003539620918017812, "he,will": 0.0011418131993605847, "a,former": 0.0007992692395524092, "that,it": 0.003425439598081754, "when,we": 0.0005709065996802923, "to,get": 0.0013701758392327015, "i,understand": 0.0006850879196163508, "from,the": 0.0033112582781456954, "set,up": 0.0005709065996802923, "up,to": 0.0006850879196163508, "minister,and": 0.0006850879196163508, "i,do": 0.00148435715916876, "do,so": 0.0010276318794245262, "so,as": 0.0006850879196163508, "a,result": 0.0006850879196163508, "result,of": 0.0009134505594884677, "of,these": 0.0018269011189769354, "and,then": 0.0005709065996802923, "in,future": 0.0005709065996802923, "have,been": 0.001712719799040877, "during,the": 0.0009134505594884677, "the,last": 0.00148435715916876, "one,of": 0.0022836263987211693, "which,is": 0.0011418131993605847, "is,that": 0.001712719799040877, "shall,be": 0.0009134505594884677, "not,be": 0.002511989038593286, "minister,to": 0.0009134505594884677, "possible,for": 0.0006850879196163508, "industry,<e>": 0.0005709065996802923, "lords,if": 0.001712719799040877, "if,we": 0.0009134505594884677, "we,are": 0.0015985384791048184, "are,to": 0.0013701758392327015, "be,a": 0.0022836263987211693, "lords,is": 0.004338890157570221, "is,the": 0.00445307147750628, "lord,aware": 0.0013701758392327015, "aware,that": 0.0026261703585293444, "the,expression": 0.001255994519296643, "can,he": 0.0022836263987211693, "<s>,would": 0.0005709065996802923, "minister,not": 0.0010276318794245262, "feel,that": 0.0009134505594884677, "for,this": 0.0009134505594884677, "which,the": 0.0007992692395524092, "some,of": 0.0018269011189769354, "of,our": 0.00148435715916876, "lords,did": 0.0009134505594884677, "did,i": 0.0007992692395524092, "to,a": 0.0011418131993605847, "<s>,can": 0.0021694450787851107, "he,tell": 0.0011418131993605847, "of,that": 0.0007992692395524092, "is,one": 0.0006850879196163508, "which,i": 0.0006850879196163508, "the,other": 0.001255994519296643, "get,a": 0.0006850879196163508, "a,monocle": 0.0005709065996802923, "the,national": 0.0011418131993605847, "national,health": 0.0007992692395524092, "health,service": 0.0010276318794245262, "service,<e>": 0.0007992692395524092, "i,shall": 0.0011418131993605847, "<s>,the": 0.00148435715916876, "is,to": 0.001255994519296643, "that,<e>": 0.0005709065996802923, "years,ago": 0.0011418131993605847, "the,year": 0.0006850879196163508, "a,very": 0.002740351678465403, "but,that": 0.0005709065996802923, "lord,tell": 0.0013701758392327015, "us,how": 0.0020552637588490525, "do,not": 0.0021694450787851107,