{"<cs>,my": 0.04024390243902439, "my,lords": 0.041463414634146344, "to,the": 0.025609756097560974, "<e>,<s>": 0.13658536585365855, "<s>,it": 0.018292682926829267, "it,is": 0.01951219512195122, "is,a": 0.00975609756097561, "i,have": 0.012195121951219513, "that,i": 0.012195121951219513, "as,a": 0.012195121951219513, "a,doctor": 0.007317073170731708, "your,lordships": 0.02195121951219512, "in,a": 0.006097560975609756, "the,noble": 0.0524390243902439, "noble,lord": 0.04024390243902439, "lord,lord": 0.03170731707317073, "<s>,i": 0.03170731707317073, "with,the": 0.00975609756097561, "and,the": 0.018292682926829267, "that,the": 0.025609756097560974, "i,was": 0.007317073170731708, "was,a": 0.006097560975609756, "of,the": 0.046341463414634146, "it,was": 0.00853658536585366, "when,he": 0.01097560975609756, "<s>,my": 0.006097560975609756, "by,the": 0.020731707317073172, "to,say": 0.006097560975609756, "lords,i": 0.013414634146341463, "noble,baroness": 0.00853658536585366, "baroness,lady": 0.006097560975609756, "to,your": 0.007317073170731708, "wish,to": 0.006097560975609756, "that,they": 0.007317073170731708, "for,the": 0.00975609756097561, "i,am": 0.014634146341463415, "have,been": 0.006097560975609756, "the,minister": 0.013414634146341463, "have,to": 0.006097560975609756, "about,the": 0.01097560975609756, "in,the": 0.02195121951219512, "i,feel": 0.007317073170731708, "that,it": 0.007317073170731708, "are,not": 0.007317073170731708, "<s>,the": 0.01707317073170732, "should,be": 0.014634146341463415, "of,a": 0.00853658536585366, "and,that": 0.00853658536585366, "may,i": 0.006097560975609756, "lord,winstanley": 0.006097560975609756, "to,be": 0.01097560975609756, "and,to": 0.007317073170731708, "on,the": 0.006097560975609756, "they,are": 0.006097560975609756, "<s>,they": 0.006097560975609756, "that,is": 0.00853658536585366, "is,the": 0.01097560975609756, "of,medicine": 0.006097560975609756, "in,this": 0.006097560975609756, "is,not": 0.006097560975609756, "to,take": 0.006097560975609756, "will,be": 0.006097560975609756, "the,nhs": 0.007317073170731708, "the,importance": 0.006097560975609756}