{"<cs>,my": 0.0639386189258312, "my,lords": 0.06457800511508952, "lords,does": 0.007033248081841432, "does,not": 0.00639386189258312, "not,the": 0.005754475703324808, "the,minister": 0.04859335038363171, "that,the": 0.023657289002557546, "of,the": 0.03132992327365729, "to,the": 0.017263427109974423, "minister,think": 0.00319693094629156, "think,that": 0.0076726342710997444, "that,we": 0.011508951406649617, "we,had": 0.00319693094629156, "for,the": 0.0038363171355498722, "lords,is": 0.04219948849104859, "is,the": 0.046675191815856776, "minister,aware": 0.03260869565217391, "aware,that": 0.04731457800511509, "that,he": 0.00319693094629156, "ought,to": 0.0038363171355498722, "to,be": 0.005754475703324808, "<e>,<s>": 0.0792838874680307, "trade,unions": 0.004475703324808184, "<s>,the": 0.004475703324808184, "lords,can": 0.00319693094629156, "can,the": 0.005754475703324808, "the,noble": 0.021739130434782608, "noble,lord": 0.011508951406649617, "tell,me": 0.004475703324808184, "that,they": 0.0038363171355498722, "of,this": 0.0038363171355498722, "the,last": 0.00319693094629156, "they,have": 0.004475703324808184, "in,the": 0.02877237851662404, "the,same": 0.0038363171355498722, "the,government": 0.013427109974424553, "per,cent": 0.010230179028132993, "cent,<e>": 0.010230179028132993, "on,the": 0.0076726342710997444, "does,the": 0.004475703324808184, "that,is": 0.005115089514066497, "government,are": 0.00319693094629156, "at,the": 0.0038363171355498722, "the,past": 0.00319693094629156, "i,hope": 0.00319693094629156, "<s>,i": 0.005115089514066497, "i,have": 0.00639386189258312, "when,we": 0.00319693094629156, "it,is": 0.008951406649616368, "<s>,they": 0.00319693094629156, "have,been": 0.00319693094629156, "with,the": 0.005754475703324808, "we,should": 0.00319693094629156, "that,it": 0.00639386189258312, "the,governments": 0.00319693094629156, "and,the": 0.00959079283887468, "in,this": 0.008312020460358057, "this,country": 0.008312020460358057, "country,<e>": 0.00319693094629156, "not,think": 0.00639386189258312, "that,in": 0.00639386189258312, "lord,aware": 0.004475703324808184, "<s>,we": 0.00319693094629156, "we,are": 0.0076726342710997444, "from,the": 0.005754475703324808, "over,the": 0.0038363171355498722, "now,<e>": 0.00319693094629156, "that,when": 0.00319693094629156, "by,the": 0.007033248081841432, "<s>,is": 0.008951406649616368, "is,he": 0.005115089514066497, "he,further": 0.00319693094629156, "further,aware": 0.0038363171355498722, "there,is": 0.004475703324808184, "is,a": 0.0038363171355498722, "they,are": 0.00319693094629156, "<s>,does": 0.005115089514066497, "does,he": 0.004475703324808184, "he,not": 0.004475703324808184, "people,who": 0.00319693094629156, "against,the": 0.0038363171355498722, "and,that": 0.00639386189258312, "if,we": 0.00319693094629156, "the,conservative": 0.004475703324808184, "conservative,party": 0.00319693094629156, "that,there": 0.00639386189258312, "what,is": 0.00319693094629156, "noble,earl": 0.004475703324808184, "will,not": 0.0038363171355498722, "will,be": 0.00319693094629156, "to,get": 0.005115089514066497, "<s>,can": 0.00319693094629156, "when,he": 0.005115089514066497, "the,working": 0.00319693094629156, "working,class": 0.00319693094629156, "back,to": 0.00319693094629156, "will,the": 0.0038363171355498722, "private,enterprise": 0.00319693094629156, "we,have": 0.00639386189258312, "that,i": 0.0038363171355498722, "the,north-east": 0.0038363171355498722, "of,england": 0.00319693094629156, "in,my": 0.004475703324808184}