{"<cs>,my": 0.04477611940298507, "my,lords": 0.041791044776119404, "grateful,to": 0.007462686567164179, "to,the": 0.023880597014925373, "the,noble": 0.025373134328358207, "noble,lord": 0.020895522388059702, "of,the": 0.03880597014925373, "<e>,<s>": 0.12686567164179105, "<s>,i": 0.03134328358208955, "in,the": 0.03134328358208955, "lords,is": 0.008955223880597015, "is,the": 0.008955223880597015, "the,minister": 0.014925373134328358, "aware,that": 0.010447761194029851, "as,the": 0.007462686567164179, "that,the": 0.025373134328358207, "my,noble": 0.025373134328358207, "noble,friend": 0.022388059701492536, "it,is": 0.014925373134328358, "that,it": 0.010447761194029851, "it,would": 0.010447761194029851, "for,the": 0.013432835820895522, "the,house": 0.016417910447761194, "in,which": 0.007462686567164179, "in,this": 0.007462686567164179, "to,be": 0.010447761194029851, "with,the": 0.010447761194029851, "lords,i": 0.014925373134328358, "i,am": 0.013432835820895522, "<s>,it": 0.01791044776119403, "<cs>,i": 0.007462686567164179, "i,should": 0.007462686567164179, "should,like": 0.008955223880597015, "like,to": 0.007462686567164179, "to,support": 0.007462686567164179, "the,prime": 0.007462686567164179, "prime,minister": 0.007462686567164179, "<s>,the": 0.011940298507462687, "of,this": 0.007462686567164179, "to,my": 0.008955223880597015, "on,the": 0.008955223880597015, "i,hope": 0.016417910447761194, "hope,that": 0.010447761194029851, "the,government": 0.010447761194029851, "will,not": 0.008955223880597015, "they,are": 0.008955223880597015, "and,i": 0.014925373134328358, "friend,lord": 0.014925373134328358, "this,amendment": 0.007462686567164179, "it,<e>": 0.007462686567164179, "the,national": 0.007462686567164179, "and,the": 0.011940298507462687, "i,have": 0.008955223880597015, "the,arts": 0.010447761194029851, "i,can": 0.007462686567164179, "amendment,<e>": 0.007462686567164179, "and,that": 0.008955223880597015, "i,think": 0.008955223880597015, "from,the": 0.008955223880597015, "the,committee": 0.007462686567164179, "we,have": 0.007462686567164179, "lord,lord": 0.016417910447761194, "has,been": 0.008955223880597015, "but,i": 0.007462686567164179, "that,he": 0.008955223880597015, "to,say": 0.007462686567164179}