{"<cs>,my": 0.058823529411764705, "my,lords": 0.058823529411764705, "the,noble": 0.00980392156862745, "noble,lord": 0.012605042016806723, "agree,that": 0.023809523809523808, "<e>,<s>": 0.1134453781512605, "<s>,it": 0.0070028011204481795, "it,is": 0.018207282913165267, "lords,i": 0.03361344537815126, "should,like": 0.015406162464985995, "like,to": 0.014005602240896359, "to,thank": 0.008403361344537815, "<s>,i": 0.03081232492997199, "i,have": 0.014005602240896359, "that,the": 0.02661064425770308, "of,the": 0.022408963585434174, "to,be": 0.008403361344537815, "on,the": 0.0196078431372549, "<s>,the": 0.0070028011204481795, "i,beg": 0.01680672268907563, "beg,leave": 0.01680672268907563, "leave,to": 0.01680672268907563, "to,ask": 0.00980392156862745, "ask,the": 0.008403361344537815, "the,question": 0.011204481792717087, "in,my": 0.00980392156862745, "my,name": 0.008403361344537815, "name,on": 0.008403361344537815, "the,order": 0.00980392156862745, "order,paper": 0.008403361344537815, "paper,<e>": 0.008403361344537815, "i,am": 0.014005602240896359, "to,the": 0.011204481792717087, "for,his": 0.012605042016806723, "his,reply": 0.011204481792717087, "would,be": 0.0070028011204481795, "that,it": 0.008403361344537815, "in,the": 0.00980392156862745, "<cs>,i": 0.0070028011204481795, "i,thank": 0.014005602240896359, "thank,my": 0.015406162464985995, "my,noble": 0.04341736694677871, "noble,friend": 0.04201680672268908, "friend,for": 0.014005602240896359, "reply,<e>": 0.008403361344537815, "and,i": 0.00980392156862745, "will,be": 0.011204481792717087, "at,the": 0.0070028011204481795, "have,been": 0.008403361344537815, "to,withdraw": 0.008403361344537815, "amendment,<e>": 0.008403361344537815, "i,should": 0.014005602240896359, "is,a": 0.00980392156862745, "for,the": 0.008403361344537815, "<s>,therefore": 0.0070028011204481795, "aware,that": 0.00980392156862745, "not,agree": 0.00980392156862745, "does,my": 0.011204481792717087, "lords,does": 0.008403361344537815, "friend,agree": 0.0070028011204481795, "should,be": 0.0070028011204481795}