{"<cs>,my": 0.030395136778115502, "my,lords": 0.031070584262073625, "it,is": 0.015873015873015872, "<e>,<s>": 0.11955420466058764, "your,lordships": 0.002026342451874367, "<s>,i": 0.0182370820668693, "to,the": 0.010807159743329957, "of,the": 0.02397838568051334, "i,am": 0.011482607227288078, "the,noble": 0.02701789935832489, "<s>,it": 0.010807159743329957, "it,was": 0.004052684903748734, "i,have": 0.004052684903748734, "have,been": 0.004052684903748734, "not,to": 0.0016886187098953055, "i,shall": 0.0037149611617696724, "trying,to": 0.0016886187098953055, "perhaps,i": 0.002701789935832489, "i,may": 0.00303951367781155, "<s>,is": 0.00303951367781155, "is,the": 0.008780817291455589, "the,minister": 0.0060790273556231, "minister,aware": 0.002026342451874367, "aware,that": 0.005403579871664978, "that,there": 0.002364066193853428, "there,is": 0.004052684903748734, "in,that": 0.0016886187098953055, "that,we": 0.003377237419790611, "do,not": 0.008780817291455589, "not,have": 0.002364066193853428, "with,the": 0.005403579871664978, "for,the": 0.005403579871664978, "if,they": 0.0016886187098953055, "wish,to": 0.002701789935832489, "to,do": 0.004390408645727794, "do,so": 0.002701789935832489, "so,<e>": 0.003377237419790611, "all,the": 0.002364066193853428, "per,cent": 0.002364066193853428, "cent,<e>": 0.002364066193853428, "and,they": 0.002026342451874367, "they,have": 0.002701789935832489, "<s>,of": 0.002026342451874367, "<s>,the": 0.012833502195204323, "the,other": 0.0037149611617696724, "that,the": 0.017561634582911177, "the,whole": 0.00303951367781155, "whole,of": 0.0016886187098953055, "because,they": 0.0016886187098953055, "they,are": 0.004390408645727794, "it,<e>": 0.002701789935832489, "is,a": 0.00303951367781155, "and,the": 0.00303951367781155, "we,have": 0.003377237419790611, "is,that": 0.002026342451874367, "we,are": 0.0037149611617696724, "lords,i": 0.009793988517392773, "i,should": 0.00303951367781155, "should,like": 0.002701789935832489, "like,to": 0.0016886187098953055, "noble,lord": 0.016210739614994935, "lord,lord": 0.007429922323539345, "in,the": 0.015873015873015872, "and,i": 0.00303951367781155, "to,say": 0.002701789935832489, "say,that": 0.0016886187098953055, "that,he": 0.0016886187098953055, "them,<e>": 0.0016886187098953055, "i,beg": 0.002026342451874367, "by,the": 0.008780817291455589, "the,bill": 0.0037149611617696724, "such,a": 0.0016886187098953055, "should,have": 0.0016886187098953055, "noble,lords": 0.002701789935832489, "it,has": 0.0016886187098953055, "has,been": 0.004052684903748734, "been,a": 0.0016886187098953055, "a,very": 0.0016886187098953055, "a,great": 0.00303951367781155, "great,deal": 0.0016886187098953055, "the,jockey": 0.0016886187098953055, "jockey,club": 0.0016886187098953055, "the,house": 0.002701789935832489, "<cs>,it": 0.0016886187098953055, "it,would": 0.003377237419790611, "would,not": 0.003377237419790611, "not,be": 0.002026342451874367, "be,a": 0.003377237419790611, "as,the": 0.003377237419790611, "i,cannot": 0.0016886187098953055, "<cs>,perhaps": 0.002026342451874367, "amendment,<e>": 0.005065856129685917, "<s>,if": 0.005065856129685917, "if,it": 0.002364066193853428, "the,case": 0.002364066193853428, "take,place": 0.0016886187098953055, "have,to": 0.004052684903748734, "must,be": 0.002026342451874367, "able,to": 0.002026342451874367, "on,the": 0.007429922323539345, "it,will": 0.003377237419790611, "will,be": 0.0070921985815602835, "<cs>,the": 0.002701789935832489, "is,quite": 0.0016886187098953055, "on,a": 0.004390408645727794, "a,sunday": 0.004052684903748734, "the,amendment": 0.007429922323539345, "to,give": 0.002364066193853428, "<s>,as": 0.002026342451874367, "at,the": 0.003377237419790611, "would,be": 0.004052684903748734, "<s>,that": 0.005741303613644039, "that,is": 0.005741303613644039, "the,number": 0.002364066193853428, "number,of": 0.00303951367781155, "to,have": 0.005065856129685917, "<cs>,if": 0.002026342451874367, "if,i": 0.002364066193853428, "deal,with": 0.0016886187098953055, "<s>,they": 0.006416751097602162, "they,would": 0.003377237419790611, "very,much": 0.0016886187098953055, "did,not": 0.004390408645727794, "not,<e>": 0.002026342451874367, "<s>,there": 0.002701789935832489, "to,come": 0.0016886187098953055, "i,do": 0.004728132387706856, "said,that": 0.002026342451874367, "the,course": 0.002026342451874367, "<cs>,i": 0.008443093549476529, "this,amendment": 0.00303951367781155, "does,not": 0.004052684903748734, "go,on": 0.0016886187098953055, "people,who": 0.0016886187098953055, "who,are": 0.003377237419790611, "the,people": 0.002364066193853428, "to,be": 0.007767646065518406, "but,i": 0.0016886187098953055, "that,if": 0.002701789935832489, "are,not": 0.002364066193853428, "and,that": 0.00303951367781155, "if,that": 0.002026342451874367, "is,not": 0.006416751097602162, "the,same": 0.002026342451874367, "those,who": 0.002364066193853428, "under,the": 0.002026342451874367, "<s>,therefore": 0.0016886187098953055, "that,in": 0.003377237419790611, "in,a": 0.00303951367781155, "withdraw,the": 0.002026342451874367, "from,the": 0.002364066193853428, "think,that": 0.002026342451874367, "members,of": 0.00303951367781155, "the,committee": 0.002364066193853428, "have,a": 0.002364066193853428, "i,think": 0.002701789935832489, "i,understand": 0.0016886187098953055, "that,i": 0.00303951367781155, "<s>,he": 0.00303951367781155, "he,is": 0.002026342451874367, "that,<e>": 0.002026342451874367, "would,have": 0.002026342451874367, "to,go": 0.0016886187098953055, "not,wish": 0.0016886187098953055, "that,it": 0.005403579871664978, "will,have": 0.0016886187098953055, "<s>,in": 0.002701789935832489, "<s>,we": 0.002364066193853428, "of,a": 0.002026342451874367, "that,they": 0.002701789935832489, "but,it": 0.002364066193853428, "what,is": 0.0016886187098953055, "noble,earl": 0.0037149611617696724, "trade,union": 0.002364066193853428, "union,members": 0.002026342451874367, "what,the": 0.002701789935832489, "noble,baroness": 0.004728132387706856, "i,thought": 0.0016886187098953055, "the,union": 0.00303951367781155, "which,i": 0.002364066193853428, "the,<e>": 0.002026342451874367, "<s>,however": 0.004390408645727794, "amendment,no": 0.002701789935832489, "no,<e>": 0.002701789935832489, "the,government": 0.009456264775413711, "government,will": 0.002026342451874367, "of,what": 0.002026342451874367, "to,make": 0.002701789935832489, "the,right": 0.0016886187098953055, "of,that": 0.002026342451874367, "at,all": 0.00303951367781155, "all,<e>": 0.002026342451874367, "when,they": 0.002026342451874367, "the,labour": 0.0016886187098953055, "at,least": 0.0016886187098953055, "the,certification": 0.002364066193853428, "certification,officer": 0.0016886187098953055, "lords,<e>": 0.00303951367781155, "these,amendments": 0.0016886187098953055, "however,i": 0.0016886187098953055, "the,matter": 0.002364066193853428, "i,hope": 0.0016886187098953055, "the,governments": 0.002026342451874367, "sure,that": 0.0016886187098953055, "not,the": 0.002364066193853428, "might,be": 0.0016886187098953055, "support,the": 0.0016886187098953055, "are,the": 0.0016886187098953055, "if,the": 0.0037149611617696724, "lords,does": 0.0016886187098953055, "agree,that": 0.0016886187098953055, "lords,is": 0.003377237419790611, "hong,kong": 0.008443093549476529, "the,chinese": 0.005741303613644039, "chinese,government": 0.00303951367781155, "of,hong": 0.0016886187098953055, "lords,will": 0.002364066193853428, "will,the": 0.003377237419790611, "lord,aware": 0.002026342451874367, "to,hong": 0.002026342451874367, "kong,citizens": 0.0016886187098953055, "<s>,will": 0.0016886187098953055, "them,to": 0.0016886187098953055, "in,hong": 0.002026342451874367, "the,bbc": 0.002026342451874367, "due,impartiality": 0.0016886187098953055}