{"<cs>,my": 0.02301255230125523, "my,lords": 0.02510460251046025, "the,noble": 0.02301255230125523, "noble,lord": 0.011655708308427973, "that,it": 0.0035863717872086074, "it,is": 0.015839808726838017, "is,the": 0.005678421996413628, "which,is": 0.0017931858936043037, "and,that": 0.002988643156007173, "that,the": 0.007172743574417215, "of,the": 0.03078302450687388, "has,not": 0.0014943215780035865, "if,the": 0.002390914524805738, "do,not": 0.007471607890017932, "<e>,<s>": 0.09115361625821877, "the,government": 0.008368200836820083, "whether,the": 0.0014943215780035865, "should,have": 0.0017931858936043037, "ought,to": 0.0020920502092050207, "lords,my": 0.0017931858936043037, "is,to": 0.0020920502092050207, "thank,the": 0.0014943215780035865, "lord,lord": 0.008069336521219366, "this,bill": 0.00328750747160789, "bill,and": 0.0017931858936043037, "second,reading": 0.0017931858936043037, "as,a": 0.0017931858936043037, "that,this": 0.0017931858936043037, "this,is": 0.004482964734010759, "is,a": 0.007172743574417215, "the,bill": 0.00657501494321578, "to,be": 0.008368200836820083, "and,i": 0.00657501494321578, "i,think": 0.005379557680812911, "think,that": 0.002390914524805738, "<s>,it": 0.011356843992827256, "is,not": 0.004781829049611476, "a,matter": 0.0014943215780035865, "i,am": 0.008965929468021518, "that,we": 0.0038852361028093247, "we,shall": 0.0017931858936043037, "shall,be": 0.0020920502092050207, "on,the": 0.00986252241482367, "my,noble": 0.0026897788404064557, "noble,friend": 0.0017931858936043037, "friend,lord": 0.0017931858936043037, "<s>,i": 0.017931858936043037, "i,shall": 0.002390914524805738, "<s>,we": 0.005080693365212194, "we,are": 0.005379557680812911, "are,in": 0.0014943215780035865, "of,course": 0.005080693365212194, "<s>,this": 0.00328750747160789, "in,which": 0.0020920502092050207, "which,the": 0.0038852361028093247, "the,other": 0.0014943215780035865, "<s>,the": 0.008667065152420802, "have,been": 0.0038852361028093247, "with,the": 0.002390914524805738, "i,can": 0.0020920502092050207, "reason,why": 0.0017931858936043037, "it,has": 0.00328750747160789, "has,been": 0.005977286312014346, "in,the": 0.012253436939629408, "all,the": 0.0017931858936043037, "the,time": 0.0017931858936043037, "had,been": 0.0017931858936043037, "members,of": 0.0014943215780035865, "in,relation": 0.0014943215780035865, "relation,to": 0.0014943215780035865, "what,the": 0.002390914524805738, "from,the": 0.002988643156007173, "as,to": 0.0020920502092050207, "the,first": 0.002988643156007173, "two,years": 0.0014943215780035865, "i,thought": 0.0014943215780035865, "thought,that": 0.0020920502092050207, "always,been": 0.0014943215780035865, "<cs>,i": 0.0038852361028093247, "i,should": 0.005977286312014346, "should,like": 0.00328750747160789, "like,to": 0.004482964734010759, "to,ask": 0.0038852361028093247, "the,amendment": 0.0026897788404064557, "to,the": 0.011356843992827256, "the,next": 0.0020920502092050207, "amendment,<e>": 0.002988643156007173, "i,rise": 0.0020920502092050207, "bill,<e>": 0.00328750747160789, "i,have": 0.009563658099222952, "want,to": 0.0017931858936043037, "to,make": 0.0014943215780035865, "or,two": 0.0014943215780035865, "may,be": 0.0014943215780035865, "the,committee": 0.002988643156007173, "committee,<e>": 0.0020920502092050207, "lords,i": 0.010759115361625823, "i,beg": 0.00328750747160789, "beg,leave": 0.00328750747160789, "leave,to": 0.0035863717872086074, "ask,the": 0.0038852361028093247, "the,question": 0.004482964734010759, "question,which": 0.0026897788404064557, "which,stands": 0.002390914524805738, "stands,in": 0.002390914524805738, "in,my": 0.0026897788404064557, "my,name": 0.0026897788404064557, "name,on": 0.002390914524805738, "the,order": 0.002390914524805738, "order,paper": 0.002390914524805738, "paper,<e>": 0.002390914524805738, "lords,while": 0.002390914524805738, "while,thanking": 0.0014943215780035865, "thanking,the": 0.0014943215780035865, "lord,for": 0.002390914524805738, "for,that": 0.002390914524805738, "may,i": 0.005379557680812911, "i,ask": 0.0026897788404064557, "whether,he": 0.0014943215780035865, "he,is": 0.002988643156007173, "of,this": 0.0035863717872086074, "that,i": 0.004482964734010759, "the,same": 0.00328750747160789, "not,the": 0.0014943215780035865, "the,fact": 0.0017931858936043037, "fact,that": 0.0017931858936043037, "the,secretary": 0.0014943215780035865, "secretary,of": 0.0014943215780035865, "of,state": 0.0017931858936043037, "the,police": 0.0017931858936043037, "to,do": 0.0035863717872086074, "<s>,in": 0.002390914524805738, "view,of": 0.0014943215780035865, "of,that": 0.0014943215780035865, "at,least": 0.00328750747160789, "terms,of": 0.0017931858936043037, "of,reference": 0.0014943215780035865, "his,maiden": 0.0014943215780035865, "maiden,speech": 0.002390914524805738, "a,great": 0.0014943215780035865, "that,in": 0.002988643156007173, "the,house": 0.0026897788404064557, "we,have": 0.004482964734010759, "on,which": 0.0014943215780035865, "in,a": 0.0020920502092050207, "a,very": 0.0014943215780035865, "<s>,he": 0.0017931858936043037, "i,hope": 0.0017931858936043037, "hope,that": 0.0014943215780035865, "that,he": 0.002390914524805738, "enough,to": 0.0017931858936043037, "and,often": 0.0014943215780035865, "i,do": 0.005379557680812911, "not,know": 0.0014943215780035865, "have,not": 0.00328750747160789, "<s>,but": 0.002988643156007173, "because,i": 0.0014943215780035865, "a,question": 0.002390914524805738, "which,we": 0.0017931858936043037, "in,this": 0.002390914524805738, "that,is": 0.0035863717872086074, "to,say": 0.0041841004184100415, "for,the": 0.00657501494321578, "ask,him": 0.0017931858936043037, "will,be": 0.002390914524805738, "be,a": 0.0017931858936043037, "or,not": 0.0020920502092050207, "not,<e>": 0.0017931858936043037, "it,would": 0.002988643156007173, "would,have": 0.0014943215780035865, "have,to": 0.0014943215780035865, "question,<e>": 0.0014943215780035865, "<s>,if": 0.002988643156007173, "would,be": 0.004482964734010759, "<s>,there": 0.0014943215780035865, "point,<e>": 0.0014943215780035865, "the,second": 0.0017931858936043037, "reading,of": 0.0020920502092050207, "noble,and": 0.009264793783622235, "and,learned": 0.009264793783622235, "learned,lord": 0.007770472205618649, "about,the": 0.002390914524805738, "the,future": 0.0014943215780035865, "<s>,my": 0.0017931858936043037, "is,that": 0.0041841004184100415, "did,not": 0.0035863717872086074, "by,the": 0.007471607890017932, "to,which": 0.0017931858936043037, "if,i": 0.0014943215780035865, "and,we": 0.0017931858936043037, "propose,to": 0.0020920502092050207, "your,lordships": 0.00328750747160789, "question,of": 0.0014943215780035865, "am,not": 0.0014943215780035865, "of,your": 0.0017931858936043037, "not,propose": 0.0017931858936043037, "to,take": 0.0026897788404064557, "the,case": 0.0014943215780035865, "the,home": 0.0038852361028093247, "and,the": 0.0020920502092050207, "me,to": 0.0020920502092050207, "what,i": 0.0017931858936043037, "so,far": 0.0014943215780035865, "said,<e>": 0.0014943215780035865, "have,had": 0.0020920502092050207, "to,know": 0.0014943215780035865, "lord,the": 0.002988643156007173, "the,lord": 0.004482964734010759, "lord,chancellor": 0.004781829049611476, "home,office": 0.002988643156007173, "do,so": 0.0014943215780035865, "before,the": 0.0017931858936043037, "the,rules": 0.0014943215780035865, "as,i": 0.0017931858936043037, "i,understand": 0.0014943215780035865, "force,<e>": 0.0017931858936043037, "made,by": 0.0017931858936043037, "to,add": 0.0014943215780035865, "it,<e>": 0.0026897788404064557, "there,are": 0.004482964734010759, "to,have": 0.0017931858936043037, "this,amendment": 0.00328750747160789, "five,years": 0.0017931858936043037, "which,has": 0.0014943215780035865, "there,is": 0.0041841004184100415, "about,it": 0.0017931858936043037, "<s>,is": 0.0017931858936043037, "is,there": 0.0014943215780035865, "per,cent": 0.0014943215780035865, "cent,<e>": 0.0014943215780035865, "i,was": 0.002988643156007173,