{"<cs>,my": 0.06082725060827251, "my,lords": 0.06082725060827251, "may,i": 0.0267639902676399, "i,ask": 0.012165450121654502, "will,be": 0.021897810218978103, "to,the": 0.04866180048661801, "by,the": 0.029197080291970802, "the,minister": 0.038929440389294405, "to,be": 0.0170316301703163, "these,benches": 0.012165450121654502, "<e>,<s>": 0.16058394160583941, "in,the": 0.0364963503649635, "the,noble": 0.043795620437956206, "noble,lord": 0.031630170316301706, "lord,lord": 0.019464720194647202, "your,lordships": 0.012165450121654502, "of,the": 0.05596107055961071, "has,been": 0.014598540145985401, "might,be": 0.012165450121654502, "lords,i": 0.012165450121654502, "i,was": 0.012165450121654502, "it,is": 0.029197080291970802, "i,am": 0.019464720194647202, "at,the": 0.012165450121654502, "that,it": 0.014598540145985401, "would,be": 0.014598540145985401, "that,there": 0.014598540145985401, "that,the": 0.024330900243309004, "i,should": 0.012165450121654502, "the,government": 0.0267639902676399, "as,the": 0.012165450121654502, "is,a": 0.012165450121654502, "grateful,to": 0.012165450121654502, "the,bill": 0.012165450121654502, "that,in": 0.012165450121654502, "for,the": 0.019464720194647202, "which,he": 0.012165450121654502}