{"<cs>,my": 0.05002273760800364, "my,lords": 0.04987115355464605, "i,have": 0.0009095043201455207, "<e>,<s>": 0.04107927845990602, "<s>,i": 0.0043959375473700164, "to,say": 0.0007579202667879339, "encouragement,to": 0.0009095043201455207, "to,take": 0.0009095043201455207, "your,lordships": 0.0010610883735031075, "lordships,house": 0.0009095043201455207, "lords,i": 0.040927694406548434, "my,noble": 0.030316810671517355, "noble,friend": 0.029862058511444595, "on,the": 0.021828103683492497, "in,the": 0.006669698347733818, "is,not": 0.0007579202667879339, "has,been": 0.0016674245869334546, "one,of": 0.0009095043201455207, "is,the": 0.002122176747006215, "the,noble": 0.002273760800363802, "and,i": 0.0007579202667879339, "i,beg": 0.019705926936486283, "beg,leave": 0.01940275882977111, "leave,to": 0.01940275882977111, "to,ask": 0.01879642261634076, "ask,the": 0.018644838562983174, "the,question": 0.01879642261634076, "question,which": 0.007124450507806579, "which,stands": 0.006972866454448992, "stands,in": 0.006972866454448992, "in,my": 0.018190086402910415, "my,name": 0.018190086402910415, "name,on": 0.018038502349552826, "the,order": 0.01849325450962559, "order,paper": 0.01849325450962559, "paper,<e>": 0.018341670456268, "i,thank": 0.02213127179020767, "thank,my": 0.021373351523419737, "friend,the": 0.012429892375322117, "the,minister": 0.014855237229043505, "minister,for": 0.010914051841746248, "for,the": 0.0024253448537213886, "reply,<e>": 0.0030316810671517356, "<s>,may": 0.002273760800363802, "may,i": 0.004092769440654843, "i,ask": 0.004850689707442777, "ask,whether": 0.0012126724268606943, "it,is": 0.0024253448537213886, "there,is": 0.002122176747006215, "is,a": 0.0010610883735031075, "that,is": 0.0010610883735031075, "thank,the": 0.0009095043201455207, "for,that": 0.020615431256631803, "that,reply": 0.0024253448537213886, "<s>,arising": 0.0012126724268606943, "arising,from": 0.0010610883735031075, "is,it": 0.0009095043201455207, "her,majestys": 0.003941185387297257, "majestys,government": 0.0037896013339396694, "have,any": 0.0015158405335758678, "they,are": 0.0015158405335758678, "of,the": 0.01182355616189177, "with,the": 0.0030316810671517356, "that,there": 0.0007579202667879339, "is,any": 0.0010610883735031075, "that,the": 0.003486433227224496, "young,people": 0.0009095043201455207, "what,is": 0.0012126724268606943, "<cs>,i": 0.0012126724268606943, "for,his": 0.001364256480218281, "<s>,as": 0.001364256480218281, "as,regards": 0.002273760800363802, "i,am": 0.0031832651205093224, "am,very": 0.0009095043201455207, "very,grateful": 0.0007579202667879339, "to,withdraw": 0.0015158405335758678, "that,in": 0.0007579202667879339, "of,this": 0.0012126724268606943, "have,to": 0.0007579202667879339, "to,be": 0.0015158405335758678, "withdraw,the": 0.0010610883735031075, "the,amendment": 0.0010610883735031075, "amendment,<e>": 0.0012126724268606943, "grateful,to": 0.0012126724268606943, "to,the": 0.006518114294376232, "for,those": 0.0012126724268606943, "will,be": 0.0025769289070789753, "to,my": 0.0015158405335758678, "and,on": 0.0009095043201455207, "that,i": 0.0007579202667879339, "to,move": 0.0007579202667879339, "has,given": 0.0009095043201455207, "for,their": 0.0007579202667879339, "the,future": 0.0010610883735031075, "and,to": 0.0007579202667879339, "that,answer": 0.011520388055176595, "answer,<e>": 0.015006821282401092, "the,possibility": 0.0010610883735031075, "possibility,of": 0.0015158405335758678, "the,public": 0.0009095043201455207, "to,use": 0.0012126724268606943, "some,of": 0.0007579202667879339, "<s>,can": 0.005305441867515537, "he,say": 0.0015158405335758678, "the,fact": 0.0009095043201455207, "fact,that": 0.0009095043201455207, "have,been": 0.001364256480218281, "about,the": 0.0024253448537213886, "that,very": 0.001364256480218281, "<s>,will": 0.0018190086402910413, "agree,that": 0.0007579202667879339, "the,governments": 0.0007579202667879339, "has,he": 0.006972866454448992, "he,any": 0.006366530241018645, "any,information": 0.011368804001819008, "that,some": 0.0007579202667879339, "friend,for": 0.01182355616189177, "<s>,in": 0.0010610883735031075, "in,view": 0.0009095043201455207, "view,of": 0.0009095043201455207, "ask,him": 0.002273760800363802, "say,how": 0.0012126724268606943, "considering,the": 0.0009095043201455207, "which,is": 0.0012126724268606943, "by,the": 0.0016674245869334546, "<s>,the": 0.0015158405335758678, "<s>,is": 0.0025769289070789753, "aware,that": 0.0012126724268606943, "british,rail": 0.0010610883735031075, "as,a": 0.0016674245869334546, "there,are": 0.0007579202667879339, "him,whether": 0.001364256480218281, "in,this": 0.0016674245869334546, "this,country": 0.0016674245869334546, "can,the": 0.0010610883735031075, "the,government": 0.0012126724268606943, "may,be": 0.002122176747006215, "that,encouraging": 0.002880097013794149, "encouraging,reply": 0.0010610883735031075, "whether,the": 0.0010610883735031075, "government,are": 0.0007579202667879339, "the,british": 0.0007579202667879339, "is,there": 0.002273760800363802, "there,any": 0.002122176747006215, "information,about": 0.003486433227224496, "increase,in": 0.0015158405335758678, "in,which": 0.0009095043201455207, "of,a": 0.0009095043201455207, "is,my": 0.0009095043201455207, "the,national": 0.0007579202667879339, "<s>,does": 0.0018190086402910413, "as,well": 0.0009095043201455207, "that,this": 0.0009095043201455207, "can,he": 0.005760194027588298, "he,give": 0.0019705926936486283, "give,any": 0.002273760800363802, "information,as": 0.0056086099742307105, "as,to": 0.0068212824010914054, "to,what": 0.001364256480218281, "regards,the": 0.0007579202667879339, "to,give": 0.0007579202667879339, "the,use": 0.0009095043201455207, "use,of": 0.0010610883735031075, "from,the": 0.0010610883735031075, "that,it": 0.0009095043201455207, "number,of": 0.001364256480218281, "and,the": 0.002122176747006215, "how,much": 0.0012126724268606943, "plans,for": 0.0007579202667879339, "that,they": 0.0007579202667879339, "lords,can": 0.0018190086402910413, "can,my": 0.0016674245869334546, "whether,there": 0.001364256480218281, "the,house": 0.0010610883735031075, "he,please": 0.0007579202667879339, "tell,me": 0.0007579202667879339, "how,many": 0.0009095043201455207, "whether,he": 0.0019705926936486283, "he,has": 0.0025769289070789753, "has,any": 0.0012126724268606943, "encouraging,answer": 0.0025769289070789753, "to,how": 0.0015158405335758678, "that,are": 0.0007579202667879339, "to,whether": 0.0010610883735031075, "very,encouraging": 0.0010610883735031075, "information,on": 0.0016674245869334546, "his,answer": 0.0007579202667879339, "whether,her": 0.0007579202667879339, "able,to": 0.0016674245869334546, "which,i": 0.0012126724268606943, "does,he": 0.0010610883735031075, "he,have": 0.0010610883735031075, "the,number": 0.0007579202667879339, "has,the": 0.0010610883735031075, "arising,out": 0.0007579202667879339, "out,of": 0.0009095043201455207, "the,information": 0.0009095043201455207, "information,that": 0.0009095043201455207, "the,result": 0.0009095043201455207, "how,the": 0.0007579202667879339, "say,whether": 0.0016674245869334546, "<s>,has": 0.006518114294376232, "figures,<e>": 0.0015158405335758678, "lords,has": 0.0010610883735031075, "has,my": 0.0007579202667879339, "<s>,also": 0.0007579202667879339, "at,the": 0.0010610883735031075, "question,standing": 0.011368804001819008, "standing,in": 0.011217219948461421, "and,which": 0.0009095043201455207, "of,england": 0.0009095043201455207, "those,encouraging": 0.0007579202667879339, "encouraging,figures": 0.0009095043201455207, "years,<e>": 0.0007579202667879339, "information,<e>": 0.001364256480218281, "to,when": 0.0007579202667879339, "when,the": 0.0007579202667879339, "result,of": 0.0012126724268606943, "are,the": 0.0007579202667879339, "be,able": 0.0007579202667879339, "lords,is": 0.0007579202667879339, "the,north-east": 0.0007579202667879339, "north-east,of": 0.0007579202667879339, "<s>,what": 0.0012126724268606943,