{"<cs>,my": 0.04087193460490463, "my,lords": 0.04087193460490463, "lords,i": 0.02452316076294278, "to,the": 0.04904632152588556, "the,noble": 0.03814713896457766, "noble,lord": 0.01907356948228883, "lord,lord": 0.013623978201634877, "for,the": 0.021798365122615803, "that,it": 0.02452316076294278, "it,is": 0.027247956403269755, "that,i": 0.02452316076294278, "i,am": 0.05449591280653951, "am,afraid": 0.01634877384196185, "<e>,<s>": 0.15258855585831063, "<s>,i": 0.05722070844686648, "i,should": 0.027247956403269755, "like,to": 0.02452316076294278, "grateful,to": 0.013623978201634877, "in,northern": 0.02997275204359673, "northern,ireland": 0.051771117166212535, "we,have": 0.013623978201634877, "of,them": 0.013623978201634877, "of,the": 0.035422343324250684, "going,to": 0.013623978201634877, "has,been": 0.013623978201634877, "to,say": 0.01634877384196185, "it,was": 0.013623978201634877, "i,have": 0.01634877384196185, "should,like": 0.01907356948228883, "hope,that": 0.013623978201634877, "that,he": 0.013623978201634877, "at,the": 0.01907356948228883, "i,hope": 0.01634877384196185, "to,be": 0.01634877384196185, "noble,earl": 0.013623978201634877}