{"<cs>,my": 0.033852403520649964, "my,lords": 0.03588354773188896, "lords,i": 0.007447528774542992, "i,will": 0.003385240352064997, "your,lordships": 0.007447528774542992, "<e>,<s>": 0.12254570074475288, "<s>,i": 0.016926201760324982, "i,want": 0.003385240352064997, "if,i": 0.005416384563303994, "i,may": 0.006770480704129994, "point,<e>": 0.003385240352064997, "i,do": 0.004739336492890996, "may,i": 0.005416384563303994, "in,the": 0.027758970886932972, "to,the": 0.027758970886932972, "the,noble": 0.046716316858496955, "noble,lord": 0.035206499661475966, "lord,lord": 0.02098849018280298, "of,the": 0.05010155721056195, "<s>,we": 0.004062288422477996, "in,this": 0.006770480704129994, "this,debate": 0.003385240352064997, "and,so": 0.004062288422477996, "by,the": 0.010155721056194989, "has,been": 0.008801624915368992, "we,have": 0.005416384563303994, "of,what": 0.003385240352064997, "but,i": 0.006093432633716994, "i,should": 0.004062288422477996, "should,be": 0.006093432633716994, "that,we": 0.004739336492890996, "that,the": 0.015572105619498984, "i,have": 0.004062288422477996, "to,be": 0.010155721056194989, "be,a": 0.003385240352064997, "would,not": 0.003385240352064997, "at,the": 0.005416384563303994, "lords,will": 0.003385240352064997, "will,the": 0.004062288422477996, "allow,me": 0.003385240352064997, "me,to": 0.006093432633716994, "<s>,the": 0.010832769126607989, "to,which": 0.003385240352064997, "which,he": 0.003385240352064997, "<s>,it": 0.012863913337846988, "the,bbc": 0.005416384563303994, "and,the": 0.008124576844955992, "which,the": 0.004062288422477996, "lords,the": 0.004062288422477996, "<s>,this": 0.005416384563303994, "services,<e>": 0.005416384563303994, "on,the": 0.010832769126607989, "noble,lords": 0.006770480704129994, "we,are": 0.004739336492890996, "per,cent": 0.004739336492890996, "cent,<e>": 0.004739336492890996, "the,government": 0.004739336492890996, "is,a": 0.006770480704129994, "there,is": 0.006093432633716994, "<s>,that": 0.004739336492890996, "do,not": 0.003385240352064997, "that,i": 0.006770480704129994, "it,<e>": 0.005416384563303994, "<s>,but": 0.004739336492890996, "from,the": 0.008124576844955992, "of,a": 0.004739336492890996, "independent,television": 0.006093432633716994, "not,the": 0.003385240352064997, "it,is": 0.015572105619498984, "<s>,in": 0.004062288422477996, "the,amendment": 0.004062288422477996, "noble,earl": 0.004739336492890996, "is,the": 0.010155721056194989, "it,was": 0.006770480704129994, "amendment,<e>": 0.004062288422477996, "i,hope": 0.004062288422477996, "hope,that": 0.003385240352064997, "will,be": 0.004062288422477996, "this,amendment": 0.003385240352064997, "to,withdraw": 0.003385240352064997, "for,the": 0.010155721056194989, "that,this": 0.006093432633716994, "is,that": 0.004062288422477996, "that,there": 0.007447528774542992, "lords,it": 0.003385240352064997, "the,first": 0.006093432633716994, "of,this": 0.004739336492890996, "about,the": 0.003385240352064997, "i,think": 0.006770480704129994, "to,say": 0.004739336492890996, "be,the": 0.003385240352064997, "that,is": 0.005416384563303994, "of,parliament": 0.003385240352064997, "the,other": 0.003385240352064997, "that,it": 0.003385240352064997, "is,an": 0.004739336492890996, "the,minister": 0.006770480704129994, "house,<e>": 0.003385240352064997, "that,in": 0.003385240352064997, "as,he": 0.003385240352064997, "is,not": 0.004062288422477996, "to,me": 0.004062288422477996, "the,house": 0.004062288422477996, "with,the": 0.004739336492890996, "i,am": 0.007447528774542992, "in,my": 0.004062288422477996, "and,i": 0.004062288422477996, "as,i": 0.003385240352064997, "that,he": 0.006093432633716994, "in,that": 0.003385240352064997, "as,the": 0.004062288422477996, "there,are": 0.003385240352064997, "in,a": 0.004062288422477996, "he,has": 0.005416384563303994, "this,house": 0.005416384563303994, "years,<e>": 0.005416384563303994, "external,services": 0.003385240352064997, "noble,baroness": 0.003385240352064997, "operating,expenditure": 0.004062288422477996}