{"<cs>,my": 0.038685381718589526, "my,lords": 0.0390277302293735, "lords,i": 0.020712084902430674, "i,beg": 0.011126326600479288, "beg,leave": 0.011126326600479288, "leave,to": 0.011126326600479288, "to,ask": 0.011811023622047244, "ask,the": 0.011982197877439232, "the,question": 0.010612803834303321, "question,which": 0.005819924683327628, "which,stands": 0.005819924683327628, "stands,in": 0.005819924683327628, "in,my": 0.010955152345087298, "my,name": 0.010441629578911331, "name,on": 0.01078397808969531, "on,the": 0.01591920575145498, "the,order": 0.011126326600479288, "order,paper": 0.011126326600479288, "paper,<e>": 0.010955152345087298, "i,thank": 0.00718931872646354, "thank,my": 0.006333447449503595, "my,noble": 0.02670318384115029, "noble,friend": 0.02670318384115029, "friend,for": 0.004621704895583704, "for,his": 0.0017117425539198905, "his,answer": 0.0011982197877439234, "answer,<e>": 0.004621704895583704, "<e>,<s>": 0.051181102362204724, "<s>,may": 0.0025676138308798357, "may,i": 0.012324546388223211, "i,ask": 0.010955152345087298, "ask,him": 0.00359465936323177, "her,majestys": 0.00359465936323177, "majestys,government": 0.003252310852447792, "they,are": 0.0020540910647038686, "aware,that": 0.004108182129407737, "that,the": 0.006504621704895584, "the,provisions": 0.0010270455323519343, "of,the": 0.022252653200958577, "the,international": 0.0020540910647038686, "are,not": 0.0015405682985279014, "at,present": 0.0011982197877439234, "that,in": 0.00359465936323177, "in,a": 0.0018829168093118796, "which,is": 0.0030811365970558027, "at,the": 0.002909962341663814, "the,present": 0.0015405682985279014, "present,time": 0.0008558712769599452, "in,the": 0.011982197877439232, "ask,my": 0.005477576172543649, "friend,the": 0.008729887024991442, "the,minister": 0.00907223553577542, "minister,whether": 0.0010270455323519343, "whether,it": 0.0022252653200958575, "it,would": 0.0011982197877439234, "would,be": 0.0022252653200958575, "of,any": 0.0013693940431359123, "for,the": 0.005991098938719616, "the,report": 0.0018829168093118796, "which,i": 0.0017117425539198905, "i,have": 0.003252310852447792, "<s>,i": 0.013009243409791168, "of,this": 0.0027387880862718246, "given,to": 0.0011982197877439234, "to,a": 0.0017117425539198905, "the,united": 0.0008558712769599452, "lords,while": 0.004792879150975694, "while,thanking": 0.00359465936323177, "thanking,my": 0.003423485107839781, "minister,for": 0.005306401917151661, "him,whether": 0.0022252653200958575, "it,is": 0.005306401917151661, "is,not": 0.0030811365970558027, "not,a": 0.003252310852447792, "a,fact": 0.002909962341663814, "fact,that": 0.003423485107839781, "are,being": 0.0011982197877439234, "to,the": 0.010441629578911331, "and,that": 0.00359465936323177, "<s>,does": 0.0018829168093118796, "lords,in": 0.0015405682985279014, "the,public": 0.0018829168093118796, "i,was": 0.0020540910647038686, "members,of": 0.0010270455323519343, "of,that": 0.0017117425539198905, "<s>,they": 0.0008558712769599452, "they,have": 0.0011982197877439234, "the,future": 0.0008558712769599452, "<s>,it": 0.0018829168093118796, "it,was": 0.0010270455323519343, "to,my": 0.002396439575487847, "and,i": 0.0018829168093118796, "during,the": 0.0015405682985279014, "the,first": 0.0010270455323519343, "that,i": 0.0025676138308798357, "i,would": 0.0013693940431359123, "and,in": 0.0010270455323519343, "<cs>,i": 0.0015405682985279014, "i,am": 0.004279356384799726, "grateful,to": 0.0011982197877439234, "friend,lord": 0.0022252653200958575, "saying,that": 0.0010270455323519343, "that,they": 0.0011982197877439234, "<s>,that": 0.0017117425539198905, "lords,may": 0.003252310852447792, "friend,whether": 0.0025676138308798357, "is,a": 0.0022252653200958575, "the,government": 0.007360492981855529, "<s>,is": 0.004279356384799726, "not,the": 0.0011982197877439234, "i,should": 0.00359465936323177, "should,like": 0.0025676138308798357, "like,to": 0.002909962341663814, "some,of": 0.0017117425539198905, "<s>,as": 0.0011982197877439234, "as,i": 0.0010270455323519343, "was,in": 0.0008558712769599452, "in,rhodesia": 0.0010270455323519343, "many,of": 0.0008558712769599452, "in,this": 0.004450530640191715, "this,country": 0.0020540910647038686, "should,be": 0.002396439575487847, "is,that": 0.0011982197877439234, "of,a": 0.0018829168093118796, "to,give": 0.0015405682985279014, "government,in": 0.0018829168093118796, "do,not": 0.0010270455323519343, "and,they": 0.0008558712769599452, "to,have": 0.0011982197877439234, "have,to": 0.0013693940431359123, "the,people": 0.0013693940431359123, "<s>,but": 0.0011982197877439234, "and,the": 0.0022252653200958575, "with,the": 0.0027387880862718246, "in,respect": 0.0013693940431359123, "respect,of": 0.0013693940431359123, "wish,to": 0.0013693940431359123, "to,make": 0.0015405682985279014, "but,i": 0.0008558712769599452, "about,the": 0.002396439575487847, "to,me": 0.0008558712769599452, "for,that": 0.009243409791167409, "that,answer": 0.008387538514207463, "answer,and": 0.0017117425539198905, "by,the": 0.003937007874015748, "ask,whether": 0.0017117425539198905, "to,be": 0.0030811365970558027, "<s>,will": 0.0015405682985279014, "regard,to": 0.0017117425539198905, "for,a": 0.0010270455323519343, "a,few": 0.0015405682985279014, "would,not": 0.0013693940431359123, "noble,lords": 0.0010270455323519343, "as,a": 0.0015405682985279014, "of,us": 0.0008558712769599452, "that,of": 0.0008558712769599452, "the,noble": 0.00718931872646354, "noble,lord": 0.004621704895583704, "lord,lord": 0.002396439575487847, "when,we": 0.0010270455323519343, "we,were": 0.0010270455323519343, "the,situation": 0.0011982197877439234, "to,do": 0.0008558712769599452, "do,so": 0.0008558712769599452, "your,lordships": 0.003423485107839781, "lordships,house": 0.0018829168093118796, "in,that": 0.0018829168093118796, "country,<e>": 0.0008558712769599452, "i,think": 0.0011982197877439234, "think,that": 0.0010270455323519343, "that,is": 0.002396439575487847, "that,we": 0.0013693940431359123, "we,shall": 0.0008558712769599452, "not,this": 0.0008558712769599452, "out,of": 0.0010270455323519343, "of,their": 0.0010270455323519343, "their,own": 0.0010270455323519343, "in,order": 0.0017117425539198905, "order,to": 0.0013693940431359123, "should,not": 0.0010270455323519343, "support,of": 0.0008558712769599452, "of,my": 0.0015405682985279014, "whether,he": 0.0030811365970558027, "he,is": 0.0022252653200958575, "is,aware": 0.0015405682985279014, "that,there": 0.0011982197877439234, "there,is": 0.0015405682985279014, "that,this": 0.0017117425539198905, "this,is": 0.0010270455323519343, "is,being": 0.0013693940431359123, "to,say": 0.0017117425539198905, "difficult,to": 0.0010270455323519343, "to,support": 0.0008558712769599452, "support,the": 0.0013693940431359123, "the,amendment": 0.0020540910647038686, "amendment,<e>": 0.0011982197877439234, "is,my": 0.0020540910647038686, "that,it": 0.0018829168093118796, "that,these": 0.0008558712769599452, "in,mind": 0.0010270455323519343, "is,he": 0.0018829168093118796, "he,aware": 0.0011982197877439234, "the,foreign": 0.0018829168093118796, "foreign,secretary": 0.0008558712769599452, "able,to": 0.0008558712769599452, "can,my": 0.0008558712769599452, "is,the": 0.0010270455323519343, "of,state": 0.0011982197877439234, "answer,may": 0.0025676138308798357, "on,th": 0.0010270455323519343, "the,national": 0.0015405682985279014, "which,has": 0.0010270455323519343, "is,to": 0.0013693940431359123, "policy,of": 0.0008558712769599452, "government,<e>": 0.0011982197877439234, "this,question": 0.0011982197877439234, "may,be": 0.0010270455323519343, "which,they": 0.0010270455323519343, "of,these": 0.0011982197877439234, "who,have": 0.0013693940431359123, "people,of": 0.0008558712769599452, "my,question": 0.0008558712769599452, "question,<e>": 0.0010270455323519343, "<s>,would": 0.0008558712769599452, "does,not": 0.0010270455323519343, "might,be": 0.0013693940431359123, "whether,the": 0.0017117425539198905, "in,your": 0.0008558712769599452,