{"<cs>,my": 0.03959131545338442, "my,lords": 0.038314176245210725, "lords,i": 0.019157088122605363, "if,i": 0.006385696040868455, "of,the": 0.06130268199233716, "the,committee": 0.016602809706257982, "which,i": 0.007662835249042145, "<e>,<s>": 0.13793103448275862, "of,this": 0.006385696040868455, "on,the": 0.010217113665389528, "in,the": 0.02681992337164751, "from,the": 0.006385696040868455, "the,trustees": 0.008939974457215836, "<s>,it": 0.01532567049808429, "this,amendment": 0.008939974457215836, "amendment,<e>": 0.0140485312899106, "<s>,the": 0.019157088122605363, "to,the": 0.022988505747126436, "the,charity": 0.008939974457215836, "to,be": 0.020434227330779056, "the,bill": 0.0140485312899106, "is,to": 0.006385696040868455, "it,seems": 0.007662835249042145, "seems,to": 0.006385696040868455, "to,me": 0.007662835249042145, "that,it": 0.010217113665389528, "it,is": 0.02681992337164751, "is,not": 0.007662835249042145, "should,be": 0.007662835249042145, "for,the": 0.007662835249042145, "clause,<e>": 0.006385696040868455, "there,is": 0.008939974457215836, "i,am": 0.01277139208173691, "by,the": 0.021711366538952746, "<s>,i": 0.037037037037037035, "<cs>,i": 0.019157088122605363, "that,this": 0.006385696040868455, "i,may": 0.008939974457215836, "that,the": 0.02681992337164751, "me,to": 0.006385696040868455, "the,amendment": 0.01532567049808429, "<s>,if": 0.006385696040868455, "of,a": 0.010217113665389528, "will,be": 0.010217113665389528, "i,suggest": 0.006385696040868455, "suggest,that": 0.006385696040868455, "may,be": 0.007662835249042145, "i,should": 0.007662835249042145, "to,say": 0.008939974457215836, "<s>,in": 0.008939974457215836, "would,be": 0.01277139208173691, "your,lordships": 0.007662835249042145, "the,noble": 0.03065134099616858, "noble,lord": 0.020434227330779056, "lord,lord": 0.01532567049808429, "the,effect": 0.006385696040868455, "charity,<e>": 0.006385696040868455, "as,it": 0.006385696040868455, "with,the": 0.007662835249042145, "<s>,as": 0.006385696040868455, "perhaps,i": 0.006385696040868455, "before,the": 0.006385696040868455, "that,is": 0.006385696040868455, "lords,the": 0.006385696040868455, "the,child": 0.007662835249042145, "child,is": 0.006385696040868455}