{"<cs>,my": 0.022098749842151787, "my,lords": 0.022098749842151787, "lords,i": 0.008713221366334133, "i,have": 0.0036620785452708676, "on,a": 0.0010102285642126531, "as,the": 0.0016416214168455613, "the,debate": 0.0017678999873721429, "so,far": 0.0017678999873721429, "but,i": 0.0007576714231594899, "i,hope": 0.0022730142694784693, "to,do": 0.0012627857052658164, "in,a": 0.0017678999873721429, "<e>,<s>": 0.06730647809066802, "<s>,if": 0.002146735698951888, "if,i": 0.0017678999873721429, "for,the": 0.007576714231594899, "which,i": 0.0035357999747442858, "i,am": 0.007829271372648062, "your,lordships": 0.002146735698951888, "lords,the": 0.0010102285642126531, "from,the": 0.002525571410531633, "which,is": 0.001389064275792398, "to,the": 0.018057835585301173, "and,the": 0.004798585680010102, "the,<e>": 0.0006313928526329082, "lords,does": 0.0010102285642126531, "does,the": 0.0011365071347392347, "the,minister": 0.012375299911605001, "not,agree": 0.0007576714231594899, "agree,that": 0.0035357999747442858, "that,the": 0.012627857052658164, "that,this": 0.0008839499936860714, "this,is": 0.0007576714231594899, "is,not": 0.002146735698951888, "not,to": 0.0010102285642126531, "to,some": 0.0006313928526329082, "of,the": 0.0337163783305973, "not,be": 0.0015153428463189798, "which,was": 0.0006313928526329082, "in,the": 0.014774592751610052, "on,the": 0.005556257103169592, "the,basis": 0.0007576714231594899, "basis,of": 0.0006313928526329082, "the,problem": 0.0008839499936860714, "might,be": 0.0006313928526329082, "may,i": 0.0006313928526329082, "i,first": 0.0007576714231594899, "the,noble": 0.025760828387422656, "noble,lord": 0.010228564212653113, "lord,lord": 0.0049248642505366836, "one,of": 0.0007576714231594899, "is,that": 0.0015153428463189798, "at,a": 0.0008839499936860714, "there,is": 0.0018941785578987247, "a,great": 0.0007576714231594899, "great,deal": 0.0007576714231594899, "about,the": 0.0022730142694784693, "we,are": 0.003914635686324031, "for,that": 0.002778128551584796, "<s>,the": 0.004546028538956939, "the,common": 0.0016416214168455613, "common,agricultural": 0.001389064275792398, "agricultural,policy": 0.001389064275792398, "is,the": 0.003156964263164541, "of,all": 0.0012627857052658164, "european,community": 0.0007576714231594899, "has,already": 0.0006313928526329082, "pointed,out": 0.0006313928526329082, "<s>,it": 0.003914635686324031, "it,is": 0.006313928526329082, "the,european": 0.0012627857052658164, "said,that": 0.0011365071347392347, "would,not": 0.0006313928526329082, "have,been": 0.002146735698951888, "the,community": 0.001389064275792398, "would,have": 0.0007576714231594899, "the,first": 0.0007576714231594899, "place,<e>": 0.0012627857052658164, "<s>,for": 0.0006313928526329082, "for,these": 0.0006313928526329082, "that,he": 0.002146735698951888, "<s>,this": 0.0012627857052658164, "a,very": 0.0015153428463189798, "as,such": 0.0008839499936860714, "use,of": 0.0006313928526329082, "member,states": 0.0008839499936860714, "<cs>,i": 0.005935092814749337, "on,this": 0.0032832428336911227, "this,matter": 0.0007576714231594899, "that,i": 0.002399292840005051, "<s>,i": 0.013638085616870818, "i,can": 0.0012627857052658164, "the,committee": 0.0029044071221113778, "because,the": 0.0007576714231594899, "to,deal": 0.0010102285642126531, "deal,with": 0.0011365071347392347, "do,not": 0.001389064275792398, "that,assurance": 0.0007576714231594899, "i,beg": 0.003914635686324031, "beg,leave": 0.0040409142568506124, "leave,to": 0.0040409142568506124, "to,withdraw": 0.0037883571157974493, "withdraw,the": 0.0034095214042177044, "the,amendment": 0.008081828513701225, "amendment,<e>": 0.0061876499558025004, "the,light": 0.0010102285642126531, "light,of": 0.0010102285642126531, "of,that": 0.0022730142694784693, "with,the": 0.005051142821063266, "by,the": 0.006692764237908827, "that,in": 0.002146735698951888, "in,our": 0.0007576714231594899, "of,it": 0.0010102285642126531, "than,the": 0.0008839499936860714, "the,position": 0.0006313928526329082, "will,be": 0.0035357999747442858, "which,are": 0.001389064275792398, "within,the": 0.0012627857052658164, "for,example": 0.0007576714231594899, "of,food": 0.0006313928526329082, "is,a": 0.0032832428336911227, "a,fairly": 0.0007576714231594899, "and,if": 0.0006313928526329082, "to,be": 0.0061876499558025004, "of,course": 0.0008839499936860714, "in,respect": 0.001389064275792398, "respect,of": 0.001389064275792398, "i,thank": 0.006819042808435409, "thank,the": 0.00770299280212148, "noble,earl": 0.0029044071221113778, "earl,for": 0.0008839499936860714, "and,i": 0.0016416214168455613, "it,<e>": 0.0037883571157974493, "am,grateful": 0.0036620785452708676, "grateful,to": 0.004546028538956939, "lord,the": 0.0020204571284253062, "minister,for": 0.0036620785452708676, "for,his": 0.0022730142694784693, "noble,lords": 0.0008839499936860714, "lords,on": 0.0008839499936860714, "the,house": 0.004798585680010102, "who,have": 0.0020204571284253062, "in,this": 0.0040409142568506124, "this,amendment": 0.0026518499810582142, "<s>,in": 0.004167192827377194, "lords,will": 0.0011365071347392347, "will,the": 0.002525571410531633, "have,a": 0.0010102285642126531, "<s>,will": 0.0015153428463189798, "further,agree": 0.0006313928526329082, "some,of": 0.0015153428463189798, "which,the": 0.0030306856926379596, "the,ministry": 0.0011365071347392347, "ministry,of": 0.0007576714231594899, "of,agriculture": 0.0006313928526329082, "to,take": 0.0016416214168455613, "regarding,the": 0.0010102285642126531, "the,future": 0.0006313928526329082, "this,country": 0.0011365071347392347, "say,that": 0.0018941785578987247, "that,we": 0.0030306856926379596, "we,on": 0.0010102285642126531, "this,side": 0.002399292840005051, "side,of": 0.002399292840005051, "<s>,when": 0.0007576714231594899, "when,the": 0.0008839499936860714, "as,it": 0.001389064275792398, "under,the": 0.001389064275792398, "food,from": 0.0006313928526329082, "from,britain": 0.0006313928526329082, "that,it": 0.0034095214042177044, "it,would": 0.0007576714231594899, "would,be": 0.0017678999873721429, "is,to": 0.0012627857052658164, "for,a": 0.0008839499936860714, "number,of": 0.001389064275792398, "lords,can": 0.0017678999873721429, "can,the": 0.0022730142694784693, "tell,the": 0.001389064275792398, "house,whether": 0.0006313928526329082, "the,government": 0.0037883571157974493, "had,to": 0.0010102285642126531, "having,regard": 0.0007576714231594899, "regard,to": 0.0016416214168455613, "the,subject": 0.0011365071347392347, "of,us": 0.0007576714231594899, "my,noble": 0.0017678999873721429, "noble,friend": 0.002146735698951888, "friend,lord": 0.0015153428463189798, "not,merely": 0.0011365071347392347, "down,the": 0.0006313928526329082, "for,introducing": 0.0006313928526329082, "it,in": 0.0007576714231594899, "the,manner": 0.0010102285642126531, "those,who": 0.0015153428463189798, "of,our": 0.0006313928526329082, "<s>,indeed": 0.0007576714231594899, "as,a": 0.0015153428463189798, "grateful,for": 0.0006313928526329082, "what,he": 0.0007576714231594899, "has,been": 0.003156964263164541, "may,be": 0.001389064275792398, "be,used": 0.0006313928526329082, "in,another": 0.0006313928526329082, "another,place": 0.0006313928526329082, "<s>,therefore": 0.0007576714231594899, "i,think": 0.0029044071221113778, "think,that": 0.0015153428463189798, "review,of": 0.0006313928526329082, "is,now": 0.0006313928526329082, "and,which": 0.0007576714231594899, "part,of": 0.0015153428463189798, "to,this": 0.0018941785578987247, "to,ask": 0.0010102285642126531, "ask,the": 0.0008839499936860714, "the,question": 0.0008839499936860714, "in,my": 0.0010102285642126531, "the,order": 0.003156964263164541, "lords,in": 0.0006313928526329082, "lord,for": 0.0015153428463189798, "that,reply": 0.0015153428463189798, "perhaps,i": 0.0011365071347392347, "i,should": 0.002778128551584796, "as,i": 0.001389064275792398, "the,shops": 0.0007576714231594899, "committee,<e>": 0.0010102285642126531, "in,view": 0.002146735698951888,