{"<cs>,i": 0.003586800573888092, "to,speak": 0.0019727403156384504, "but,i": 0.0019727403156384504, "i,do": 0.003048780487804878, "do,not": 0.0037661406025824963, "not,know": 0.001793400286944046, "whether,the": 0.000896700143472023, "the,minister": 0.003945480631276901, "my,noble": 0.004662840746054519, "<e>,<s>": 0.06725251076040172, "<s>,we": 0.001793400286944046, "we,have": 0.002510760401721664, "have,been": 0.004124820659971305, "and,that": 0.003048780487804878, "that,there": 0.003048780487804878, "there,was": 0.002152080344332855, "form,of": 0.0014347202295552368, "<s>,i": 0.016319942611190817, "the,government": 0.0044835007173601145, "wish,to": 0.0016140602582496414, "to,have": 0.001793400286944046, "have,the": 0.001255380200860832, "the,second": 0.0010760401721664275, "second,reading": 0.0010760401721664275, "on,a": 0.0014347202295552368, "with,the": 0.004124820659971305, "the,committee": 0.0016140602582496414, "on,the": 0.012015781922525108, "they,have": 0.0014347202295552368, "have,to": 0.0010760401721664275, "to,be": 0.007711621233859397, "or,two": 0.0016140602582496414, "of,the": 0.02654232424677188, "the,debate": 0.0016140602582496414, "should,be": 0.0010760401721664275, "to,me": 0.002510760401721664, "me,to": 0.0010760401721664275, "<s>,but": 0.0016140602582496414, "i,am": 0.008070301291248206, "and,i": 0.005200860832137733, "in,this": 0.003945480631276901, "this,house": 0.0019727403156384504, "<s>,if": 0.0037661406025824963, "if,the": 0.0019727403156384504, "to,intervene": 0.0010760401721664275, "i,will": 0.0010760401721664275, "i,wish": 0.000896700143472023, "support,of": 0.0010760401721664275, "of,what": 0.0010760401721664275, "noble,friend": 0.00430416068866571, "has,said": 0.0014347202295552368, "i,hope": 0.001255380200860832, "hope,that": 0.0010760401721664275, "that,i": 0.0068149210903873745, "i,shall": 0.0014347202295552368, "<cs>,my": 0.029053084648493543, "my,lords": 0.031025824964131993, "lords,i": 0.008428981348637015, "i,beg": 0.0028694404591104736, "beg,leave": 0.002510760401721664, "leave,to": 0.002690100430416069, "to,ask": 0.0037661406025824963, "ask,the": 0.0037661406025824963, "the,question": 0.0044835007173601145, "question,which": 0.0019727403156384504, "which,stands": 0.0016140602582496414, "stands,in": 0.0016140602582496414, "in,my": 0.003945480631276901, "my,name": 0.0032281205164992827, "name,on": 0.002510760401721664, "the,order": 0.00430416068866571, "order,paper": 0.0037661406025824963, "paper,<e>": 0.002690100430416069, "am,very": 0.000896700143472023, "to,the": 0.010760401721664276, "the,noble": 0.031384505021520806, "noble,earl": 0.003048780487804878, "and,indeed": 0.000896700143472023, "for,that": 0.001793400286944046, "no,one": 0.000896700143472023, "which,is": 0.003048780487804878, "but,the": 0.0010760401721664275, "the,fact": 0.002152080344332855, "fact,that": 0.0028694404591104736, "that,the": 0.015781922525107604, "will,be": 0.001255380200860832, "of,this": 0.0028694404591104736, "if,it": 0.000896700143472023, "the,house": 0.003048780487804878, "question,standing": 0.000896700143472023, "standing,in": 0.000896700143472023, "it,was": 0.004124820659971305, "was,not": 0.001255380200860832, "i,thought": 0.001255380200860832, "he,said": 0.0014347202295552368, "said,that": 0.0016140602582496414, "the,matter": 0.0019727403156384504, "has,not": 0.0010760401721664275, "not,been": 0.0016140602582496414, "i,apologise": 0.0014347202295552368, "apologise,for": 0.000896700143472023, "in,a": 0.002690100430416069, "if,i": 0.000896700143472023, "noble,lord": 0.020086083213773313, "a,question": 0.0016140602582496414, "am,not": 0.0010760401721664275, "to,say": 0.004124820659971305, "say,that": 0.002510760401721664, "i,could": 0.000896700143472023, "i,can": 0.002152080344332855, "<s>,he": 0.0016140602582496414, "in,the": 0.014705882352941176, "the,course": 0.0010760401721664275, "course,of": 0.0010760401721664275, "a,little": 0.002152080344332855, "<s>,this": 0.0014347202295552368, "this,is": 0.0028694404591104736, "is,the": 0.00824964131994261, "to,take": 0.0014347202295552368, "the,time": 0.000896700143472023, "i,should": 0.003048780487804878, "this,point": 0.0010760401721664275, "had,not": 0.001255380200860832, "i,had": 0.002152080344332855, "trying,to": 0.0010760401721664275, "to,find": 0.000896700143472023, "a,very": 0.004842180774748924, "i,did": 0.0016140602582496414, "did,not": 0.0023314203730272595, "this,matter": 0.0023314203730272595, "going,to": 0.0016140602582496414, "of,course": 0.001793400286944046, "have,not": 0.001793400286944046, "had,a": 0.000896700143472023, "for,a": 0.003048780487804878, "a,long": 0.0014347202295552368, "time,<e>": 0.001255380200860832, "that,is": 0.001255380200860832, "i,was": 0.002690100430416069, "able,to": 0.001255380200860832, "lords,is": 0.005918220946915352, "is,not": 0.002510760401721664, "not,the": 0.001255380200860832, "lord,aware": 0.003945480631276901, "aware,that": 0.00663558106169297, "that,it": 0.0034074605451936872, "it,has": 0.001793400286944046, "at,all": 0.0014347202295552368, "over,the": 0.0010760401721664275, "the,world": 0.0010760401721664275, "<s>,is": 0.003586800573888092, "is,he": 0.0019727403156384504, "which,has": 0.002690100430416069, "has,been": 0.005559540889526543, "for,years": 0.0010760401721664275, "within,the": 0.000896700143472023, "the,last": 0.0023314203730272595, "the,industry": 0.000896700143472023, "this,government": 0.001255380200860832, "says,that": 0.0010760401721664275, "it,is": 0.0068149210903873745, "have,a": 0.002152080344332855, "he,also": 0.0010760401721664275, "and,the": 0.0032281205164992827, "there,is": 0.0019727403156384504, "is,a": 0.004842180774748924, "from,the": 0.003945480631276901, "would,the": 0.0016140602582496414, "the,<e>": 0.000896700143472023, "noble,baroness": 0.0014347202295552368, "because,i": 0.001793400286944046, "i,have": 0.008070301291248206, "time,to": 0.001793400286944046, "on,which": 0.0014347202295552368, "which,i": 0.003586800573888092, "very,great": 0.000896700143472023, "the,most": 0.001255380200860832, "and,it": 0.0016140602582496414, "of,man": 0.0010760401721664275, "to,put": 0.001255380200860832, "put,down": 0.000896700143472023, "what,has": 0.000896700143472023, "in,relation": 0.0010760401721664275, "relation,to": 0.0010760401721664275, "this,bill": 0.0010760401721664275, "bill,<e>": 0.0014347202295552368, "is,it": 0.0019727403156384504, "it,not": 0.0023314203730272595, "that,we": 0.001793400286944046, "one,of": 0.001793400286944046, "and,which": 0.0019727403156384504, "and,a": 0.001255380200860832, "and,of": 0.0010760401721664275, "<s>,the": 0.004662840746054519, "what,the": 0.001793400286944046, "noble,viscount": 0.002690100430416069, "if,he": 0.001793400286944046, "he,is": 0.001255380200860832, "what,is": 0.0016140602582496414, "lords,will": 0.0014347202295552368, "will,the": 0.0019727403156384504, "of,a": 0.0037661406025824963, "number,of": 0.001255380200860832, "not,have": 0.000896700143472023, "i,know": 0.0014347202295552368, "know,that": 0.0016140602582496414, "<s>,my": 0.0016140602582496414, "that,this": 0.0023314203730272595, "had,the": 0.000896700143472023, "lords,does": 0.000896700143472023, "does,the": 0.001793400286944046, "many,years": 0.000896700143472023, "had,to": 0.0010760401721664275, "in,which": 0.002510760401721664, "which,it": 0.001255380200860832, "to,make": 0.0023314203730272595, "and,to": 0.0016140602582496414, "may,i": 0.003586800573888092, "lords,would": 0.000896700143472023, "the,speech": 0.000896700143472023, "speech,of": 0.000896700143472023, "of,my": 0.001255380200860832, "had,been": 0.0010760401721664275, "told,that": 0.001255380200860832, "lord,lord": 0.00430416068866571, "not,to": 0.000896700143472023, "noble,and": 0.0037661406025824963, "and,learned": 0.0037661406025824963, "for,the": 0.0028694404591104736, "learned,lord": 0.0032281205164992827, "in,order": 0.000896700143472023, "this,<e>": 0.0010760401721664275, "it,would": 0.0010760401721664275,