{"<cs>,my": 0.03177822853279243, "my,lords": 0.032454361054766734, "it,is": 0.0196078431372549, "is,a": 0.0033806626098715348, "to,address": 0.0033806626098715348, "your,lordships": 0.012170385395537525, "<e>,<s>": 0.12440838404327248, "i,should": 0.009465855307640297, "should,like": 0.010141987829614604, "like,to": 0.012170385395537525, "to,the": 0.02434077079107505, "the,noble": 0.03110209601081812, "on,the": 0.010141987829614604, "it,was": 0.004056795131845842, "that,i": 0.008113590263691683, "lordships,house": 0.0033806626098715348, "i,shall": 0.0033806626098715348, "which,i": 0.0033806626098715348, "in,the": 0.016227180527383367, "lords,i": 0.02028397565922921, "i,am": 0.012170385395537525, "noble,lord": 0.022988505747126436, "lord,lord": 0.010818120351588911, "this,matter": 0.004732927653820149, "<s>,i": 0.03718728870858688, "to,ask": 0.008113590263691683, "my,noble": 0.010818120351588911, "noble,friend": 0.010818120351588911, "the,minister": 0.0033806626098715348, "whether,he": 0.004732927653820149, "the,country": 0.004056795131845842, "of,the": 0.01555104800540906, "lords,before": 0.004732927653820149, "before,the": 0.0033806626098715348, "sits,down": 0.0033806626098715348, "i,have": 0.011494252873563218, "have,been": 0.0067613252197430695, "it,would": 0.0067613252197430695, "would,be": 0.0074374577417173765, "with,the": 0.0033806626098715348, "and,that": 0.004056795131845842, "we,had": 0.0033806626098715348, "<s>,but": 0.0033806626098715348, "the,government": 0.004056795131845842, "the,most": 0.0033806626098715348, "<s>,it": 0.012170385395537525, "we,have": 0.004732927653820149, "that,the": 0.010818120351588911, "he,is": 0.0033806626098715348, "to,do": 0.004732927653820149, "other,noble": 0.004056795131845842, "noble,lords": 0.0074374577417173765, "thank,the": 0.0033806626098715348, "i,beg": 0.0033806626098715348, "beg,leave": 0.0033806626098715348, "leave,to": 0.0033806626098715348, "ask,the": 0.005409060175794456, "the,question": 0.004732927653820149, "question,which": 0.0033806626098715348, "which,stands": 0.0033806626098715348, "stands,in": 0.0033806626098715348, "in,my": 0.005409060175794456, "my,name": 0.004056795131845842, "name,on": 0.004056795131845842, "the,order": 0.0033806626098715348, "order,paper": 0.0033806626098715348, "paper,<e>": 0.0033806626098715348, "may,i": 0.009465855307640297, "i,ask": 0.0033806626098715348, "aware,that": 0.0033806626098715348, "that,it": 0.004056795131845842, "<s>,is": 0.004732927653820149, "is,he": 0.0033806626098715348, "for,the": 0.004732927653820149, "there,are": 0.004732927653820149, "that,in": 0.0033806626098715348, "they,are": 0.004056795131845842, "the,house": 0.0033806626098715348, "i,was": 0.004732927653820149, "which,is": 0.0033806626098715348, "is,one": 0.0033806626098715348, "one,of": 0.004056795131845842, "and,i": 0.012846517917511832, "the,bill": 0.010818120351588911, "i,must": 0.004732927653820149, "but,i": 0.005409060175794456, "that,we": 0.0067613252197430695, "it,<e>": 0.006085192697768763, "i,do": 0.004732927653820149, "do,not": 0.0067613252197430695, "them,<e>": 0.0033806626098715348, "i,trust": 0.0033806626098715348, "trust,that": 0.0033806626098715348, "i,hope": 0.004732927653820149, "we,shall": 0.0033806626098715348, "is,the": 0.004732927653820149, "have,to": 0.0067613252197430695, "of,this": 0.004056795131845842, "this,country": 0.0033806626098715348, "country,<e>": 0.0033806626098715348, "i,also": 0.0033806626098715348, "is,very": 0.0033806626098715348, "<s>,the": 0.0074374577417173765, "who,are": 0.0033806626098715348, "at,the": 0.004056795131845842, "has,been": 0.0033806626098715348, "in,a": 0.0033806626098715348, "bill,<e>": 0.0074374577417173765, "this,house": 0.0033806626098715348, "that,if": 0.0033806626098715348, "if,we": 0.0033806626098715348, "in,this": 0.005409060175794456, "all,the": 0.004056795131845842, "to,have": 0.004056795131845842, "this,bill": 0.004732927653820149, "this,amendment": 0.0067613252197430695, "amendment,<e>": 0.004732927653820149, "<s>,this": 0.006085192697768763, "this,is": 0.005409060175794456, "should,be": 0.0033806626098715348, "who,is": 0.0033806626098715348, "<cs>,i": 0.004056795131845842, "i,think": 0.0074374577417173765, "at,night": 0.004056795131845842, "to,be": 0.0033806626098715348, "at,a": 0.0033806626098715348, "think,that": 0.004056795131845842, "have,a": 0.004056795131845842, "<s>,we": 0.0033806626098715348, "of,a": 0.0033806626098715348, "the,right": 0.0033806626098715348, "noble,baroness": 0.0033806626098715348}