{"<cs>,my": 0.038657171922685654, "my,lords": 0.03967446592065107, "lords,may": 0.006103763987792472, "may,i": 0.012207527975584944, "that,i": 0.00508646998982706, "of,the": 0.05391658189216684, "the,noble": 0.03967446592065107, "the,government": 0.01017293997965412, "<e>,<s>": 0.12207527975584945, "i,think": 0.006103763987792472, "of,this": 0.01017293997965412, "and,i": 0.009155645981688708, "noble,lords": 0.008138351983723296, "lords,who": 0.00508646998982706, "taken,part": 0.00508646998982706, "part,in": 0.006103763987792472, "<s>,it": 0.011190233977619531, "it,has": 0.009155645981688708, "to,the": 0.028484231943031537, "of,your": 0.006103763987792472, "your,lordships": 0.011190233977619531, "lordships,house": 0.006103763987792472, "house,<e>": 0.006103763987792472, "<s>,i": 0.03560528992878942, "for,the": 0.011190233977619531, "by,the": 0.007121057985757884, "noble,lord": 0.022380467955239063, "lord,lord": 0.015259409969481181, "and,the": 0.01017293997965412, "noble,earl": 0.012207527975584944, "earl,lord": 0.00508646998982706, "i,should": 0.013224821973550356, "should,like": 0.00508646998982706, "like,to": 0.008138351983723296, "to,thank": 0.006103763987792472, "in,this": 0.01017293997965412, "this,debate": 0.006103763987792472, "thank,the": 0.011190233977619531, "the,minister": 0.012207527975584944, "for,his": 0.006103763987792472, "that,we": 0.01017293997965412, "in,the": 0.026449643947100712, "i,am": 0.012207527975584944, "that,the": 0.015259409969481181, "the,select": 0.006103763987792472, "select,committee": 0.008138351983723296, "at,the": 0.008138351983723296, "the,end": 0.00508646998982706, "end,of": 0.00508646998982706, "that,it": 0.00508646998982706, "the,debate": 0.006103763987792472, "as,a": 0.00508646998982706, "i,may": 0.00508646998982706, "that,is": 0.009155645981688708, "lords,i": 0.011190233977619531, "the,public": 0.008138351983723296, "has,been": 0.007121057985757884, "on,the": 0.011190233977619531, "with,the": 0.006103763987792472, "<s>,the": 0.01017293997965412, "it,is": 0.013224821973550356, "is,the": 0.011190233977619531, "which,is": 0.007121057985757884, "is,a": 0.007121057985757884, "time,<e>": 0.00508646998982706, "i,do": 0.006103763987792472, "do,not": 0.008138351983723296, "about,the": 0.006103763987792472, "there,is": 0.009155645981688708, "to,be": 0.009155645981688708, "wish,to": 0.00508646998982706, "i,also": 0.00508646998982706, "the,more": 0.00508646998982706, "this,afternoon": 0.007121057985757884, "i,thank": 0.00508646998982706, "aware,that": 0.01017293997965412, "hazardous,waste": 0.01017293997965412, "waste,<e>": 0.00508646998982706, "<s>,is": 0.00508646998982706, "look,forward": 0.00508646998982706, "the,house": 0.008138351983723296, "balance,of": 0.00508646998982706, "waste,disposal": 0.007121057985757884}