{"<cs>,my": 0.02518891687657431, "my,lords": 0.02518891687657431, "lords,in": 0.001399384270920795, "the,house": 0.003918275958578225, "for,the": 0.004617968094038623, "the,first": 0.0006996921354603975, "your,lordships": 0.0025188916876574307, "<e>,<s>": 0.07206828995242094, "<s>,i": 0.018052057094878254, "i,think": 0.004617968094038623, "think,that": 0.0016792611251049538, "that,i": 0.003778337531486146, "i,should": 0.0061572907920514975, "which,was": 0.0008396305625524769, "<s>,however": 0.0026588301147495103, "it,was": 0.002938706968933669, "on,the": 0.004617968094038623, "before,the": 0.002239014833473272, "house,and": 0.0008396305625524769, "my,noble": 0.0065771060733277355, "noble,friend": 0.006017352364959418, "friend,lady": 0.0008396305625524769, "in,another": 0.0016792611251049538, "another,place": 0.0018191995521970334, "years,ago": 0.0009795689896445563, "<s>,indeed": 0.0009795689896445563, "in,this": 0.002378953260565351, "of,your": 0.0006996921354603975, "problem,of": 0.0008396305625524769, "the,noble": 0.02155051777218024, "noble,earl": 0.0030786453960257487, "point,<e>": 0.0006996921354603975, "<s>,it": 0.005037783375314861, "at,the": 0.004478029666946544, "when,the": 0.001119507416736636, "the,committee": 0.001399384270920795, "that,the": 0.012594458438287154, "the,government": 0.0054575986565911, "are,not": 0.0009795689896445563, "as,to": 0.0016792611251049538, "to,what": 0.0008396305625524769, "to,pay": 0.001399384270920795, "way,of": 0.0008396305625524769, "they,are": 0.0016792611251049538, "if,it": 0.0006996921354603975, "it,will": 0.0016792611251049538, "<s>,if": 0.002938706968933669, "if,they": 0.0009795689896445563, "in,the": 0.012314581584102995, "which,is": 0.0015393226980128744, "what,i": 0.0009795689896445563, "i,understand": 0.0016792611251049538, "the,bill": 0.0033585222502099076, "them,to": 0.0008396305625524769, "to,do": 0.0025188916876574307, "tell,us": 0.0006996921354603975, "<cs>,i": 0.004897844948222782, "to,support": 0.002239014833473272, "noble,friends": 0.0006996921354603975, "<s>,we": 0.0012594458438287153, "we,have": 0.002938706968933669, "have,no": 0.001119507416736636, "trying,to": 0.0009795689896445563, "of,the": 0.026028547439126783, "the,secretary": 0.001399384270920795, "secretary,of": 0.002239014833473272, "of,state": 0.0025188916876574307, "<s>,the": 0.004338091239854464, "of,my": 0.001119507416736636, "amendment,no": 0.001399384270920795, "no,<e>": 0.001119507416736636, "was,to": 0.0006996921354603975, "to,take": 0.001399384270920795, "per,cent": 0.0015393226980128744, "cent,<e>": 0.0012594458438287153, "it,<e>": 0.0015393226980128744, "i,shall": 0.002378953260565351, "to,the": 0.011894766302826756, "the,amendment": 0.0033585222502099076, "amendment,<e>": 0.0018191995521970334, "however,i": 0.001119507416736636, "i,wish": 0.0006996921354603975, "wish,to": 0.002239014833473272, "importance,of": 0.0006996921354603975, "it,is": 0.009935628323537643, "that,this": 0.002378953260565351, "<s>,one": 0.0009795689896445563, "as,we": 0.0009795689896445563, "we,are": 0.0020990764063811922, "they,will": 0.0009795689896445563, "will,the": 0.002938706968933669, "have,a": 0.0019591379792891126, "number,of": 0.0019591379792891126, "will,be": 0.004757906521130702, "able,to": 0.0012594458438287153, "with,the": 0.007276798208788134, "friend,lord": 0.003638399104394067, "have,been": 0.003638399104394067, "i,may": 0.0009795689896445563, "i,would": 0.0020990764063811922, "kind,of": 0.0006996921354603975, "over,the": 0.001399384270920795, "the,other": 0.0015393226980128744, "as,well": 0.0012594458438287153, "well,as": 0.001119507416736636, "<s>,my": 0.0008396305625524769, "should,like": 0.004617968094038623, "like,to": 0.004338091239854464, "and,indeed": 0.0006996921354603975, "about,the": 0.0016792611251049538, "to,my": 0.0009795689896445563, "this,debate": 0.0009795689896445563, "the,very": 0.0012594458438287153, "has,been": 0.00279876854184159, "by,the": 0.006017352364959418, "i,am": 0.009935628323537643, "am,sure": 0.0025188916876574307, "sure,that": 0.0019591379792891126, "that,it": 0.005317660229499021, "that,we": 0.003778337531486146, "we,should": 0.002239014833473272, "from,the": 0.003638399104394067, "because,it": 0.0008396305625524769, "that,in": 0.0016792611251049538, "this,country": 0.0008396305625524769, "that,is": 0.003498460677301987, "is,the": 0.00279876854184159, "the,way": 0.0006996921354603975, "the,point": 0.0020990764063811922, "point,of": 0.0008396305625524769, "seek,to": 0.0006996921354603975, "the,debate": 0.0009795689896445563, "it,to": 0.0012594458438287153, "the,governments": 0.001119507416736636, "are,now": 0.0006996921354603975, "lords,if": 0.0006996921354603975, "if,the": 0.0026588301147495103, "noble,lord": 0.013154212146655471, "lord,the": 0.001399384270920795, "the,minister": 0.012594458438287154, "give,way": 0.0006996921354603975, "the,great": 0.0016792611251049538, "is,that": 0.0018191995521970334, "<s>,they": 0.0009795689896445563, "their,own": 0.0006996921354603975, "i,was": 0.003498460677301987, "<s>,that": 0.0025188916876574307, "the,whole": 0.001399384270920795, "the,money": 0.0008396305625524769, "it,has": 0.001119507416736636, "has,to": 0.0008396305625524769, "to,be": 0.0065771060733277355, "going,to": 0.0008396305625524769, "to,come": 0.0008396305625524769, "out,of": 0.0009795689896445563, "the,present": 0.0006996921354603975, "cost,of": 0.0006996921354603975, "is,a": 0.00559753708368318, "because,the": 0.001119507416736636, "the,local": 0.0009795689896445563, "local,authority": 0.0008396305625524769, "lords,i": 0.01105513574027428, "lord,lord": 0.005737475510775259, "and,the": 0.004338091239854464, "noble,lords": 0.0019591379792891126, "to,deal": 0.0006996921354603975, "deal,with": 0.0009795689896445563, "that,they": 0.002938706968933669, "i,do": 0.003498460677301987, "do,not": 0.004897844948222782, "not,think": 0.0008396305625524769, "that,my": 0.0012594458438287153, "with,which": 0.0006996921354603975, "i,can": 0.0009795689896445563, "i,agree": 0.0009795689896445563, "agree,with": 0.001399384270920795, "that,he": 0.003638399104394067, "he,has": 0.001119507416736636, "for,example": 0.0006996921354603975, "to,why": 0.0006996921354603975, "by,a": 0.0006996921354603975, "could,not": 0.0006996921354603975, "a,member": 0.0008396305625524769, "member,of": 0.0009795689896445563, "but,i": 0.002239014833473272, "want,to": 0.0012594458438287153, "house,<e>": 0.0009795689896445563, "is,not": 0.003778337531486146, "so,far": 0.0006996921354603975, "as,i": 0.002378953260565351, "understand,it": 0.0008396305625524769, "lords,may": 0.0006996921354603975, "may,i": 0.0012594458438287153, "i,ask": 0.0012594458438287153, "ask,the": 0.0015393226980128744, "to,give": 0.0016792611251049538, "give,us": 0.0012594458438287153, "a,little": 0.0015393226980128744, "government,to": 0.0006996921354603975, "come,to": 0.0006996921354603975, "to,a": 0.0012594458438287153, "<s>,is": 0.0012594458438287153, "he,not": 0.001399384270920795, "aware,that": 0.0006996921354603975, "all,<e>": 0.0008396305625524769, "i,beg": 0.0009795689896445563, "beg,leave": 0.0009795689896445563, "leave,to": 0.0015393226980128744, "to,ask": 0.0009795689896445563, "the,question": 0.0019591379792891126, "question,standing": 0.0006996921354603975, "standing,in": 0.0006996921354603975, "in,my": 0.00279876854184159, "my,name": 0.0009795689896445563, "name,on": 0.0006996921354603975, "the,order": 0.0006996921354603975, "order,paper": 0.0006996921354603975, "paper,<e>": 0.0009795689896445563, "i,thank": 0.0009795689896445563, "thank,the": 0.0012594458438287153, "earl,for": 0.0006996921354603975, "for,his": 0.001399384270920795, "reply,<e>": 0.0009795689896445563, "a,number": 0.0008396305625524769, "press,the": 0.0006996921354603975, "look,at": 0.0008396305625524769, "at,this": 0.0006996921354603975, "this,matter": 0.0018191995521970334, "matter,<e>": 0.0009795689896445563, "one,of": 0.0015393226980128744, "with,a": 0.001119507416736636,