{"<cs>,my": 0.02315375302663438, "my,lords": 0.02345641646489104, "lords,in": 0.001967312348668281, "in,the": 0.018462469733656173, "of,the": 0.02587772397094431, "the,noble": 0.011501210653753027, "noble,earl": 0.0018159806295399517, "to,make": 0.0007566585956416465, "a,few": 0.0013619854721549636, "on,the": 0.005901937046004843, "the,order": 0.00211864406779661, "order,<e>": 0.001967312348668281, "<e>,<s>": 0.07581719128329298, "<s>,i": 0.01921912832929782, "i,had": 0.0022699757869249393, "that,on": 0.001059322033898305, "of,my": 0.001967312348668281, "the,house": 0.004993946731234867, "house,i": 0.0009079903147699758, "i,should": 0.0016646489104116223, "have,been": 0.005296610169491525, "able,to": 0.002421307506053269, "for,northern": 0.0007566585956416465, "northern,ireland": 0.0299636803874092, "ireland,in": 0.0009079903147699758, "the,future": 0.0007566585956416465, "<s>,however": 0.002572639225181598, "<s>,the": 0.006204600484261501, "in,a": 0.0016646489104116223, "a,little": 0.0007566585956416465, "from,the": 0.0037832929782082325, "in,northern": 0.017857142857142856, "i,believe": 0.0018159806295399517, "member,of": 0.0022699757869249393, "of,this": 0.004539951573849879, "this,house": 0.005901937046004843, "house,<e>": 0.002572639225181598, "who,have": 0.0012106537530266344, "was,the": 0.0012106537530266344, "of,those": 0.0009079903147699758, "those,who": 0.0018159806295399517, "carried,out": 0.0007566585956416465, "such,a": 0.001513317191283293, "people,in": 0.002572639225181598, "lords,will": 0.0012106537530266344, "will,the": 0.001967312348668281, "noble,lord": 0.007415254237288136, "agree,that": 0.0016646489104116223, "that,there": 0.004085956416464891, "there,are": 0.0036319612590799033, "a,number": 0.001513317191283293, "number,of": 0.0016646489104116223, "to,this": 0.001513317191283293, "which,are": 0.0012106537530266344, "are,not": 0.0013619854721549636, "it,was": 0.004691283292978209, "to,be": 0.005901937046004843, "be,a": 0.0009079903147699758, "<s>,it": 0.004539951573849879, "took,place": 0.001513317191283293, "place,in": 0.0016646489104116223, "that,was": 0.0009079903147699758, "the,other": 0.002572639225181598, "community,<e>": 0.0007566585956416465, "noble,viscount": 0.0012106537530266344, "that,the": 0.007566585956416465, "the,fact": 0.0016646489104116223, "fact,that": 0.002421307506053269, "will,be": 0.0069612590799031475, "as,a": 0.001967312348668281, "the,people": 0.001059322033898305, "people,who": 0.0013619854721549636, "the,northern": 0.002421307506053269, "<s>,indeed": 0.0009079903147699758, "put,forward": 0.0007566585956416465, "had,been": 0.0016646489104116223, "lords,the": 0.0016646489104116223, "know,that": 0.0012106537530266344, "i,was": 0.003934624697336562, "was,a": 0.001967312348668281, "a,member": 0.0016646489104116223, "another,place": 0.0037832929782082325, "place,<e>": 0.001513317191283293, "to,me": 0.001513317191283293, "me,that": 0.0007566585956416465, "that,when": 0.0009079903147699758, "in,an": 0.0007566585956416465, "i,am": 0.0057506053268765135, "in,this": 0.00650726392251816, "there,were": 0.0009079903147699758, "house,of": 0.0013619854721549636, "of,commons": 0.0012106537530266344, "of,northern": 0.002421307506053269, "that,it": 0.0043886198547215495, "it,would": 0.0016646489104116223, "would,be": 0.002421307506053269, "be,in": 0.0007566585956416465, "of,all": 0.0013619854721549636, "noble,lords": 0.0013619854721549636, "house,and": 0.0012106537530266344, "attention,to": 0.0007566585956416465, "to,the": 0.014830508474576272, "the,awful": 0.0012106537530266344, "which,have": 0.0013619854721549636, "many,years": 0.00211864406779661, "years,<e>": 0.0012106537530266344, "when,this": 0.0009079903147699758, "this,legislation": 0.0022699757869249393, "i,have": 0.008928571428571428, "have,a": 0.0016646489104116223, "ireland,<e>": 0.00847457627118644, "legislation,<e>": 0.0016646489104116223, "by,a": 0.0007566585956416465, "by,the": 0.0031779661016949155, "act,<e>": 0.0007566585956416465, "of,that": 0.0012106537530266344, "that,we": 0.0031779661016949155, "we,have": 0.0031779661016949155, "have,the": 0.001059322033898305, "the,prevention": 0.0007566585956416465, "prevention,of": 0.0009079903147699758, "of,terrorism": 0.0009079903147699758, "but,i": 0.00211864406779661, "wish,to": 0.0009079903147699758, "to,say": 0.0016646489104116223, "say,that": 0.0022699757869249393, "that,i": 0.005145278450363196, "for,the": 0.0034806295399515737, "the,legislation": 0.0009079903147699758, "and,the": 0.005296610169491525, "it,is": 0.007263922518159807, "lords,i": 0.006355932203389831, "the,same": 0.0022699757869249393, "as,the": 0.001513317191283293, "this,bill": 0.0013619854721549636, "i,would": 0.0018159806295399517, "be,able": 0.0009079903147699758, "at,the": 0.0057506053268765135, "the,outset": 0.001513317191283293, "let,me": 0.0013619854721549636, "want,to": 0.0016646489104116223, "what,i": 0.0007566585956416465, "a,very": 0.0016646489104116223, "listen,to": 0.0007566585956416465, "it,<e>": 0.0016646489104116223, "been,a": 0.001059322033898305, "of,your": 0.0009079903147699758, "your,lordships": 0.002723970944309927, "lordships,house": 0.001967312348668281, "this,is": 0.0022699757869249393, "is,the": 0.0022699757869249393, "which,i": 0.0022699757869249393, "have,had": 0.0012106537530266344, "had,to": 0.0009079903147699758, "the,ira": 0.003026634382566586, "of,them": 0.001513317191283293, "the,republic": 0.001059322033898305, "of,ireland": 0.0018159806295399517, "the,irish": 0.0018159806295399517, "the,minister": 0.004085956416464891, "he,is": 0.001059322033898305, "if,they": 0.0009079903147699758, "they,are": 0.001967312348668281, "the,moment": 0.0007566585956416465, "of,us": 0.0007566585956416465, "been,made": 0.001059322033898305, "made,by": 0.0009079903147699758, "the,united": 0.0016646489104116223, "united,kingdom": 0.0016646489104116223, "is,a": 0.0036319612590799033, "does,not": 0.0018159806295399517, "<s>,in": 0.002421307506053269, "the,past": 0.0009079903147699758, "on,this": 0.001513317191283293, "the,most": 0.0022699757869249393, "<s>,that": 0.0031779661016949155, "<s>,as": 0.001513317191283293, "should,be": 0.0012106537530266344, "must,be": 0.0007566585956416465, "should,not": 0.0009079903147699758, "not,be": 0.0022699757869249393, "<s>,if": 0.0016646489104116223, "great,britain": 0.0009079903147699758, "i,think": 0.0031779661016949155, "trying,to": 0.0007566585956416465, "minister,accept": 0.0007566585956416465, "who,will": 0.0012106537530266344, "and,that": 0.001967312348668281, "that,they": 0.002572639225181598, "more,than": 0.0009079903147699758, "they,have": 0.0016646489104116223, "they,will": 0.0013619854721549636, "there,is": 0.0028753026634382567, "is,no": 0.0009079903147699758, "taking,place": 0.0009079903147699758, "could,not": 0.0009079903147699758, "will,not": 0.0016646489104116223, "years,of": 0.0009079903147699758, "would,the": 0.0009079903147699758, "to,see": 0.0013619854721549636, "see,the": 0.0009079903147699758, "in,which": 0.001513317191283293, "which,he": 0.0013619854721549636, "and,i": 0.0033292978208232446, "to,a": 0.0012106537530266344, "<s>,but": 0.0018159806295399517, "is,it": 0.0012106537530266344, "it,not": 0.0007566585956416465, "a,fact": 0.0007566585956416465, "sinn,fein": 0.0009079903147699758, "who,are": 0.001513317191283293, "the,present": 0.0009079903147699758, "the,government": 0.005145278450363196, "lord,lord": 0.0043886198547215495, "of,a": 0.001513317191283293, "with,the": 0.004539951573849879, "ireland,is": 0.0018159806295399517, "the,case": 0.0012106537530266344, "lords,it": 0.001513317191283293, "as,i": 0.001967312348668281, "the,<e>": 0.0009079903147699758, "for,a": 0.0009079903147699758, "when,the": 0.001059322033898305, "in,one": 0.0007566585956416465, "one,day": 0.001059322033898305, "that,legislation": 0.0007566585956416465, "day,<e>": 0.0007566585956416465, "<s>,one": 0.0012106537530266344, "one,of": 0.0022699757869249393, "of,parliament": 0.001059322033898305,