{"<cs>,my": 0.031007751937984496, "my,lords": 0.031007751937984496, "i,must": 0.015503875968992248, "<e>,<s>": 0.21188630490956073, "in,the": 0.03359173126614987, "on,the": 0.01808785529715762, "of,the": 0.056847545219638244, "and,the": 0.020671834625323, "<s>,i": 0.06459948320413436, "i,think": 0.020671834625323, "<s>,it": 0.015503875968992248, "of,a": 0.020671834625323, "that,it": 0.012919896640826873, "to,the": 0.01808785529715762, "the,problem": 0.015503875968992248, "that,the": 0.025839793281653745, "to,be": 0.012919896640826873, "i,am": 0.028423772609819122, "<s>,the": 0.015503875968992248, "the,noble": 0.020671834625323, "noble,lord": 0.012919896640826873, "we,have": 0.012919896640826873, "the,minister": 0.025839793281653745, "the,government": 0.01808785529715762, "i,beg": 0.020671834625323, "a,director": 0.012919896640826873, "director,of": 0.012919896640826873, "<cs>,i": 0.031007751937984496, "the,amendment": 0.028423772609819122, "beg,leave": 0.01808785529715762, "leave,to": 0.01808785529715762, "to,withdraw": 0.01808785529715762, "withdraw,the": 0.01808785529715762, "amendment,<e>": 0.020671834625323, "amendment,no": 0.012919896640826873, "no,<e>": 0.012919896640826873, "from,the": 0.015503875968992248}