{"<cs>,my": 0.026143790849673203, "my,lords": 0.023965141612200435, "perhaps,i": 0.0054466230936819175, "i,may": 0.006535947712418301, "your,lordships": 0.007625272331154684, "of,the": 0.05337690631808279, "in,the": 0.0457516339869281, "the,bill": 0.013071895424836602, "<e>,<s>": 0.10348583877995643, "<s>,the": 0.008714596949891068, "<cs>,i": 0.018518518518518517, "i,do": 0.0054466230936819175, "do,not": 0.00980392156862745, "wish,to": 0.008714596949891068, "the,noble": 0.03594771241830065, "noble,baroness": 0.011982570806100218, "and,the": 0.007625272331154684, "made,by": 0.0054466230936819175, "by,the": 0.029411764705882353, "noble,and": 0.007625272331154684, "and,learned": 0.007625272331154684, "learned,lord": 0.006535947712418301, "of,this": 0.006535947712418301, "this,amendment": 0.006535947712418301, "<s>,however": 0.00980392156862745, "that,i": 0.011982570806100218, "to,the": 0.03159041394335512, "<s>,i": 0.02178649237472767, "believe,that": 0.007625272331154684, "from,the": 0.007625272331154684, "that,is": 0.006535947712418301, "is,the": 0.007625272331154684, "i,support": 0.0054466230936819175, "support,the": 0.0054466230936819175, "would,be": 0.0054466230936819175, "the,amendment": 0.02832244008714597, "has,been": 0.0054466230936819175, "<s>,it": 0.013071895424836602, "for,the": 0.014161220043572984, "<s>,that": 0.0054466230936819175, "it,is": 0.014161220043572984, "is,a": 0.007625272331154684, "in,relation": 0.006535947712418301, "relation,to": 0.006535947712418301, "to,be": 0.014161220043572984, "it,would": 0.0054466230936819175, "proposed,by": 0.0054466230936819175, "i,have": 0.007625272331154684, "i,believe": 0.007625272331154684, "that,the": 0.010893246187363835, "the,issue": 0.0054466230936819175, "the,committee": 0.006535947712418301, "is,not": 0.0054466230936819175, "licensing,authority": 0.0054466230936819175, "i,am": 0.00980392156862745, "on,the": 0.016339869281045753, "there,is": 0.006535947712418301, "with,the": 0.00980392156862745, "to,which": 0.0054466230936819175, "that,it": 0.006535947712418301, "<cs>,in": 0.006535947712418301, "noble,lord": 0.00980392156862745, "lord,lord": 0.00980392156862745, "to,make": 0.006535947712418301, "under,the": 0.006535947712418301, "however,i": 0.006535947712418301, "as,a": 0.0054466230936819175, "lords,i": 0.010893246187363835, "i,was": 0.0054466230936819175, "the,light": 0.007625272331154684, "light,of": 0.007625272331154684, "to,withdraw": 0.0054466230936819175, "withdraw,the": 0.0054466230936819175, "amendment,<e>": 0.013071895424836602, "the,national": 0.006535947712418301, "national,health": 0.007625272331154684, "health,service": 0.011982570806100218, "i,wish": 0.0054466230936819175, "the,medical": 0.008714596949891068, "medical,profession": 0.006535947712418301, "health,authorities": 0.007625272331154684, "the,minister": 0.00980392156862745, "the,health": 0.0054466230936819175, "say,that": 0.0054466230936819175, "nhs,trusts": 0.0054466230936819175}