{"<cs>,my": 0.029403682330310526, "my,lords": 0.03022808463863699, "lords,i": 0.011541632316570486, "i,would": 0.005221214619400934, "add,my": 0.003022808463863699, "my,congratulations": 0.0016488046166529267, "of,the": 0.033800494641384994, "the,noble": 0.015938444627644956, "noble,lord": 0.010717230008244023, "lord,lord": 0.007144820005496016, "for,introducing": 0.003022808463863699, "introducing,this": 0.0016488046166529267, "this,topic": 0.0016488046166529267, "<e>,<s>": 0.06787579005221214, "<s>,it": 0.005770816158285243, "it,is": 0.011266831547128332, "the,debate": 0.003022808463863699, "on,the": 0.007144820005496016, "i,think": 0.003572410002748008, "to,be": 0.007969222313822478, "one,of": 0.003572410002748008, "is,the": 0.006870019236053861, "the,right": 0.00247320692497939, "to,which": 0.0032976092333058533, "which,the": 0.0016488046166529267, "the,house": 0.006045616927727398, "that,i": 0.006045616927727398, "i,have": 0.007144820005496016, "a,few": 0.0013740038472107722, "and,i": 0.008518823852706787, "i,should": 0.004396812311074471, "should,like": 0.003022808463863699, "like,to": 0.003572410002748008, "which,i": 0.005770816158285243, "at,the": 0.0021984061555372354, "of,this": 0.004671613080516625, "this,debate": 0.004671613080516625, "part,in": 0.0021984061555372354, "and,not": 0.0013740038472107722, "for,the": 0.00989282769991756, "which,he": 0.00247320692497939, "he,has": 0.0021984061555372354, "and,the": 0.006320417697169552, "<s>,i": 0.023907666941467436, "i,may": 0.00247320692497939, "to,make": 0.0016488046166529267, "to,say": 0.006320417697169552, "say,that": 0.00247320692497939, "that,the": 0.010442429238801869, "the,minister": 0.003572410002748008, "did,not": 0.0013740038472107722, "it,<e>": 0.0032976092333058533, "to,your": 0.0016488046166529267, "your,lordships": 0.008244023083264633, "lordships,house": 0.005221214619400934, "with,the": 0.00741962077493817, "noble,earl": 0.0019236053860950811, "this,bill": 0.003022808463863699, "in,any": 0.0019236053860950811, "it,has": 0.0013740038472107722, "i,am": 0.01538884308876065, "am,grateful": 0.0016488046166529267, "as,the": 0.0027480076944215444, "house,will": 0.003022808463863699, "will,be": 0.005221214619400934, "to,the": 0.015114042319318495, "many,years": 0.0013740038472107722, "it,was": 0.0021984061555372354, "my,privilege": 0.0016488046166529267, "i,remember": 0.0013740038472107722, "a,number": 0.0019236053860950811, "number,of": 0.0027480076944215444, "the,question": 0.0021984061555372354, "i,find": 0.0016488046166529267, "as,to": 0.00247320692497939, "is,that": 0.003572410002748008, "that,a": 0.0013740038472107722, "has,been": 0.006320417697169552, "that,there": 0.005221214619400934, "there,are": 0.0021984061555372354, "is,an": 0.00247320692497939, "kind,of": 0.004122011541632316, "in,his": 0.0021984061555372354, "we,are": 0.004671613080516625, "a,matter": 0.0019236053860950811, "was,a": 0.0019236053860950811, "in,the": 0.016488046166529265, "<s>,the": 0.004671613080516625, "about,the": 0.003022808463863699, "lords,the": 0.0038472107721901623, "be,grateful": 0.0019236053860950811, "am,sure": 0.0027480076944215444, "to,my": 0.003572410002748008, "my,noble": 0.006870019236053861, "friend,for": 0.0013740038472107722, "debate,<e>": 0.0016488046166529267, "should,be": 0.0027480076944215444, "be,a": 0.0016488046166529267, "deal,with": 0.0013740038472107722, "so,many": 0.0013740038472107722, "many,of": 0.003022808463863699, "which,we": 0.005221214619400934, "we,have": 0.0032976092333058533, "have,already": 0.0019236053860950811, "grateful,to": 0.0021984061555372354, "noble,friend": 0.006045616927727398, "friend,lord": 0.0027480076944215444, "attracted,to": 0.0013740038472107722, "to,this": 0.0016488046166529267, "this,particular": 0.003022808463863699, "is,not": 0.003022808463863699, "i,believe": 0.006870019236053861, "believe,that": 0.004396812311074471, "that,this": 0.0032976092333058533, "this,is": 0.0032976092333058533, "of,a": 0.003022808463863699, "prison,system": 0.0019236053860950811, "the,prison": 0.0019236053860950811, "<s>,in": 0.0013740038472107722, "say,so": 0.0016488046166529267, "<s>,but": 0.0021984061555372354, "by,the": 0.006320417697169552, "of,what": 0.003572410002748008, "can,be": 0.00247320692497939, "may,i": 0.00247320692497939, "because,i": 0.0027480076944215444, "the,government": 0.004122011541632316, "the,very": 0.0013740038472107722, "i,wish": 0.0013740038472107722, "to,add": 0.0013740038472107722, "thanks,to": 0.0013740038472107722, "to,those": 0.00247320692497939, "the,opportunity": 0.0019236053860950811, "to,take": 0.0019236053860950811, "in,this": 0.004396812311074471, "debate,and": 0.0013740038472107722, "of,course": 0.0021984061555372354, "to,that": 0.0019236053860950811, "which,has": 0.0027480076944215444, "to,do": 0.003022808463863699, "do,with": 0.0016488046166529267, "is,to": 0.0016488046166529267, "that,that": 0.0016488046166529267, "i,do": 0.003022808463863699, "do,not": 0.0027480076944215444, "is,a": 0.00494641384995878, "to,me": 0.0038472107721901623, "that,we": 0.0016488046166529267, "in,a": 0.003022808463863699, "of,those": 0.0013740038472107722, "those,who": 0.003572410002748008, "as,a": 0.004671613080516625, "<s>,we": 0.0021984061555372354, "of,these": 0.0016488046166529267, "who,are": 0.0016488046166529267, "that,they": 0.0016488046166529267, "the,more": 0.0027480076944215444, "from,the": 0.003022808463863699, "the,general": 0.0021984061555372354, "that,is": 0.0038472107721901623, "at,least": 0.0021984061555372354, "am,not": 0.0016488046166529267, "them,<e>": 0.0013740038472107722, "what,i": 0.0021984061555372354, "i,will": 0.0016488046166529267, "in,order": 0.0016488046166529267, "<s>,therefore": 0.0016488046166529267, "therefore,i": 0.0019236053860950811, "referring,to": 0.0013740038472107722, "and,to": 0.0027480076944215444, "seek,to": 0.0013740038472107722, "has,already": 0.0019236053860950811, "already,been": 0.0021984061555372354, "way,in": 0.0021984061555372354, "in,which": 0.004122011541632316, "maiden,speech": 0.0032976092333058533, "speech,of": 0.0019236053860950811, "some,of": 0.0016488046166529267, "<s>,as": 0.0013740038472107722, "i,shall": 0.004671613080516625, "if,i": 0.003022808463863699, "that,which": 0.0013740038472107722, "<s>,that": 0.0019236053860950811, "with,which": 0.0016488046166529267, "the,free": 0.0013740038472107722, "i,hope": 0.0019236053860950811, "we,shall": 0.0013740038472107722, "not,be": 0.0016488046166529267, "in,your": 0.003022808463863699, "of,it": 0.0013740038472107722, "it,would": 0.0016488046166529267, "would,be": 0.0027480076944215444, "the,bill": 0.0019236053860950811, "<s>,if": 0.0013740038472107722, "my,own": 0.0016488046166529267, "which,have": 0.0021984061555372354, "of,them": 0.0016488046166529267, "sure,that": 0.0019236053860950811, "to,a": 0.0013740038472107722, "the,christian": 0.004122011541632316, "christian,church": 0.0013740038472107722, "i,can": 0.0016488046166529267, "lords,is": 0.0021984061555372354, "minister,aware": 0.0021984061555372354, "aware,that": 0.0027480076944215444, "<s>,is": 0.0013740038472107722, "as,i": 0.003572410002748008, "the,various": 0.0013740038472107722, "that,have": 0.0027480076944215444, "have,been": 0.004671613080516625, "the,present": 0.0016488046166529267, "i,want": 0.0013740038472107722, "want,to": 0.0019236053860950811, "to,give": 0.0016488046166529267, "the,church": 0.0021984061555372354, "not,only": 0.0019236053860950811, "support,the": 0.0013740038472107722, "the,kind": 0.0013740038472107722, "<cs>,i": 0.00247320692497939, "the,amendment": 0.0019236053860950811, "for,a": 0.0027480076944215444, "because,it": 0.0013740038472107722, "been,made": 0.0013740038472107722, "a,very": 0.0027480076944215444, "and,that": 0.0027480076944215444, "of,my": 0.0016488046166529267, "seems,to": 0.0019236053860950811, "me,to": 0.0032976092333058533, "there,is": 0.004122011541632316, "matter,of": 0.0013740038472107722, "of,such": 0.0013740038472107722,