{"<cs>,my": 0.058163265306122446, "my,lords": 0.058163265306122446, "lords,i": 0.02959183673469388, "i,beg": 0.006122448979591836, "beg,leave": 0.006122448979591836, "leave,to": 0.006122448979591836, "to,ask": 0.007142857142857143, "ask,the": 0.006122448979591836, "the,question": 0.009183673469387756, "question,which": 0.00510204081632653, "which,stands": 0.00510204081632653, "stands,in": 0.00510204081632653, "in,my": 0.00816326530612245, "my,name": 0.006122448979591836, "name,on": 0.006122448979591836, "on,the": 0.015306122448979591, "the,order": 0.006122448979591836, "order,paper": 0.006122448979591836, "paper,<e>": 0.006122448979591836, "my,noble": 0.006122448979591836, "noble,friend": 0.007142857142857143, "may,i": 0.00510204081632653, "per,cent": 0.01020408163265306, "cent,<e>": 0.01020408163265306, "<e>,<s>": 0.10408163265306122, "<s>,of": 0.007142857142857143, "of,the": 0.05714285714285714, "<s>,does": 0.006122448979591836, "not,think": 0.007142857142857143, "think,that": 0.009183673469387756, "that,it": 0.007142857142857143, "not,be": 0.00510204081632653, "to,be": 0.00510204081632653, "the,government": 0.006122448979591836, "before,the": 0.006122448979591836, "for,the": 0.006122448979591836, "the,united": 0.00510204081632653, "i,should": 0.009183673469387756, "should,like": 0.009183673469387756, "like,to": 0.009183673469387756, "the,noble": 0.04387755102040816, "noble,lord": 0.02959183673469388, "lord,lord": 0.02142857142857143, "noble,lords": 0.007142857142857143, "to,the": 0.022448979591836733, "in,the": 0.022448979591836733, "<s>,in": 0.006122448979591836, "would,be": 0.00510204081632653, "<s>,it": 0.009183673469387756, "it,is": 0.013265306122448979, "we,are": 0.006122448979591836, "this,debate": 0.00510204081632653, "and,i": 0.006122448979591836, "i,think": 0.006122448979591836, "that,i": 0.009183673469387756, "i,have": 0.00816326530612245, "one,of": 0.00510204081632653, "aware,that": 0.009183673469387756, "at,the": 0.00510204081632653, "and,that": 0.006122448979591836, "with,the": 0.007142857142857143, "as,a": 0.00816326530612245, "has,been": 0.00816326530612245, "and,the": 0.00510204081632653, "there,is": 0.00816326530612245, "such,as": 0.00510204081632653, "<s>,i": 0.019387755102040816, "will,be": 0.00510204081632653, "given,to": 0.00510204081632653, "is,the": 0.00510204081632653, "<s>,is": 0.006122448979591836, "not,a": 0.00510204081632653, "it,not": 0.00510204081632653, "the,community": 0.006122448979591836, "noble,baroness": 0.00510204081632653, "i,am": 0.006122448979591836, "that,the": 0.014285714285714285, "i,do": 0.00510204081632653, "i,was": 0.007142857142857143, "the,minister": 0.007142857142857143, "as,the": 0.00510204081632653, "and,to": 0.00510204081632653, "should,be": 0.006122448979591836, "by,the": 0.006122448979591836, "your,lordships": 0.00510204081632653, "did,not": 0.00510204081632653, "in,this": 0.006122448979591836, "is,a": 0.00510204081632653, "that,we": 0.00510204081632653, "believe,that": 0.006122448979591836}