{"<cs>,my": 0.0266421681212678, "my,lords": 0.027101515847496555, "this,is": 0.003215434083601286, "is,the": 0.0059715204409738175, "the,first": 0.0022967386311437757, "which,i": 0.0036747818098300414, "i,have": 0.008268259072117593, "this,house": 0.0036747818098300414, "house,<e>": 0.0022967386311437757, "<e>,<s>": 0.11254019292604502, "<s>,i": 0.028020211299954065, "i,should": 0.0059715204409738175, "should,like": 0.0036747818098300414, "like,to": 0.0036747818098300414, "to,make": 0.005512172714745062, "on,the": 0.0078089113458888375, "to,speak": 0.004593477262287551, "of,the": 0.030776297657326597, "in,this": 0.005512172714745062, "this,country": 0.004593477262287551, "it,has": 0.002756086357372531, "has,been": 0.007349563619660083, "to,that": 0.002756086357372531, "by,the": 0.007349563619660083, "the,present": 0.0022967386311437757, "lords,i": 0.01515847496554892, "and,i": 0.004134129536058797, "not,to": 0.002756086357372531, "but,i": 0.0036747818098300414, "i,speak": 0.0022967386311437757, "<s>,the": 0.013780431786862656, "the,point": 0.0022967386311437757, "i,do": 0.00964630225080386, "do,not": 0.00964630225080386, "that,the": 0.010564997703261369, "of,this": 0.005052824988516307, "will,be": 0.006430868167202572, "advantage,of": 0.0022967386311437757, "at,the": 0.0022967386311437757, "to,the": 0.01607717041800643, "<s>,it": 0.010564997703261369, "it,was": 0.0022967386311437757, "so,far": 0.0022967386311437757, "as,i": 0.002756086357372531, "the,noble": 0.022967386311437757, "noble,earl": 0.0022967386311437757, "in,the": 0.022508038585209004, "he,has": 0.0036747818098300414, "has,said": 0.0022967386311437757, "to,this": 0.0022967386311437757, "but,the": 0.003215434083601286, "hope,that": 0.004593477262287551, "the,report": 0.004134129536058797, "have,the": 0.0022967386311437757, "to,me": 0.0022967386311437757, "i,beg": 0.0059715204409738175, "beg,leave": 0.0059715204409738175, "leave,to": 0.006430868167202572, "the,question": 0.0022967386311437757, "in,my": 0.0022967386311437757, "i,am": 0.015617822691777675, "grateful,to": 0.004593477262287551, "noble,lord": 0.012861736334405145, "for,that": 0.0022967386311437757, "with,the": 0.006890215893431328, "on,this": 0.002756086357372531, "is,a": 0.002756086357372531, "it,is": 0.008268259072117593, "have,been": 0.006890215893431328, "should,not": 0.0022967386311437757, "<s>,that": 0.003215434083601286, "that,is": 0.005512172714745062, "that,it": 0.003215434083601286, "is,not": 0.002756086357372531, "from,the": 0.002756086357372531, "which,have": 0.0022967386311437757, "a,great": 0.002756086357372531, "lords,in": 0.0022967386311437757, "want,to": 0.003215434083601286, "lord,lord": 0.011024345429490124, "before,the": 0.0022967386311437757, "the,house": 0.0078089113458888375, "the,committee": 0.005512172714745062, "speak,to": 0.0022967386311437757, "amendment,no": 0.0036747818098300414, "no,<e>": 0.0036747818098300414, "which,is": 0.0022967386311437757, "the,same": 0.0022967386311437757, "on,that": 0.0022967386311437757, "<cs>,i": 0.01423977951309141, "what,the": 0.0036747818098300414, "lord,lucas": 0.002756086357372531, "me,to": 0.002756086357372531, "to,do": 0.002756086357372531, "the,amendment": 0.010564997703261369, "amendment,<e>": 0.011024345429490124, "that,i": 0.005512172714745062, "<s>,but": 0.003215434083601286, "that,he": 0.0036747818098300414, "committee,<e>": 0.0022967386311437757, "would,be": 0.0036747818098300414, "to,withdraw": 0.0059715204409738175, "withdraw,the": 0.0059715204409738175, "i,wonder": 0.0022967386311437757, "wonder,whether": 0.0022967386311437757, "the,government": 0.005512172714745062, "<s>,they": 0.0022967386311437757, "what,i": 0.002756086357372531, "<s>,we": 0.003215434083601286, "it,does": 0.0022967386311437757, "does,not": 0.002756086357372531, "that,there": 0.005052824988516307, "to,be": 0.0078089113458888375, "<s>,if": 0.005512172714745062, "not,think": 0.0036747818098300414, "there,is": 0.0078089113458888375, "this,amendment": 0.0059715204409738175, "that,that": 0.002756086357372531, "the,bill": 0.006890215893431328, "the,secretary": 0.003215434083601286, "secretary,of": 0.0022967386311437757, "of,state": 0.0022967386311437757, "think,that": 0.0022967386311437757, "if,the": 0.002756086357372531, "this,matter": 0.0022967386311437757, "is,that": 0.002756086357372531, "and,the": 0.004593477262287551, "of,that": 0.0022967386311437757, "<s>,this": 0.002756086357372531, "of,what": 0.0022967386311437757, "this,bill": 0.0036747818098300414, "should,be": 0.006430868167202572, "so,that": 0.002756086357372531, "i,was": 0.004593477262287551, "a,member": 0.002756086357372531, "am,grateful": 0.004134129536058797, "i,hope": 0.004593477262287551, "noble,and": 0.006890215893431328, "and,learned": 0.006890215893431328, "learned,lord": 0.006890215893431328, "<s>,in": 0.002756086357372531, "lord,the": 0.0036747818098300414, "the,lord": 0.004593477262287551, "lord,chancellor": 0.005052824988516307, "make,it": 0.0022967386311437757, "i,support": 0.004593477262287551, "support,this": 0.0036747818098300414, "in,that": 0.002756086357372531, "<s>,however": 0.004134129536058797, "however,i": 0.003215434083601286, "<s>,there": 0.0022967386311437757, "i,wish": 0.0022967386311437757, "wish,to": 0.003215434083601286, "it,<e>": 0.003215434083601286, "bill,<e>": 0.004593477262287551, "the,legal": 0.0036747818098300414, "legal,profession": 0.002756086357372531, "to,say": 0.002756086357372531, "it,will": 0.002756086357372531, "say,that": 0.002756086357372531, "is,to": 0.002756086357372531, "the,words": 0.0022967386311437757, "for,the": 0.004134129536058797, "i,shall": 0.0022967386311437757, "support,the": 0.002756086357372531, "the,community": 0.004593477262287551, "the,minister": 0.003215434083601286, "the,accounts": 0.0022967386311437757, "if,he": 0.0022967386311437757, "fit,and": 0.002756086357372531, "and,proper": 0.002756086357372531}