{"<cs>,my": 0.030234315948601664, "my,lords": 0.02947845804988662, "lords,i": 0.012849584278155708, "for,the": 0.008314436885865457, "of,the": 0.02947845804988662, "on,the": 0.01436130007558579, "<e>,<s>": 0.12622826908541193, "not,only": 0.0045351473922902496, "i,want": 0.0045351473922902496, "want,to": 0.006046863189720333, "the,noble": 0.031746031746031744, "noble,lord": 0.012849584278155708, "lord,lord": 0.006046863189720333, "and,the": 0.012849584278155708, "noble,baroness": 0.003779289493575208, "but,i": 0.0045351473922902496, "to,ask": 0.003779289493575208, "noble,earl": 0.012849584278155708, "<s>,as": 0.003779289493575208, "your,lordships": 0.008314436885865457, "i,am": 0.019652305366591082, "the,land": 0.0045351473922902496, "of,course": 0.007558578987150416, "<s>,they": 0.005291005291005291, "and,that": 0.006046863189720333, "they,are": 0.0045351473922902496, "in,order": 0.005291005291005291, "order,to": 0.0045351473922902496, "it,is": 0.01889644746787604, "is,a": 0.007558578987150416, "and,to": 0.003779289493575208, "to,be": 0.011337868480725623, "to,say": 0.005291005291005291, "in,the": 0.011337868480725623, "agree,with": 0.003779289493575208, "for,a": 0.006802721088435374, "a,number": 0.003779289493575208, "number,of": 0.009070294784580499, "<s>,i": 0.03779289493575208, "that,there": 0.005291005291005291, "there,is": 0.005291005291005291, "i,too": 0.003779289493575208, "to,the": 0.011337868480725623, "<s>,it": 0.012093726379440665, "that,it": 0.006046863189720333, "my,noble": 0.011337868480725623, "noble,friend": 0.010582010582010581, "friend,lord": 0.006802721088435374, "that,the": 0.01889644746787604, "the,government": 0.006046863189720333, "will,be": 0.005291005291005291, "i,should": 0.003779289493575208, "which,was": 0.0045351473922902496, "by,the": 0.008314436885865457, "as,a": 0.003779289493575208, "he,has": 0.0045351473922902496, "we,have": 0.003779289493575208, "interest,in": 0.003779289493575208, "in,agriculture": 0.0045351473922902496, "i,was": 0.007558578987150416, "what,he": 0.003779289493575208, "about,the": 0.003779289493575208, "i,shall": 0.0045351473922902496, "in,a": 0.003779289493575208, "i,have": 0.017384731670445956, "has,been": 0.008314436885865457, "been,said": 0.005291005291005291, "would,be": 0.0045351473922902496, "the,strutt": 0.009826152683295541, "strutt,report": 0.003779289493575208, "strutt,committee": 0.006046863189720333, "that,i": 0.008314436885865457, "lords,may": 0.003779289493575208, "may,i": 0.009070294784580499, "<s>,is": 0.0045351473922902496, "is,he": 0.003779289493575208, "he,aware": 0.003779289493575208, "the,industry": 0.0045351473922902496, "when,the": 0.0045351473922902496, "that,they": 0.006802721088435374, "have,been": 0.006802721088435374, "the,minister": 0.009070294784580499, "and,i": 0.006046863189720333, "this,amendment": 0.008314436885865457, "amendment,<e>": 0.0045351473922902496, "<s>,the": 0.006046863189720333, "going,to": 0.005291005291005291, "to,make": 0.003779289493575208, "to,take": 0.003779289493575208, "will,the": 0.003779289493575208, "with,the": 0.005291005291005291, "is,the": 0.0045351473922902496, "the,national": 0.003779289493575208, "of,agricultural": 0.0045351473922902496, "the,transport": 0.003779289493575208, "transport,and": 0.003779289493575208, "and,general": 0.003779289493575208, "general,workers": 0.003779289493575208, "workers,union": 0.003779289493575208, "<s>,in": 0.0045351473922902496, "a,few": 0.003779289493575208, "in,this": 0.006046863189720333, "the,agricultural": 0.006802721088435374, "as,i": 0.003779289493575208, "that,we": 0.0045351473922902496, "about,this": 0.003779289493575208, "<s>,we": 0.0045351473922902496, "should,be": 0.003779289493575208, "aware,that": 0.006046863189720333, "not,the": 0.003779289493575208, "<cs>,i": 0.006802721088435374, "agricultural,workers": 0.006046863189720333, "is,not": 0.006046863189720333, "did,not": 0.003779289493575208, "i,know": 0.005291005291005291, "i,think": 0.003779289493575208, "that,this": 0.003779289493575208, "there,are": 0.003779289493575208, "agree,that": 0.003779289493575208}