{"<cs>,my": 0.01056338028169014, "my,lords": 0.01056338028169014, "lords,i": 0.01056338028169014, "i,submit": 0.01056338028169014, "submit,myself": 0.01056338028169014, "myself,with": 0.01056338028169014, "with,all": 0.01056338028169014, "all,humility": 0.01056338028169014, "humility,and": 0.01056338028169014, "and,gratitude": 0.01056338028169014, "gratitude,to": 0.01056338028169014, "to,her": 0.03169014084507042, "her,majestys": 0.017605633802816902, "majestys,gracious": 0.01056338028169014, "gracious,commands": 0.01056338028169014, "commands,<e>": 0.01056338028169014, "<e>,<s>": 0.017605633802816902, "<s>,it": 0.01056338028169014, "it,is": 0.01056338028169014, "is,now": 0.01056338028169014, "now,my": 0.01056338028169014, "my,duty": 0.01056338028169014, "duty,in": 0.01056338028169014, "in,the": 0.017605633802816902, "the,name": 0.01056338028169014, "name,of": 0.01056338028169014, "of,and": 0.01056338028169014, "and,on": 0.01056338028169014, "on,behalf": 0.007042253521126761, "behalf,of": 0.007042253521126761, "of,the": 0.014084507042253521, "the,commons": 0.007042253521126761, "commons,of": 0.007042253521126761, "the,united": 0.007042253521126761, "united,kingdom": 0.007042253521126761, "kingdom,to": 0.007042253521126761, "to,lay": 0.007042253521126761, "lay,claim": 0.007042253521126761, "claim,by": 0.007042253521126761, "by,humble": 0.007042253521126761, "humble,petition": 0.007042253521126761, "petition,to": 0.007042253521126761, "her,majesty": 0.014084507042253521, "majesty,to": 0.007042253521126761, "to,all": 0.007042253521126761, "all,their": 0.014084507042253521, "their,ancient": 0.007042253521126761, "ancient,and": 0.007042253521126761, "and,undoubted": 0.007042253521126761, "undoubted,rights": 0.007042253521126761, "rights,and": 0.007042253521126761, "and,privileges": 0.007042253521126761, "privileges,especially": 0.007042253521126761, "especially,to": 0.007042253521126761, "to,freedom": 0.014084507042253521, "freedom,of": 0.007042253521126761, "of,speech": 0.007042253521126761, "speech,in": 0.007042253521126761, "in,debate": 0.007042253521126761, "debate,to": 0.007042253521126761, "freedom,from": 0.007042253521126761, "from,arrest": 0.007042253521126761, "arrest,and": 0.0035211267605633804, "and,to": 0.0035211267605633804, "to,free": 0.007042253521126761, "free,access": 0.007042253521126761, "access,to": 0.007042253521126761, "majesty,whenever": 0.007042253521126761, "whenever,occasion": 0.007042253521126761, "occasion,shall": 0.007042253521126761, "shall,require": 0.007042253521126761, "require,and": 0.007042253521126761, "and,that": 0.007042253521126761, "that,the": 0.007042253521126761, "the,most": 0.007042253521126761, "most,favourable": 0.007042253521126761, "favourable,construction": 0.007042253521126761, "construction,shall": 0.007042253521126761, "shall,be": 0.007042253521126761, "be,put": 0.007042253521126761, "put,upon": 0.007042253521126761, "upon,all": 0.007042253521126761, "their,proceedings": 0.007042253521126761, "proceedings,<e>": 0.007042253521126761, "<s>,with": 0.007042253521126761, "with,regard": 0.007042253521126761, "regard,to": 0.007042253521126761, "to,myself": 0.014084507042253521, "myself,i": 0.007042253521126761, "i,pray": 0.007042253521126761, "pray,that": 0.007042253521126761, "that,if": 0.007042253521126761, "if,in": 0.007042253521126761, "the,discharge": 0.007042253521126761, "discharge,of": 0.007042253521126761, "of,my": 0.007042253521126761, "my,duties": 0.007042253521126761, "duties,i": 0.007042253521126761, "i,shall": 0.007042253521126761, "shall,inadvertently": 0.007042253521126761, "inadvertently,fall": 0.007042253521126761, "fall,into": 0.007042253521126761, "into,any": 0.007042253521126761, "any,error": 0.007042253521126761, "error,it": 0.007042253521126761, "it,may": 0.007042253521126761, "may,be": 0.007042253521126761, "be,imputed": 0.007042253521126761, "imputed,to": 0.007042253521126761, "myself,alone": 0.007042253521126761, "alone,and": 0.007042253521126761, "and,not": 0.007042253521126761, "not,to": 0.007042253521126761, "majestys,most": 0.007042253521126761, "most,faithful": 0.007042253521126761, "faithful,commons": 0.007042253521126761, "commons,<e>": 0.007042253521126761, "on,<e>": 0.0035211267605633804, "arrest,to": 0.0035211267605633804}