{"<cs>,hear": 0.08738532110091743, "hear,hear": 0.08692660550458715, "hear,<e>": 0.08876146788990825, "<cs>,the": 0.004128440366972477, "the,noble": 0.0020642201834862386, "noble,lord": 0.0013761467889908258, "<cs>,question": 0.039220183486238534, "question,<e>": 0.05596330275229358, "<cs>,no": 0.06513761467889909, "no,<e>": 0.06513761467889909, "<cs>,order": 0.09954128440366973, "order,order": 0.01651376146788991, "order,<e>": 0.10068807339449541, "<cs>,oh": 0.05, "oh,<e>": 0.04862385321100918, "<cs>,yes": 0.007568807339449542, "yes,<e>": 0.006651376146788991, "<cs>,it": 0.0020642201834862386, "<cs>,answer": 0.0016055045871559634, "answer,<e>": 0.0020642201834862386, "<e>,<s>": 0.017889908256880735, "<s>,<e>": 0.0011467889908256881, "<cs>,speech": 0.015137614678899083, "speech,<e>": 0.015825688073394496, "<cs>,too": 0.002981651376146789, "too,long": 0.003669724770642202, "long,<e>": 0.0038990825688073397, "<cs>,content": 0.005504587155963303, "content,<e>": 0.006422018348623854, "on,<e>": 0.0011467889908256881, "<cs>,lord": 0.007798165137614679, "<cs>,next": 0.010321100917431193, "next,question": 0.010321100917431193, "no,no": 0.009862385321100918, "<cs>,not-content": 0.002981651376146789, "not-content,<e>": 0.002981651376146789, "oh,no": 0.0013761467889908258, "reading,<e>": 0.006192660550458716, "<cs>,reading": 0.005504587155963303, "<s>,hear": 0.0013761467889908258, "my,lords": 0.0020642201834862386, "lords,<e>": 0.0013761467889908258, "it,is": 0.0013761467889908258, "<cs>,he": 0.0022935779816513763, "<cs>,why": 0.0016055045871559634, "why,<e>": 0.0013761467889908258, "<s>,question": 0.004128440366972477, "<s>,order": 0.0016055045871559634, "<cs>,not": 0.0034403669724770644, "he,has": 0.0016055045871559634, "<cs>,that": 0.0013761467889908258, "that,is": 0.0011467889908256881, "it,<e>": 0.0020642201834862386, "<cs>,shame": 0.0020642201834862386, "shame,<e>": 0.0020642201834862386, "one,<e>": 0.0011467889908256881, "<cs>,one": 0.0011467889908256881, "<cs>,cross-benches": 0.0013761467889908258, "cross-benches,<e>": 0.001834862385321101, "<s>,the": 0.0011467889908256881}