{"<cs>,orderm": 0.0007849293563579278, "orderm,<e>": 0.0007849293563579278, "<cs>,hear": 0.07299843014128729, "hear,hear": 0.07142857142857142, "hear,<e>": 0.07535321821036106, "<cs>,speech": 0.013343799058084773, "speech,speech": 0.0015698587127158557, "speech,<e>": 0.013343799058084773, "<cs>,order": 0.09576138147566719, "order,<e>": 0.10047095761381476, "<cs>,oh": 0.0423861852433281, "oh,<e>": 0.0423861852433281, "<cs>,so": 0.0007849293563579278, "so,are": 0.0007849293563579278, "are,you": 0.0007849293563579278, "you,<e>": 0.0007849293563579278, "<cs>,might": 0.0007849293563579278, "might,have": 0.0007849293563579278, "have,<e>": 0.0007849293563579278, "<cs>,when": 0.0015698587127158557, "when,<e>": 0.0015698587127158557, "<cs>,no": 0.05337519623233909, "no,<e>": 0.05180533751962323, "<cs>,nonsense": 0.0007849293563579278, "nonsense,<e>": 0.0007849293563579278, "<cs>,question": 0.03924646781789639, "question,<e>": 0.04631083202511774, "<cs>,may": 0.0007849293563579278, "may,<e>": 0.0007849293563579278, "order,order": 0.03296703296703297, "<cs>,noble": 0.0007849293563579278, "noble,lord": 0.002354788069073783, "lord,<e>": 0.0007849293563579278, "<e>,<s>": 0.012558869701726845, "<s>,order": 0.004709576138147566, "no,no": 0.0031397174254317113, "<cs>,the": 0.0015698587127158557, "the,bishops": 0.0007849293563579278, "bishops,<e>": 0.0007849293563579278, "<cs>,vote": 0.0015698587127158557, "vote,<e>": 0.0015698587127158557, "<cs>,twenty-eight": 0.0007849293563579278, "twenty-eight,<e>": 0.0007849293563579278, "<cs>,rubbish": 0.0015698587127158557, "rubbish,<e>": 0.0015698587127158557, "oh,oh": 0.0031397174254317113, "<cs>,he": 0.002354788069073783, "he,never": 0.0007849293563579278, "never,did": 0.0007849293563579278, "did,<e>": 0.0007849293563579278, "<cs>,why": 0.003924646781789639, "why,<e>": 0.0007849293563579278, "no,divide": 0.0007849293563579278, "divide,<e>": 0.0015698587127158557, "<cs>,it": 0.0015698587127158557, "it,is": 0.0015698587127158557, "is,per": 0.0007849293563579278, "per,cent": 0.0007849293563579278, "cent,<e>": 0.0007849293563579278, "<cs>,reading": 0.005494505494505495, "reading,<e>": 0.005494505494505495, "<cs>,not-content": 0.0031397174254317113, "not-content,<e>": 0.0031397174254317113, "<cs>,who": 0.0007849293563579278, "who,did": 0.0007849293563579278, "did,it": 0.0007849293563579278, "it,<e>": 0.0007849293563579278, "<cs>,apologise": 0.0007849293563579278, "apologise,<e>": 0.0007849293563579278, "why,not": 0.0031397174254317113, "not,<e>": 0.0031397174254317113, "<cs>,finish": 0.0007849293563579278, "finish,<e>": 0.0007849293563579278, "<cs>,pensioners": 0.0007849293563579278, "pensioners,<e>": 0.0007849293563579278, "<cs>,we": 0.0015698587127158557, "we,cannot": 0.0007849293563579278, "cannot,hear": 0.0007849293563579278, "he,is": 0.0015698587127158557, "is,present": 0.0007849293563579278, "present,<e>": 0.0007849293563579278, "<cs>,withdraw": 0.0015698587127158557, "withdraw,<e>": 0.0015698587127158557, "<cs>,give": 0.0007849293563579278, "give,way": 0.0007849293563579278, "way,<e>": 0.0007849293563579278, "<cs>,use": 0.0007849293563579278, "use,the": 0.0007849293563579278, "the,microphone": 0.0007849293563579278, "microphone,<e>": 0.0007849293563579278, "<cs>,encouraged": 0.0007849293563579278, "encouraged,<e>": 0.0007849293563579278, "<cs>,yes": 0.005494505494505495, "yes,<e>": 0.003924646781789639, "<cs>,answer": 0.0007849293563579278, "answer,<e>": 0.0007849293563579278, "<s>,hear": 0.0015698587127158557, "we,have": 0.0007849293563579278, "have,done": 0.0007849293563579278, "done,<e>": 0.0007849293563579278, "<cs>,foul": 0.0007849293563579278, "foul,language": 0.0007849293563579278, "language,<e>": 0.0007849293563579278, "no,on": 0.0007849293563579278, "on,the": 0.0007849293563579278, "the,amendments": 0.0007849293563579278, "amendments,<e>": 0.0007849293563579278, "<cs>,too": 0.0015698587127158557, "too,long": 0.002354788069073783, "long,<e>": 0.002354788069073783, "<s>,too": 0.0007849293563579278, "<s>,ask": 0.0015698587127158557, "ask,a": 0.0015698587127158557, "a,question": 0.0015698587127158557, "<cs>,you": 0.0015698587127158557, "you,cannot": 0.0015698587127158557, "cannot,<e>": 0.0015698587127158557, "<cs>,divide": 0.0007849293563579278, "no,lady": 0.0007849293563579278, "lady,elliot": 0.0007849293563579278, "elliot,<e>": 0.0007849293563579278, "<cs>,neither": 0.0007849293563579278, "neither,did": 0.0007849293563579278, "did,we": 0.0007849293563579278, "we,<e>": 0.0007849293563579278, "yes,we": 0.0007849293563579278, "we,are": 0.0007849293563579278, "are,<e>": 0.0007849293563579278, "<cs>,for": 0.0007849293563579278, "for,making": 0.0007849293563579278, "making,the": 0.0007849293563579278, "the,statement": 0.0007849293563579278, "statement,<e>": 0.0015698587127158557, "<cs>,four": 0.0007849293563579278, "four,times": 0.0007849293563579278, "times,<e>": 0.0007849293563579278, "<cs>,come": 0.0015698587127158557, "come,come": 0.0007849293563579278, "come,<e>": 0.0007849293563579278, "<cs>,content": 0.0015698587127158557, "content,<e>": 0.0015698587127158557, "<cs>,fifteen": 0.0007849293563579278, "fifteen,minutes": 0.0007849293563579278, "minutes,<e>": 0.0007849293563579278, "<cs>,salt": 0.0007849293563579278, "salt,i": 0.0007849293563579278, "i,and": 0.0007849293563579278, "and,salt": 0.0007849293563579278, "salt,ii": 0.0007849293563579278, "ii,<e>": 0.0007849293563579278, "<cs>,is": 0.0007849293563579278, "is,the": 0.0015698587127158557, "the,noble": 0.0015698587127158557, "lord,aware": 0.0007849293563579278, "aware,<e>": 0.0007849293563579278, "<s>,question": 0.002354788069073783, "<s>,no": 0.0007849293563579278, "is,not": 0.0007849293563579278, "not,true": 0.0007849293563579278, "true,<e>": 0.0007849293563579278, "<cs>,shame": 0.0015698587127158557, "shame,shame": 0.0007849293563579278, "shame,<e>": 0.0015698587127158557, "<cs>,really": 0.0007849293563579278, "really,<e>": 0.0007849293563579278, "<cs>,statement": 0.0007849293563579278, "<cs>,enjoy": 0.0007849293563579278, "enjoy,<e>": 0.0007849293563579278, "<cs>,next": 0.002354788069073783, "next,question": 0.0015698587127158557, "<cs>,indoctrination": 0.0007849293563579278, "indoctrination,<e>": 0.0007849293563579278, "<cs>,agreed": 0.0007849293563579278, "agreed,<e>": 0.0007849293563579278, "the,next": 0.0007849293563579278, "next,one": 0.0015698587127158557, "one,<e>": 0.0015698587127158557, "<cs>,my": 0.0007849293563579278, "my,lords": 0.0007849293563579278, "lords,<e>": 0.0007849293563579278, "<cs>,what": 0.0015698587127158557, "what,is": 0.0007849293563579278, "the,question": 0.0007849293563579278, "<cs>,foreign": 0.0007849293563579278, "foreign,secretary": 0.0007849293563579278, "secretary,<e>": 0.0007849293563579278, "what,they": 0.0007849293563579278, "they,say": 0.0007849293563579278, "say,<e>": 0.0007849293563579278, "<cs>,cross-bencher": 0.0007849293563579278, "cross-bencher,next": 0.0007849293563579278, "next,<e>": 0.0007849293563579278, "yes,it": 0.0007849293563579278, "it,was": 0.0007849293563579278, "was,<e>": 0.0007849293563579278, "<cs>,fourth": 0.0007849293563579278, "fourth,question": 0.0007849293563579278, "<cs>,lord": 0.0007849293563579278, "lord,george-brown": 0.0007849293563579278, "george-brown,<e>": 0.0007849293563579278, "<cs>,ask": 0.0007849293563579278, "ask,<e>": 0.0007849293563579278, "<cs>,she": 0.0007849293563579278, "she,is": 0.0007849293563579278, "is,back": 0.0007849293563579278, "back,<e>": 0.0007849293563579278, "<cs>,sit": 0.0007849293563579278, "sit,down": 0.0007849293563579278, "down,<e>": 0.0007849293563579278, "<s>,grimond": 0.0007849293563579278, "grimond,<e>": 0.0007849293563579278, "come,on": 0.0007849293563579278, "on,<e>": 0.0007849293563579278, "is,here": 0.0007849293563579278, "here,<e>": 0.0007849293563579278, "<cs>,and": 0.0007849293563579278, "and,the": 0.0007849293563579278, "lord,lord": 0.0007849293563579278, "lord,boyd-carpenter": 0.0007849293563579278, "boyd-carpenter,<e>": 0.0007849293563579278}