{"<cs>,my": 0.04030797101449275, "my,lords": 0.041440217391304345, "lords,i": 0.012681159420289856, "i,am": 0.005208333333333333, "in,this": 0.0011322463768115942, "this,debate": 0.0018115942028985507, "this,afternoon": 0.001358695652173913, "had,a": 0.0018115942028985507, "i,have": 0.0020380434782608695, "over,the": 0.0011322463768115942, "of,the": 0.026947463768115944, "the,european": 0.003170289855072464, "<e>,<s>": 0.06657608695652174, "<s>,i": 0.011322463768115942, "i,would": 0.0022644927536231885, "like,to": 0.003170289855072464, "the,noble": 0.018568840579710144, "noble,lord": 0.018795289855072464, "lord,lord": 0.01154891304347826, "and,indeed": 0.0011322463768115942, "for,the": 0.007699275362318841, "enough,to": 0.0011322463768115942, "to,make": 0.0018115942028985507, "<s>,one": 0.0018115942028985507, "one,of": 0.003170289855072464, "of,your": 0.003170289855072464, "your,lordships": 0.010416666666666666, "lordships,house": 0.0011322463768115942, "house,is": 0.0011322463768115942, "is,that": 0.0020380434782608695, "to,the": 0.016757246376811596, "of,agriculture": 0.004302536231884058, "is,to": 0.0020380434782608695, "to,be": 0.002490942028985507, "for,a": 0.001585144927536232, "a,debate": 0.001585144927536232, "debate,on": 0.001358695652173913, "on,the": 0.007699275362318841, "<s>,but": 0.0011322463768115942, "that,there": 0.0011322463768115942, "there,are": 0.001358695652173913, "number,of": 0.0022644927536231885, "can,be": 0.0011322463768115942, "her,majestys": 0.001585144927536232, "majestys,government": 0.001585144927536232, "lords,the": 0.009284420289855072, "to,which": 0.0011322463768115942, "in,the": 0.013360507246376812, "it,is": 0.008605072463768116, "which,is": 0.004076086956521739, "i,should": 0.0038496376811594205, "should,like": 0.002717391304347826, "the,debate": 0.0018115942028985507, "the,opportunity": 0.001585144927536232, "opportunity,to": 0.0011322463768115942, "<s>,in": 0.002943840579710145, "is,a": 0.006340579710144928, "a,very": 0.002490942028985507, "<s>,the": 0.011322463768115942, "the,council": 0.001585144927536232, "council,of": 0.001358695652173913, "and,we": 0.002490942028985507, "we,have": 0.006567028985507246, "have,had": 0.0018115942028985507, "must,be": 0.0011322463768115942, "on,this": 0.0033967391304347825, "which,has": 0.002717391304347826, "to,say": 0.001358695652173913, "say,that": 0.001358695652173913, "that,the": 0.014266304347826086, "the,government": 0.005434782608695652, "and,the": 0.0038496376811594205, "<s>,he": 0.002717391304347826, "he,said": 0.0018115942028985507, "it,was": 0.0022644927536231885, "as,a": 0.002717391304347826, "he,is": 0.0020380434782608695, "to,a": 0.0018115942028985507, "has,been": 0.006793478260869565, "of,this": 0.0022644927536231885, "this,house": 0.001358695652173913, "debate,<e>": 0.0018115942028985507, "hope,that": 0.0011322463768115942, "ensure,that": 0.0011322463768115942, "which,were": 0.001358695652173913, "at,the": 0.002717391304347826, "<s>,my": 0.0011322463768115942, "my,right": 0.004528985507246377, "right,honourable": 0.004528985507246377, "honourable,friend": 0.0038496376811594205, "friend,the": 0.004528985507246377, "the,minister": 0.002943840579710145, "minister,of": 0.002943840579710145, "agriculture,fisheries": 0.001358695652173913, "fisheries,and": 0.001358695652173913, "and,food": 0.001585144927536232, "that,he": 0.003170289855072464, "united,kingdom": 0.002943840579710145, "and,that": 0.0022644927536231885, "i,beg": 0.00588768115942029, "beg,to": 0.00588768115942029, "to,move": 0.008152173913043478, "move,that": 0.004302536231884058, "of,which": 0.001358695652173913, "which,was": 0.001585144927536232, "laid,before": 0.0011322463768115942, "house,on": 0.0011322463768115942, "on,th": 0.0018115942028985507, "be,approved": 0.0011322463768115942, "approved,<e>": 0.0011322463768115942, "lordships,will": 0.0011322463768115942, "per,cent": 0.002943840579710145, "cent,<e>": 0.002943840579710145, "<s>,of": 0.001358695652173913, "i,may": 0.0022644927536231885, "would,be": 0.00588768115942029, "he,was": 0.001358695652173913, "was,not": 0.0011322463768115942, "<s>,this": 0.0018115942028985507, "with,the": 0.006340579710144928, "the,commissions": 0.0011322463768115942, "and,to": 0.001585144927536232, "to,ensure": 0.0011322463768115942, "in,order": 0.0011322463768115942, "order,to": 0.0011322463768115942, "the,order": 0.002717391304347826, "the,community": 0.0020380434782608695, "from,the": 0.002490942028985507, "lords,on": 0.0011322463768115942, "on,behalf": 0.001358695652173913, "behalf,of": 0.001358695652173913, "of,my": 0.0018115942028985507, "my,noble": 0.008378623188405798, "noble,friend": 0.00792572463768116, "move,the": 0.0011322463768115942, "the,motion": 0.0011322463768115942, "name,on": 0.0011322463768115942, "order,paper": 0.001585144927536232, "paper,<e>": 0.0011322463768115942, "have,been": 0.004528985507246377, "there,is": 0.001585144927536232, "which,are": 0.002717391304347826, "the,whole": 0.001358695652173913, "the,united": 0.0020380434782608695, "as,follows": 0.0022644927536231885, "follows,<e>": 0.0022644927536231885, "government,have": 0.0020380434782608695, "a,number": 0.0018115942028985507, "agriculture,and": 0.0011322463768115942, "the,national": 0.0018115942028985507, "the,statement": 0.002943840579710145, "in,another": 0.002490942028985507, "another,place": 0.002717391304347826, "the,house": 0.012681159420289856, "house,will": 0.001585144927536232, "know,that": 0.0022644927536231885, "the,leader": 0.001585144927536232, "leader,of": 0.0020380434782608695, "house,has": 0.0011322463768115942, "i,know": 0.001585144927536232, "that,my": 0.0011322463768115942, "friend,lord": 0.0036231884057971015, "am,sure": 0.0011322463768115942, "that,i": 0.0022644927536231885, "if,i": 0.004302536231884058, "i,were": 0.0020380434782608695, "were,to": 0.002490942028985507, "that,we": 0.002943840579710145, "be,a": 0.0011322463768115942, "as,to": 0.0011322463768115942, "the,position": 0.001358695652173913, "been,a": 0.0011322463768115942, "the,governments": 0.0020380434782608695, "will,be": 0.004076086956521739, "lords,we": 0.001585144927536232, "and,i": 0.0038496376811594205, "i,wonder": 0.0018115942028985507, "wonder,whether": 0.001585144927536232, "is,the": 0.0011322463768115942, "house,that": 0.001358695652173913, "that,it": 0.0036231884057971015, "the,next": 0.004528985507246377, "lords,<e>": 0.001585144927536232, "wish,to": 0.0018115942028985507, "what,is": 0.001585144927536232, "matter,for": 0.001358695652173913, "debate,this": 0.0011322463768115942, "on,to": 0.004076086956521739, "question,<e>": 0.002943840579710145, "that,your": 0.001358695652173913, "the,commission": 0.001358695652173913, "do,not": 0.002943840579710145, "the,procedure": 0.0011322463768115942, "but,i": 0.0018115942028985507, "would,not": 0.001585144927536232, "of,a": 0.002943840579710145, "committee,<e>": 0.001585144927536232, "be,for": 0.0022644927536231885, "in,my": 0.0011322463768115942, "that,this": 0.0020380434782608695, "this,bill": 0.003170289855072464, "bill,be": 0.0011322463768115942, "read,a": 0.0011322463768115942, "time,<e>": 0.001585144927536232, "it,will": 0.0011322463768115942, "that,is": 0.001585144927536232, "of,course": 0.0018115942028985507, "i,think": 0.007699275362318841, "think,that": 0.004755434782608696, "his,question": 0.0011322463768115942, "to,speak": 0.002717391304347826, "on,<e>": 0.0020380434782608695, "this,question": 0.0020380434782608695, "it,would": 0.0022644927536231885, "be,appropriate": 0.0022644927536231885, "if,we": 0.002490942028985507, "moved,on": 0.0011322463768115942, "next,question": 0.001585144927536232, "the,fact": 0.001585144927536232, "fact,that": 0.001585144927536232, "have,a": 0.0011322463768115942, "think,it": 0.0018115942028985507, "appropriate,to": 0.0011322463768115942, "move,on": 0.004302536231884058, "are,not": 0.0011322463768115942, "by,the": 0.0033967391304347825, "figures,for": 0.0011322463768115942, "a,whole": 0.0011322463768115942,