{"<cs>,my": 0.050980392156862744, "my,lords": 0.050980392156862744, "lords,i": 0.03333333333333333, "i,should": 0.043137254901960784, "should,like": 0.03529411764705882, "like,to": 0.03725490196078431, "to,the": 0.021568627450980392, "and,i": 0.01764705882352941, "<e>,<s>": 0.10784313725490197, "<s>,i": 0.03137254901960784, "i,am": 0.00980392156862745, "of,the": 0.07647058823529412, "the,church": 0.00980392156862745, "of,our": 0.013725490196078431, "that,the": 0.027450980392156862, "the,noble": 0.049019607843137254, "noble,lord": 0.0196078431372549, "lord,lord": 0.01568627450980392, "noble,baroness": 0.011764705882352941, "that,i": 0.013725490196078431, "i,think": 0.0196078431372549, "think,that": 0.00980392156862745, "to,be": 0.01764705882352941, "the,house": 0.00980392156862745, "by,the": 0.011764705882352941, "and,the": 0.0196078431372549, "it,was": 0.00980392156862745, "with,the": 0.011764705882352941, "of,this": 0.00980392156862745, "in,this": 0.00980392156862745, "<s>,it": 0.011764705882352941, "to,support": 0.01568627450980392, "this,amendment": 0.00980392156862745, "amendment,<e>": 0.011764705882352941, "about,this": 0.011764705882352941, "to,say": 0.00980392156862745, "want,to": 0.01568627450980392, "in,the": 0.01764705882352941, "has,been": 0.00980392156862745, "your,lordships": 0.00980392156862745, "but,i": 0.00980392156862745, "it,is": 0.021568627450980392, "about,the": 0.01764705882352941, "the,minister": 0.00980392156862745, "noble,earl": 0.011764705882352941}