{"<cs>,my": 0.07560137457044673, "my,lords": 0.08018327605956473, "my,right": 0.016036655211912942, "right,honourable": 0.016036655211912942, "honourable,friend": 0.01718213058419244, "friend,the": 0.013745704467353952, "of,the": 0.029782359679266894, "lords,i": 0.029782359679266894, "i,beg": 0.019473081328751432, "beg,to": 0.019473081328751432, "to,move": 0.019473081328751432, "move,that": 0.01718213058419244, "this,bill": 0.013745704467353952, "lords,the": 0.009163802978235968, "by,the": 0.010309278350515464, "per,cent": 0.008018327605956471, "cent,<e>": 0.006872852233676976, "<e>,<s>": 0.08247422680412371, "that,the": 0.020618556701030927, "the,house": 0.016036655211912942, "house,do": 0.011454753722794959, "do,now": 0.010309278350515464, "resolve,itself": 0.011454753722794959, "itself,into": 0.011454753722794959, "into,committee": 0.011454753722794959, "committee,on": 0.011454753722794959, "on,this": 0.011454753722794959, "bill,<e>": 0.011454753722794959, "now,again": 0.008018327605956471, "again,resolve": 0.009163802978235968, "will,be": 0.008018327605956471, "to,the": 0.008018327605956471, "it,is": 0.0057273768613974796, "in,the": 0.013745704467353952, "on,the": 0.010309278350515464, "with,the": 0.009163802978235968, "the,noble": 0.012600229095074456, "your,lordships": 0.013745704467353952, "i,shall": 0.009163802978235968, "and,the": 0.008018327605956471, "<s>,the": 0.021764032073310423, "i,understand": 0.0057273768613974796, "understand,that": 0.0057273768613974796, "noble,lord": 0.0057273768613974796, "for,the": 0.018327605956471937, "the,commission": 0.0057273768613974796, "lords,with": 0.0057273768613974796, "now,repeat": 0.006872852233676976, "repeat,a": 0.006872852233676976, "a,statement": 0.008018327605956471, "being,made": 0.0057273768613974796, "made,in": 0.006872852233676976, "in,another": 0.008018327605956471, "another,place": 0.006872852233676976, "place,by": 0.0057273768613974796, "by,my": 0.009163802978235968, "the,secretary": 0.012600229095074456, "secretary,of": 0.013745704467353952, "of,state": 0.012600229095074456, "state,for": 0.011454753722794959, "the,environment": 0.010309278350515464, "environment,<e>": 0.0057273768613974796, "the,statement": 0.006872852233676976, "statement,is": 0.006872852233676976, "is,as": 0.006872852233676976, "as,follows": 0.006872852233676976, "follows,<e>": 0.006872852233676976, "do,not": 0.0057273768613974796, "in,a": 0.0057273768613974796, "have,been": 0.006872852233676976, "<s>,i": 0.008018327605956471, "to,a": 0.0057273768613974796, "we,shall": 0.006872852233676976}