{"<cs>,my": 0.09461426491994178, "my,lords": 0.10334788937409024, "for,the": 0.011644832605531296, "lords,we": 0.020378457059679767, "<e>,<s>": 0.11353711790393013, "we,have": 0.013100436681222707, "have,no": 0.00727802037845706, "lords,<e>": 0.00727802037845706, "of,the": 0.06550218340611354, "<s>,the": 0.017467248908296942, "have,been": 0.008733624454148471, "on,th": 0.00727802037845706, "lords,i": 0.020378457059679767, "i,beg": 0.01601164483260553, "beg,to": 0.01601164483260553, "to,move": 0.01455604075691412, "move,that": 0.01455604075691412, "that,the": 0.018922852983988356, "the,house": 0.013100436681222707, "house,do": 0.00727802037845706, "do,now": 0.00727802037845706, "resolve,itself": 0.00727802037845706, "itself,into": 0.00727802037845706, "into,committee": 0.00727802037845706, "committee,on": 0.00727802037845706, "on,this": 0.011644832605531296, "this,bill": 0.010189228529839884, "bill,be": 0.00727802037845706, "be,now": 0.00727802037845706, "by,the": 0.011644832605531296, "the,government": 0.013100436681222707, "<s>,it": 0.008733624454148471, "the,home": 0.010189228529839884, "in,the": 0.026200873362445413, "to,be": 0.008733624454148471, "on,the": 0.011644832605531296, "we,are": 0.020378457059679767, "in,another": 0.00727802037845706, "another,place": 0.008733624454148471, "<s>,i": 0.013100436681222707, "i,shall": 0.00727802037845706, "my,noble": 0.00727802037845706, "<s>,we": 0.01455604075691412, "from,the": 0.00727802037845706, "the,first": 0.00727802037845706, "lords,the": 0.023289665211062592, "to,the": 0.024745269286754003, "has,been": 0.010189228529839884, "will,be": 0.00727802037845706, "which,has": 0.00727802037845706, "act,<e>": 0.00727802037845706, "honourable,friend": 0.00727802037845706, "friend,the": 0.00727802037845706, "the,noble": 0.01455604075691412, "noble,lord": 0.013100436681222707, "lord,lord": 0.010189228529839884, "it,is": 0.008733624454148471, "with,the": 0.011644832605531296}