{"<cs>,my": 0.03353658536585366, "my,lords": 0.032520325203252036, "that,the": 0.01524390243902439, "with,the": 0.00508130081300813, "<e>,<s>": 0.14227642276422764, "of,your": 0.00508130081300813, "your,lordships": 0.014227642276422764, "to,the": 0.03048780487804878, "to,be": 0.009146341463414634, "wish,to": 0.00508130081300813, "to,make": 0.006097560975609756, "of,the": 0.054878048780487805, "which,i": 0.00508130081300813, "by,the": 0.01016260162601626, "the,noble": 0.044715447154471545, "noble,lord": 0.034552845528455285, "lord,lord": 0.026422764227642278, "<s>,i": 0.036585365853658534, "in,the": 0.016260162601626018, "noble,lords": 0.00508130081300813, "who,have": 0.00508130081300813, "i,too": 0.007113821138211382, "should,like": 0.007113821138211382, "like,to": 0.006097560975609756, "in,this": 0.009146341463414634, "<s>,as": 0.00508130081300813, "is,a": 0.00508130081300813, "is,not": 0.00508130081300813, "that,we": 0.00508130081300813, "it,is": 0.01524390243902439, "is,in": 0.00508130081300813, "<s>,that": 0.007113821138211382, "and,the": 0.009146341463414634, "lords,i": 0.018292682926829267, "thank,the": 0.01016260162601626, "they,are": 0.01016260162601626, "<s>,it": 0.013211382113821139, "will,be": 0.00508130081300813, "<s>,the": 0.008130081300813009, "that,it": 0.00508130081300813, "i,beg": 0.00508130081300813, "beg,leave": 0.007113821138211382, "leave,to": 0.007113821138211382, "on,the": 0.007113821138211382, "i,thank": 0.011178861788617886, "the,minister": 0.014227642276422764, "minister,for": 0.008130081300813009, "reply,<e>": 0.006097560975609756, "should,be": 0.008130081300813009, "for,the": 0.006097560975609756, "the,same": 0.00508130081300813, "as,i": 0.007113821138211382, "the,bill": 0.009146341463414634, "to,speak": 0.00508130081300813, "that,i": 0.013211382113821139, "i,should": 0.007113821138211382, "but,i": 0.006097560975609756, "i,have": 0.007113821138211382, "of,this": 0.00508130081300813, "second,reading": 0.00508130081300813, "i,am": 0.018292682926829267, "the,government": 0.00508130081300813, "they,were": 0.00508130081300813, "this,amendment": 0.00508130081300813, "<cs>,i": 0.014227642276422764, "my,amendment": 0.008130081300813009, "i,was": 0.008130081300813009, "he,said": 0.00508130081300813, "grateful,to": 0.01016260162601626, "for,his": 0.008130081300813009, "the,fact": 0.006097560975609756, "fact,that": 0.006097560975609756, "am,grateful": 0.00508130081300813, "noble,earl": 0.006097560975609756, "i,shall": 0.008130081300813009, "that,there": 0.006097560975609756, "to,withdraw": 0.00508130081300813, "withdraw,the": 0.00508130081300813, "the,amendment": 0.007113821138211382, "amendment,<e>": 0.008130081300813009, "prosecute,<e>": 0.00508130081300813}