{"<cs>,i": 0.027874564459930314, "i,must": 0.010452961672473868, "must,point": 0.010452961672473868, "point,out": 0.03484320557491289, "out,that": 0.03484320557491289, "that,if": 0.03484320557491289, "if,amendment": 0.03484320557491289, "amendment,no": 0.06968641114982578, "no,<e>": 0.06968641114982578, "<e>,<s>": 0.09407665505226481, "<s>,is": 0.03484320557491289, "is,agreed": 0.03484320557491289, "agreed,to": 0.03484320557491289, "to,i": 0.03484320557491289, "i,shall": 0.006968641114982578, "shall,be": 0.003484320557491289, "be,unable": 0.003484320557491289, "unable,to": 0.003484320557491289, "to,call": 0.006968641114982578, "call,amendments": 0.013937282229965157, "amendments,nos": 0.013937282229965157, "nos,<e>": 0.013937282229965157, "<s>,and": 0.003484320557491289, "and,<e>": 0.003484320557491289, "<cs>,the": 0.003484320557491289, "the,next": 0.003484320557491289, "next,amendment": 0.003484320557491289, "amendment,is": 0.003484320557491289, "is,amendment": 0.003484320557491289, "<s>,<e>": 0.027874564459930314, "<s>,i": 0.006968641114982578, "i,have": 0.006968641114982578, "have,to": 0.003484320557491289, "to,point": 0.003484320557491289, "i,cannot": 0.027874564459930314, "cannot,call": 0.027874564459930314, "<s>,to": 0.003484320557491289, "to,<e>": 0.003484320557491289, "i,should": 0.017421602787456445, "should,point": 0.017421602787456445, "<s>,or": 0.006968641114982578, "or,<e>": 0.006968641114982578, "call,amendment": 0.020905923344947737, "<s>,a": 0.006968641114982578, "a,<e>": 0.003484320557491289, "<cs>,perhaps": 0.006968641114982578, "perhaps,it": 0.003484320557491289, "it,will": 0.003484320557491289, "will,be": 0.003484320557491289, "be,for": 0.003484320557491289, "for,the": 0.003484320557491289, "the,convenience": 0.003484320557491289, "convenience,of": 0.003484320557491289, "of,the": 0.003484320557491289, "the,committee": 0.003484320557491289, "committee,if": 0.003484320557491289, "if,i": 0.003484320557491289, "i,say": 0.003484320557491289, "say,that": 0.003484320557491289, "that,i": 0.003484320557491289, "i,called": 0.003484320557491289, "called,amendment": 0.003484320557491289, "have,just": 0.003484320557491289, "just,realised": 0.003484320557491289, "realised,that": 0.003484320557491289, "that,the": 0.003484320557491289, "the,noble": 0.003484320557491289, "noble,lord": 0.003484320557491289, "lord,is": 0.003484320557491289, "is,speaking": 0.003484320557491289, "speaking,to": 0.003484320557491289, "to,amendment": 0.003484320557491289, "<s>,may": 0.003484320557491289, "may,i": 0.003484320557491289, "i,take": 0.003484320557491289, "take,it": 0.003484320557491289, "it,that": 0.003484320557491289, "that,amendment": 0.003484320557491289, "is,not": 0.003484320557491289, "not,moved": 0.003484320557491289, "moved,<e>": 0.003484320557491289, "shall,not": 0.003484320557491289, "not,be": 0.003484320557491289, "be,able": 0.003484320557491289, "able,to": 0.003484320557491289, "a,is": 0.003484320557491289, "perhaps,i": 0.003484320557491289, "i,may": 0.003484320557491289, "may,point": 0.003484320557491289}