{"<cs>,my": 0.07801418439716312, "my,lords": 0.08195429472025216, "lords,the": 0.017336485421591805, "the,noble": 0.018124507486209612, "noble,lord": 0.01260835303388495, "lord,lord": 0.009456264775413711, "<e>,<s>": 0.10638297872340426, "the,house": 0.014184397163120567, "to,be": 0.004728132387706856, "<s>,i": 0.01182033096926714, "with,the": 0.0070921985815602835, "the,secretary": 0.003940110323089046, "secretary,of": 0.003940110323089046, "of,state": 0.004728132387706856, "to,the": 0.018124507486209612, "in,the": 0.014972419227738377, "<s>,it": 0.004728132387706856, "i,am": 0.008668242710795903, "lords,i": 0.026004728132387706, "i,beg": 0.019700551615445233, "beg,to": 0.019700551615445233, "to,move": 0.02048857368006304, "move,that": 0.019700551615445233, "that,the": 0.022852639873916468, "house,do": 0.01024428684003152, "do,now": 0.01103230890464933, "resolve,itself": 0.01024428684003152, "itself,into": 0.01024428684003152, "into,committee": 0.01024428684003152, "committee,on": 0.01024428684003152, "on,this": 0.01103230890464933, "this,bill": 0.01260835303388495, "bill,<e>": 0.01182033096926714, "now,again": 0.007880220646178092, "again,resolve": 0.007880220646178092, "which,is": 0.003940110323089046, "my,right": 0.0070921985815602835, "right,honourable": 0.0070921985815602835, "honourable,friend": 0.0070921985815602835, "friend,the": 0.004728132387706856, "for,the": 0.01103230890464933, "in,this": 0.004728132387706856, "<s>,in": 0.009456264775413711, "of,the": 0.046493301812450746, "by,the": 0.01103230890464933, "on,the": 0.013396375098502758, "has,been": 0.005516154452324665, "<s>,the": 0.02206461780929866, "the,last": 0.004728132387706856, "will,be": 0.009456264775413711, "the,bill": 0.007880220646178092, "bill,be": 0.006304176516942475, "be,now": 0.007880220646178092, "that,we": 0.006304176516942475, "a,number": 0.004728132387706856, "number,of": 0.005516154452324665, "<s>,we": 0.009456264775413711, "at,the": 0.004728132387706856, "there,are": 0.003940110323089046, "the,government": 0.008668242710795903, "it,is": 0.004728132387706856, "am,grateful": 0.003940110323089046, "grateful,to": 0.004728132387706856, "my,noble": 0.003940110323089046, "subject,to": 0.003940110323089046, "we,have": 0.0070921985815602835, "your,lordships": 0.004728132387706856, "amendment,no": 0.004728132387706856, "no,<e>": 0.006304176516942475, "lord,mcintosh": 0.003940110323089046, "lords,we": 0.0070921985815602835, "we,are": 0.008668242710795903, "the,united": 0.0070921985815602835, "united,kingdom": 0.004728132387706856, "lords,<e>": 0.004728132387706856, "and,the": 0.0070921985815602835, "per,cent": 0.005516154452324665, "cent,<e>": 0.005516154452324665, "is,a": 0.005516154452324665}