{"<cs>,my": 0.033245844269466314, "my,lords": 0.03412073490813648, "lords,i": 0.012248468941382326, "i,have": 0.01399825021872266, "have,to": 0.014873140857392825, "to,notify": 0.0026246719160104987, "notify,the": 0.0026246719160104987, "the,house": 0.00699912510936133, "house,in": 0.0026246719160104987, "in,accordance": 0.004374453193350831, "accordance,with": 0.004374453193350831, "with,the": 0.0026246719160104987, "the,royal": 0.0026246719160104987, "royal,assent": 0.005249343832020997, "assent,act": 0.0026246719160104987, "act,that": 0.0026246719160104987, "that,the": 0.00699912510936133, "the,queen": 0.0026246719160104987, "queen,has": 0.0026246719160104987, "has,signified": 0.0026246719160104987, "signified,her": 0.0026246719160104987, "her,royal": 0.0026246719160104987, "assent,to": 0.0026246719160104987, "to,the": 0.00699912510936133, "the,following": 0.0026246719160104987, "following,acts": 0.0026246719160104987, "acts,<e>": 0.0017497812773403325, "lords,in": 0.0008748906386701663, "in,calling": 0.0008748906386701663, "calling,amendment": 0.0008748906386701663, "amendment,no": 0.03412073490813648, "no,<e>": 0.03849518810148731, "<e>,<s>": 0.06386701662292213, "<s>,i": 0.008748906386701663, "to,point": 0.010498687664041995, "point,out": 0.012248468941382326, "out,that": 0.011373578302712161, "that,if": 0.009623797025371828, "if,this": 0.005249343832020997, "this,amendment": 0.00699912510936133, "amendment,is": 0.00699912510936133, "is,agreed": 0.012248468941382326, "agreed,to": 0.015748031496062992, "to,i": 0.010498687664041995, "i,cannot": 0.013123359580052493, "cannot,call": 0.013123359580052493, "call,amendments": 0.005249343832020997, "amendments,nos": 0.007874015748031496, "nos,<e>": 0.007874015748031496, "<s>,and": 0.0017497812773403325, "and,<e>": 0.0017497812773403325, "if,amendment": 0.007874015748031496, "<s>,is": 0.00699912510936133, "call,amendment": 0.009623797025371828, "<s>,<e>": 0.015748031496062992, "i,first": 0.0008748906386701663, "first,must": 0.0008748906386701663, "must,put": 0.0008748906386701663, "put,the": 0.0026246719160104987, "the,question": 0.007874015748031496, "question,that": 0.0008748906386701663, "the,commons": 0.0008748906386701663, "commons,amendments": 0.0008748906386701663, "amendments,be": 0.0008748906386701663, "be,now": 0.0008748906386701663, "now,considered": 0.0008748906386701663, "considered,<e>": 0.0008748906386701663, "<cs>,amendment": 0.0008748906386701663, "lords,perhaps": 0.0008748906386701663, "perhaps,i": 0.0026246719160104987, "i,should": 0.0017497812773403325, "should,remind": 0.0008748906386701663, "remind,the": 0.0008748906386701663, "house,that": 0.0017497812773403325, "question,before": 0.0017497812773403325, "before,the": 0.0026246719160104987, "house,is": 0.0017497812773403325, "is,that": 0.003499562554680665, "that,amendment": 0.0017497812773403325, "<s>,a": 0.00699912510936133, "a,be": 0.0017497812773403325, "be,agreed": 0.003499562554680665, "to,and": 0.0008748906386701663, "and,that": 0.0017497812773403325, "that,we": 0.0008748906386701663, "we,have": 0.0017497812773403325, "to,dispose": 0.0008748906386701663, "dispose,of": 0.0008748906386701663, "of,amendments": 0.0008748906386701663, "a,and": 0.0008748906386701663, "and,b": 0.0008748906386701663, "b,before": 0.0008748906386701663, "before,we": 0.0008748906386701663, "we,come": 0.0008748906386701663, "come,to": 0.0008748906386701663, "the,main": 0.0008748906386701663, "main,question": 0.0008748906386701663, "question,on": 0.0008748906386701663, "on,amendment": 0.0008748906386701663, "<cs>,is": 0.0017497812773403325, "is,the": 0.0026246719160104987, "the,noble": 0.005249343832020997, "noble,lord": 0.004374453193350831, "lord,withdrawing": 0.0017497812773403325, "withdrawing,amendment": 0.0008748906386701663, "a,<e>": 0.0026246719160104987, "i,understand": 0.0017497812773403325, "understand,that": 0.0008748906386701663, "the,words": 0.003499562554680665, "words,on": 0.0008748906386701663, "on,the": 0.005249343832020997, "the,second": 0.0008748906386701663, "second,line": 0.0008748906386701663, "line,of": 0.0008748906386701663, "of,the": 0.0026246719160104987, "the,amendment": 0.003499562554680665, "amendment,<e>": 0.0017497812773403325, "lords,amendment": 0.004374453193350831, "<s>,has": 0.0008748906386701663, "has,been": 0.0017497812773403325, "been,wrongly": 0.0017497812773403325, "wrongly,marshalled": 0.0017497812773403325, "marshalled,<e>": 0.0008748906386701663, "<s>,the": 0.0026246719160104987, "the,next": 0.005249343832020997, "next,amendment": 0.004374453193350831, "is,no": 0.0017497812773403325, "<cs>,the": 0.0017497812773403325, "amendment,has": 0.0008748906386701663, "marshalled,my": 0.0008748906386701663, "lords,it": 0.0008748906386701663, "it,comes": 0.0008748906386701663, "comes,after": 0.0008748906386701663, "after,no": 0.0008748906386701663, "<s>,zc": 0.0008748906386701663, "zc,<e>": 0.0008748906386701663, "<s>,so": 0.0017497812773403325, "so,the": 0.0008748906386701663, "<s>,zb": 0.0008748906386701663, "zb,<e>": 0.0008748906386701663, "lords,if": 0.003499562554680665, "a,is": 0.0008748906386701663, "<s>,or": 0.0026246719160104987, "or,<e>": 0.0026246719160104987, "i,think": 0.0017497812773403325, "think,there": 0.0008748906386701663, "there,is": 0.0017497812773403325, "is,an": 0.0008748906386701663, "an,amendment": 0.003499562554680665, "amendment,to": 0.003499562554680665, "to,amendment": 0.0017497812773403325, "so,perhaps": 0.0008748906386701663, "i,may": 0.0017497812773403325, "may,put": 0.0017497812773403325, "put,amendments": 0.0008748906386701663, "<s>,to": 0.0026246719160104987, "to,<e>": 0.005249343832020997, "lords,the": 0.004374453193350831, "is,amendment": 0.0017497812773403325, "<cs>,i": 0.0008748906386701663, "understand,there": 0.0008748906386701663, "is,also": 0.0008748906386701663, "also,a": 0.0008748906386701663, "a,misprint": 0.0008748906386701663, "misprint,in": 0.0008748906386701663, "in,amendment": 0.0017497812773403325, "<s>,it": 0.0008748906386701663, "it,should": 0.0008748906386701663, "should,refer": 0.0008748906386701663, "refer,to": 0.0008748906386701663, "to,page": 0.0008748906386701663, "page,line": 0.0026246719160104987, "line,<e>": 0.0008748906386701663, "question,is": 0.003499562554680665, "is,whether": 0.0008748906386701663, "whether,amendment": 0.0008748906386701663, "<s>,be": 0.0008748906386701663, "<s>,as": 0.004374453193350831, "as,an": 0.0026246719160104987, "to,this": 0.0017497812773403325, "amendment,i": 0.0026246719160104987, "i,call": 0.0017497812773403325, "a,lord": 0.0008748906386701663, "lord,monson": 0.0008748906386701663, "monson,<e>": 0.0008748906386701663, "lords,is": 0.0017497812773403325, "noble,earl": 0.0008748906386701663, "earl,moving": 0.0008748906386701663, "moving,all": 0.0008748906386701663, "all,three": 0.0008748906386701663, "three,amendments": 0.0008748906386701663, "amendments,<e>": 0.0008748906386701663, "lords,as": 0.0017497812773403325, "<s>,u": 0.0008748906386701663, "u,i": 0.0008748906386701663, "<s>,v": 0.0008748906386701663, "v,w": 0.0008748906386701663, "w,and": 0.0008748906386701663, "and,x": 0.0008748906386701663, "x,<e>": 0.0008748906386701663, "acts,and": 0.0008748906386701663, "and,measures": 0.0008748906386701663, "measures,<e>": 0.0008748906386701663, "<cs>,as": 0.0008748906386701663, "amendment,we": 0.0008748906386701663, "have,amendment": 0.0008748906386701663, "house,do": 0.0008748906386701663, "do,adjourn": 0.0008748906386701663, "adjourn,during": 0.0008748906386701663, "during,pleasure": 0.0008748906386701663, "pleasure,<e>": 0.0008748906386701663, "as,many": 0.0026246719160104987, "many,as": 0.0026246719160104987, "as,are": 0.0026246719160104987, "are,of": 0.0026246719160104987, "of,that": 0.0026246719160104987, "that,opinion": 0.0026246719160104987, "opinion,will": 0.0026246719160104987, "will,say": 0.0026246719160104987, "say,content": 0.0026246719160104987, "content,<e>": 0.0026246719160104987,