{"<cs>,does": 0.0033112582781456954, "does,the": 0.0033112582781456954, "the,noble": 0.009105960264900662, "noble,and": 0.0008278145695364238, "and,learned": 0.0008278145695364238, "learned,lord": 0.0008278145695364238, "lord,wish": 0.0016556291390728477, "wish,to": 0.0033112582781456954, "to,withdraw": 0.0024834437086092716, "withdraw,his": 0.0008278145695364238, "his,amendment": 0.0008278145695364238, "amendment,<e>": 0.0016556291390728477, "<cs>,i": 0.013245033112582781, "i,have": 0.015728476821192054, "have,to": 0.015728476821192054, "to,call": 0.02152317880794702, "call,your": 0.0033112582781456954, "your,lordships": 0.005794701986754967, "lordships,attention": 0.0033112582781456954, "attention,to": 0.0033112582781456954, "to,the": 0.009933774834437087, "the,fact": 0.006622516556291391, "fact,that": 0.006622516556291391, "that,if": 0.01903973509933775, "if,amendment": 0.014072847682119206, "amendment,no": 0.041390728476821195, "no,<e>": 0.048013245033112585, "<e>,<s>": 0.0728476821192053, "<s>,or": 0.004966887417218543, "or,amendment": 0.0008278145695364238, "<s>,is": 0.013245033112582781, "is,agreed": 0.01903973509933775, "agreed,to": 0.022350993377483443, "to,i": 0.01903973509933775, "i,shall": 0.01903973509933775, "shall,not": 0.016556291390728478, "not,be": 0.018211920529801324, "be,able": 0.016556291390728478, "able,to": 0.016556291390728478, "call,amendment": 0.011589403973509934, "<s>,<e>": 0.013245033112582781, "noble,baroness": 0.0033112582781456954, "baroness,wish": 0.0008278145695364238, "withdraw,the": 0.0008278145695364238, "the,amendment": 0.0024834437086092716, "<cs>,amendment": 0.004966887417218543, "is,alternate": 0.0008278145695364238, "alternate,to": 0.0008278145695364238, "to,amendment": 0.0016556291390728477, "<s>,the": 0.0024834437086092716, "baroness,will": 0.0008278145695364238, "will,take": 0.0008278145695364238, "take,amendment": 0.0008278145695364238, "<s>,in": 0.0008278145695364238, "in,order": 0.0008278145695364238, "order,when": 0.0008278145695364238, "when,it": 0.0008278145695364238, "it,comes": 0.0008278145695364238, "comes,<e>": 0.0008278145695364238, "i,must": 0.0024834437086092716, "must,call": 0.0008278145695364238, "<cs>,we": 0.0016556291390728477, "we,now": 0.0016556291390728477, "now,revert": 0.0008278145695364238, "revert,to": 0.0008278145695364238, "<s>,unamended": 0.0008278145695364238, "unamended,as": 0.0008278145695364238, "as,it": 0.0016556291390728477, "it,stands": 0.0008278145695364238, "stands,<e>": 0.0008278145695364238, "the,question": 0.0033112582781456954, "question,is": 0.0033112582781456954, "is,that": 0.0033112582781456954, "that,this": 0.0016556291390728477, "this,amendment": 0.005794701986754967, "amendment,be": 0.0024834437086092716, "be,agreed": 0.0024834437086092716, "to,<e>": 0.0033112582781456954, "<s>,a": 0.005794701986754967, "a,to": 0.0016556291390728477, "to,insert": 0.0008278145695364238, "insert,the": 0.0008278145695364238, "the,new": 0.0008278145695364238, "new,clause": 0.0008278145695364238, "clause,after": 0.0008278145695364238, "after,clause": 0.0016556291390728477, "clause,or": 0.0008278145695364238, "or,after": 0.0008278145695364238, "clause,as": 0.0008278145695364238, "it,is": 0.0008278145695364238, "is,now": 0.0008278145695364238, "now,<e>": 0.0008278145695364238, "amendment,viscount": 0.0008278145695364238, "viscount,simon": 0.0008278145695364238, "simon,<e>": 0.0008278145695364238, "<cs>,in": 0.0024834437086092716, "in,calling": 0.0016556291390728477, "calling,amendment": 0.0016556291390728477, "<s>,i": 0.008278145695364239, "call,the": 0.0016556291390728477, "the,attention": 0.0024834437086092716, "attention,of": 0.0024834437086092716, "of,the": 0.005794701986754967, "the,committee": 0.004966887417218543, "committee,to": 0.0024834437086092716, "if,this": 0.0041390728476821195, "amendment,is": 0.0074503311258278145, "call,amendments": 0.0074503311258278145, "amendments,nos": 0.012417218543046357, "nos,<e>": 0.013245033112582781, "or,<e>": 0.0033112582781456954, "<cs>,if": 0.0008278145695364238, "a,<e>": 0.0024834437086092716, "to,inform": 0.0008278145695364238, "inform,the": 0.0008278145695364238, "committee,that": 0.0024834437086092716, "<s>,h": 0.0024834437086092716, "h,is": 0.0008278145695364238, "<s>,j": 0.0008278145695364238, "j,or": 0.0008278145695364238, "or,k": 0.0008278145695364238, "k,<e>": 0.0008278145695364238, "to,point": 0.009933774834437087, "point,out": 0.012417218543046357, "out,that": 0.008278145695364239, "must,point": 0.0016556291390728477, "out,to": 0.0033112582781456954, "to,your": 0.0016556291390728477, "lordships,that": 0.0016556291390728477, "shall,be": 0.0024834437086092716, "be,unable": 0.0024834437086092716, "unable,to": 0.0024834437086092716, "<cs>,the": 0.006622516556291391, "the,next": 0.0041390728476821195, "next,amendment": 0.0041390728476821195, "is,no": 0.0016556291390728477, "to,draw": 0.0008278145695364238, "draw,the": 0.0008278145695364238, "<s>,should": 0.0008278145695364238, "should,<e>": 0.0008278145695364238, "noble,lord": 0.0033112582781456954, "to,move": 0.0016556291390728477, "move,amendments": 0.0008278145695364238, "<s>,and": 0.004966887417218543, "and,<e>": 0.0033112582781456954, "i,point": 0.0008278145695364238, "lord,was": 0.0008278145695364238, "was,speaking": 0.0008278145695364238, "speaking,to": 0.0008278145695364238, "the,motion": 0.0008278145695364238, "motion,that": 0.0008278145695364238, "that,clause": 0.0008278145695364238, "clause,shall": 0.0008278145695364238, "shall,stand": 0.0008278145695364238, "stand,part": 0.0016556291390728477, "part,of": 0.0016556291390728477, "the,bill": 0.0016556291390728477, "bill,<e>": 0.0016556291390728477, "i,will": 0.0008278145695364238, "will,not": 0.0016556291390728477, "<s>,to": 0.0033112582781456954, "<cs>,is": 0.0016556291390728477, "is,it": 0.0016556291390728477, "it,your": 0.0008278145695364238, "lordships,pleasure": 0.0008278145695364238, "pleasure,that": 0.0008278145695364238, "that,the": 0.0008278145695364238, "be,withdrawn": 0.0008278145695364238, "withdrawn,<e>": 0.0008278145695364238, "i,understand": 0.0016556291390728477, "understand,that": 0.0016556291390728477, "that,amendments": 0.0016556291390728477, "to,have": 0.0008278145695364238, "have,not": 0.0008278145695364238, "not,been": 0.0008278145695364238, "been,moved": 0.0008278145695364238, "moved,<e>": 0.0016556291390728477, "i,therefore": 0.0008278145695364238, "therefore,call": 0.0008278145695364238, "<s>,standing": 0.0008278145695364238, "standing,in": 0.0008278145695364238, "in,the": 0.0008278145695364238, "the,name": 0.0008278145695364238, "name,of": 0.0008278145695364238, "baroness,lady": 0.0008278145695364238, "lady,macleod": 0.0008278145695364238, "macleod,of": 0.0008278145695364238, "of,borve": 0.0008278145695364238, "borve,<e>": 0.0008278145695364238, "call,nos": 0.0008278145695364238, "calling,the": 0.0016556291390728477, "if,that": 0.0008278145695364238, "that,amendment": 0.0024834437086092716, "a,is": 0.0008278145695364238, "to,put": 0.0024834437086092716, "put,amendment": 0.0008278145695364238, "<s>,although": 0.0008278145695364238, "although,i": 0.0008278145695364238, "is,not": 0.0008278145695364238, "not,to": 0.0008278145695364238, "to,be": 0.0024834437086092716, "be,moved": 0.0016556291390728477, "moved,anyway": 0.0008278145695364238, "anyway,<e>": 0.0008278145695364238, "to,inclusive": 0.0016556291390728477, "inclusive,<e>": 0.0016556291390728477, "the,point": 0.0008278145695364238, "point,which": 0.0008278145695364238, "which,the": 0.0008278145695364238, "baroness,has": 0.0008278145695364238, "has,raised": 0.0008278145695364238, "raised,relates": 0.0008278145695364238, "relates,to": 0.0008278145695364238, "the,main": 0.0008278145695364238, "main,amendment": 0.0008278145695364238, "h,<e>": 0.0008278145695364238, "<s>,we": 0.0008278145695364238, "we,are": 0.0008278145695364238, "are,at": 0.0008278145695364238, "at,present": 0.0008278145695364238, "present,discussing": 0.0008278145695364238,