{"<cs>,i": 0.021172638436482084, "i,am": 0.003257328990228013, "am,told": 0.0016286644951140066, "told,that": 0.0016286644951140066, "that,amendment": 0.004885993485342019, "amendment,no": 0.03420195439739414, "no,<e>": 0.03908794788273615, "<e>,<s>": 0.07003257328990228, "<s>,is": 0.011400651465798045, "is,identical": 0.0016286644951140066, "identical,to": 0.0016286644951140066, "to,amendment": 0.004885993485342019, "<s>,<e>": 0.008143322475570033, "<cs>,amendment": 0.006514657980456026, "i,have": 0.014657980456026058, "have,to": 0.013029315960912053, "to,remind": 0.0016286644951140066, "remind,the": 0.0016286644951140066, "the,committee": 0.014657980456026058, "committee,that": 0.009771986970684038, "that,if": 0.011400651465798045, "if,amendment": 0.006514657980456026, "is,carried": 0.0016286644951140066, "carried,i": 0.0016286644951140066, "i,shall": 0.009771986970684038, "shall,be": 0.003257328990228013, "be,unable": 0.003257328990228013, "unable,to": 0.003257328990228013, "to,move": 0.0016286644951140066, "move,amendments": 0.0016286644951140066, "amendments,nos": 0.006514657980456026, "nos,<e>": 0.009771986970684038, "<s>,and": 0.008143322475570033, "and,<e>": 0.004885993485342019, "to,point": 0.006514657980456026, "point,out": 0.008143322475570033, "out,to": 0.004885993485342019, "to,your": 0.0016286644951140066, "your,lordships": 0.003257328990228013, "lordships,committee": 0.0016286644951140066, "is,agreed": 0.008143322475570033, "agreed,to": 0.011400651465798045, "to,i": 0.008143322475570033, "i,cannot": 0.0016286644951140066, "cannot,call": 0.0016286644951140066, "call,amendment": 0.008143322475570033, "amendment,nos": 0.0016286644951140066, "<s>,a": 0.006514657980456026, "a,or": 0.0016286644951140066, "or,b": 0.0016286644951140066, "b,<e>": 0.0016286644951140066, "to,tell": 0.003257328990228013, "tell,your": 0.0016286644951140066, "lordships,that": 0.0016286644951140066, "that,there": 0.003257328990228013, "there,is": 0.003257328990228013, "is,a": 0.003257328990228013, "a,misprint": 0.003257328990228013, "misprint,in": 0.003257328990228013, "in,the": 0.004885993485342019, "the,marshalled": 0.004885993485342019, "marshalled,list": 0.004885993485342019, "list,<e>": 0.004885993485342019, "<s>,amendment": 0.0016286644951140066, "<s>,should": 0.0016286644951140066, "should,read": 0.003257328990228013, "read,leave": 0.0016286644951140066, "leave,out": 0.003257328990228013, "out,from": 0.003257328990228013, "from,beginning": 0.0016286644951140066, "beginning,to": 0.0016286644951140066, "to,second": 0.0016286644951140066, "second,and": 0.0016286644951140066, "and,in": 0.0016286644951140066, "in,line": 0.003257328990228013, "line,on": 0.0016286644951140066, "on,page": 0.0016286644951140066, "page,<e>": 0.0016286644951140066, "<s>,the": 0.006514657980456026, "the,lord": 0.0016286644951140066, "lord,strabolgi": 0.0016286644951140066, "strabolgi,<e>": 0.0016286644951140066, "out,that": 0.003257328990228013, "if,this": 0.003257328990228013, "this,amendment": 0.006514657980456026, "amendment,<e>": 0.003257328990228013, "<s>,no": 0.0016286644951140066, "shall,not": 0.004885993485342019, "not,be": 0.004885993485342019, "be,able": 0.004885993485342019, "able,to": 0.004885993485342019, "to,call": 0.008143322475570033, "a,<e>": 0.003257328990228013, "tell,the": 0.0016286644951140066, "that,i": 0.0016286644951140066, "have,overlooked": 0.0016286644951140066, "overlooked,a": 0.0016286644951140066, "a,mistake": 0.0016286644951140066, "mistake,in": 0.0016286644951140066, "the,marshalling": 0.0016286644951140066, "marshalling,because": 0.0016286644951140066, "because,amendment": 0.0016286644951140066, "is,not": 0.0016286644951140066, "not,in": 0.0016286644951140066, "in,fact": 0.0016286644951140066, "fact,an": 0.0016286644951140066, "an,amendment": 0.003257328990228013, "amendment,to": 0.003257328990228013, "to,clause": 0.003257328990228013, "clause,<e>": 0.003257328990228013, "<s>,it": 0.0016286644951140066, "it,is": 0.0016286644951140066, "is,an": 0.0016286644951140066, "clause,and": 0.0016286644951140066, "and,should": 0.0016286644951140066, "should,have": 0.003257328990228013, "have,been": 0.0016286644951140066, "been,taken": 0.0016286644951140066, "taken,before": 0.0016286644951140066, "before,amendment": 0.0016286644951140066, "i,must": 0.003257328990228013, "must,apologise": 0.003257328990228013, "apologise,to": 0.004885993485342019, "to,the": 0.011400651465798045, "committee,<e>": 0.003257328990228013, "<s>,after": 0.0016286644951140066, "after,amendment": 0.0016286644951140066, "<s>,was": 0.0016286644951140066, "was,withdrawn": 0.0016286644951140066, "withdrawn,i": 0.0016286644951140066, "i,should": 0.003257328990228013, "have,moved": 0.0016286644951140066, "moved,that": 0.0016286644951140066, "that,clauses": 0.003257328990228013, "clauses,and": 0.004885993485342019, "and,stand": 0.003257328990228013, "stand,part": 0.006514657980456026, "part,of": 0.006514657980456026, "of,the": 0.006514657980456026, "the,bill": 0.006514657980456026, "bill,<e>": 0.006514657980456026, "<s>,i": 0.006514657980456026, "i,had": 0.0016286644951140066, "had,not": 0.0016286644951140066, "not,appreciated": 0.0016286644951140066, "appreciated,that": 0.0016286644951140066, "that,this": 0.0016286644951140066, "amendment,was": 0.0016286644951140066, "was,to": 0.0016286644951140066, "to,a": 0.0016286644951140066, "a,different": 0.0016286644951140066, "different,clause": 0.0016286644951140066, "i,first": 0.0016286644951140066, "first,move": 0.0016286644951140066, "move,that": 0.0016286644951140066, "i,understand": 0.0016286644951140066, "understand,that": 0.0016286644951140066, "that,amendments": 0.0016286644951140066, "and,are": 0.0016286644951140066, "are,alternative": 0.0016286644951140066, "alternative,amendments": 0.0016286644951140066, "amendments,<e>": 0.0016286644951140066, "<cs>,before": 0.003257328990228013, "before,i": 0.003257328990228013, "i,put": 0.0016286644951140066, "put,this": 0.0016286644951140066, "amendment,may": 0.0016286644951140066, "may,i": 0.0016286644951140066, "i,apologise": 0.0016286644951140066, "<s>,in": 0.0016286644951140066, "in,my": 0.0016286644951140066, "my,hurry": 0.0016286644951140066, "hurry,to": 0.0016286644951140066, "to,get": 0.0016286644951140066, "get,on": 0.0016286644951140066, "on,with": 0.0016286644951140066, "with,things": 0.0016286644951140066, "things,i": 0.0016286644951140066, "i,forgot": 0.0016286644951140066, "forgot,to": 0.0016286644951140066, "to,put": 0.003257328990228013, "put,the": 0.004885993485342019, "the,question": 0.006514657980456026, "question,<e>": 0.0016286644951140066, "<s>,whether": 0.0016286644951140066, "whether,clauses": 0.0016286644951140066, "and,shall": 0.0016286644951140066, "shall,stand": 0.003257328990228013, "shall,put": 0.0016286644951140066, "put,it": 0.0016286644951140066, "it,now": 0.0016286644951140066, "now,<e>": 0.0016286644951140066, "amendment,proposed": 0.003257328990228013, "proposed,<e>": 0.0016286644951140066, "<cs>,the": 0.0016286644951140066, "question,is": 0.0016286644951140066, "is,that": 0.0016286644951140066, "<s>,be": 0.003257328990228013, "be,agreed": 0.004885993485342019, "to,<e>": 0.003257328990228013, "<s>,as": 0.003257328990228013, "as,many": 0.0016286644951140066, "many,as": 0.0016286644951140066, "as,are": 0.0016286644951140066, "are,of": 0.0016286644951140066, "of,that": 0.0016286644951140066, "that,opinion": 0.0016286644951140066, "opinion,will": 0.0016286644951140066, "will,say": 0.0016286644951140066, "say,content": 0.0016286644951140066, "content,<e>": 0.0016286644951140066, "<cs>,as": 0.0016286644951140066, "as,the": 0.0016286644951140066, "the,noble": 0.004885993485342019, "noble,lord": 0.003257328990228013, "lord,spoke": 0.0016286644951140066, "spoke,to": 0.003257328990228013, "as,well": 0.0016286644951140066, "well,as": 0.0016286644951140066, "as,to": 0.0016286644951140066, "to,nos": 0.0016286644951140066, "and,i": 0.0016286644951140066,