{"<cs>,the": 0.013437849944008958, "<e>,<s>": 0.1455767077267637, "<s>,the": 0.005599104143337066, "the,question": 0.010078387458006719, "the,committee": 0.02463605823068309, "that,amendment": 0.007838745800671893, "amendment,no": 0.08622620380739082, "no,<e>": 0.08958566629339305, "agreed,to": 0.027995520716685332, "to,<e>": 0.007838745800671893, "for,the": 0.006718924972004479, "of,the": 0.01791713325867861, "the,amendment": 0.007838745800671893, "amendments,nos": 0.015677491601343786, "nos,<e>": 0.015677491601343786, "<s>,and": 0.012318029115341545, "i,should": 0.0335946248600224, "should,inform": 0.005599104143337066, "committee,that": 0.007838745800671893, "that,if": 0.02127659574468085, "to,amendment": 0.007838745800671893, "<s>,a": 0.008958566629339306, "<cs>,before": 0.010078387458006719, "before,i": 0.006718924972004479, "i,put": 0.005599104143337066, "this,amendment": 0.013437849944008958, "to,the": 0.013437849944008958, "the,bill": 0.006718924972004479, "wish,to": 0.006718924972004479, "<cs>,i": 0.020156774916013438, "should,explain": 0.015677491601343786, "explain,that": 0.013437849944008958, "if,amendment": 0.011198208286674132, "<s>,is": 0.010078387458006719, "is,agreed": 0.019036954087346025, "to,i": 0.011198208286674132, "i,cannot": 0.008958566629339306, "cannot,call": 0.005599104143337066, "call,amendment": 0.014557670772676373, "<s>,<e>": 0.027995520716685332, "the,next": 0.010078387458006719, "next,amendment": 0.010078387458006719, "in,the": 0.008958566629339306, "i,shall": 0.013437849944008958, "amendment,is": 0.013437849944008958, "it,is": 0.005599104143337066, "the,noble": 0.027995520716685332, "noble,lord": 0.02463605823068309, "lord,lord": 0.006718924972004479, "amendment,<e>": 0.005599104143337066, "<s>,i": 0.011198208286674132, "if,this": 0.007838745800671893, "shall,not": 0.008958566629339306, "not,be": 0.010078387458006719, "be,able": 0.010078387458006719, "able,to": 0.010078387458006719, "to,call": 0.008958566629339306, "it,<e>": 0.005599104143337066}