{"<cs>,my": 0.02631578947368421, "my,lords": 0.026505111700113593, "lords,is": 0.003975766755017039, "is,the": 0.008330177962892843, "the,minister": 0.0121166224914805, "minister,aware": 0.0026505111700113595, "aware,that": 0.006815600151457781, "with,the": 0.007572889057175312, "of,the": 0.025747822794396063, "the,noble": 0.03691783415372965, "noble,lord": 0.021772056039379022, "lord,aware": 0.0013252555850056798, "that,the": 0.013252555850056797, "this,is": 0.002839833396440742, "part,of": 0.0015145778114350624, "it,is": 0.011359333585762969, "does,not": 0.000946611132146914, "to,the": 0.01552442256720939, "i,should": 0.007762211283604695, "should,like": 0.007572889057175312, "like,to": 0.007951533510034078, "i,believe": 0.003786444528587656, "all,of": 0.0015145778114350624, "of,us": 0.0035971223021582736, "stand,in": 0.000946611132146914, "noble,earl": 0.003786444528587656, "for,the": 0.00814085573646346, "in,which": 0.0015145778114350624, "he,has": 0.002839833396440742, "this,question": 0.001135933358576297, "question,of": 0.0015145778114350624, "for,those": 0.0013252555850056798, "those,who": 0.0015145778114350624, "<e>,<s>": 0.06399091253313138, "<s>,i": 0.015713744793638774, "i,am": 0.007004922377887164, "am,glad": 0.001135933358576297, "glad,that": 0.001135933358576297, "that,he": 0.0026505111700113595, "us,that": 0.000946611132146914, "as,well": 0.0020825444907232107, "well,as": 0.0017039000378644452, "he,was": 0.001135933358576297, "to,us": 0.000946611132146914, "us,<e>": 0.0015145778114350624, "lords,may": 0.000946611132146914, "may,i": 0.004922377887163953, "lords,i": 0.008898144642180993, "speech,of": 0.001135933358576297, "lord,lord": 0.010412722453616054, "and,to": 0.0015145778114350624, "<s>,we": 0.0034078000757288905, "the,same": 0.001135933358576297, "that,we": 0.0041650889814464215, "we,have": 0.004543733434305188, "noble,lords": 0.0017039000378644452, "on,the": 0.004543733434305188, "the,house": 0.0034078000757288905, "house,are": 0.000946611132146914, "in,that": 0.001135933358576297, "that,they": 0.000946611132146914, "they,are": 0.0013252555850056798, "will,be": 0.003218477849299508, "<s>,this": 0.000946611132146914, "the,whole": 0.002271866717152594, "whole,of": 0.001135933358576297, "of,our": 0.0020825444907232107, "and,so": 0.001135933358576297, "we,should": 0.0017039000378644452, "should,be": 0.000946611132146914, "about,this": 0.001135933358576297, "this,debate": 0.000946611132146914, "we,are": 0.004922377887163953, "of,a": 0.002839833396440742, "and,a": 0.0013252555850056798, "rather,than": 0.000946611132146914, "which,is": 0.001893222264293828, "to,support": 0.002839833396440742, "the,right": 0.001135933358576297, "right,reverend": 0.0013252555850056798, "the,bishop": 0.0013252555850056798, "bishop,of": 0.0015145778114350624, "speech,<e>": 0.000946611132146914, "to,have": 0.0015145778114350624, "in,this": 0.006626277925028398, "this,house": 0.001893222264293828, "house,<e>": 0.0017039000378644452, "if,i": 0.001135933358576297, "i,may": 0.0017039000378644452, "for,a": 0.001893222264293828, "a,moment": 0.001135933358576297, "it,would": 0.0020825444907232107, "would,be": 0.001893222264293828, "<s>,in": 0.0013252555850056798, "in,the": 0.015713744793638774, "of,<e>": 0.001135933358576297, "i,ask": 0.003029155622870125, "ask,the": 0.0015145778114350624, "whether,the": 0.000946611132146914, "about,the": 0.003218477849299508, "the,fact": 0.003029155622870125, "fact,that": 0.003029155622870125, "the,first": 0.001893222264293828, "the,question": 0.000946611132146914, "is,to": 0.000946611132146914, "to,be": 0.005679666792881484, "listened,with": 0.001135933358576297, "the,greatest": 0.002271866717152594, "care,to": 0.001135933358576297, "all,that": 0.001135933358576297, "in,his": 0.0017039000378644452, "as,a": 0.001893222264293828, "a,very": 0.003786444528587656, "<s>,but": 0.002839833396440742, "i,do": 0.001135933358576297, "do,not": 0.0013252555850056798, "<cs>,i": 0.003218477849299508, "<s>,the": 0.0041650889814464215, "because,i": 0.0024611889435819764, "i,have": 0.0026505111700113595, "a,great": 0.0013252555850056798, "great,deal": 0.000946611132146914, "debate,<e>": 0.001135933358576297, "<s>,when": 0.000946611132146914, "did,not": 0.001135933358576297, "in,fact": 0.0017039000378644452, "there,is": 0.004543733434305188, "i,can": 0.0015145778114350624, "able,to": 0.0015145778114350624, "to,do": 0.0020825444907232107, "what,the": 0.000946611132146914, "to,say": 0.003786444528587656, "am,sure": 0.0015145778114350624, "sure,that": 0.0015145778114350624, "that,all": 0.001135933358576297, "your,lordships": 0.00814085573646346, "noble,baroness": 0.00473305566073457, "the,very": 0.0017039000378644452, "those,of": 0.0013252555850056798, "us,who": 0.000946611132146914, "support,the": 0.001893222264293828, "the,amendment": 0.003975766755017039, "encouraged,by": 0.0013252555850056798, "by,the": 0.007194244604316547, "the,way": 0.000946611132146914, "it,has": 0.001135933358576297, "has,been": 0.003218477849299508, "this,very": 0.0015145778114350624, "<s>,there": 0.000946611132146914, "from,the": 0.003975766755017039, "to,give": 0.001135933358576297, "i,think": 0.00605831124574025, "think,it": 0.0017039000378644452, "with,your": 0.000946611132146914, "say,that": 0.0020825444907232107, "of,this": 0.0034078000757288905, "as,we": 0.0013252555850056798, "is,a": 0.0051117001135933355, "have,the": 0.001135933358576297, "<s>,he": 0.001893222264293828, "he,is": 0.0020825444907232107, "one,of": 0.0020825444907232107, "the,voluntary": 0.001135933358576297, "support,for": 0.000946611132146914, "this,particular": 0.001135933358576297, "and,for": 0.001135933358576297, "<s>,as": 0.001135933358576297, "as,the": 0.0026505111700113595, "grateful,to": 0.000946611132146914, "the,government": 0.0051117001135933355, "in,a": 0.0013252555850056798, "in,another": 0.000946611132146914, "another,place": 0.001135933358576297, "figure,of": 0.000946611132146914, "i,know": 0.000946611132146914, "know,that": 0.0026505111700113595, "this,amendment": 0.0034078000757288905, "a,few": 0.001135933358576297, "between,the": 0.000946611132146914, "the,church": 0.004543733434305188, "church,of": 0.002839833396440742, "of,england": 0.002839833396440742, "and,the": 0.0034078000757288905, "which,are": 0.000946611132146914, "is,very": 0.0015145778114350624, "church,and": 0.000946611132146914, "<s>,is": 0.0024611889435819764, "of,all": 0.0015145778114350624, "each,other": 0.000946611132146914, "told,us": 0.000946611132146914, "that,there": 0.003029155622870125, "there,are": 0.0015145778114350624, "are,a": 0.000946611132146914, "number,of": 0.000946611132146914, "is,aware": 0.000946611132146914, "to,make": 0.001893222264293828, "that,it": 0.0035971223021582736, "it,was": 0.0026505111700113595, "was,a": 0.001893222264293828, "is,he": 0.0013252555850056798, "he,aware": 0.001135933358576297, "may,be": 0.0013252555850056798, "have,been": 0.0024611889435819764, "will,the": 0.0017039000378644452, "i,was": 0.0024611889435819764, "in,my": 0.000946611132146914, "my,own": 0.000946611132146914, "look,at": 0.000946611132146914, "at,the": 0.003786444528587656, "to,know": 0.0015145778114350624, "us,in": 0.000946611132146914, "east,anglia": 0.000946611132146914, "we,all": 0.000946611132146914, "have,a": 0.001893222264293828, "but,the": 0.0013252555850056798, "to,me": 0.001135933358576297, "in,relation": 0.000946611132146914, "relation,to": 0.000946611132146914, "the,phrase": 0.002271866717152594, "which,the": 0.0026505111700113595, "used,the": 0.0013252555850056798, "into,the": 0.000946611132146914, "that,this": 0.0017039000378644452, "bill,and": 0.000946611132146914, "be,a": 0.000946611132146914, "i,would": 0.0015145778114350624, "lords,it": 0.000946611132146914, "but,i": 0.0020825444907232107, "think,that": 0.0015145778114350624, "all,the": 0.0015145778114350624, "is,an": 0.0015145778114350624, "and,that": 0.0017039000378644452, "that,is": 0.000946611132146914,