{"<cs>,my": 0.08390243902439025, "my,lords": 0.08585365853658537, "lords,we": 0.033170731707317075, "we,have": 0.02926829268292683, "the,noble": 0.02048780487804878, "noble,lord": 0.018536585365853658, "lord,lord": 0.013658536585365854, "<e>,<s>": 0.11219512195121951, "<s>,i": 0.018536585365853658, "i,am": 0.014634146341463415, "that,i": 0.007804878048780488, "to,the": 0.03219512195121951, "aware,of": 0.004878048780487805, "of,the": 0.0575609756097561, "your,lordships": 0.004878048780487805, "am,grateful": 0.005853658536585366, "grateful,to": 0.010731707317073172, "for,the": 0.010731707317073172, "<s>,it": 0.00975609756097561, "it,is": 0.012682926829268294, "with,the": 0.012682926829268294, "the,house": 0.006829268292682927, "security,council": 0.005853658536585366, "on,the": 0.014634146341463415, "my,right": 0.005853658536585366, "right,honourable": 0.005853658536585366, "honourable,and": 0.004878048780487805, "and,learned": 0.004878048780487805, "learned,friend": 0.004878048780487805, "friend,the": 0.006829268292682927, "<s>,the": 0.01951219512195122, "that,we": 0.005853658536585366, "government,<e>": 0.004878048780487805, "we,are": 0.007804878048780488, "will,continue": 0.004878048780487805, "continue,to": 0.012682926829268294, "<s>,we": 0.027317073170731707, "we,shall": 0.007804878048780488, "in,the": 0.015609756097560976, "the,united": 0.012682926829268294, "united,nations": 0.007804878048780488, "united,states": 0.004878048780487805, "of,our": 0.004878048780487805, "has,been": 0.00878048780487805, "for,a": 0.005853658536585366, "to,be": 0.005853658536585366, "lords,the": 0.011707317073170732, "and,the": 0.012682926829268294, "as,a": 0.007804878048780488, "at,the": 0.004878048780487805, "is,a": 0.006829268292682927, "her,majestys": 0.005853658536585366, "majestys,government": 0.005853658536585366, "to,him": 0.004878048780487805, "on,th": 0.00975609756097561, "the,governments": 0.004878048780487805, "an,international": 0.004878048780487805, "international,conference": 0.004878048780487805, "human,rights": 0.004878048780487805, "people,in": 0.004878048780487805, "that,the": 0.00975609756097561, "from,the": 0.004878048780487805, "hong,kong": 0.00975609756097561, "shall,continue": 0.007804878048780488, "lords,i": 0.004878048780487805, "made,clear": 0.004878048780487805, "part,of": 0.004878048780487805, "believe,that": 0.004878048780487805, "by,the": 0.00975609756097561, "the,european": 0.006829268292682927, "the,ec": 0.004878048780487805, "in,hong": 0.004878048780487805, "lords,it": 0.004878048780487805, "th,june": 0.004878048780487805}