{"<cs>,my": 0.0749185667752443, "my,lords": 0.0781758957654723, "lords,i": 0.05211726384364821, "it,is": 0.02280130293159609, "to,have": 0.016286644951140065, "<e>,<s>": 0.10423452768729642, "that,i": 0.026058631921824105, "<s>,i": 0.029315960912052116, "i,am": 0.019543973941368076, "the,noble": 0.07166123778501629, "for,the": 0.019543973941368076, "that,the": 0.03908794788273615, "the,government": 0.016286644951140065, "noble,lord": 0.04234527687296417, "in,the": 0.019543973941368076, "thank,the": 0.029315960912052116, "lord,lord": 0.019543973941368076, "noble,and": 0.016286644951140065, "and,learned": 0.016286644951140065, "to,ask": 0.016286644951140065, "ask,the": 0.019543973941368076, "the,question": 0.016286644951140065, "my,name": 0.016286644951140065, "on,the": 0.026058631921824105, "the,order": 0.016286644951140065, "order,paper": 0.016286644951140065, "i,thank": 0.02280130293159609, "may,i": 0.029315960912052116, "i,ask": 0.026058631921824105, "for,his": 0.016286644951140065, "of,the": 0.03257328990228013, "do,not": 0.016286644951140065, "my,noble": 0.016286644951140065}