{"<cs>,if": 0.0018832391713747645, "if,amendment": 0.002824858757062147, "amendment,no": 0.047080979284369114, "no,<e>": 0.04990583804143126, "<e>,<s>": 0.07250470809792843, "<s>,is": 0.0018832391713747645, "is,agreed": 0.023540489642184557, "agreed,i": 0.014124293785310734, "i,cannot": 0.02448210922787194, "cannot,call": 0.02448210922787194, "call,amendments": 0.011299435028248588, "amendments,nos": 0.01224105461393597, "nos,<e>": 0.01224105461393597, "<s>,or": 0.002824858757062147, "or,<e>": 0.002824858757062147, "<cs>,as": 0.0018832391713747645, "as,it": 0.0009416195856873823, "it,appears": 0.0009416195856873823, "appears,that": 0.0009416195856873823, "that,fewer": 0.0009416195856873823, "fewer,than": 0.0009416195856873823, "than,lords": 0.0009416195856873823, "lords,have": 0.0009416195856873823, "have,voted": 0.0009416195856873823, "voted,in": 0.0009416195856873823, "in,accordance": 0.0009416195856873823, "accordance,with": 0.0009416195856873823, "with,standing": 0.0009416195856873823, "standing,order": 0.002824858757062147, "order,no": 0.0018832391713747645, "<s>,i": 0.02071563088512241, "i,declare": 0.0009416195856873823, "declare,the": 0.0009416195856873823, "the,question": 0.003766478342749529, "question,not": 0.0009416195856873823, "not,decided": 0.0009416195856873823, "decided,and": 0.0009416195856873823, "and,pursuant": 0.0009416195856873823, "pursuant,to": 0.0018832391713747645, "to,the": 0.0018832391713747645, "the,standing": 0.0009416195856873823, "order,the": 0.0009416195856873823, "the,house": 0.0018832391713747645, "house,will": 0.0009416195856873823, "will,now": 0.0018832391713747645, "now,resume": 0.0009416195856873823, "resume,<e>": 0.0009416195856873823, "<cs>,my": 0.0018832391713747645, "my,lords": 0.0018832391713747645, "lords,i": 0.0018832391713747645, "i,understood": 0.0009416195856873823, "understood,that": 0.0009416195856873823, "that,the": 0.002824858757062147, "the,noble": 0.002824858757062147, "noble,lord": 0.002824858757062147, "lord,spoke": 0.0009416195856873823, "spoke,to": 0.0009416195856873823, "to,but": 0.0009416195856873823, "but,did": 0.0009416195856873823, "did,not": 0.0009416195856873823, "not,propose": 0.0009416195856873823, "propose,amendment": 0.0009416195856873823, "<s>,and": 0.005649717514124294, "and,of": 0.0009416195856873823, "of,course": 0.0009416195856873823, "course,he": 0.0009416195856873823, "he,cannot": 0.0009416195856873823, "cannot,propose": 0.0009416195856873823, "propose,no": 0.0009416195856873823, "<s>,because": 0.0009416195856873823, "because,it": 0.0009416195856873823, "it,is": 0.013182674199623353, "is,not": 0.0009416195856873823, "not,consecutive": 0.0009416195856873823, "consecutive,<e>": 0.0009416195856873823, "<cs>,in": 0.01977401129943503, "in,calling": 0.021657250470809793, "calling,amendment": 0.022598870056497175, "i,should": 0.025423728813559324, "should,advise": 0.007532956685499058, "advise,the": 0.006591337099811676, "the,committee": 0.009416195856873822, "committee,that": 0.009416195856873822, "that,if": 0.022598870056497175, "if,this": 0.006591337099811676, "this,amendment": 0.00847457627118644, "amendment,is": 0.009416195856873822, "agreed,to": 0.009416195856873822, "to,i": 0.009416195856873822, "call,amendment": 0.014124293785310734, "<s>,<e>": 0.015065913370998116, "<cs>,i": 0.003766478342749529, "should,apologise": 0.0009416195856873823, "apologise,i": 0.0009416195856873823, "should,have": 0.0009416195856873823, "have,pointed": 0.0009416195856873823, "pointed,out": 0.0009416195856873823, "out,that": 0.003766478342749529, "that,this": 0.0009416195856873823, "amendment,and": 0.0009416195856873823, "and,all": 0.0009416195856873823, "all,subsequent": 0.0009416195856873823, "subsequent,amendments": 0.0018832391713747645, "amendments,are": 0.0018832391713747645, "are,under": 0.0009416195856873823, "under,the": 0.0009416195856873823, "the,heading": 0.0009416195856873823, "heading,of": 0.0009416195856873823, "of,in": 0.0009416195856873823, "in,the": 0.0018832391713747645, "the,title": 0.0009416195856873823, "title,<e>": 0.0009416195856873823, "should,remind": 0.002824858757062147, "remind,your": 0.0018832391713747645, "your,lordships": 0.00847457627118644, "lordships,that": 0.00847457627118644, "and,<e>": 0.003766478342749529, "<cs>,amendment": 0.002824858757062147, "<s>,in": 0.0018832391713747645, "calling,this": 0.0009416195856873823, "amendment,i": 0.0009416195856873823, "should,draw": 0.0009416195856873823, "draw,attention": 0.0009416195856873823, "attention,to": 0.0009416195856873823, "to,a": 0.0009416195856873823, "a,misprint": 0.0018832391713747645, "misprint,on": 0.0018832391713747645, "on,the": 0.0009416195856873823, "the,marshalled": 0.0018832391713747645, "marshalled,list": 0.0018832391713747645, "list,<e>": 0.0018832391713747645, "<s>,paragraphs": 0.0009416195856873823, "paragraphs,if": 0.0009416195856873823, "if,and": 0.0009416195856873823, "and,g": 0.0009416195856873823, "g,at": 0.0009416195856873823, "at,tile": 0.0009416195856873823, "tile,top": 0.0009416195856873823, "top,of": 0.0009416195856873823, "of,page": 0.0009416195856873823, "page,should": 0.0009416195856873823, "should,appear": 0.0009416195856873823, "appear,immediately": 0.0009416195856873823, "immediately,after": 0.0009416195856873823, "after,paragraph": 0.0009416195856873823, "paragraph,e": 0.0009416195856873823, "e,about": 0.0009416195856873823, "about,one-third": 0.0009416195856873823, "one-third,of": 0.0009416195856873823, "of,the": 0.002824858757062147, "the,way": 0.0009416195856873823, "way,down": 0.0009416195856873823, "down,page": 0.0009416195856873823, "page,<e>": 0.0009416195856873823, "amendment,aa": 0.0009416195856873823, "aa,i": 0.0018832391713747645, "should,say": 0.002824858757062147, "say,that": 0.004708097928436911, "if,the": 0.0009416195856873823, "the,amendment": 0.0009416195856873823, "<cs>,subsequent": 0.0009416195856873823, "amendments,have": 0.0009416195856873823, "have,been": 0.002824858757062147, "been,marshalled": 0.0018832391713747645, "marshalled,in": 0.0018832391713747645, "in,<e>": 0.0009416195856873823, "should,point": 0.002824858757062147, "point,out": 0.002824858757062147, "advise,your": 0.002824858757062147, "if,it": 0.01224105461393597, "is,passed": 0.0009416195856873823, "passed,i": 0.0009416195856873823, "<s>,h": 0.0009416195856873823, "h,i": 0.0009416195856873823, "i,must": 0.0009416195856873823, "must,say": 0.0009416195856873823, "<s>,ha": 0.0009416195856873823, "ha,<e>": 0.0009416195856873823, "amendments,and": 0.0009416195856873823, "<cs>,the": 0.0018832391713747645, "question,is": 0.0018832391713747645, "is,that": 0.0018832391713747645, "house,be": 0.0009416195856873823, "be,now": 0.0009416195856873823, "now,resumed": 0.0009416195856873823, "resumed,<e>": 0.0009416195856873823, "<s>,to": 0.0018832391713747645, "to,<e>": 0.002824858757062147, "if,that": 0.0018832391713747645, "that,amendment": 0.0018832391713747645, "<cs>,amendments": 0.0009416195856873823, "and,have": 0.0009416195856873823, "the,wrong": 0.0009416195856873823, "wrong,order": 0.0009416195856873823, "order,<e>": 0.0009416195856873823, "<s>,therefore": 0.0009416195856873823, "therefore,i": 0.0009416195856873823, "i,will": 0.0009416195856873823, "now,call": 0.0009416195856873823, "i,think": 0.0009416195856873823, "think,that": 0.0009416195856873823, "that,it": 0.0009416195856873823, "it,would": 0.0009416195856873823, "would,be": 0.0009416195856873823, "be,the": 0.0009416195856873823, "the,correct": 0.0009416195856873823, "correct,procedure": 0.0009416195856873823, "procedure,to": 0.0009416195856873823, "to,dispose": 0.0009416195856873823, "dispose,of": 0.0009416195856873823, "of,amendment": 0.0009416195856873823, "<s>,a": 0.003766478342749529, "a,first": 0.0009416195856873823, "first,<e>": 0.0009416195856873823, "<s>,may": 0.0009416195856873823, "may,i": 0.0009416195856873823, "i,ask": 0.0009416195856873823, "ask,the": 0.0009416195856873823, "lord,lord": 0.0009416195856873823,