{"<cs>,my": 0.0456989247311828, "my,lords": 0.0456989247311828, "lords,i": 0.013440860215053764, "the,noble": 0.03494623655913978, "noble,lord": 0.03225806451612903, "would,be": 0.01881720430107527, "it,is": 0.01881720430107527, "<e>,<s>": 0.1881720430107527, "by,the": 0.016129032258064516, "lord,lord": 0.024193548387096774, "that,the": 0.016129032258064516, "of,the": 0.06451612903225806, "to,the": 0.02956989247311828, "in,which": 0.016129032258064516, "my,noble": 0.03494623655913978, "noble,friend": 0.026881720430107527, "friend,lord": 0.016129032258064516, "<s>,i": 0.06720430107526881, "that,i": 0.021505376344086023, "of,a": 0.01881720430107527, "to,make": 0.013440860215053764, "for,the": 0.016129032258064516, "and,the": 0.01881720430107527, "<s>,one": 0.013440860215053764, "from,the": 0.016129032258064516, "on,the": 0.016129032258064516, "is,a": 0.013440860215053764, "in,the": 0.026881720430107527, "<s>,the": 0.01881720430107527, "with,the": 0.016129032258064516, "i,was": 0.013440860215053764, "i,have": 0.021505376344086023, "the,city": 0.01881720430107527, "<cs>,i": 0.013440860215053764, "it,would": 0.013440860215053764}