{"<cs>,my": 0.03677526228602982, "my,lords": 0.03710657095527333, "lords,i": 0.03202650469353948, "i,beg": 0.03191606847045831, "beg,to": 0.03202650469353948, "to,move": 0.03213694091662065, "move,the": 0.02175593594699061, "the,motion": 0.013362782992821646, "motion,standing": 0.0214246272777471, "standing,in": 0.022087244616234125, "in,my": 0.02286029817780232, "my,name": 0.02297073440088349, "name,on": 0.02263942573163998, "on,the": 0.027498619547211486, "the,order": 0.023522915516289343, "order,paper": 0.023412479293208173, "paper,<e>": 0.021866372170071785, "the,first": 0.013473219215902816, "first,motion": 0.009497515184980673, "<e>,<s>": 0.04351187189398122, "<s>,these": 0.0011043622308117063, "have,been": 0.001435670900055218, "carried,over": 0.0006626173384870238, "from,the": 0.004859193815571507, "and,i": 0.000883489784649365, "i,am": 0.0013252346769740476, "your,lordships": 0.0043070127001656544, "a,select": 0.000883489784649365, "select,committee": 0.006626173384870237, "committee,to": 0.0005521811154058532, "and,the": 0.0024295969077857537, "lordships,will": 0.0007730535615681944, "by,the": 0.002871341800110436, "the,house": 0.007509663169519602, "second,reading": 0.0015461071231363888, "on,th": 0.0007730535615681944, "the,select": 0.00541137493097736, "to,the": 0.007399226946438432, "house,in": 0.0013252346769740476, "<s>,i": 0.008172280508006627, "to,say": 0.0006626173384870238, "that,the": 0.007951408061844285, "the,noble": 0.006847045831032579, "noble,lords": 0.000883489784649365, "agreed,to": 0.011595803423522915, "move,<e>": 0.0018774157923799005, "i,have": 0.005521811154058531, "have,to": 0.004969630038652678, "to,notify": 0.0009939260077305356, "notify,the": 0.0009939260077305356, "in,accordance": 0.0013252346769740476, "accordance,with": 0.0012147984538928768, "with,the": 0.0022087244616234127, "the,royal": 0.0007730535615681944, "royal,assent": 0.0015461071231363888, "assent,act": 0.0007730535615681944, "act,that": 0.0007730535615681944, "the,queen": 0.0007730535615681944, "queen,has": 0.0007730535615681944, "has,signified": 0.0007730535615681944, "signified,her": 0.0007730535615681944, "her,royal": 0.0007730535615681944, "assent,to": 0.0007730535615681944, "the,following": 0.000883489784649365, "move,that": 0.008393152954168967, "that,this": 0.004638321369409166, "this,bill": 0.005080066261733848, "bill,be": 0.003865267807840972, "be,now": 0.0039757040309221425, "now,read": 0.003865267807840972, "read,a": 0.0041965764770844835, "a,second": 0.002540033130866924, "second,time": 0.0020982882385422418, "time,<e>": 0.003865267807840972, "a,third": 0.0018774157923799005, "third,time": 0.0018774157923799005, "<cs>,i": 0.004417448923246825, "i,understand": 0.0013252346769740476, "understand,that": 0.0012147984538928768, "that,there": 0.0006626173384870238, "there,is": 0.0007730535615681944, "is,a": 0.0015461071231363888, "in,this": 0.0009939260077305356, "this,amendment": 0.002650469353948095, "it,should": 0.0005521811154058532, "<cs>,the": 0.001435670900055218, "the,next": 0.002319160684704583, "next,amendment": 0.000883489784649365, "no,<e>": 0.015240198785201546, "<s>,<e>": 0.006184428492545555, "<s>,this": 0.00176697956929873, "amendment,is": 0.0022087244616234127, "in,the": 0.0047487575924903365, "the,name": 0.0007730535615681944, "name,of": 0.0007730535615681944, "of,the": 0.01413583655438984, "noble,baroness": 0.000883489784649365, "baroness,lady": 0.0005521811154058532, "i,think": 0.000883489784649365, "think,i": 0.0005521811154058532, "i,should": 0.002650469353948095, "attention,to": 0.000883489784649365, "noble,lord": 0.0043070127001656544, "lord,lord": 0.0036443953616786305, "referred,to": 0.0005521811154058532, "the,procedure": 0.0016565433462175593, "procedure,committee": 0.0013252346769740476, "committee,<e>": 0.0007730535615681944, "<s>,the": 0.0043070127001656544, "part,of": 0.000883489784649365, "of,this": 0.000883489784649365, "this,house": 0.0011043622308117063, "it,would": 0.0009939260077305356, "would,be": 0.0006626173384870238, "amendment,no": 0.013804527885146328, "to,point": 0.0030922142462727776, "point,out": 0.00353395913859746, "out,that": 0.0030922142462727776, "that,if": 0.0041965764770844835, "if,amendment": 0.004859193815571507, "<s>,is": 0.004638321369409166, "is,agreed": 0.006405300938707896, "to,i": 0.006184428492545555, "i,cannot": 0.006515737161789067, "cannot,call": 0.006405300938707896, "call,amendment": 0.00530093870789619, "amendments,nos": 0.0027609055770292656, "nos,<e>": 0.0029817780231916067, "<s>,a": 0.0018774157923799005, "not,moved": 0.0006626173384870238, "moved,<e>": 0.0007730535615681944, "and,therefore": 0.0007730535615681944, "before,the": 0.0009939260077305356, "the,committee": 0.002871341800110436, "is,amendment": 0.000883489784649365, "this,is": 0.0005521811154058532, "private,bill": 0.0012147984538928768, "bill,in": 0.0005521811154058532, "as,a": 0.0005521811154058532, "one,of": 0.0005521811154058532, "to,be": 0.0011043622308117063, "there,are": 0.000883489784649365, "bill,<e>": 0.002650469353948095, "report,from": 0.003754831584759801, "committee,that": 0.0012147984538928768, "the,bill": 0.00530093870789619, "bill,and": 0.0009939260077305356, "moved,by": 0.0007730535615681944, "clause,<e>": 0.0005521811154058532, "the,second": 0.0034235229155162895, "petitions,against": 0.0006626173384870238, "lords,the": 0.00176697956929873, "chairman,of": 0.0005521811154058532, "i,know": 0.0005521811154058532, "house,of": 0.0022087244616234127, "of,lords": 0.0020982882385422418, "lords,offices": 0.0015461071231363888, "be,agreed": 0.004417448923246825, "to,<e>": 0.005080066261733848, "that,i": 0.000883489784649365, "the,report": 0.000883489784649365, "members,of": 0.0006626173384870238, "<s>,they": 0.0007730535615681944, "to,this": 0.0009939260077305356, "the,question": 0.0020982882385422418, "therefore,is": 0.0005521811154058532, "is,that": 0.0012147984538928768, "stand,part": 0.0007730535615681944, "<s>,if": 0.0005521811154058532, "if,i": 0.0006626173384870238, "the,amendment": 0.0013252346769740476, "at,the": 0.0012147984538928768, "the,end": 0.0007730535615681944, "end,of": 0.0007730535615681944, "say,a": 0.0012147984538928768, "a,few": 0.0009939260077305356, "few,words": 0.0007730535615681944, "i,do": 0.0005521811154058532, "the,merits": 0.000883489784649365, "merits,of": 0.0007730535615681944, "that,it": 0.0011043622308117063, "it,is": 0.00176697956929873, "me,to": 0.001435670900055218, "but,i": 0.0007730535615681944, "should,like": 0.0015461071231363888, "like,to": 0.001435670900055218, "has,been": 0.00176697956929873, "report,of": 0.0012147984538928768, "committee,on": 0.002871341800110436, "offices,be": 0.0012147984538928768, "session,<e>": 0.0013252346769740476, "to,a": 0.0007730535615681944, "in,view": 0.0006626173384870238, "view,of": 0.0006626173384870238, "<cs>,amendment": 0.0006626173384870238, "if,this": 0.0015461071231363888, "this,afternoon": 0.0011043622308117063, "house,<e>": 0.000883489784649365, "<s>,he": 0.0005521811154058532, "is,not": 0.0006626173384870238, "hope,that": 0.0005521811154058532, "that,your": 0.0006626173384870238, "first,report": 0.0016565433462175593, "committee,be": 0.0019878520154610712, "as,it": 0.0005521811154058532, "standing,order": 0.0007730535615681944, "order,no": 0.0005521811154058532, "the,debate": 0.0006626173384870238, "procedure,of": 0.000883489784649365, "house,be": 0.000883489784649365, "is,the": 0.0005521811154058532, "third,reading": 0.0006626173384870238, "which,was": 0.0005521811154058532, "committee,and": 0.0005521811154058532, "should,be": 0.0013252346769740476, "the,<e>": 0.0005521811154058532, "second,report": 0.0015461071231363888, "this,motion": 0.0005521811154058532, "<s>,as": 0.0009939260077305356, "as,the": 0.0005521811154058532, "following,acts": 0.0006626173384870238, "acts,<e>": 0.0006626173384870238, "an,amendment": 0.0005521811154058532, "amendment,to": 0.000883489784649365, "<s>,to": 0.0006626173384870238,