{"<cs>,my": 0.03546099290780142, "my,lords": 0.03546099290780142, "lords,i": 0.03546099290780142, "i,have": 0.04018912529550828, "your,lordships": 0.037825059101654845, "<e>,<s>": 0.04491725768321513, "have,the": 0.03309692671394799, "the,honour": 0.030732860520094562, "honour,to": 0.030732860520094562, "to,present": 0.030732860520094562, "present,to": 0.030732860520094562, "to,your": 0.030732860520094562, "lordships,a": 0.030732860520094562, "a,message": 0.030732860520094562, "message,from": 0.030732860520094562, "from,her": 0.030732860520094562, "her,majesty": 0.030732860520094562, "majesty,the": 0.030732860520094562, "the,queen": 0.030732860520094562, "queen,signed": 0.030732860520094562, "signed,by": 0.030732860520094562, "by,her": 0.030732860520094562, "her,own": 0.030732860520094562, "own,hand": 0.030732860520094562, "hand,<e>": 0.030732860520094562, "<s>,the": 0.030732860520094562, "the,message": 0.030732860520094562, "message,is": 0.030732860520094562, "is,as": 0.030732860520094562, "as,follows": 0.030732860520094562, "follows,<e>": 0.030732860520094562}