{"<cs>,my": 0.02493765586034913, "my,lords": 0.02493765586034913, "it,is": 0.01371571072319202, "your,lordships": 0.01371571072319202, "that,i": 0.01371571072319202, "i,have": 0.014962593516209476, "<e>,<s>": 0.1546134663341646, "<s>,it": 0.00997506234413965, "is,not": 0.006234413965087282, "in,the": 0.011221945137157107, "as,a": 0.007481296758104738, "i,hope": 0.01371571072319202, "hope,that": 0.006234413965087282, "of,the": 0.032418952618453865, "which,i": 0.007481296758104738, "i,am": 0.02119700748129676, "<cs>,i": 0.014962593516209476, "to,the": 0.006234413965087282, "this,amendment": 0.008728179551122194, "of,course": 0.007481296758104738, "on,the": 0.007481296758104738, "<s>,i": 0.04114713216957606, "and,i": 0.012468827930174564, "a,very": 0.007481296758104738, "amendment,no": 0.007481296758104738, "no,<e>": 0.00997506234413965, "lords,i": 0.018703241895261846, "by,the": 0.006234413965087282, "the,noble": 0.03615960099750624, "noble,lord": 0.02493765586034913, "lord,lord": 0.014962593516209476, "lord,gray": 0.012468827930174564, "in,my": 0.007481296758104738, "is,a": 0.01371571072319202, "it,<e>": 0.008728179551122194, "i,should": 0.018703241895261846, "should,like": 0.016209476309226933, "very,much": 0.008728179551122194, "to,support": 0.008728179551122194, "support,the": 0.008728179551122194, "the,amendment": 0.02369077306733167, "amendment,of": 0.006234413965087282, "noble,viscount": 0.007481296758104738, "viscount,lord": 0.006234413965087282, "i,think": 0.01371571072319202, "think,that": 0.006234413965087282, "will,be": 0.006234413965087282, "my,own": 0.008728179551122194, "but,i": 0.008728179551122194, "i,can": 0.00997506234413965, "able,to": 0.007481296758104738, "of,my": 0.007481296758104738, "my,amendment": 0.007481296758104738, "that,the": 0.018703241895261846, "this,is": 0.006234413965087282, "my,noble": 0.017456359102244388, "noble,friend": 0.016209476309226933, "friend,lord": 0.012468827930174564, "<s>,the": 0.014962593516209476, "like,to": 0.01371571072319202, "would,be": 0.008728179551122194, "<s>,this": 0.00997506234413965, "it,would": 0.008728179551122194, "monofilament,nets": 0.006234413965087282, "to,be": 0.00997506234413965, "drift,netting": 0.006234413965087282, "that,it": 0.006234413965087282, "amendment,<e>": 0.01371571072319202, "to,say": 0.006234413965087282}