{"<cs>,my": 0.03225806451612903, "my,lords": 0.03225806451612903, "lords,the": 0.007444168734491315, "the,time": 0.0037220843672456576, "time,allotted": 0.0037220843672456576, "allotted,for": 0.0037220843672456576, "for,this": 0.0037220843672456576, "this,debate": 0.0037220843672456576, "debate,has": 0.0037220843672456576, "has,now": 0.0037220843672456576, "now,elapsed": 0.0037220843672456576, "elapsed,<e>": 0.0037220843672456576, "<e>,<s>": 0.05831265508684864, "<s>,does": 0.0037220843672456576, "does,the": 0.0037220843672456576, "the,noble": 0.004962779156327543, "noble,lord": 0.00620347394540943, "lord,wish": 0.0037220843672456576, "wish,to": 0.0037220843672456576, "to,withdraw": 0.0037220843672456576, "withdraw,his": 0.0037220843672456576, "his,motion": 0.0037220843672456576, "motion,<e>": 0.0037220843672456576, "lords,i": 0.007444168734491315, "i,should": 0.01240694789081886, "should,say": 0.0037220843672456576, "say,that": 0.004962779156327543, "that,if": 0.008684863523573201, "if,the": 0.0012406947890818859, "the,next": 0.00620347394540943, "next,amendment": 0.00620347394540943, "amendment,no": 0.031017369727047148, "no,<e>": 0.033498759305210915, "<s>,is": 0.0037220843672456576, "is,agreed": 0.011166253101736972, "agreed,to": 0.009925558312655087, "to,i": 0.008684863523573201, "i,cannot": 0.009925558312655087, "cannot,call": 0.009925558312655087, "call,amendment": 0.007444168734491315, "<s>,<e>": 0.01240694789081886, "lords,may": 0.0012406947890818859, "may,the": 0.0012406947890818859, "the,house": 0.009925558312655087, "house,know": 0.0012406947890818859, "know,of": 0.0012406947890818859, "of,the": 0.00620347394540943, "the,wishes": 0.0012406947890818859, "wishes,of": 0.0012406947890818859, "lord,lord": 0.0012406947890818859, "lord,houghton": 0.0012406947890818859, "houghton,of": 0.0012406947890818859, "of,sowerby": 0.0012406947890818859, "sowerby,in": 0.0012406947890818859, "in,this": 0.0012406947890818859, "this,matter": 0.0012406947890818859, "matter,<e>": 0.0012406947890818859, "lords,in": 0.007444168734491315, "in,calling": 0.011166253101736972, "calling,amendment": 0.009925558312655087, "<s>,i": 0.011166253101736972, "if,it": 0.004962779156327543, "it,is": 0.00620347394540943, "<cs>,in": 0.0012406947890818859, "calling,the": 0.0012406947890818859, "should,point": 0.0024813895781637717, "point,out": 0.0024813895781637717, "out,that": 0.0024813895781637717, "that,in": 0.0012406947890818859, "in,the": 0.00620347394540943, "the,context": 0.0012406947890818859, "context,of": 0.0012406947890818859, "of,paragraph": 0.0012406947890818859, "paragraph,the": 0.0012406947890818859, "the,word": 0.0012406947890818859, "word,compunded": 0.0012406947890818859, "compunded,in": 0.0012406947890818859, "the,third": 0.0012406947890818859, "third,line": 0.0012406947890818859, "line,on": 0.0012406947890818859, "on,the": 0.0024813895781637717, "the,marshalled": 0.0024813895781637717, "marshalled,list": 0.0024813895781637717, "list,should": 0.0012406947890818859, "should,have": 0.0024813895781637717, "have,been": 0.0037220843672456576, "been,comprised": 0.0012406947890818859, "comprised,<e>": 0.0012406947890818859, "should,advise": 0.0037220843672456576, "advise,your": 0.004962779156327543, "your,lordships": 0.007444168734491315, "lordships,that": 0.00620347394540943, "if,amendment": 0.0037220843672456576, "<s>,l": 0.0012406947890818859, "l,is": 0.0012406947890818859, "i,shall": 0.0037220843672456576, "shall,not": 0.0012406947890818859, "not,be": 0.0012406947890818859, "be,able": 0.0012406947890818859, "able,to": 0.0012406947890818859, "to,call": 0.0012406947890818859, "call,m": 0.0012406947890818859, "m,<e>": 0.0012406947890818859, "amendment,is": 0.0024813895781637717, "is,amendment": 0.0024813895781637717, "<s>,in": 0.0024813895781637717, "agreed,i": 0.0012406947890818859, "call,amendments": 0.0037220843672456576, "amendments,nos": 0.007444168734491315, "nos,<e>": 0.007444168734491315, "<s>,or": 0.0012406947890818859, "or,<e>": 0.0012406947890818859, "<cs>,amendments": 0.0024813895781637717, "amendments,and": 0.0012406947890818859, "and,proposed": 0.0012406947890818859, "proposed,<e>": 0.0024813895781637717, "i,have": 0.0037220843672456576, "have,to": 0.0037220843672456576, "to,notify": 0.0024813895781637717, "notify,the": 0.0024813895781637717, "house,in": 0.0024813895781637717, "in,accordance": 0.0024813895781637717, "accordance,with": 0.0024813895781637717, "with,the": 0.004962779156327543, "the,royal": 0.0024813895781637717, "royal,assent": 0.0024813895781637717, "assent,act": 0.0012406947890818859, "act,that": 0.0012406947890818859, "that,the": 0.0037220843672456576, "the,queen": 0.0012406947890818859, "queen,has": 0.0012406947890818859, "has,signified": 0.0012406947890818859, "signified,her": 0.0012406947890818859, "her,royal": 0.0012406947890818859, "assent,to": 0.0012406947890818859, "to,the": 0.0037220843672456576, "the,following": 0.0012406947890818859, "following,acts": 0.0012406947890818859, "acts,<e>": 0.0012406947890818859, "lords,as": 0.0012406947890818859, "as,your": 0.0012406947890818859, "lordships,will": 0.0012406947890818859, "will,be": 0.0012406947890818859, "be,aware": 0.0012406947890818859, "aware,clause": 0.0012406947890818859, "clause,has": 0.0012406947890818859, "has,been": 0.0037220843672456576, "been,recommitted": 0.0012406947890818859, "recommitted,to": 0.0012406947890818859, "to,a": 0.0024813895781637717, "a,committee": 0.0012406947890818859, "committee,of": 0.0012406947890818859, "the,whole": 0.0012406947890818859, "whole,house": 0.0012406947890818859, "house,<e>": 0.0012406947890818859, "<s>,therefore": 0.0012406947890818859, "therefore,i": 0.0012406947890818859, "<s>,to": 0.004962779156327543, "a,at": 0.0012406947890818859, "at,this": 0.0012406947890818859, "this,stage": 0.0012406947890818859, "stage,<e>": 0.0012406947890818859, "i,understand": 0.0012406947890818859, "understand,that": 0.0012406947890818859, "that,amendment": 0.0012406947890818859, "<s>,c": 0.0012406947890818859, "c,is": 0.0012406947890818859, "is,an": 0.0012406947890818859, "an,amendment": 0.0037220843672456576, "amendment,to": 0.0024813895781637717, "to,amendment": 0.0024813895781637717, "to,have": 0.0012406947890818859, "been,moved": 0.0024813895781637717, "moved,<e>": 0.0012406947890818859, "should,remind": 0.0012406947890818859, "remind,your": 0.0012406947890818859, "the,debate": 0.0024813895781637717, "debate,upon": 0.0012406947890818859, "upon,it": 0.0012406947890818859, "it,was": 0.0012406947890818859, "was,adjourned": 0.0012406947890818859, "adjourned,at": 0.0012406947890818859, "at,the": 0.0024813895781637717, "the,previous": 0.0012406947890818859, "previous,sitting": 0.0012406947890818859, "sitting,pursuant": 0.0012406947890818859, "pursuant,to": 0.0012406947890818859, "to,standing": 0.0012406947890818859, "standing,order": 0.0012406947890818859, "order,no": 0.0012406947890818859, "<s>,unless": 0.0012406947890818859, "unless,therefore": 0.0012406947890818859, "therefore,any": 0.0012406947890818859, "any,noble": 0.0012406947890818859, "lord,wishes": 0.0012406947890818859, "wishes,to": 0.0012406947890818859, "to,contribute": 0.0012406947890818859, "contribute,to": 0.0012406947890818859, "debate,i": 0.0012406947890818859, "shall,now": 0.0012406947890818859, "now,put": 0.0012406947890818859, "put,the": 0.0012406947890818859, "the,question": 0.0024813895781637717, "question,<e>": 0.0012406947890818859, "i,must": 0.0012406947890818859, "must,now": 0.0012406947890818859, "now,call": 0.0012406947890818859, "<s>,b": 0.0012406947890818859, "b,as": 0.0012406947890818859, "as,an": 0.0012406947890818859, "<s>,a": 0.0037220843672456576, "a,in": 0.0012406947890818859, "the,name": 0.0012406947890818859, "name,of": 0.0012406947890818859, "of,lady": 0.0012406947890818859, "lady,nicol": 0.0012406947890818859, "nicol,<e>": 0.0012406947890818859, "lords,with": 0.0024813895781637717, "the,leave": 0.0024813895781637717, "leave,of": 0.0024813895781637717,