{"<cs>,my": 0.0687984496124031, "my,lords": 0.0687984496124031, "on,the": 0.01065891472868217, "your,lordships": 0.013565891472868217, "in,this": 0.005813953488372093, "to,make": 0.007751937984496124, "lords,the": 0.020348837209302327, "the,government": 0.020348837209302327, "for,the": 0.018410852713178296, "of,the": 0.05135658914728682, "in,the": 0.03197674418604651, "to,be": 0.014534883720930232, "<e>,<s>": 0.0872093023255814, "my,noble": 0.009689922480620155, "friend,the": 0.015503875968992248, "that,the": 0.022286821705426358, "about,the": 0.006782945736434108, "<s>,the": 0.014534883720930232, "the,home": 0.014534883720930232, "home,office": 0.0048449612403100775, "to,the": 0.02422480620155039, "lords,i": 0.01744186046511628, "i,have": 0.0048449612403100775, "the,house": 0.009689922480620155, "the,<e>": 0.005813953488372093, "for,a": 0.007751937984496124, "and,the": 0.014534883720930232, "<s>,we": 0.0048449612403100775, "we,are": 0.00872093023255814, "with,the": 0.009689922480620155, "made,in": 0.0048449612403100775, "in,another": 0.0048449612403100775, "another,place": 0.005813953488372093, "by,my": 0.0048449612403100775, "my,right": 0.011627906976744186, "right,honourable": 0.011627906976744186, "honourable,friend": 0.014534883720930232, "home,secretary": 0.01065891472868217, "united,kingdom": 0.007751937984496124, "on,th": 0.005813953488372093, "which,the": 0.0048449612403100775, "the,law": 0.007751937984496124, "by,the": 0.013565891472868217, "the,noble": 0.029069767441860465, "lord,lord": 0.01065891472868217, "i,should": 0.006782945736434108, "should,like": 0.006782945736434108, "like,to": 0.006782945736434108, "noble,friend": 0.006782945736434108, "the,commission": 0.007751937984496124, "<s>,i": 0.009689922480620155, "noble,lord": 0.023255813953488372, "have,been": 0.006782945736434108, "from,the": 0.0048449612403100775, "<s>,it": 0.009689922480620155, "of,state": 0.0048449612403100775, "that,this": 0.0048449612403100775, "should,be": 0.0048449612403100775, "he,has": 0.005813953488372093, "the,immigration": 0.0048449612403100775, "it,is": 0.012596899224806201, "<s>,this": 0.006782945736434108, "of,a": 0.006782945736434108, "this,is": 0.005813953488372093, "the,chief": 0.0048449612403100775, "we,have": 0.0048449612403100775, "have,no": 0.0048449612403100775, "i,beg": 0.007751937984496124, "beg,to": 0.007751937984496124, "to,move": 0.007751937984496124, "move,that": 0.006782945736434108, "this,bill": 0.009689922480620155, "the,united": 0.007751937984496124, "on,this": 0.005813953488372093, "bill,<e>": 0.005813953488372093, "is,to": 0.0048449612403100775, "within,the": 0.0048449612403100775, "i,am": 0.006782945736434108}