{"<cs>,my": 0.02927313321756388, "my,lords": 0.02927313321756388, "lords,i": 0.014884644008930786, "i,am": 0.016373108409823867, "happy,to": 0.0017365418010419251, "to,follow": 0.0014884644008930786, "the,noble": 0.03225006201935004, "noble,lord": 0.028032746216819646, "lord,lord": 0.02232696601339618, "<e>,<s>": 0.07243860084346317, "<s>,we": 0.0024807740014884646, "we,have": 0.0024807740014884646, "and,he": 0.0012403870007442323, "he,is": 0.002976928801786157, "<s>,in": 0.002232696601339618, "some,of": 0.0014884644008930786, "of,the": 0.031753907219052344, "i,shall": 0.0027288514016373107, "<s>,i": 0.030265442818159266, "i,think": 0.004961548002976929, "we,should": 0.0024807740014884646, "should,be": 0.0019846192011907715, "be,grateful": 0.0014884644008930786, "grateful,to": 0.0042173158025303895, "to,the": 0.008682709005209625, "this,debate": 0.002976928801786157, "giving,us": 0.0012403870007442323, "opportunity,to": 0.0012403870007442323, "even,if": 0.0012403870007442323, "do,not": 0.002976928801786157, "agree,with": 0.002976928801786157, "he,said": 0.0014884644008930786, "said,<e>": 0.0017365418010419251, "on,the": 0.007442322004465393, "the,future": 0.0012403870007442323, "as,my": 0.0014884644008930786, "my,noble": 0.02580004961548003, "noble,friend": 0.02232696601339618, "friend,lord": 0.011411560406846936, "it,<e>": 0.0027288514016373107, "<s>,he": 0.0027288514016373107, "he,has": 0.005457702803274621, "us,the": 0.0014884644008930786, "the,governments": 0.0012403870007442323, "and,i": 0.006201935003721161, "not,only": 0.0014884644008930786, "in,this": 0.007938476804763086, "this,country": 0.0027288514016373107, "in,the": 0.012900024807740015, "the,world": 0.0017365418010419251, "as,a": 0.004961548002976929, "lords,we": 0.0014884644008930786, "most,grateful": 0.0012403870007442323, "noble,lords": 0.0034730836020838503, "lord,sherfield": 0.0032250062019350038, "and,lord": 0.0014884644008930786, "attention,to": 0.0012403870007442323, "of,which": 0.0027288514016373107, "perhaps,i": 0.0017365418010419251, "in,a": 0.0027288514016373107, "that,we": 0.004465393202679236, "it,is": 0.005705780203423468, "that,the": 0.007442322004465393, "the,first": 0.0027288514016373107, "that,is": 0.0017365418010419251, "is,to": 0.0012403870007442323, "to,say": 0.0042173158025303895, "think,that": 0.0012403870007442323, "by,the": 0.004961548002976929, "in,his": 0.0019846192011907715, "and,also": 0.0014884644008930786, "<s>,as": 0.0037211610022326964, "i,have": 0.007938476804763086, "i,was": 0.005953857603572314, "a,great": 0.0019846192011907715, "one,of": 0.0019846192011907715, "he,was": 0.0034730836020838503, "was,not": 0.0014884644008930786, "as,i": 0.002232696601339618, "i,had": 0.002232696601339618, "at,the": 0.0032250062019350038, "the,soviet": 0.0017365418010419251, "did,not": 0.002232696601339618, "<s>,but": 0.0019846192011907715, "but,i": 0.0037211610022326964, "very,glad": 0.002232696601339618, "glad,to": 0.002976928801786157, "i,did": 0.0017365418010419251, "of,this": 0.002232696601339618, "which,is": 0.0014884644008930786, "with,the": 0.0064500124038700075, "soviet,union": 0.0014884644008930786, "we,are": 0.0024807740014884646, "lords,it": 0.0012403870007442323, "to,congratulate": 0.0024807740014884646, "congratulate,the": 0.002232696601339618, "a,most": 0.0019846192011907715, "maiden,speech": 0.0017365418010419251, "speech,<e>": 0.0017365418010419251, "he,will": 0.0012403870007442323, "a,very": 0.0012403870007442323, "in,your": 0.0017365418010419251, "your,lordships": 0.005953857603572314, "lordships,house": 0.0032250062019350038, "i,hope": 0.003969238402381543, "hope,that": 0.003969238402381543, "that,he": 0.004713470602828083, "is,the": 0.0019846192011907715, "chairman,of": 0.0017365418010419251, "it,was": 0.0019846192011907715, "debate,<e>": 0.0019846192011907715, "am,glad": 0.002232696601339618, "say,that": 0.0024807740014884646, "on,this": 0.0037211610022326964, "this,subject": 0.0014884644008930786, "lord,is": 0.0012403870007442323, "president,of": 0.002976928801786157, "the,european": 0.004713470602828083, "this,is": 0.0019846192011907715, "is,a": 0.0019846192011907715, "am,very": 0.0027288514016373107, "was,a": 0.0019846192011907715, "during,the": 0.0017365418010419251, "european,parliament": 0.0012403870007442323, "i,should": 0.0064500124038700075, "should,like": 0.005457702803274621, "like,to": 0.0064500124038700075, "that,i": 0.005209625403125776, "member,of": 0.0034730836020838503, "of,your": 0.0014884644008930786, "they,were": 0.0012403870007442323, "this,report": 0.0012403870007442323, "a,member": 0.0027288514016373107, "and,that": 0.0024807740014884646, "to,have": 0.002232696601339618, "about,the": 0.0017365418010419251, "report,and": 0.0012403870007442323, "as,the": 0.0027288514016373107, "said,that": 0.0014884644008930786, "for,the": 0.0032250062019350038, "all,the": 0.0019846192011907715, "noble,friends": 0.0017365418010419251, "this,matter": 0.0017365418010419251, "may,i": 0.002232696601339618, "the,minister": 0.0012403870007442323, "per,cent": 0.0012403870007442323, "cent,<e>": 0.0012403870007442323, "other,noble": 0.0024807740014884646, "to,be": 0.0037211610022326964, "as,president": 0.0014884644008930786, "i,cannot": 0.0017365418010419251, "and,the": 0.007938476804763086, "i,feel": 0.0014884644008930786, "that,my": 0.002976928801786157, "of,my": 0.0019846192011907715, "of,his": 0.0012403870007442323, "to,this": 0.0027288514016373107, "years,ago": 0.0012403870007442323, "the,government": 0.0019846192011907715, "and,as": 0.0014884644008930786, "of,course": 0.0017365418010419251, "<s>,for": 0.0014884644008930786, "which,the": 0.0017365418010419251, "which,i": 0.0024807740014884646, "lords,may": 0.0012403870007442323, "i,also": 0.0017365418010419251, "they,have": 0.0012403870007442323, "have,said": 0.0017365418010419251, "am,not": 0.0017365418010419251, "to,support": 0.002232696601339618, "members,of": 0.0019846192011907715, "and,which": 0.0012403870007442323, "am,sorry": 0.0019846192011907715, "sorry,that": 0.0012403870007442323, "noble,and": 0.0014884644008930786, "is,not": 0.0019846192011907715, "support,the": 0.0014884644008930786, "the,amendment": 0.0014884644008930786, "and,we": 0.0014884644008930786, "has,said": 0.002232696601339618, "that,it": 0.0019846192011907715, "me,to": 0.0012403870007442323, "in,regard": 0.0019846192011907715, "regard,to": 0.0019846192011907715, "<s>,the": 0.0032250062019350038, "before,the": 0.0012403870007442323, "i,know": 0.0019846192011907715, "right,honourable": 0.0017365418010419251, "honourable,friend": 0.0014884644008930786, "has,not": 0.0012403870007442323, "the,united": 0.0027288514016373107, "have,a": 0.0012403870007442323, "of,us": 0.0014884644008930786, "for,his": 0.0012403870007442323, "to,my": 0.002976928801786157, "this,question": 0.0019846192011907715, "this,evening": 0.0017365418010419251, "as,well": 0.0012403870007442323, "noble,earl": 0.0012403870007442323, "has,been": 0.0027288514016373107, "<s>,it": 0.0027288514016373107, "when,i": 0.0012403870007442323, "which,he": 0.002976928801786157, "congratulate,my": 0.0012403870007442323, "on,his": 0.002976928801786157, "ask,my": 0.0017365418010419251, "is,in": 0.0012403870007442323, "united,states": 0.0019846192011907715, "<cs>,i": 0.002232696601339618, "friend,the": 0.0019846192011907715, "what,he": 0.0014884644008930786, "what,i": 0.0014884644008930786, "to,do": 0.0012403870007442323, "from,the": 0.0024807740014884646, "going,to": 0.0012403870007442323, "to,speak": 0.002976928801786157, "might,be": 0.0017365418010419251, "able,to": 0.0012403870007442323, "the,bill": 0.0014884644008930786, "select,committee": 0.0019846192011907715, "i,do": 0.0019846192011907715, "the,select": 0.0017365418010419251, "science,and": 0.002232696601339618, "it,would": 0.0014884644008930786, "would,be": 0.0019846192011907715, "the,house": 0.0024807740014884646, "i,said": 0.0012403870007442323, "by,my": 0.0017365418010419251, "amendment,no": 0.0017365418010419251,