{"<cs>,my": 0.0444779494911421, "my,lords": 0.043347154165096116, "lords,i": 0.02600829249905767, "i,beg": 0.02186204297022239, "beg,to": 0.02186204297022239, "to,move": 0.022615906520919715, "move,that": 0.020731247644176404, "that,this": 0.008292499057670561, "this,bill": 0.018846588767433094, "bill,be": 0.009046362608367886, "be,now": 0.010177157934413872, "now,read": 0.007538635506973238, "read,a": 0.008292499057670561, "a,second": 0.005277044854881266, "second,time": 0.005277044854881266, "time,<e>": 0.008292499057670561, "<e>,<s>": 0.07048624199019977, "<s>,this": 0.004523181304183943, "this,is": 0.002638522427440633, "to,be": 0.004523181304183943, "by,the": 0.004523181304183943, "the,government": 0.005653976630229929, "<s>,the": 0.017338861666038447, "scotland,bill": 0.0022615906520919715, "in,another": 0.00603090840557859, "that,the": 0.019223520542781758, "the,house": 0.01620806633999246, "house,do": 0.006784771956275914, "do,now": 0.007161703731624576, "now,resolve": 0.004900113079532605, "resolve,itself": 0.006784771956275914, "itself,into": 0.006784771956275914, "into,committee": 0.006784771956275914, "committee,on": 0.006784771956275914, "on,this": 0.007538635506973238, "bill,<e>": 0.009046362608367886, "my,right": 0.007538635506973238, "right,honourable": 0.007538635506973238, "honourable,friend": 0.007538635506973238, "friend,the": 0.006407840180927252, "the,secretary": 0.007161703731624576, "secretary,of": 0.007538635506973238, "of,state": 0.0079155672823219, "state,for": 0.005653976630229929, "for,scotland": 0.003769317753486619, "and,the": 0.005653976630229929, "in,scotland": 0.004900113079532605, "scotland,and": 0.003015454202789295, "to,make": 0.0022615906520919715, "on,a": 0.0022615906520919715, "a,number": 0.0022615906520919715, "number,of": 0.0022615906520919715, "a,third": 0.0022615906520919715, "third,time": 0.0022615906520919715, "part,of": 0.002638522427440633, "of,the": 0.035431586882774216, "criminal,justice": 0.0018846588767433095, "which,the": 0.002638522427440633, "before,the": 0.0018846588767433095, "the,end": 0.0018846588767433095, "end,of": 0.0018846588767433095, "as,a": 0.0018846588767433095, "bill,to": 0.0022615906520919715, "with,the": 0.007161703731624576, "and,to": 0.003015454202789295, "provision,for": 0.0018846588767433095, "and,for": 0.0022615906520919715, "<s>,i": 0.009423294383716547, "bill,is": 0.0018846588767433095, "is,a": 0.0022615906520919715, "<s>,it": 0.006407840180927252, "and,in": 0.0018846588767433095, "in,the": 0.010554089709762533, "it,will": 0.0022615906520919715, "will,be": 0.002638522427440633, "on,the": 0.008292499057670561, "<s>,there": 0.0018846588767433095, "i,am": 0.003769317753486619, "my,noble": 0.00603090840557859, "of,this": 0.0022615906520919715, "that,i": 0.002638522427440633, "i,should": 0.005277044854881266, "and,i": 0.003392385978137957, "we,are": 0.0022615906520919715, "as,the": 0.003015454202789295, "the,noble": 0.008292499057670561, "this,amendment": 0.0018846588767433095, "to,the": 0.010177157934413872, "considered,on": 0.0018846588767433095, "lords,the": 0.005277044854881266, "when,the": 0.0018846588767433095, "from,the": 0.0022615906520919715, "at,the": 0.0022615906520919715, "for,the": 0.008292499057670561, "noble,lord": 0.007161703731624576, "lord,lord": 0.003769317753486619, "lord,ross": 0.002638522427440633, "to,a": 0.0018846588767433095, "the,scottish": 0.003015454202789295, "it,is": 0.007161703731624576, "that,it": 0.003392385978137957, "debate,<e>": 0.0018846588767433095, "have,been": 0.003392385978137957, "is,not": 0.0018846588767433095, "noble,lords": 0.003392385978137957, "the,united": 0.003392385978137957, "united,kingdom": 0.003769317753486619, "the,same": 0.0022615906520919715, "the,governments": 0.0022615906520919715, "if,i": 0.002638522427440633, "has,been": 0.005653976630229929, "i,shall": 0.0041462495288352805, "made,in": 0.0041462495288352805, "i,say": 0.0018846588767433095, "<s>,therefore": 0.0018846588767433095, "your,lordships": 0.003769317753486619, "scotland,act": 0.0018846588767433095, "is,to": 0.002638522427440633, "scotland,<e>": 0.003392385978137957, "of,a": 0.003769317753486619, "being,made": 0.004523181304183943, "the,bill": 0.00980022615906521, "which,is": 0.0022615906520919715, "to,say": 0.0022615906520919715, "now,again": 0.0018846588767433095, "again,resolve": 0.0018846588767433095, "now,considered": 0.0018846588767433095, "on,report": 0.0018846588767433095, "report,<e>": 0.0018846588767433095, "noble,friend": 0.004523181304183943, "section,of": 0.0018846588767433095, "i,have": 0.003015454202789295, "to,this": 0.002638522427440633, "i,will": 0.0022615906520919715, "who,have": 0.0018846588767433095, "should,like": 0.003392385978137957, "like,to": 0.003015454202789295, "committee,<e>": 0.0022615906520919715, "to,ensure": 0.002638522427440633, "ensure,that": 0.0018846588767433095, "lords,with": 0.004523181304183943, "the,leave": 0.0041462495288352805, "leave,of": 0.0041462495288352805, "house,i": 0.004523181304183943, "now,repeat": 0.002638522427440633, "repeat,a": 0.004523181304183943, "a,statement": 0.005653976630229929, "statement,being": 0.003769317753486619, "another,place": 0.005653976630229929, "place,by": 0.003392385978137957, "by,my": 0.004523181304183943, "the,statement": 0.0041462495288352805, "as,follows": 0.004523181304183943, "follows,<e>": 0.0041462495288352805, "shall,now": 0.0022615906520919715, "statement,is": 0.002638522427440633, "is,as": 0.002638522427440633, "and,indeed": 0.0018846588767433095, "to,provide": 0.0018846588767433095, "it,<e>": 0.0018846588767433095, "in,your": 0.0018846588767433095, "lordships,house": 0.0018846588767433095, "that,no": 0.0018846588767433095, "for,energy": 0.003015454202789295, "fast,reactor": 0.0018846588767433095}