{"<cs>,my": 0.10684931506849316, "my,lords": 0.12054794520547946, "lords,i": 0.024657534246575342, "my,noble": 0.0136986301369863, "amendment,no": 0.01643835616438356, "no,<e>": 0.019178082191780823, "<e>,<s>": 0.20273972602739726, "<s>,it": 0.0136986301369863, "in,the": 0.024657534246575342, "the,noble": 0.019178082191780823, "with,the": 0.019178082191780823, "of,the": 0.06301369863013699, "the,house": 0.01643835616438356, "honourable,friend": 0.01643835616438356, "friend,the": 0.01643835616438356, "the,home": 0.0136986301369863, "<s>,the": 0.03287671232876712, "lords,<e>": 0.0136986301369863, "it,is": 0.01643835616438356, "for,the": 0.01643835616438356, "the,government": 0.01643835616438356, "on,the": 0.030136986301369864, "your,lordships": 0.0136986301369863, "<s>,i": 0.021917808219178082, "lords,the": 0.019178082191780823, "<s>,we": 0.019178082191780823, "we,have": 0.019178082191780823, "to,the": 0.021917808219178082, "we,are": 0.0136986301369863, "by,the": 0.024657534246575342, "united,states": 0.0136986301369863}