{"<cs>,my": 0.05568445475638051, "my,lords": 0.05568445475638051, "lords,the": 0.007733952049497293, "of,the": 0.042536736272235115, "the,community": 0.0038669760247486465, "community,charge": 0.007733952049497293, "in,scotland": 0.01160092807424594, "to,the": 0.016241299303944315, "<e>,<s>": 0.08739365815931942, "<s>,the": 0.017788089713843776, "in,the": 0.026295436968290797, "and,the": 0.0069605568445475635, "the,government": 0.008507347254447023, "lords,i": 0.025522041763341066, "i,beg": 0.015467904098994586, "beg,to": 0.015467904098994586, "to,move": 0.015467904098994586, "move,that": 0.014694508894044857, "that,the": 0.02320185614849188, "the,house": 0.01160092807424594, "your,lordships": 0.0038669760247486465, "would,be": 0.0038669760247486465, "i,am": 0.013147718484145398, "the,bill": 0.008507347254447023, "bill,be": 0.005413766434648105, "be,now": 0.0069605568445475635, "now,read": 0.004640371229698376, "read,a": 0.004640371229698376, "a,second": 0.0038669760247486465, "second,time": 0.0038669760247486465, "time,<e>": 0.004640371229698376, "lords,first": 0.004640371229698376, "of,all": 0.0038669760247486465, "the,noble": 0.02088167053364269, "noble,lord": 0.014694508894044857, "lord,lord": 0.01082753286929621, "debate,<e>": 0.004640371229698376, "<s>,it": 0.007733952049497293, "it,is": 0.008507347254447023, "is,a": 0.005413766434648105, "<s>,as": 0.004640371229698376, "my,noble": 0.0069605568445475635, "noble,friend": 0.006187161639597835, "friend,lord": 0.005413766434648105, "in,this": 0.005413766434648105, "we,are": 0.004640371229698376, "to,be": 0.007733952049497293, "have,been": 0.0069605568445475635, "i,should": 0.005413766434648105, "should,like": 0.005413766434648105, "like,to": 0.005413766434648105, "deal,with": 0.0038669760247486465, "as,the": 0.004640371229698376, "noble,lords": 0.0038669760247486465, "<s>,i": 0.015467904098994586, "from,the": 0.0038669760247486465, "on,the": 0.008507347254447023, "with,the": 0.006187161639597835, "i,shall": 0.008507347254447023, "in,another": 0.005413766434648105, "another,place": 0.005413766434648105, "by,my": 0.0069605568445475635, "my,right": 0.009280742459396751, "right,honourable": 0.009280742459396751, "honourable,friend": 0.009280742459396751, "friend,the": 0.007733952049497293, "the,secretary": 0.01082753286929621, "secretary,of": 0.01082753286929621, "of,state": 0.01082753286929621, "state,for": 0.0069605568445475635, "for,scotland": 0.006187161639597835, "scotland,<e>": 0.007733952049497293, "the,provisions": 0.0038669760247486465, "at,the": 0.005413766434648105, "<s>,we": 0.004640371229698376, "the,scottish": 0.007733952049497293, "for,the": 0.010054137664346482, "will,be": 0.006187161639597835, "per,annum": 0.0038669760247486465, "on,th": 0.0038669760247486465, "the,new": 0.004640371229698376, "house,do": 0.006187161639597835, "do,now": 0.005413766434648105, "now,resolve": 0.0038669760247486465, "resolve,itself": 0.005413766434648105, "itself,into": 0.005413766434648105, "into,committee": 0.005413766434648105, "committee,on": 0.005413766434648105, "on,this": 0.007733952049497293, "this,bill": 0.0069605568445475635, "bill,<e>": 0.0069605568445475635, "england,and": 0.004640371229698376, "and,wales": 0.004640371229698376, "by,the": 0.008507347254447023, "that,is": 0.0038669760247486465, "what,the": 0.0038669760247486465, "the,amendment": 0.005413766434648105, "the,committee": 0.006187161639597835, "that,it": 0.004640371229698376, "<cs>,i": 0.005413766434648105, "of,scotland": 0.0038669760247486465}