{"<cs>,my": 0.03333333333333333, "my,lords": 0.033854166666666664, "lords,i": 0.019791666666666666, "i,find": 0.0026041666666666665, "find,myself": 0.0026041666666666665, "of,a": 0.0026041666666666665, "<e>,<s>": 0.10520833333333333, "the,noble": 0.04375, "about,the": 0.003125, "that,the": 0.017708333333333333, "of,this": 0.003125, "that,a": 0.0036458333333333334, "should,be": 0.007291666666666667, "on,the": 0.005729166666666666, "i,am": 0.013020833333333334, "i,may": 0.0026041666666666665, "in,the": 0.0109375, "of,the": 0.021354166666666667, "it,seems": 0.0046875, "to,the": 0.015104166666666667, "<s>,but": 0.0026041666666666665, "and,the": 0.003125, "for,the": 0.0078125, "i,should": 0.016145833333333335, "should,like": 0.011458333333333333, "like,to": 0.011458333333333333, "to,thank": 0.0046875, "thank,the": 0.00625, "this,matter": 0.0046875, "in,which": 0.003125, "and,i": 0.0067708333333333336, "noble,lord": 0.026041666666666668, "lord,lord": 0.014583333333333334, "said,<e>": 0.0036458333333333334, "noble,viscount": 0.003125, "<s>,it": 0.011979166666666667, "it,is": 0.014583333333333334, "that,i": 0.008854166666666666, "<cs>,i": 0.00625, "your,lordships": 0.008333333333333333, "if,i": 0.0036458333333333334, "noble,and": 0.00625, "and,learned": 0.00625, "learned,lord": 0.00625, "lord,for": 0.0026041666666666665, "i,think": 0.003125, "that,it": 0.008333333333333333, "they,have": 0.0026041666666666665, "we,have": 0.005208333333333333, "one,of": 0.0026041666666666665, "that,we": 0.0036458333333333334, "such,a": 0.0026041666666666665, "with,the": 0.005208333333333333, "that,there": 0.0036458333333333334, "have,been": 0.0036458333333333334, "i,have": 0.009895833333333333, "in,my": 0.003125, "the,house": 0.0036458333333333334, "i,must": 0.004166666666666667, "<s>,i": 0.0421875, "<s>,the": 0.0067708333333333336, "noble,baroness": 0.005208333333333333, "the,minister": 0.009375, "said,that": 0.003125, "the,right": 0.003125, "right,reverend": 0.0026041666666666665, "i,thought": 0.0026041666666666665, "lords,the": 0.0026041666666666665, "to,have": 0.003125, "as,i": 0.004166666666666667, "lords,<e>": 0.0026041666666666665, "lordships,house": 0.00625, "under,the": 0.0026041666666666665, "and,that": 0.003125, "that,is": 0.0046875, "is,the": 0.0036458333333333334, "matter,<e>": 0.004166666666666667, "this,bill": 0.005729166666666666, "lord,the": 0.0078125, "in,this": 0.005729166666666666, "noble,lords": 0.0026041666666666665, "think,that": 0.0036458333333333334, "that,this": 0.0036458333333333334, "i,said": 0.0036458333333333334, "second,reading": 0.0026041666666666665, "which,we": 0.0036458333333333334, "i,hope": 0.0078125, "hope,that": 0.0067708333333333336, "this,amendment": 0.0026041666666666665, "this,is": 0.0026041666666666665, "is,a": 0.0046875, "am,grateful": 0.0046875, "grateful,to": 0.0036458333333333334, "for,his": 0.003125, "it,would": 0.0036458333333333334, "would,be": 0.0067708333333333336, "that,he": 0.003125, "<s>,as": 0.0026041666666666665, "the,amendment": 0.0026041666666666665, "by,the": 0.0036458333333333334, "bishop,of": 0.003125, "not,be": 0.0046875, "i,apologise": 0.003125, "no,<e>": 0.003125, "which,i": 0.003125, "will,be": 0.00625, "those,who": 0.003125, "the,secretary": 0.003125, "secretary,of": 0.003125, "of,state": 0.003125, "<s>,if": 0.0026041666666666665, "what,the": 0.003125, "but,i": 0.0046875, "thought,that": 0.004166666666666667, "to,me": 0.0046875, "to,be": 0.0036458333333333334, "the,bill": 0.008854166666666666, "bill,<e>": 0.0046875, "there,are": 0.003125, "to,say": 0.003125, "codes,of": 0.003125, "of,practice": 0.004166666666666667, "practice,<e>": 0.0026041666666666665, "have,the": 0.0026041666666666665, "do,not": 0.005208333333333333, "it,was": 0.0036458333333333334, "that,they": 0.0026041666666666665, "i,cannot": 0.0026041666666666665, "be,issued": 0.0026041666666666665, "shall,be": 0.0026041666666666665, "i,do": 0.004166666666666667, "seems,to": 0.004166666666666667, "might,be": 0.0026041666666666665, "what,i": 0.0026041666666666665, "about,this": 0.0026041666666666665, "me,that": 0.0026041666666666665, "minister,will": 0.0026041666666666665, "i,did": 0.004166666666666667, "concerned,with": 0.0036458333333333334, "in,a": 0.0026041666666666665, "there,is": 0.0026041666666666665, "i,appreciate": 0.0026041666666666665, "i,was": 0.003125, "<s>,however": 0.0026041666666666665, "did,not": 0.005729166666666666, "he,said": 0.0036458333333333334, "of,birmingham": 0.0026041666666666665, "my,see": 0.003125, "see,city": 0.0026041666666666665, "this,debate": 0.003125, "aware,that": 0.0026041666666666665}