{"the,noble": 0.014666666666666666, "<cs>,i": 0.021333333333333333, "i,have": 0.025333333333333333, "have,to": 0.025333333333333333, "to,call": 0.034666666666666665, "your,lordships": 0.009333333333333334, "to,the": 0.016, "the,fact": 0.010666666666666666, "fact,that": 0.010666666666666666, "that,if": 0.030666666666666665, "if,amendment": 0.02266666666666667, "amendment,no": 0.06666666666666667, "no,<e>": 0.07733333333333334, "<e>,<s>": 0.11733333333333333, "<s>,or": 0.008, "<s>,is": 0.021333333333333333, "is,agreed": 0.030666666666666665, "agreed,to": 0.036, "to,i": 0.030666666666666665, "i,shall": 0.030666666666666665, "shall,not": 0.02666666666666667, "not,be": 0.029333333333333333, "be,able": 0.02666666666666667, "able,to": 0.02666666666666667, "call,amendment": 0.018666666666666668, "<s>,<e>": 0.021333333333333333, "<cs>,amendment": 0.008, "this,amendment": 0.009333333333333334, "<s>,a": 0.009333333333333334, "<s>,i": 0.013333333333333334, "of,the": 0.009333333333333334, "the,committee": 0.008, "if,this": 0.006666666666666667, "amendment,is": 0.012, "call,amendments": 0.012, "amendments,nos": 0.02, "nos,<e>": 0.021333333333333333, "to,point": 0.016, "point,out": 0.02, "out,that": 0.013333333333333334, "<cs>,the": 0.010666666666666666, "the,next": 0.006666666666666667, "next,amendment": 0.006666666666666667, "<s>,and": 0.008}