{"<cs>,my": 0.04997573993207181, "my,lords": 0.050460941290635615, "lords,i": 0.019408054342552158, "i,beg": 0.016496846191169336, "beg,to": 0.016496846191169336, "to,move": 0.015041242115477924, "move,that": 0.01455604075691412, "that,the": 0.021348859776807377, "<e>,<s>": 0.07957302280446385, "of,the": 0.038330907326540514, "your,lordships": 0.003396409509946628, "to,make": 0.0024260067928190197, "i,am": 0.011644832605531296, "to,the": 0.020378457059679767, "i,have": 0.0048520135856380394, "have,been": 0.0038816108685104317, "on,this": 0.009704027171276079, "that,it": 0.003396409509946628, "it,is": 0.009704027171276079, "and,i": 0.006307617661329452, "<s>,this": 0.004366812227074236, "is,being": 0.0024260067928190197, "being,made": 0.0038816108685104317, "the,noble": 0.016496846191169336, "noble,lords": 0.003396409509946628, "for,the": 0.011159631246967491, "on,the": 0.006792819019893256, "the,government": 0.013585638039786511, "government,have": 0.002911208151382824, "<s>,i": 0.009704027171276079, "that,he": 0.003396409509946628, "with,the": 0.010189228529839884, "i,shall": 0.005822416302765648, "that,we": 0.002911208151382824, "and,the": 0.005822416302765648, "there,are": 0.0024260067928190197, "is,not": 0.002911208151382824, "to,introduce": 0.0024260067928190197, "in,scotland": 0.005337214944201844, "scotland,and": 0.0024260067928190197, "and,for": 0.003396409509946628, "the,bill": 0.005337214944201844, "bill,be": 0.006792819019893256, "be,now": 0.006792819019893256, "now,read": 0.005822416302765648, "read,a": 0.006792819019893256, "time,<e>": 0.006792819019893256, "my,right": 0.0077632217370208634, "right,honourable": 0.0077632217370208634, "honourable,friend": 0.00727802037845706, "is,the": 0.0024260067928190197, "the,governments": 0.004366812227074236, "<s>,in": 0.004366812227074236, "has,been": 0.003396409509946628, "per,cent": 0.0024260067928190197, "cent,<e>": 0.0024260067928190197, "by,the": 0.010189228529839884, "scotland,<e>": 0.004366812227074236, "that,this": 0.005337214944201844, "this,bill": 0.011644832605531296, "a,second": 0.0048520135856380394, "second,time": 0.0048520135856380394, "lords,the": 0.014070839398350316, "in,the": 0.012130033964095099, "<s>,the": 0.013100436681222707, "in,another": 0.005822416302765648, "another,place": 0.005822416302765648, "place,by": 0.0038816108685104317, "the,committee": 0.003396409509946628, "will,be": 0.0038816108685104317, "is,a": 0.002911208151382824, "a,matter": 0.002911208151382824, "of,state": 0.0077632217370208634, "state,for": 0.00727802037845706, "for,scotland": 0.004366812227074236, "<s>,it": 0.006307617661329452, "lords,with": 0.0038816108685104317, "the,leave": 0.0038816108685104317, "leave,of": 0.0038816108685104317, "the,house": 0.011159631246967491, "house,i": 0.0038816108685104317, "shall,now": 0.003396409509946628, "now,repeat": 0.003396409509946628, "repeat,a": 0.0038816108685104317, "a,statement": 0.0038816108685104317, "statement,being": 0.0024260067928190197, "made,in": 0.0048520135856380394, "house,do": 0.004366812227074236, "do,now": 0.0048520135856380394, "now,resolve": 0.003396409509946628, "resolve,itself": 0.004366812227074236, "itself,into": 0.004366812227074236, "into,committee": 0.004366812227074236, "committee,on": 0.004366812227074236, "bill,<e>": 0.006792819019893256, "should,be": 0.0024260067928190197, "this,amendment": 0.002911208151382824, "noble,lord": 0.012130033964095099, "lord,lord": 0.008733624454148471, "lord,ross": 0.002911208151382824, "that,i": 0.003396409509946628, "million,<e>": 0.0024260067928190197, "ross,of": 0.0024260067928190197, "of,marnock": 0.0024260067928190197, "to,be": 0.008248423095584668, "on,his": 0.0024260067928190197, "<s>,indeed": 0.0024260067928190197, "<s>,however": 0.003396409509946628, "however,i": 0.0024260067928190197, "by,my": 0.004366812227074236, "friend,the": 0.006307617661329452, "the,secretary": 0.006792819019893256, "secretary,of": 0.00727802037845706, "the,statement": 0.003396409509946628, "statement,is": 0.003396409509946628, "is,as": 0.0038816108685104317, "as,follows": 0.0038816108685104317, "follows,<e>": 0.003396409509946628, "would,be": 0.002911208151382824, "who,have": 0.002911208151382824, "my,noble": 0.003396409509946628, "noble,friend": 0.0038816108685104317, "friend,lord": 0.003396409509946628, "on,th": 0.0024260067928190197, "am,grateful": 0.0024260067928190197, "grateful,to": 0.0024260067928190197, "i,think": 0.004366812227074236, "this,is": 0.0024260067928190197, "<s>,we": 0.003396409509946628, "of,this": 0.0038816108685104317, "at,the": 0.002911208151382824, "the,national": 0.0038816108685104317, "national,coal": 0.002911208151382824, "coal,board": 0.002911208151382824, "the,united": 0.002911208151382824, "united,kingdom": 0.003396409509946628, "on,a": 0.0024260067928190197, "the,board": 0.002911208151382824, "in,this": 0.0024260067928190197, "through,the": 0.0024260067928190197, "able,to": 0.0024260067928190197, "<cs>,i": 0.0038816108685104317, "amendment,no": 0.0024260067928190197, "no,<e>": 0.002911208151382824}