{"<cs>,my": 0.06209150326797386, "my,lords": 0.06372549019607843, "lords,i": 0.02287581699346405, "i,have": 0.026143790849673203, "have,to": 0.027777777777777776, "the,house": 0.013071895424836602, "in,accordance": 0.008169934640522876, "accordance,with": 0.008169934640522876, "royal,assent": 0.00980392156862745, "that,the": 0.013071895424836602, "to,the": 0.013071895424836602, "amendment,no": 0.06372549019607843, "no,<e>": 0.0718954248366013, "<e>,<s>": 0.119281045751634, "<s>,i": 0.016339869281045753, "to,point": 0.0196078431372549, "point,out": 0.02287581699346405, "out,that": 0.021241830065359478, "that,if": 0.017973856209150325, "if,this": 0.00980392156862745, "this,amendment": 0.013071895424836602, "amendment,is": 0.013071895424836602, "is,agreed": 0.02287581699346405, "agreed,to": 0.029411764705882353, "to,i": 0.0196078431372549, "i,cannot": 0.024509803921568627, "cannot,call": 0.024509803921568627, "call,amendments": 0.00980392156862745, "amendments,nos": 0.014705882352941176, "nos,<e>": 0.014705882352941176, "if,amendment": 0.014705882352941176, "<s>,is": 0.013071895424836602, "call,amendment": 0.017973856209150325, "<s>,<e>": 0.029411764705882353, "the,question": 0.014705882352941176, "<s>,a": 0.013071895424836602, "the,noble": 0.00980392156862745, "noble,lord": 0.008169934640522876, "on,the": 0.00980392156862745, "lords,amendment": 0.008169934640522876, "the,next": 0.00980392156862745, "next,amendment": 0.008169934640522876, "to,<e>": 0.00980392156862745, "lords,the": 0.008169934640522876, "<s>,as": 0.008169934640522876}