{"<cs>,my": 0.07874015748031496, "my,lords": 0.07874015748031496, "lords,amendment": 0.013123359580052493, "amendment,proposed": 0.013123359580052493, "lords,i": 0.01837270341207349, "i,should": 0.03412073490813648, "should,point": 0.01837270341207349, "point,out": 0.01837270341207349, "out,to": 0.015748031496062992, "the,house": 0.023622047244094488, "house,that": 0.015748031496062992, "<e>,<s>": 0.12598425196850394, "in,the": 0.013123359580052493, "amendment,is": 0.013123359580052493, "no,<e>": 0.06561679790026247, "<s>,<e>": 0.026246719160104987, "that,if": 0.02099737532808399, "this,amendment": 0.015748031496062992, "is,agreed": 0.023622047244094488, "agreed,to": 0.03937007874015748, "to,i": 0.026246719160104987, "i,cannot": 0.02099737532808399, "cannot,call": 0.01837270341207349, "amendments,nos": 0.01837270341207349, "nos,<e>": 0.01837270341207349, "the,amendment": 0.015748031496062992, "to,<e>": 0.02099737532808399, "<s>,i": 0.015748031496062992, "be,agreed": 0.015748031496062992, "call,amendment": 0.02099737532808399, "amendment,no": 0.05774278215223097, "lords,the": 0.02099737532808399, "the,noble": 0.01837270341207349, "the,question": 0.023622047244094488, "question,is": 0.015748031496062992}