{"<cs>,i": 0.010336315951866707, "i,should": 0.00755939524838013, "should,like": 0.007405121875964209, "like,to": 0.007096575131132366, "to,support": 0.004936747917309472, "support,the": 0.003394014193150262, "the,noble": 0.012804689910521444, "at,the": 0.004011107682813947, "the,same": 0.002468373958654736, "same,time": 0.0015427337241592102, "declare,an": 0.0009256402344955261, "an,interest": 0.0010799136069114472, "interest,as": 0.0007713668620796051, "as,i": 0.002776920703486578, "i,am": 0.01218759642085776, "am,a": 0.001697007096575131, "a,fish": 0.001388460351743289, "fish,farmer": 0.001388460351743289, "<e>,<s>": 0.08253625424251775, "<s>,i": 0.028540573896945386, "i,shall": 0.0037025609379821045, "of,the": 0.015427337241592102, "the,points": 0.0007713668620796051, "which,the": 0.0010799136069114472, "and,so": 0.0023141005862388152, "as,well": 0.0007713668620796051, "as,a": 0.001388460351743289, "farmer,and": 0.001234186979327368, "and,to": 0.0021598272138228943, "who,is": 0.0007713668620796051, "is,a": 0.0063252082690527615, "it,is": 0.01203332304844184, "fish,farming": 0.0009256402344955261, "farming,is": 0.0007713668620796051, "is,an": 0.0009256402344955261, "there,is": 0.005245294662141314, "is,no": 0.0015427337241592102, "at,all": 0.001388460351743289, "all,<e>": 0.0009256402344955261, "<s>,it": 0.009256402344955261, "it,seems": 0.002468373958654736, "it,should": 0.001234186979327368, "should,not": 0.0020055538414069734, "not,be": 0.001697007096575131, "in,the": 0.007096575131132366, "the,farming": 0.0010799136069114472, "<cs>,my": 0.016044430731255787, "my,lords": 0.015890157358839863, "lords,i": 0.010027769207034866, "thank,my": 0.001388460351743289, "my,noble": 0.018975624807158285, "noble,friend": 0.01681579759333539, "friend,for": 0.0015427337241592102, "has,been": 0.0038568343103980254, "was,a": 0.001697007096575131, "noble,lords": 0.0030854674483184203, "i,too": 0.004011107682813947, "too,should": 0.0015427337241592102, "to,congratulate": 0.0009256402344955261, "congratulate,the": 0.0009256402344955261, "noble,baroness": 0.002468373958654736, "baroness,lady": 0.001234186979327368, "such,a": 0.0010799136069114472, "very,much": 0.0015427337241592102, "on,his": 0.0007713668620796051, "your,lordships": 0.0020055538414069734, "and,a": 0.0007713668620796051, "and,i": 0.0038568343103980254, "i,hope": 0.003548287565566183, "am,sure": 0.001234186979327368, "that,he": 0.001697007096575131, "he,will": 0.0007713668620796051, "on,a": 0.001697007096575131, "number,of": 0.0010799136069114472, "a,point": 0.0009256402344955261, "that,is": 0.002622647331070657, "<s>,if": 0.002622647331070657, "has,a": 0.0007713668620796051, "about,the": 0.0021598272138228943, "of,a": 0.0015427337241592102, "a,certain": 0.0007713668620796051, "of,his": 0.0007713668620796051, "does,not": 0.0010799136069114472, "want,to": 0.0009256402344955261, "to,have": 0.0029311940759024994, "it,was": 0.002776920703486578, "was,in": 0.0007713668620796051, "in,that": 0.001697007096575131, "that,the": 0.008639308855291577, "noble,lord": 0.009564949089787103, "lord,lord": 0.006942301758716445, "shall,be": 0.0010799136069114472, "is,not": 0.0032397408207343412, "to,the": 0.00786794199321197, "the,law": 0.0007713668620796051, "all,the": 0.001697007096575131, "of,this": 0.0023141005862388152, "this,amendment": 0.006633755013884603, "it,<e>": 0.0023141005862388152, "<s>,in": 0.001234186979327368, "in,my": 0.001388460351743289, "part,of": 0.001697007096575131, "the,world": 0.0007713668620796051, "there,are": 0.002776920703486578, "are,a": 0.0009256402344955261, "a,great": 0.0021598272138228943, "rights,of": 0.0010799136069114472, "of,way": 0.0010799136069114472, "and,also": 0.0009256402344955261, "<s>,there": 0.002776920703486578, "that,<e>": 0.0010799136069114472, "i,think": 0.006942301758716445, "think,that": 0.0046282011724776305, "that,this": 0.0029311940759024994, "would,be": 0.003548287565566183, "by,the": 0.0030854674483184203, "to,a": 0.0018512804689910522, "<s>,the": 0.004782474544893551, "is,that": 0.0020055538414069734, "they,are": 0.0020055538414069734, "are,not": 0.0007713668620796051, "they,have": 0.001388460351743289, "i,support": 0.0020055538414069734, "support,this": 0.0032397408207343412, "amendment,and": 0.0009256402344955261, "hope,that": 0.0029311940759024994, "that,my": 0.0020055538414069734, "friend,on": 0.0010799136069114472, "on,the": 0.007250848503548288, "the,front": 0.001234186979327368, "front,bench": 0.0010799136069114472, "will,be": 0.003394014193150262, "be,able": 0.001388460351743289, "able,to": 0.0015427337241592102, "to,do": 0.0029311940759024994, "once,more": 0.0009256402344955261, "too,am": 0.0007713668620796051, "a,little": 0.0030854674483184203, "with,my": 0.0009256402344955261, "noble,friends": 0.0023141005862388152, "answer,<e>": 0.0009256402344955261, "not,a": 0.0007713668620796051, "way,<e>": 0.001697007096575131, "it,has": 0.002468373958654736, "<s>,but": 0.001388460351743289, "no,<e>": 0.0010799136069114472, "am,not": 0.0021598272138228943, "but,i": 0.002776920703486578, "that,they": 0.001388460351743289, "under,the": 0.0007713668620796051, "to,withdraw": 0.002776920703486578, "withdraw,the": 0.0030854674483184203, "the,amendment": 0.011570502931194077, "that,it": 0.006633755013884603, "the,fact": 0.0009256402344955261, "fact,that": 0.0009256402344955261, "that,there": 0.0038568343103980254, "as,it": 0.0010799136069114472, "i,beg": 0.002622647331070657, "beg,leave": 0.0020055538414069734, "leave,to": 0.0021598272138228943, "amendment,<e>": 0.008022215365627893, "amendment,because": 0.0009256402344955261, "because,i": 0.0018512804689910522, "i,cannot": 0.001388460351743289, "in,a": 0.0021598272138228943, "than,the": 0.0007713668620796051, "i,also": 0.0010799136069114472, "many,noble": 0.0007713668620796051, "rather,than": 0.001234186979327368, "to,make": 0.0015427337241592102, "should,be": 0.003548287565566183, "<s>,this": 0.0009256402344955261, "which,i": 0.002468373958654736, "in,this": 0.0030854674483184203, "i,do": 0.0044739278000617095, "do,not": 0.004165381055229868, "is,one": 0.0007713668620796051, "to,this": 0.0009256402344955261, "say,that": 0.0018512804689910522, "that,in": 0.0018512804689910522, "to,start": 0.0007713668620796051, "as,the": 0.0020055538414069734, "has,said": 0.001234186979327368, "is,very": 0.001697007096575131, "a,person": 0.0007713668620796051, "and,the": 0.0032397408207343412, "might,be": 0.0015427337241592102, "like,briefly": 0.001234186979327368, "briefly,to": 0.0015427337241592102, "seems,to": 0.002468373958654736, "with,the": 0.002622647331070657, "the,other": 0.001234186979327368, "the,right": 0.0009256402344955261, "far,as": 0.0015427337241592102, "i,can": 0.0021598272138228943, "sure,that": 0.001234186979327368, "friend,will": 0.0007713668620796051, "and,that": 0.002776920703486578, "it,will": 0.001697007096575131, "that,at": 0.0010799136069114472, "i,believe": 0.0029311940759024994, "believe,that": 0.0029311940759024994, "the,end": 0.001388460351743289, "end,of": 0.001234186979327368, "i,was": 0.001697007096575131, "that,we": 0.002468373958654736, "not,have": 0.0007713668620796051, "have,to": 0.0007713668620796051, "by,my": 0.0009256402344955261, "friend,<e>": 0.0010799136069114472, "it,would": 0.003394014193150262, "have,a": 0.0009256402344955261, "<s>,however": 0.001697007096575131, "this,bill": 0.0023141005862388152, "have,the": 0.0010799136069114472, "to,see": 0.001234186979327368, "they,should": 0.0007713668620796051, "although,i": 0.001388460351743289, "wish,to": 0.0020055538414069734, "to,thank": 0.001234186979327368, "for,bringing": 0.0007713668620796051, "this,matter": 0.0007713668620796051, "again,<e>": 0.0007713668620796051, "be,in": 0.0010799136069114472, "in,any": 0.0007713668620796051, "that,a": 0.0010799136069114472, "such,as": 0.0009256402344955261, "are,going": 0.0009256402344955261, "or,not": 0.0007713668620796051, "the,last": 0.001234186979327368, "last,time": 0.0007713668620796051,