{"<cs>,my": 0.0843806104129264, "my,lords": 0.08617594254937164, "my,right": 0.010771992818671455, "right,honourable": 0.010771992818671455, "honourable,friend": 0.010771992818671455, "friend,the": 0.010771992818671455, "the,secretary": 0.010771992818671455, "secretary,of": 0.010771992818671455, "of,state": 0.012567324955116697, "state,for": 0.008976660682226212, "that,the": 0.03052064631956912, "the,government": 0.03052064631956912, "to,the": 0.012567324955116697, "<e>,<s>": 0.1059245960502693, "<s>,the": 0.01615798922800718, "<s>,it": 0.010771992818671455, "government,have": 0.008976660682226212, "<s>,we": 0.010771992818671455, "in,the": 0.017953321364452424, "and,i": 0.008976660682226212, "i,should": 0.008976660682226212, "the,noble": 0.01436265709156194, "with,the": 0.010771992818671455, "<s>,i": 0.01436265709156194, "for,the": 0.025134649910233394, "have,been": 0.008976660682226212, "of,the": 0.03052064631956912, "the,education": 0.012567324955116697, "lords,the": 0.026929982046678635, "lords,i": 0.02872531418312388, "add,my": 0.008976660682226212, "debate,<e>": 0.008976660682226212, "the,house": 0.01436265709156194, "on,the": 0.012567324955116697, "year,<e>": 0.012567324955116697, "the,future": 0.008976660682226212, "inner,london": 0.008976660682226212, "i,beg": 0.025134649910233394, "beg,to": 0.025134649910233394, "to,move": 0.025134649910233394, "move,that": 0.02333931777378815, "be,now": 0.010771992818671455, "house,do": 0.010771992818671455, "do,now": 0.010771992818671455, "resolve,itself": 0.010771992818671455, "itself,into": 0.010771992818671455, "into,committee": 0.010771992818671455, "committee,on": 0.010771992818671455, "on,this": 0.010771992818671455, "this,bill": 0.010771992818671455, "bill,<e>": 0.010771992818671455, "now,again": 0.008976660682226212, "again,resolve": 0.008976660682226212, "the,bill": 0.008976660682226212}