{"<cs>,i": 0.03638644918444166, "i,have": 0.025094102885821833, "have,to": 0.02383939774153074, "to,advise": 0.02258469259723965, "advise,your": 0.013801756587202008, "your,lordships": 0.02132998745294856, "lordships,that": 0.015056461731493099, "that,if": 0.026348808030112924, "if,amendment": 0.0075282308657465494, "amendment,no": 0.050188205771643665, "no,<e>": 0.05269761606022585, "<e>,<s>": 0.09786700125470514, "<s>,is": 0.0075282308657465494, "is,agreed": 0.026348808030112924, "to,call": 0.01756587202007528, "call,amendment": 0.015056461731493099, "<s>,<e>": 0.01756587202007528, "if,this": 0.01631116687578419, "this,amendment": 0.020075282308657464, "amendment,is": 0.01756587202007528, "i,cannot": 0.0075282308657465494, "cannot,call": 0.0075282308657465494, "<s>,a": 0.00878293601003764, "it,is": 0.006273525721455458, "stand,part": 0.0075282308657465494, "i,shall": 0.01756587202007528, "agreed,to": 0.027603513174404015, "the,question": 0.011292346298619825, "part,of": 0.006273525721455458, "of,the": 0.013801756587202008, "the,bill": 0.0075282308657465494, "bill,<e>": 0.0075282308657465494, "i,understand": 0.006273525721455458, "that,i": 0.006273525721455458, "the,committee": 0.018820577164366373, "to,amendment": 0.006273525721455458, "amendments,nos": 0.01631116687578419, "nos,<e>": 0.018820577164366373, "call,amendments": 0.010037641154328732, "shall,not": 0.015056461731493099, "not,be": 0.015056461731493099, "be,able": 0.015056461731493099, "able,to": 0.015056461731493099, "<s>,i": 0.006273525721455458, "to,i": 0.02132998745294856, "<cs>,the": 0.010037641154328732, "question,is": 0.00878293601003764, "is,that": 0.00878293601003764, "that,amendment": 0.006273525721455458, "to,<e>": 0.010037641154328732, "<s>,as": 0.006273525721455458, "as,many": 0.006273525721455458, "many,as": 0.006273525721455458, "as,are": 0.006273525721455458, "are,of": 0.006273525721455458, "of,that": 0.006273525721455458, "that,opinion": 0.006273525721455458, "opinion,will": 0.006273525721455458, "will,say": 0.006273525721455458, "say,content": 0.006273525721455458, "to,the": 0.0075282308657465494, "the,noble": 0.0075282308657465494, "<s>,to": 0.010037641154328732, "committee,that": 0.013801756587202008, "advise,the": 0.011292346298619825, "<s>,or": 0.006273525721455458, "or,<e>": 0.006273525721455458}