{"<cs>,my": 0.0734375, "my,lords": 0.075, "with,the": 0.0125, "of,the": 0.0375, "the,house": 0.0234375, "by,my": 0.0078125, "my,right": 0.009375, "right,honourable": 0.009375, "honourable,friend": 0.009375, "<e>,<s>": 0.1046875, "<s>,the": 0.0203125, "by,the": 0.01875, "for,a": 0.0078125, "the,government": 0.0171875, "to,the": 0.0171875, "it,is": 0.0125, "lords,the": 0.0078125, "in,the": 0.021875, "lords,i": 0.034375, "<s>,i": 0.0109375, "committee,on": 0.015625, "i,am": 0.0109375, "that,the": 0.0296875, "<s>,we": 0.009375, "and,the": 0.0109375, "to,be": 0.009375, "i,beg": 0.025, "beg,to": 0.025, "local,government": 0.009375, "local,authorities": 0.0140625, "for,local": 0.0078125, "to,make": 0.009375, "for,the": 0.0140625, "<s>,it": 0.0078125, "on,the": 0.021875, "your,lordships": 0.0125, "my,noble": 0.0125, "noble,friend": 0.009375, "friend,lord": 0.0078125, "the,noble": 0.015625, "this,is": 0.0078125, "noble,lord": 0.009375, "to,move": 0.0234375, "move,that": 0.01875, "this,bill": 0.015625, "house,do": 0.0140625, "do,now": 0.0140625, "now,again": 0.009375, "again,resolve": 0.009375, "resolve,itself": 0.0140625, "itself,into": 0.0140625, "into,committee": 0.0125, "on,this": 0.0140625, "bill,<e>": 0.0140625}