{"<cs>,my": 0.011667810569663692, "my,lords": 0.011667810569663692, "i,may": 0.004118050789293068, "the,noble": 0.019217570350034317, "noble,lord": 0.011667810569663692, "that,there": 0.00549073438572409, "should,be": 0.004118050789293068, "<e>,<s>": 0.10432395332875773, "<s>,i": 0.03568977350720659, "i,believe": 0.004804392587508579, "believe,that": 0.004804392587508579, "that,the": 0.019217570350034317, "and,i": 0.008922443376801648, "i,think": 0.015785861358956762, "noble,viscount": 0.004804392587508579, "that,it": 0.011667810569663692, "it,would": 0.0068634179821551134, "would,be": 0.009608785175017159, "the,number": 0.004118050789293068, "lords,i": 0.0061770761839396015, "i,do": 0.0068634179821551134, "do,not": 0.008922443376801648, "to,make": 0.0034317089910775567, "because,i": 0.004118050789293068, "i,feel": 0.0068634179821551134, "feel,that": 0.00549073438572409, "<s>,but": 0.004118050789293068, "but,i": 0.01029512697323267, "i,should": 0.024021962937542895, "should,like": 0.014413177762525738, "like,to": 0.019217570350034317, "my,noble": 0.02608098833218943, "noble,friend": 0.024021962937542895, "friend,lord": 0.00549073438572409, "thought,that": 0.004804392587508579, "of,scotland": 0.00549073438572409, "think,that": 0.009608785175017159, "very,much": 0.008236101578586136, "hope,that": 0.0034317089910775567, "that,my": 0.004804392587508579, "in,the": 0.01098146877144818, "on,the": 0.012354152367879203, "in,this": 0.0061770761839396015, "a,very": 0.0034317089910775567, "<cs>,i": 0.018531228551818806, "will,not": 0.0034317089910775567, "i,am": 0.013726835964310227, "it,is": 0.017158544955387784, "amount,of": 0.0034317089910775567, "should,have": 0.004118050789293068, "have,thought": 0.004804392587508579, "to,be": 0.0075497597803706245, "has,been": 0.004118050789293068, "have,a": 0.004118050789293068, "i,have": 0.009608785175017159, "not,be": 0.004804392587508579, "to,ask": 0.00549073438572409, "that,this": 0.0034317089910775567, "it,does": 0.0034317089910775567, "the,government": 0.00549073438572409, "ask,the": 0.004118050789293068, "is,not": 0.00549073438572409, "at,the": 0.0034317089910775567, "<s>,it": 0.008922443376801648, "it,seems": 0.00549073438572409, "seems,to": 0.004804392587508579, "may,i": 0.0061770761839396015, "as,the": 0.004804392587508579, "of,the": 0.024708304735758406, "much,like": 0.004118050789293068, "to,support": 0.01098146877144818, "to,me": 0.004118050789293068, "to,the": 0.009608785175017159, "the,bill": 0.0034317089910775567, "this,is": 0.004118050789293068, "is,a": 0.00549073438572409, "i,agree": 0.004804392587508579, "lord,lord": 0.008236101578586136, "and,it": 0.004118050789293068, "in,scotland": 0.0034317089910775567, "of,my": 0.004118050789293068, "they,are": 0.004804392587508579, "support,the": 0.009608785175017159, "<s>,that": 0.0034317089910775567, "that,is": 0.00549073438572409, "is,the": 0.004804392587508579, "that,if": 0.004118050789293068, "think,it": 0.004118050789293068, "that,in": 0.004118050789293068, "there,is": 0.0034317089910775567, "in,many": 0.0034317089910775567, "to,do": 0.0034317089910775567, "them,<e>": 0.0034317089910775567, "the,amendment": 0.01029512697323267, "amendment,<e>": 0.0068634179821551134, "say,that": 0.004804392587508579, "amendment,no": 0.004804392587508579, "no,<e>": 0.004804392587508579, "with,the": 0.0061770761839396015, "perhaps,i": 0.0034317089910775567, "<s>,the": 0.004804392587508579, "which,i": 0.0034317089910775567, "<s>,if": 0.004118050789293068, "from,the": 0.008236101578586136, "of,this": 0.0034317089910775567, "and,the": 0.004804392587508579, "that,i": 0.009608785175017159, "for,the": 0.0068634179821551134, "if,the": 0.0034317089910775567, "be,a": 0.004804392587508579, "so,far": 0.004118050789293068, "far,as": 0.004118050789293068, "is,concerned": 0.0034317089910775567, "there,are": 0.00549073438572409, "that,they": 0.00549073438572409, "the,red": 0.009608785175017159, "to,say": 0.004118050789293068, "in,orkney": 0.0034317089910775567, "to,withdraw": 0.0034317089910775567, "the,minister": 0.004118050789293068, "red,deer": 0.008236101578586136, "deer,commission": 0.0068634179821551134, "friend,the": 0.0034317089910775567}