{"<cs>,my": 0.0507185122569738, "my,lords": 0.05029585798816568, "lords,the": 0.009298393913778529, "in,the": 0.017328825021132713, "in,england": 0.00507185122569738, "<e>,<s>": 0.07734573119188504, "of,the": 0.03423499577345731, "number,of": 0.0033812341504649195, "<s>,the": 0.017328825021132713, "the,government": 0.006339814032121725, "will,be": 0.006762468300929839, "the,housing": 0.0033812341504649195, "at,the": 0.0033812341504649195, "the,end": 0.002113271344040575, "end,of": 0.002113271344040575, "lords,with": 0.005917159763313609, "to,the": 0.015215553677092139, "the,last": 0.0033812341504649195, "that,the": 0.013524936601859678, "the,noble": 0.005917159763313609, "noble,lord": 0.00422654268808115, "lord,lord": 0.00422654268808115, "which,i": 0.00253592561284869, "i,have": 0.0033812341504649195, "in,this": 0.002113271344040575, "have,been": 0.007185122569737954, "the,same": 0.002113271344040575, "<s>,i": 0.0084530853761623, "in,a": 0.002113271344040575, "in,which": 0.0029585798816568047, "is,not": 0.0033812341504649195, "it,is": 0.0076077768385460695, "is,a": 0.0038038884192730348, "lords,i": 0.018596787827557058, "i,beg": 0.014792899408284023, "beg,to": 0.014370245139475908, "to,move": 0.013947590870667794, "move,that": 0.013102282333051564, "the,house": 0.017328825021132713, "on,th": 0.0038038884192730348, "<s>,this": 0.00422654268808115, "this,is": 0.0029585798816568047, "which,is": 0.004649196956889264, "has,been": 0.0033812341504649195, "by,the": 0.005917159763313609, "the,order": 0.00253592561284869, "i,should": 0.00422654268808115, "your,lordships": 0.0029585798816568047, "local,authorities": 0.0076077768385460695, "<s>,it": 0.0033812341504649195, "my,right": 0.01014370245139476, "right,honourable": 0.01014370245139476, "honourable,friend": 0.009298393913778529, "friend,the": 0.009298393913778529, "the,secretary": 0.0084530853761623, "secretary,of": 0.0084530853761623, "of,state": 0.0084530853761623, "state,for": 0.0076077768385460695, "for,the": 0.013524936601859678, "the,environment": 0.005494505494505495, "made,in": 0.005494505494505495, "there,are": 0.002113271344040575, "under,the": 0.002113271344040575, "that,this": 0.0038038884192730348, "this,bill": 0.011411665257819104, "bill,be": 0.00422654268808115, "be,now": 0.004649196956889264, "now,read": 0.0033812341504649195, "read,a": 0.00422654268808115, "a,second": 0.0033812341504649195, "second,time": 0.0029585798816568047, "time,<e>": 0.00507185122569738, "in,another": 0.006762468300929839, "another,place": 0.006762468300929839, "that,we": 0.00253592561284869, "the,bill": 0.005494505494505495, "i,shall": 0.00422654268808115, "do,so": 0.002113271344040575, "and,i": 0.00422654268808115, "bill,<e>": 0.008875739644970414, "i,am": 0.00422654268808115, "local,government": 0.0038038884192730348, "house,do": 0.0076077768385460695, "do,now": 0.0076077768385460695, "now,again": 0.00507185122569738, "again,resolve": 0.00507185122569738, "resolve,itself": 0.0076077768385460695, "itself,into": 0.0076077768385460695, "into,committee": 0.0076077768385460695, "committee,on": 0.0084530853761623, "on,this": 0.008875739644970414, "<s>,in": 0.0038038884192730348, "to,say": 0.0029585798816568047, "say,that": 0.0033812341504649195, "england,and": 0.00253592561284869, "and,wales": 0.0033812341504649195, "year,<e>": 0.0038038884192730348, "on,the": 0.006339814032121725, "of,a": 0.0029585798816568047, "<s>,as": 0.0029585798816568047, "with,the": 0.0076077768385460695, "the,leave": 0.00507185122569738, "leave,of": 0.00507185122569738, "house,i": 0.005917159763313609, "i,will": 0.002113271344040575, "now,repeat": 0.002113271344040575, "repeat,a": 0.005917159763313609, "a,statement": 0.005917159763313609, "statement,which": 0.002113271344040575, "is,being": 0.0038038884192730348, "being,made": 0.006339814032121725, "place,by": 0.00422654268808115, "by,my": 0.005494505494505495, "environment,<e>": 0.002113271344040575, "the,statement": 0.00422654268808115, "statement,is": 0.002113271344040575, "is,as": 0.002113271344040575, "as,follows": 0.004649196956889264, "follows,<e>": 0.004649196956889264, "can,be": 0.002113271344040575, "now,resolve": 0.00253592561284869, "per,cent": 0.0029585798816568047, "cent,<e>": 0.0029585798816568047, "<s>,we": 0.00253592561284869, "to,my": 0.00253592561284869, "to,do": 0.0029585798816568047, "increase,in": 0.002113271344040575, "to,be": 0.00422654268808115, "statement,being": 0.0029585798816568047, "government,have": 0.002113271344040575, "enterprise,zones": 0.002113271344040575, "the,zones": 0.00253592561284869, "should,like": 0.00422654268808115, "like,to": 0.005494505494505495, "my,noble": 0.00422654268808115, "noble,friend": 0.00422654268808115, "friend,lord": 0.0033812341504649195, "this,debate": 0.002113271344040575, "we,are": 0.0033812341504649195, "grateful,to": 0.0029585798816568047, "that,i": 0.0029585798816568047, "lords,we": 0.002113271344040575, "i,understand": 0.002113271344040575, "part,of": 0.002113271344040575, "am,grateful": 0.00253592561284869, "to,repeat": 0.0033812341504649195, "made,<e>": 0.002113271344040575, "and,the": 0.00507185122569738, "for,transport": 0.002113271344040575, "to,which": 0.0029585798816568047, "it,<e>": 0.00253592561284869, "statement,reads": 0.002113271344040575, "reads,as": 0.002113271344040575, "i,would": 0.002113271344040575, "mobile,homes": 0.002113271344040575}