{"<cs>,does": 0.0027472527472527475, "does,the": 0.0027472527472527475, "the,noble": 0.006868131868131868, "noble,lord": 0.005494505494505495, "lord,wish": 0.0027472527472527475, "wish,to": 0.0027472527472527475, "to,withdraw": 0.004120879120879121, "withdraw,the": 0.0027472527472527475, "the,amendment": 0.005494505494505495, "amendment,<e>": 0.004120879120879121, "<cs>,i": 0.009615384615384616, "i,understand": 0.0013736263736263737, "understand,that": 0.0013736263736263737, "that,amendment": 0.0027472527472527475, "amendment,no": 0.034340659340659344, "no,<e>": 0.03708791208791209, "<e>,<s>": 0.0782967032967033, "<s>,will": 0.0013736263736263737, "will,be": 0.0027472527472527475, "be,moved": 0.0013736263736263737, "moved,by": 0.0013736263736263737, "by,the": 0.0013736263736263737, "lord,lord": 0.0027472527472527475, "lord,beaumont": 0.0013736263736263737, "beaumont,of": 0.0013736263736263737, "of,whitley": 0.0013736263736263737, "whitley,<e>": 0.0013736263736263737, "<cs>,is": 0.0013736263736263737, "is,it": 0.0027472527472527475, "it,your": 0.0027472527472527475, "your,lordships": 0.0027472527472527475, "lordships,pleasure": 0.0027472527472527475, "pleasure,that": 0.0027472527472527475, "that,the": 0.004120879120879121, "amendment,be": 0.0027472527472527475, "be,withdrawn": 0.0027472527472527475, "withdrawn,<e>": 0.0027472527472527475, "<cs>,the": 0.009615384615384616, "the,next": 0.006868131868131868, "next,amendment": 0.006868131868131868, "amendment,is": 0.013736263736263736, "is,amendment": 0.0027472527472527475, "<s>,<e>": 0.017857142857142856, "<s>,if": 0.008241758241758242, "if,this": 0.01098901098901099, "this,amendment": 0.012362637362637362, "is,agreed": 0.01510989010989011, "agreed,to": 0.017857142857142856, "to,i": 0.016483516483516484, "i,shall": 0.012362637362637362, "shall,not": 0.012362637362637362, "not,be": 0.013736263736263736, "be,able": 0.013736263736263736, "able,to": 0.013736263736263736, "to,call": 0.013736263736263736, "call,amendments": 0.012362637362637362, "amendments,nos": 0.012362637362637362, "nos,<e>": 0.012362637362637362, "<s>,or": 0.0013736263736263737, "or,<e>": 0.0013736263736263737, "i,should": 0.008241758241758242, "should,point": 0.006868131868131868, "point,out": 0.006868131868131868, "out,that": 0.005494505494505495, "that,if": 0.006868131868131868, "if,amendment": 0.005494505494505495, "<s>,is": 0.005494505494505495, "<s>,to": 0.005494505494505495, "to,<e>": 0.006868131868131868, "withdraw,his": 0.0013736263736263737, "his,amendment": 0.0013736263736263737, "is,no": 0.0013736263736263737, "i,cannot": 0.0027472527472527475, "cannot,call": 0.0027472527472527475, "call,amendment": 0.009615384615384616, "i,now": 0.0013736263736263737, "now,call": 0.0013736263736263737, "<s>,and": 0.005494505494505495, "and,a": 0.0013736263736263737, "a,<e>": 0.0027472527472527475, "<cs>,if": 0.0027472527472527475, "and,<e>": 0.004120879120879121, "<cs>,amendment": 0.0013736263736263737, "<s>,lord": 0.0013736263736263737, "lord,glenamara": 0.0013736263736263737, "glenamara,<e>": 0.0013736263736263737, "i,call": 0.0027472527472527475, "<s>,a": 0.0027472527472527475, "a,to": 0.0013736263736263737, "amendment,should": 0.0013736263736263737, "should,read": 0.0027472527472527475, "read,amendment": 0.0013736263736263737, "amendment,zab": 0.0013736263736263737, "zab,<e>": 0.0013736263736263737, "<cs>,we": 0.008241758241758242, "we,now": 0.004120879120879121, "now,come": 0.004120879120879121, "come,to": 0.004120879120879121, "to,the": 0.005494505494505495, "amendment,which": 0.0013736263736263737, "which,was": 0.0013736263736263737, "was,omitted": 0.0013736263736263737, "omitted,from": 0.0013736263736263737, "from,the": 0.0013736263736263737, "the,fourth": 0.0013736263736263737, "fourth,marshalled": 0.0013736263736263737, "marshalled,list": 0.004120879120879121, "list,although": 0.0013736263736263737, "although,it": 0.0013736263736263737, "it,appeared": 0.0013736263736263737, "appeared,on": 0.0013736263736263737, "on,the": 0.0013736263736263737, "the,third": 0.0027472527472527475, "third,marshalled": 0.0013736263736263737, "list,<e>": 0.0013736263736263737, "<s>,it": 0.0013736263736263737, "it,is": 0.004120879120879121, "is,now": 0.0013736263736263737, "now,amendment": 0.0013736263736263737, "<cs>,before": 0.005494505494505495, "before,i": 0.0027472527472527475, "<s>,i": 0.004120879120879121, "if,it": 0.0013736263736263737, "agreed,i": 0.0013736263736263737, "<s>,were": 0.0013736263736263737, "were,agreed": 0.0027472527472527475, "i,would": 0.0013736263736263737, "would,not": 0.0013736263736263737, "before,calling": 0.0027472527472527475, "calling,amendment": 0.0013736263736263737, "out,a": 0.0013736263736263737, "a,correction": 0.0013736263736263737, "correction,to": 0.0013736263736263737, "the,first": 0.0027472527472527475, "first,line": 0.0027472527472527475, "line,<e>": 0.0013736263736263737, "<s>,the": 0.004120879120879121, "line,should": 0.0013736263736263737, "read,<e>": 0.0013736263736263737, "<cs>,it": 0.0013736263736263737, "it,has": 0.0013736263736263737, "has,been": 0.004120879120879121, "been,moved": 0.0027472527472527475, "moved,already": 0.0013736263736263737, "already,<e>": 0.0013736263736263737, "noble,and": 0.0013736263736263737, "and,learned": 0.0013736263736263737, "learned,lord": 0.0013736263736263737, "lord,should": 0.0013736263736263737, "should,withdraw": 0.0013736263736263737, "withdraw,it": 0.0013736263736263737, "it,<e>": 0.0027472527472527475, "the,question": 0.004120879120879121, "question,is": 0.0027472527472527475, "is,that": 0.004120879120879121, "<s>,be": 0.0013736263736263737, "be,agreed": 0.0013736263736263737, "<s>,as": 0.0027472527472527475, "as,many": 0.0013736263736263737, "many,as": 0.0013736263736263737, "as,are": 0.0013736263736263737, "are,of": 0.0013736263736263737, "of,that": 0.0013736263736263737, "that,opinion": 0.0013736263736263737, "opinion,will": 0.0013736263736263737, "will,say": 0.0013736263736263737, "say,content": 0.0013736263736263737, "content,<e>": 0.0013736263736263737, "the,contrary": 0.0013736263736263737, "contrary,not-content": 0.0013736263736263737, "not-content,<e>": 0.0013736263736263737, "i,think": 0.0013736263736263737, "think,that": 0.0013736263736263737, "the,not-contents": 0.0013736263736263737, "not-contents,have": 0.0013736263736263737, "have,it": 0.0013736263736263737, "<s>,clear": 0.0013736263736263737, "clear,the": 0.0013736263736263737, "the,bar": 0.0013736263736263737, "bar,<e>": 0.0013736263736263737, "the,marshalled": 0.0013736263736263737, "list,inadvertently": 0.0013736263736263737, "inadvertently,lists": 0.0013736263736263737, "lists,amendment": 0.0013736263736263737, "as,an": 0.0013736263736263737, "an,amendment": 0.0027472527472527475, "amendment,to": 0.0027472527472527475, "to,clause": 0.0027472527472527475, "clause,<e>": 0.0027472527472527475, "<s>,in": 0.0027472527472527475, "in,fact": 0.0013736263736263737, "fact,it": 0.0013736263736263737, "is,an": 0.0013736263736263737, "in,the": 0.0013736263736263737, "the,circumstances": 0.0013736263736263737, "circumstances,i": 0.0013736263736263737, "i,will": 0.0013736263736263737, "will,put": 0.0013736263736263737, "put,clauses": 0.0013736263736263737, "clauses,and": 0.0013736263736263737, "and,together": 0.0013736263736263737, "together,<e>": 0.0013736263736263737, "calling,the": 0.0013736263736263737, "amendment,i": 0.0013736263736263737, "should,inform": 0.0013736263736263737, "inform,the": 0.0027472527472527475, "the,committee": 0.004120879120879121, "committee,that": 0.004120879120879121, "the,numbers": 0.0013736263736263737, "numbers,voting": 0.0013736263736263737, "voting,in": 0.0013736263736263737, "in,division": 0.0013736263736263737, "division,no": 0.0013736263736263737, "<s>,should": 0.0013736263736263737, "should,have": 0.0013736263736263737, "have,been": 0.0013736263736263737, "been,announced": 0.0013736263736263737, "announced,as": 0.0013736263736263737, "as,contents": 0.0013736263736263737,