{"<cs>,the": 0.019230769230769232, "the,noble": 0.019230769230769232, "noble,baroness": 0.019230769230769232, "baroness,cannot": 0.019230769230769232, "cannot,do": 0.019230769230769232, "do,so": 0.019230769230769232, "so,<e>": 0.019230769230769232, "<cs>,my": 0.038461538461538464, "my,lords": 0.038461538461538464, "lords,i": 0.038461538461538464, "i,now": 0.019230769230769232, "now,call": 0.019230769230769232, "call,amendment": 0.038461538461538464, "amendment,no": 0.057692307692307696, "no,<e>": 0.057692307692307696, "<e>,<s>": 0.07692307692307693, "<s>,<e>": 0.019230769230769232, "<s>,if": 0.019230769230769232, "if,amendment": 0.019230769230769232, "<s>,is": 0.019230769230769232, "is,agreed": 0.019230769230769232, "agreed,to": 0.019230769230769232, "to,i": 0.019230769230769232, "i,cannot": 0.019230769230769232, "cannot,call": 0.019230769230769232, "<s>,a": 0.019230769230769232, "a,on": 0.019230769230769232, "on,grounds": 0.019230769230769232, "grounds,of": 0.019230769230769232, "of,pre-emption": 0.019230769230769232, "pre-emption,<e>": 0.019230769230769232, "i,must": 0.019230769230769232, "must,tell": 0.019230769230769232, "tell,the": 0.019230769230769232, "the,house": 0.019230769230769232, "house,that": 0.019230769230769232, "that,if": 0.019230769230769232, "if,we": 0.019230769230769232, "we,agree": 0.019230769230769232, "agree,to": 0.019230769230769232, "to,<e>": 0.019230769230769232}