{"<cs>,my": 0.06139315230224321, "my,lords": 0.06139315230224321, "lords,as": 0.0070838252656434475, "my,right": 0.01770956316410862, "right,honourable": 0.01770956316410862, "honourable,friend": 0.01770956316410862, "in,another": 0.0070838252656434475, "another,place": 0.0070838252656434475, "the,government": 0.01770956316410862, "<e>,<s>": 0.09917355371900827, "and,the": 0.011806375442739079, "in,the": 0.0295159386068477, "the,noble": 0.012987012987012988, "noble,lord": 0.010625737898465172, "lord,lord": 0.009445100354191263, "i,am": 0.011806375442739079, "<s>,i": 0.021251475796930343, "for,the": 0.0070838252656434475, "of,the": 0.04250295159386069, "lords,the": 0.01652892561983471, "the,house": 0.020070838252656435, "my,noble": 0.009445100354191263, "noble,friend": 0.009445100354191263, "<s>,the": 0.012987012987012988, "to,the": 0.015348288075560802, "lords,i": 0.014167650531286895, "i,beg": 0.009445100354191263, "beg,to": 0.009445100354191263, "to,move": 0.011806375442739079, "move,that": 0.009445100354191263, "this,bill": 0.009445100354191263, "on,the": 0.01652892561983471, "by,the": 0.009445100354191263, "that,the": 0.014167650531286895, "committee,on": 0.0059031877213695395, "on,this": 0.0059031877213695395, "friend,the": 0.012987012987012988, "lords,with": 0.008264462809917356, "with,the": 0.011806375442739079, "the,leave": 0.008264462809917356, "leave,of": 0.009445100354191263, "may,i": 0.008264462809917356, "repeat,a": 0.009445100354191263, "a,statement": 0.010625737898465172, "statement,made": 0.0059031877213695395, "made,in": 0.0059031877213695395, "the,other": 0.008264462809917356, "other,place": 0.008264462809917356, "by,my": 0.011806375442739079, "the,secretary": 0.011806375442739079, "secretary,of": 0.011806375442739079, "of,state": 0.012987012987012988, "state,for": 0.012987012987012988, "for,industry": 0.010625737898465172, "industry,<e>": 0.009445100354191263, "the,statement": 0.011806375442739079, "that,i": 0.0070838252656434475, "i,shall": 0.009445100354191263, "which,the": 0.0059031877213695395, "has,been": 0.0059031877213695395, "<s>,it": 0.010625737898465172, "i,should": 0.0070838252656434475, "of,our": 0.009445100354191263, "per,cent": 0.010625737898465172, "cent,<e>": 0.010625737898465172, "house,i": 0.0070838252656434475, "now,repeat": 0.0070838252656434475, "her,majestys": 0.0070838252656434475, "all,the": 0.0059031877213695395, "that,they": 0.0059031877213695395, "it,is": 0.0070838252656434475, "<s>,of": 0.0059031877213695395, "our,imports": 0.0059031877213695395}