{"<cs>,i": 0.022988505747126436, "i,rise": 0.011494252873563218, "rise,to": 0.011494252873563218, "to,put": 0.011494252873563218, "put,the": 0.011494252873563218, "the,question": 0.011494252873563218, "question,<e>": 0.011494252873563218, "<cs>,in": 0.022988505747126436, "in,calling": 0.022988505747126436, "calling,amendment": 0.022988505747126436, "amendment,no": 0.06896551724137931, "no,<e>": 0.06896551724137931, "<e>,<s>": 0.06896551724137931, "<s>,i": 0.011494252873563218, "i,should": 0.022988505747126436, "should,point": 0.022988505747126436, "point,out": 0.034482758620689655, "out,to": 0.022988505747126436, "to,the": 0.034482758620689655, "the,committee": 0.034482758620689655, "committee,that": 0.022988505747126436, "that,if": 0.034482758620689655, "if,this": 0.011494252873563218, "this,amendment": 0.011494252873563218, "amendment,is": 0.011494252873563218, "is,agreed": 0.022988505747126436, "agreed,to": 0.022988505747126436, "to,i": 0.022988505747126436, "i,cannot": 0.034482758620689655, "cannot,call": 0.034482758620689655, "call,amendment": 0.034482758620689655, "<s>,<e>": 0.022988505747126436, "if,amendment": 0.011494252873563218, "<s>,is": 0.011494252873563218, "<s>,b": 0.011494252873563218, "b,i": 0.011494252873563218, "i,must": 0.011494252873563218, "must,point": 0.011494252873563218, "out,that": 0.011494252873563218, "if,the": 0.011494252873563218, "committee,agrees": 0.011494252873563218, "agrees,to": 0.011494252873563218, "the,amendment": 0.011494252873563218, "amendment,i": 0.011494252873563218, "<s>,c": 0.011494252873563218, "c,<e>": 0.011494252873563218}