{"<cs>,i": 0.027083333333333334, "amendments,nos": 0.03333333333333333, "nos,<e>": 0.03333333333333333, "<e>,<s>": 0.13958333333333334, "<s>,and": 0.010416666666666666, "in,the": 0.0125, "of,the": 0.010416666666666666, "the,noble": 0.03125, "noble,lord": 0.027083333333333334, "lord,lord": 0.0125, "amendment,no": 0.07291666666666667, "no,<e>": 0.07291666666666667, "<s>,<e>": 0.014583333333333334, "<s>,is": 0.016666666666666666, "i,have": 0.01875, "have,to": 0.01875, "to,point": 0.01875, "point,out": 0.025, "the,committee": 0.010416666666666666, "that,if": 0.01875, "if,amendment": 0.01875, "is,agreed": 0.03333333333333333, "agreed,to": 0.035416666666666666, "to,i": 0.03125, "i,cannot": 0.029166666666666667, "cannot,call": 0.029166666666666667, "call,amendments": 0.01875, "<cs>,if": 0.014583333333333334, "call,amendment": 0.0125, "i,must": 0.014583333333333334, "before,calling": 0.014583333333333334, "calling,amendment": 0.016666666666666666, "<s>,i": 0.025, "<s>,to": 0.010416666666666666, "<cs>,before": 0.014583333333333334, "out,that": 0.022916666666666665, "the,chair": 0.0125, "amendment,<e>": 0.010416666666666666, "it,is": 0.010416666666666666}