{"<cs>,my": 0.04660426209918343, "my,lords": 0.04879506074487154, "lords,i": 0.01593308105954989, "i,must": 0.001593308105954989, "inform,the": 0.0009958175662218682, "the,house": 0.007767377016530572, "house,that": 0.001593308105954989, "that,if": 0.007966540529774946, "if,this": 0.002589125672176857, "this,amendment": 0.005775741884086835, "amendment,is": 0.005377414857598088, "is,agreed": 0.007966540529774946, "agreed,to": 0.015335590519816769, "to,i": 0.008165704043019318, "i,cannot": 0.008165704043019318, "cannot,call": 0.0073690499900418245, "call,amendment": 0.010754829715196175, "amendment,no": 0.04959171479784903, "no,<e>": 0.05357498506273651, "<e>,<s>": 0.09261103365863374, "<s>,<e>": 0.01712806213901613, "i,understand": 0.00219079864568811, "understand,that": 0.001593308105954989, "that,amendment": 0.0047799243178649675, "<s>,has": 0.0009958175662218682, "has,been": 0.002589125672176857, "withdrawn,<e>": 0.0017924716191993627, "lords,as": 0.0017924716191993627, "as,an": 0.0019916351324437364, "an,amendment": 0.003186616211909978, "amendment,to": 0.0035849432383987254, "to,the": 0.007767377016530572, "the,amendment": 0.005178251344353714, "<s>,a": 0.008962358095996813, "a,<e>": 0.00219079864568811, "lords,amendment": 0.0035849432383987254, "<s>,is": 0.006970722963553077, "is,an": 0.0013941445927106153, "<s>,if": 0.0013941445927106153, "<s>,to": 0.004580760804620594, "<cs>,i": 0.003784106751643099, "i,think": 0.0041824337781318464, "it,<e>": 0.006174068910575582, "your,lordships": 0.006373232423819956, "of,the": 0.007767377016530572, "as,i": 0.0009958175662218682, "is,that": 0.010157339175463055, "it,is": 0.0033857797251543517, "is,not": 0.0019916351324437364, "to,be": 0.001593308105954989, "i,will": 0.002589125672176857, "will,put": 0.0009958175662218682, "put,the": 0.00219079864568811, "the,question": 0.010754829715196175, "again,<e>": 0.0011949810794662419, "that,is": 0.0017924716191993627, "lords,is": 0.001593308105954989, "is,the": 0.0019916351324437364, "the,noble": 0.013343955387373034, "<cs>,is": 0.0011949810794662419, "is,it": 0.0023899621589324837, "it,your": 0.001593308105954989, "lordships,pleasure": 0.0013941445927106153, "pleasure,that": 0.0013941445927106153, "that,the": 0.005775741884086835, "amendment,be": 0.0027882891854212307, "be,withdrawn": 0.0013941445927106153, "<cs>,the": 0.0035849432383987254, "that,this": 0.004580760804620594, "shall,be": 0.0011949810794662419, "be,agreed": 0.00657239593706433, "to,<e>": 0.008962358095996813, "<cs>,clear": 0.0009958175662218682, "clear,the": 0.0013941445927106153, "the,bar": 0.0013941445927106153, "bar,<e>": 0.0013941445927106153, "for,the": 0.0013941445927106153, "amendments,nos": 0.01155148376817367, "nos,<e>": 0.011949810794662417, "together,<e>": 0.00219079864568811, "that,amendments": 0.0013941445927106153, "the,contents": 0.0033857797251543517, "contents,have": 0.0033857797251543517, "standing,order": 0.0009958175662218682, "order,no": 0.0009958175662218682, "therefore,cannot": 0.0009958175662218682, "and,i": 0.0011949810794662419, "the,not-contents": 0.0023899621589324837, "not-contents,have": 0.0019916351324437364, "have,it": 0.004979087831109341, "<s>,the": 0.005775741884086835, "question,is": 0.007767377016530572, "<s>,as": 0.005377414857598088, "as,many": 0.0027882891854212307, "many,as": 0.0027882891854212307, "as,are": 0.0027882891854212307, "are,of": 0.002589125672176857, "of,that": 0.002589125672176857, "that,opinion": 0.002589125672176857, "opinion,will": 0.0023899621589324837, "will,say": 0.002589125672176857, "say,content": 0.0027882891854212307, "content,to": 0.0011949810794662419, "the,contrary": 0.003784106751643099, "contrary,not-content": 0.0035849432383987254, "not-content,<e>": 0.0035849432383987254, "wish,to": 0.0023899621589324837, "to,move": 0.0029874526986656044, "move,amendment": 0.0011949810794662419, "which,is": 0.0011949810794662419, "on,the": 0.0035849432383987254, "list,<e>": 0.0013941445927106153, "to,amendment": 0.00438159729137622, "<s>,in": 0.0013941445927106153, "in,the": 0.005775741884086835, "the,name": 0.002589125672176857, "name,of": 0.002589125672176857, "of,lord": 0.0009958175662218682, "<cs>,amendment": 0.0017924716191993627, "not,moved": 0.0017924716191993627, "moved,<e>": 0.003983270264887473, "i,have": 0.005974905397331209, "have,to": 0.006174068910575582, "to,call": 0.004979087831109341, "a,misprint": 0.0011949810794662419, "<s>,b": 0.0019916351324437364, "now,call": 0.0011949810794662419, "noble,lord": 0.008364867556263693, "lord,lord": 0.0019916351324437364, "as,the": 0.0009958175662218682, "if,amendment": 0.00438159729137622, "lords,the": 0.0073690499900418245, "be,moved": 0.0013941445927106153, "amendments,have": 0.0013941445927106153, "have,been": 0.001593308105954989, "a,and": 0.0011949810794662419, "b,<e>": 0.0013941445927106153, "lords,does": 0.0013941445927106153, "does,the": 0.002589125672176857, "to,withdraw": 0.0017924716191993627, "amendment,<e>": 0.0029874526986656044, "with,the": 0.00438159729137622, "the,leave": 0.001593308105954989, "leave,of": 0.0017924716191993627, "i,could": 0.0011949810794662419, "<s>,that": 0.001593308105954989, "amendments,<e>": 0.0011949810794662419, "<s>,be": 0.00219079864568811, "i,should": 0.006174068910575582, "noble,baroness": 0.00219079864568811, "manuscript,amendment": 0.0011949810794662419, "<s>,it": 0.0011949810794662419, "point,out": 0.0029874526986656044, "out,that": 0.0029874526986656044, "able,to": 0.002589125672176857, "amendment,proposed": 0.0009958175662218682, "page,line": 0.0009958175662218682, "the,marshalled": 0.0027882891854212307, "marshalled,list": 0.0027882891854212307, "by,the": 0.0009958175662218682, "lord,<e>": 0.0009958175662218682, "<s>,i": 0.009759012148974308, "should,point": 0.001593308105954989, "the,first": 0.001593308105954989, "should,read": 0.0017924716191993627, "think,the": 0.00219079864568811, "lords,in": 0.003784106751643099, "the,next": 0.003983270264887473, "next,amendment": 0.0027882891854212307, "is,amendment": 0.0019916351324437364, "there,is": 0.0027882891854212307, "<s>,and": 0.006771559450308703, "if,the": 0.0009958175662218682, "noble,earl": 0.001593308105954989, "lords,if": 0.0017924716191993627, "these,amendments": 0.0011949810794662419, "in,calling": 0.0033857797251543517, "calling,amendment": 0.0041824337781318464, "i,shall": 0.003983270264887473, "shall,not": 0.0017924716191993627, "not,be": 0.0027882891854212307, "be,able": 0.0023899621589324837, "he,is": 0.0009958175662218682, "is,a": 0.0027882891854212307, "it,should": 0.0011949810794662419, "that,there": 0.001593308105954989, "<s>,which": 0.0009958175662218682, "to,take": 0.0009958175662218682, "if,it": 0.0017924716191993627, "lords,it": 0.0011949810794662419, "two,amendments": 0.0013941445927106153, "say,that": 0.002589125672176857, "lords,before": 0.0011949810794662419, "before,calling": 0.0011949810794662419, "to,inform": 0.0013941445927106153, "inform,your": 0.0013941445927106153, "lordships,that": 0.00219079864568811, "we,are": 0.0009958175662218682, "are,now": 0.0009958175662218682, "i,am": 0.0017924716191993627, "i,call": 0.0023899621589324837, "call,amendments": 0.0033857797251543517, "should,explain": 0.0009958175662218682, "lords,with": 0.0011949810794662419, "and,are": 0.0011949810794662419, "agreed,i": 0.0011949810794662419, "the,amendments": 0.0013941445927106153, "noble,lords": 0.0013941445927106153, "time,<e>": 0.0009958175662218682, "shall,put": 0.0009958175662218682, "i,apologise": 0.0009958175662218682, "a,manuscript": 0.0009958175662218682, "baroness,lady": 0.0009958175662218682, "as,amendment": 0.0009958175662218682, "content,<e>": 0.001593308105954989, "on,amendment": 0.0009958175662218682, "to,put": 0.0009958175662218682, "and,<e>": 0.0027882891854212307, "<cs>,to": 0.001593308105954989, "house,do": 0.00219079864568811, "could,not": 0.0009958175662218682, "not,call": 0.0009958175662218682, "amendments,to": 0.0013941445927106153,