{"<cs>,my": 0.03645200486026731, "my,lords": 0.03645200486026731, "lords,amendment": 0.006075334143377886, "amendment,proposed": 0.006075334143377886, "proposed,page": 0.0036452004860267314, "page,line": 0.0036452004860267314, "line,column": 0.001215066828675577, "column,leave": 0.001215066828675577, "leave,out": 0.002430133657351154, "out,and": 0.001215066828675577, "and,insert": 0.001215066828675577, "insert,<e>": 0.001215066828675577, "lords,i": 0.00850546780072904, "i,should": 0.015795868772782502, "should,point": 0.00850546780072904, "point,out": 0.00850546780072904, "out,to": 0.007290400972053463, "to,the": 0.004860267314702308, "the,house": 0.010935601458080195, "house,that": 0.007290400972053463, "that,there": 0.001215066828675577, "there,is": 0.001215066828675577, "is,a": 0.001215066828675577, "a,misprint": 0.002430133657351154, "misprint,<e>": 0.001215066828675577, "<e>,<s>": 0.0583232077764277, "<s>,the": 0.002430133657351154, "the,next": 0.002430133657351154, "next,amendment": 0.002430133657351154, "amendment,should": 0.001215066828675577, "should,read": 0.002430133657351154, "read,<e>": 0.002430133657351154, "lords,we": 0.001215066828675577, "we,now": 0.001215066828675577, "now,come": 0.001215066828675577, "come,to": 0.001215066828675577, "to,schedule": 0.001215066828675577, "schedule,<e>": 0.001215066828675577, "<s>,in": 0.001215066828675577, "in,the": 0.006075334143377886, "the,fifth": 0.001215066828675577, "fifth,schedule": 0.001215066828675577, "schedule,the": 0.001215066828675577, "the,numbering": 0.001215066828675577, "numbering,has": 0.001215066828675577, "has,been": 0.0036452004860267314, "been,omitted": 0.002430133657351154, "omitted,in": 0.001215066828675577, "the,marshalled": 0.0036452004860267314, "marshalled,list": 0.0036452004860267314, "list,and": 0.001215066828675577, "and,the": 0.001215066828675577, "the,two": 0.001215066828675577, "two,amendments": 0.001215066828675577, "amendments,should": 0.001215066828675577, "should,be": 0.002430133657351154, "be,numbered": 0.001215066828675577, "numbered,and": 0.001215066828675577, "and,<e>": 0.0036452004860267314, "<s>,so": 0.001215066828675577, "so,the": 0.001215066828675577, "amendment,is": 0.006075334143377886, "is,no": 0.001215066828675577, "no,<e>": 0.030376670716889428, "<s>,<e>": 0.012150668286755772, "to,your": 0.002430133657351154, "your,lordships": 0.004860267314702308, "lordships,that": 0.0036452004860267314, "that,if": 0.009720534629404616, "if,this": 0.004860267314702308, "this,amendment": 0.007290400972053463, "is,agreed": 0.010935601458080195, "agreed,to": 0.018226002430133656, "to,i": 0.012150668286755772, "i,cannot": 0.009720534629404616, "cannot,call": 0.00850546780072904, "call,amendments": 0.002430133657351154, "amendments,nos": 0.00850546780072904, "nos,<e>": 0.00850546780072904, "<s>,and": 0.0036452004860267314, "<cs>,the": 0.001215066828675577, "the,amendment": 0.007290400972053463, "proposed,is": 0.001215066828675577, "is,on": 0.001215066828675577, "on,page": 0.001215066828675577, "page,leave": 0.001215066828675577, "out,lines": 0.001215066828675577, "lines,to": 0.001215066828675577, "to,<e>": 0.009720534629404616, "<s>,i": 0.007290400972053463, "if,it": 0.0036452004860267314, "it,should": 0.001215066828675577, "be,agreed": 0.007290400972053463, "<s>,or": 0.001215066828675577, "or,<e>": 0.001215066828675577, "line,and": 0.001215066828675577, "and,not": 0.001215066828675577, "not,line": 0.001215066828675577, "line,as": 0.001215066828675577, "as,printed": 0.0036452004860267314, "printed,on": 0.001215066828675577, "on,the": 0.004860267314702308, "list,at": 0.001215066828675577, "at,end": 0.002430133657351154, "end,insert": 0.002430133657351154, "insert,the": 0.002430133657351154, "the,words": 0.002430133657351154, "words,as": 0.002430133657351154, "printed,<e>": 0.002430133657351154, "lords,for": 0.001215066828675577, "for,good": 0.001215066828675577, "good,order": 0.001215066828675577, "order,the": 0.001215066828675577, "the,alphabet": 0.001215066828675577, "alphabet,must": 0.001215066828675577, "must,now": 0.001215066828675577, "now,be": 0.001215066828675577, "be,amended": 0.001215066828675577, "amended,<e>": 0.001215066828675577, "i,call": 0.001215066828675577, "call,amendment": 0.009720534629404616, "amendment,no": 0.026731470230862697, "<s>,u": 0.001215066828675577, "u,<e>": 0.001215066828675577, "<cs>,i": 0.001215066828675577, "should,draw": 0.001215066828675577, "draw,the": 0.001215066828675577, "the,attention": 0.001215066828675577, "attention,of": 0.001215066828675577, "of,the": 0.002430133657351154, "house,to": 0.001215066828675577, "to,a": 0.001215066828675577, "misprint,in": 0.001215066828675577, "list,<e>": 0.001215066828675577, "<s>,amendment": 0.001215066828675577, "<s>,should": 0.001215066828675577, "lords,the": 0.009720534629404616, "the,time": 0.001215066828675577, "time,allotted": 0.001215066828675577, "allotted,for": 0.001215066828675577, "for,this": 0.001215066828675577, "this,debate": 0.001215066828675577, "debate,has": 0.001215066828675577, "has,now": 0.001215066828675577, "now,elapsed": 0.001215066828675577, "elapsed,<e>": 0.001215066828675577, "<s>,does": 0.0036452004860267314, "does,the": 0.002430133657351154, "the,noble": 0.00850546780072904, "noble,lord": 0.004860267314702308, "lord,now": 0.001215066828675577, "now,wish": 0.001215066828675577, "wish,to": 0.0036452004860267314, "to,withdraw": 0.002430133657351154, "withdraw,his": 0.001215066828675577, "his,motion": 0.001215066828675577, "motion,<e>": 0.001215066828675577, "<cs>,amendment": 0.002430133657351154, "<cs>,in": 0.001215066828675577, "the,light": 0.001215066828675577, "light,of": 0.001215066828675577, "of,lord": 0.001215066828675577, "lord,rosss": 0.001215066828675577, "rosss,intervention": 0.001215066828675577, "intervention,i": 0.001215066828675577, "i,think": 0.001215066828675577, "think,i": 0.001215066828675577, "should,put": 0.001215066828675577, "put,the": 0.002430133657351154, "the,amendments": 0.001215066828675577, "amendments,separately": 0.001215066828675577, "separately,<e>": 0.001215066828675577, "lords,if": 0.002430133657351154, "if,amendment": 0.0036452004860267314, "<s>,is": 0.0036452004860267314, "i,shall": 0.002430133657351154, "shall,then": 0.001215066828675577, "then,put": 0.001215066828675577, "the,question": 0.010935601458080195, "question,on": 0.001215066828675577, "on,amendments": 0.001215066828675577, "<s>,to": 0.0036452004860267314, "question,is": 0.007290400972053463, "is,that": 0.004860267314702308, "that,amendments": 0.001215066828675577, "to,be": 0.001215066828675577, "lords,before": 0.0036452004860267314, "before,putting": 0.001215066828675577, "putting,the": 0.001215066828675577, "question,i": 0.001215066828675577, "the,<e>": 0.001215066828675577, "before,calling": 0.002430133657351154, "calling,amendment": 0.002430133657351154, "it,is": 0.002430133657351154, "lord,has": 0.002430133657351154, "has,asked": 0.001215066828675577, "asked,leave": 0.001215066828675577, "leave,to": 0.001215066828675577, "withdraw,the": 0.001215066828675577, "amendment,<e>": 0.004860267314702308, "<s>,therefore": 0.001215066828675577, "therefore,the": 0.001215066828675577, "is,is": 0.001215066828675577, "is,it": 0.001215066828675577, "it,your": 0.001215066828675577, "lordships,pleasure": 0.001215066828675577, "pleasure,that": 0.001215066828675577, "that,this": 0.002430133657351154, "amendment,be": 0.002430133657351154, "be,withdrawn": 0.001215066828675577, "withdrawn,<e>": 0.001215066828675577, "the,original": 0.001215066828675577, "original,question": 0.001215066828675577, "question,was": 0.001215066828675577, "was,that": 0.001215066828675577, "that,the": 0.0036452004860267314, "the,draft": 0.001215066828675577, "draft,order": 0.001215066828675577, "order,laid": 0.001215066828675577, "laid,before": 0.001215066828675577, "before,the": 0.002430133657351154, "house,be": 0.001215066828675577, "be,approved": 0.001215066828675577, "approved,since": 0.001215066828675577,