{"<cs>,i": 0.007891770011273957, "i,understand": 0.005636978579481398, "understand,there": 0.0011273957158962795, "there,is": 0.0033821871476888386, "is,a": 0.002254791431792559, "a,mistake": 0.0011273957158962795, "mistake,on": 0.0011273957158962795, "on,the": 0.005636978579481398, "the,marshalled": 0.005636978579481398, "marshalled,list": 0.005636978579481398, "list,in": 0.0011273957158962795, "in,the": 0.009019165727170236, "the,numbering": 0.0011273957158962795, "numbering,of": 0.0011273957158962795, "of,the": 0.005636978579481398, "the,next": 0.006764374295377677, "next,two": 0.0011273957158962795, "two,amendments": 0.0011273957158962795, "amendments,<e>": 0.0011273957158962795, "<e>,<s>": 0.06426155580608793, "<s>,i": 0.010146561443066516, "i,think": 0.005636978579481398, "think,i": 0.0033821871476888386, "i,should": 0.005636978579481398, "should,next": 0.0011273957158962795, "next,call": 0.0011273957158962795, "call,no": 0.0011273957158962795, "no,<e>": 0.03494926719278467, "<s>,followed": 0.0011273957158962795, "followed,by": 0.0011273957158962795, "by,no": 0.0011273957158962795, "<s>,<e>": 0.007891770011273957, "<cs>,we": 0.0011273957158962795, "we,could": 0.0011273957158962795, "could,not": 0.006764374295377677, "not,have": 0.0011273957158962795, "have,divided": 0.0011273957158962795, "divided,the": 0.0011273957158962795, "the,clause": 0.0011273957158962795, "clause,into": 0.0011273957158962795, "into,two": 0.0011273957158962795, "two,separate": 0.0011273957158962795, "separate,parts": 0.0011273957158962795, "parts,without": 0.0011273957158962795, "without,having": 0.0011273957158962795, "having,first": 0.0011273957158962795, "first,agreed": 0.0011273957158962795, "agreed,to": 0.014656144306651634, "to,it": 0.002254791431792559, "it,<e>": 0.0033821871476888386, "<cs>,before": 0.0011273957158962795, "before,calling": 0.0011273957158962795, "calling,this": 0.0011273957158962795, "this,amendment": 0.0033821871476888386, "amendment,i": 0.002254791431792559, "should,have": 0.002254791431792559, "have,put": 0.0011273957158962795, "put,the": 0.0011273957158962795, "the,question": 0.009019165727170236, "question,that": 0.0011273957158962795, "that,clause": 0.0011273957158962795, "clause,stand": 0.0011273957158962795, "stand,part": 0.002254791431792559, "part,<e>": 0.0011273957158962795, "<s>,perhaps": 0.0011273957158962795, "perhaps,i": 0.0011273957158962795, "i,may": 0.0011273957158962795, "may,now": 0.0011273957158962795, "now,do": 0.0011273957158962795, "do,that": 0.0011273957158962795, "that,<e>": 0.0011273957158962795, "<s>,the": 0.002254791431792559, "question,is": 0.004509582863585118, "is,whether": 0.0011273957158962795, "whether,clause": 0.0011273957158962795, "clause,shall": 0.0011273957158962795, "shall,stand": 0.0011273957158962795, "part,of": 0.0011273957158962795, "the,bill": 0.002254791431792559, "bill,<e>": 0.002254791431792559, "<cs>,immediately": 0.0011273957158962795, "immediately,before": 0.0011273957158962795, "before,amendment": 0.0011273957158962795, "amendment,no": 0.030439684329199548, "<s>,g": 0.0011273957158962795, "g,on": 0.0011273957158962795, "list,there": 0.0011273957158962795, "there,appears": 0.0011273957158962795, "appears,to": 0.0011273957158962795, "to,be": 0.005636978579481398, "be,a": 0.0011273957158962795, "a,two-line": 0.0011273957158962795, "two-line,amendment": 0.0011273957158962795, "amendment,which": 0.0011273957158962795, "which,is": 0.0011273957158962795, "is,unmarked": 0.0011273957158962795, "unmarked,and": 0.0011273957158962795, "and,unnumbered": 0.0011273957158962795, "unnumbered,<e>": 0.0011273957158962795, "<s>,it": 0.0011273957158962795, "it,is": 0.0011273957158962795, "is,about": 0.0011273957158962795, "about,stamp": 0.0011273957158962795, "stamp,duty": 0.0011273957158962795, "duty,<e>": 0.0011273957158962795, "<s>,does": 0.0011273957158962795, "does,the": 0.0011273957158962795, "the,noble": 0.005636978579481398, "noble,baroness": 0.0011273957158962795, "baroness,move": 0.0011273957158962795, "move,that": 0.0011273957158962795, "that,amendment": 0.004509582863585118, "amendment,<e>": 0.002254791431792559, "<cs>,with": 0.0011273957158962795, "with,the": 0.0011273957158962795, "the,leave": 0.0011273957158962795, "leave,of": 0.0011273957158962795, "the,committee": 0.009019165727170236, "committee,i": 0.0011273957158962795, "i,could": 0.006764374295377677, "could,put": 0.0011273957158962795, "put,a": 0.002254791431792559, "a,single": 0.002254791431792559, "single,question": 0.002254791431792559, "question,as": 0.0011273957158962795, "as,to": 0.0011273957158962795, "to,amendments": 0.0011273957158962795, "amendments,nos": 0.013528748590755355, "nos,<e>": 0.013528748590755355, "<s>,and": 0.006764374295377677, "and,<e>": 0.002254791431792559, "is,that": 0.005636978579481398, "that,amendments": 0.0033821871476888386, "and,be": 0.0011273957158962795, "be,agreed": 0.005636978579481398, "to,<e>": 0.005636978579481398, "i,have": 0.011273957158962795, "have,to": 0.012401352874859075, "to,tell": 0.0011273957158962795, "tell,the": 0.0011273957158962795, "committee,that": 0.004509582863585118, "that,there": 0.002254791431792559, "is,an": 0.0011273957158962795, "an,error": 0.0011273957158962795, "error,in": 0.0011273957158962795, "the,printing": 0.0011273957158962795, "printing,and": 0.0011273957158962795, "and,that": 0.0011273957158962795, "and,a": 0.0011273957158962795, "a,are": 0.0011273957158962795, "are,printed": 0.0011273957158962795, "printed,in": 0.0011273957158962795, "the,wrong": 0.0011273957158962795, "wrong,order": 0.0011273957158962795, "order,so": 0.0011273957158962795, "so,i": 0.0011273957158962795, "i,now": 0.0011273957158962795, "now,have": 0.0011273957158962795, "to,call": 0.005636978579481398, "call,amendment": 0.009019165727170236, "<s>,a": 0.005636978579481398, "a,but": 0.0011273957158962795, "but,i": 0.0011273957158962795, "understand,that": 0.004509582863585118, "that,that": 0.0011273957158962795, "that,is": 0.0011273957158962795, "is,not": 0.0011273957158962795, "not,being": 0.002254791431792559, "being,moved": 0.002254791431792559, "moved,<e>": 0.0033821871476888386, "<cs>,the": 0.005636978579481398, "question,before": 0.002254791431792559, "before,the": 0.002254791431792559, "committee,is": 0.002254791431792559, "<s>,in": 0.0011273957158962795, "the,name": 0.0011273957158962795, "name,of": 0.0011273957158962795, "noble,<e>": 0.0011273957158962795, "have,reminded": 0.0011273957158962795, "reminded,the": 0.0011273957158962795, "that,if": 0.010146561443066516, "if,either": 0.0011273957158962795, "either,this": 0.0011273957158962795, "amendment,or": 0.0011273957158962795, "or,the": 0.0011273957158962795, "next,is": 0.0011273957158962795, "is,agreed": 0.006764374295377677, "agreed,i": 0.0011273957158962795, "i,shall": 0.004509582863585118, "shall,not": 0.0033821871476888386, "not,be": 0.0033821871476888386, "be,able": 0.0033821871476888386, "able,to": 0.0033821871476888386, "<s>,or": 0.004509582863585118, "or,amendment": 0.0011273957158962795, "<cs>,in": 0.006764374295377677, "in,calling": 0.005636978579481398, "calling,amendment": 0.005636978579481398, "should,point": 0.0011273957158962795, "point,out": 0.005636978579481398, "out,that": 0.004509582863585118, "a,misprint": 0.002254791431792559, "misprint,<e>": 0.0011273957158962795, "that,the": 0.0011273957158962795, "the,amendment": 0.005636978579481398, "amendment,should": 0.0011273957158962795, "should,read": 0.0011273957158962795, "read,page": 0.0011273957158962795, "page,line": 0.002254791431792559, "line,leave": 0.0011273957158962795, "leave,out": 0.0011273957158962795, "out,paragraph": 0.0011273957158962795, "paragraph,<e>": 0.0011273957158962795, "to,point": 0.004509582863585118, "if,the": 0.004509582863585118, "amendment,is": 0.002254791431792559, "to,i": 0.010146561443066516, "the,schedules": 0.0011273957158962795, "schedules,owing": 0.0011273957158962795, "owing,to": 0.0011273957158962795, "to,a": 0.0011273957158962795,