{"<cs>,my": 0.059588299024918745, "my,lords": 0.06067172264355363, "in,the": 0.0390032502708559, "<e>,<s>": 0.10725893824485373, "and,the": 0.00866738894907909, "to,be": 0.00866738894907909, "of,the": 0.06067172264355363, "<s>,the": 0.02275189599133261, "to,the": 0.02600216684723727, "the,second": 0.0065005417118093175, "the,noble": 0.02600216684723727, "noble,lords": 0.005417118093174431, "lords,with": 0.00866738894907909, "with,the": 0.018418201516793065, "the,leave": 0.00866738894907909, "leave,of": 0.00866738894907909, "the,house": 0.015167930660888408, "house,i": 0.00866738894907909, "i,shall": 0.005417118093174431, "now,repeat": 0.0065005417118093175, "repeat,a": 0.0065005417118093175, "a,statement": 0.0065005417118093175, "statement,which": 0.005417118093174431, "which,is": 0.007583965330444204, "is,being": 0.005417118093174431, "by,my": 0.009750812567713976, "my,right": 0.013001083423618635, "right,honourable": 0.013001083423618635, "honourable,friend": 0.015167930660888408, "friend,the": 0.014084507042253521, "the,secretary": 0.011917659804983749, "secretary,of": 0.011917659804983749, "of,state": 0.013001083423618635, "state,for": 0.010834236186348862, "for,defence": 0.010834236186348862, "defence,in": 0.007583965330444204, "the,other": 0.009750812567713976, "other,place": 0.00866738894907909, "the,statement": 0.009750812567713976, "lords,i": 0.01733477789815818, "move,that": 0.005417118093174431, "time,<e>": 0.007583965330444204, "<s>,i": 0.014084507042253521, "i,am": 0.009750812567713976, "on,the": 0.009750812567713976, "made,by": 0.005417118093174431, "on,th": 0.007583965330444204, "that,the": 0.016251354279523293, "by,the": 0.013001083423618635, "have,been": 0.014084507042253521, "<s>,it": 0.0065005417118093175, "my,noble": 0.0065005417118093175, "noble,friend": 0.0065005417118093175, "lords,the": 0.015167930660888408, "has,been": 0.0065005417118093175, "<s>,in": 0.0065005417118093175, "the,debate": 0.005417118093174431, "noble,lord": 0.01950162513542795, "lord,lord": 0.015167930660888408, "believe,that": 0.007583965330444204, "the,government": 0.005417118093174431, "per,cent": 0.009750812567713976, "cent,<e>": 0.009750812567713976, "<s>,this": 0.007583965330444204, "it,is": 0.007583965330444204, "may,be": 0.005417118093174431, "i,have": 0.005417118093174431, "from,the": 0.005417118093174431, "the,united": 0.005417118093174431, "<s>,we": 0.005417118093174431, "i,will": 0.00866738894907909, "will,now": 0.0065005417118093175}