{"<cs>,my": 0.06388888888888888, "my,lords": 0.06388888888888888, "lords,i": 0.020370370370370372, "my,noble": 0.008333333333333333, "noble,friend": 0.008333333333333333, "would,be": 0.010185185185185186, "lords,with": 0.004629629629629629, "with,the": 0.006481481481481481, "the,leave": 0.004629629629629629, "leave,of": 0.004629629629629629, "of,the": 0.03611111111111111, "the,house": 0.020370370370370372, "house,i": 0.004629629629629629, "a,statement": 0.004629629629629629, "my,right": 0.005555555555555556, "right,honourable": 0.005555555555555556, "honourable,friend": 0.005555555555555556, "friend,the": 0.006481481481481481, "<e>,<s>": 0.06388888888888888, "<s>,the": 0.011111111111111112, "the,statement": 0.008333333333333333, "as,follows": 0.004629629629629629, "follows,<e>": 0.004629629629629629, "a,question": 0.005555555555555556, "noble,lords": 0.005555555555555556, "to,get": 0.005555555555555556, "get,in": 0.005555555555555556, "that,we": 0.018518518518518517, "from,the": 0.005555555555555556, "time,<e>": 0.006481481481481481, "<s>,i": 0.011111111111111112, "that,the": 0.013888888888888888, "the,noble": 0.025, "noble,lord": 0.022222222222222223, "lord,lord": 0.018518518518518517, "<s>,perhaps": 0.004629629629629629, "and,then": 0.010185185185185186, "question,and": 0.009259259259259259, "i,beg": 0.007407407407407408, "beg,to": 0.007407407407407408, "to,move": 0.009259259259259259, "move,the": 0.005555555555555556, "the,motion": 0.005555555555555556, "motion,standing": 0.005555555555555556, "standing,in": 0.005555555555555556, "in,my": 0.006481481481481481, "my,name": 0.005555555555555556, "name,on": 0.005555555555555556, "on,the": 0.016666666666666666, "the,order": 0.006481481481481481, "order,paper": 0.006481481481481481, "paper,<e>": 0.006481481481481481, "to,the": 0.024074074074074074, "house,that": 0.005555555555555556, "the,first": 0.004629629629629629, "and,the": 0.006481481481481481, "by,the": 0.007407407407407408, "we,take": 0.006481481481481481, "take,the": 0.004629629629629629, "i,think": 0.012037037037037037, "it,would": 0.005555555555555556, "it,is": 0.005555555555555556, "the,wish": 0.005555555555555556, "wish,of": 0.005555555555555556, "lords,we": 0.010185185185185186, "we,have": 0.01574074074074074, "minutes,on": 0.011111111111111112, "and,i": 0.004629629629629629, "i,suggest": 0.009259259259259259, "suggest,that": 0.012037037037037037, "we,should": 0.007407407407407408, "should,move": 0.004629629629629629, "move,on": 0.019444444444444445, "on,to": 0.01574074074074074, "the,next": 0.01574074074074074, "next,question": 0.009259259259259259, "question,<e>": 0.016666666666666666, "have,now": 0.007407407407407408, "now,had": 0.004629629629629629, "nine,minutes": 0.006481481481481481, "on,this": 0.011111111111111112, "this,question": 0.009259259259259259, "lords,the": 0.006481481481481481, "like,to": 0.004629629629629629, "has,been": 0.009259259259259259, "the,whole": 0.004629629629629629, "whole,house": 0.004629629629629629, "in,the": 0.007407407407407408, "been,trying": 0.005555555555555556, "trying,to": 0.005555555555555556, "for,some": 0.004629629629629629, "may,i": 0.004629629629629629, "then,move": 0.004629629629629629, "i,have": 0.004629629629629629, "i,should": 0.004629629629629629}