{"<cs>,i": 0.014577259475218658, "to,the": 0.023323615160349854, "for,the": 0.014577259475218658, "the,fact": 0.014577259475218658, "that,i": 0.023323615160349854, "i,should": 0.03498542274052478, "to,be": 0.026239067055393587, "scotland,<e>": 0.02040816326530612, "<e>,<s>": 0.1749271137026239, "<s>,i": 0.0641399416909621, "i,have": 0.03498542274052478, "may,be": 0.02040816326530612, "should,like": 0.03206997084548105, "like,to": 0.029154518950437316, "as,a": 0.014577259475218658, "that,the": 0.01749271137026239, "in,scotland": 0.043731778425655975, "in,the": 0.03498542274052478, "of,a": 0.014577259475218658, "the,noble": 0.043731778425655975, "the,minister": 0.02040816326530612, "of,the": 0.03498542274052478, "<cs>,my": 0.01749271137026239, "my,lords": 0.01749271137026239, "local,government": 0.014577259475218658, "noble,lord": 0.01749271137026239, "lord,lord": 0.014577259475218658, "<s>,if": 0.014577259475218658, "it,is": 0.029154518950437316, "<s>,it": 0.01749271137026239, "therefore,i": 0.014577259475218658, "by,the": 0.02040816326530612, "and,i": 0.01749271137026239, "do,not": 0.01749271137026239, "i,do": 0.01749271137026239, "that,it": 0.01749271137026239}