{"it,is": 0.007369196757553427, "for,the": 0.010316875460574797, "of,the": 0.0552689756816507, "the,house": 0.0058953574060427415, "my,lords": 0.06337509211495947, "lords,i": 0.005158437730287398, "i,am": 0.004421518054532056, "at,the": 0.006632277081798084, "<cs>,my": 0.05747973470891673, "lords,the": 0.01989683124539425, "of,this": 0.004421518054532056, "this,debate": 0.004421518054532056, "<e>,<s>": 0.09727339719970524, "<s>,in": 0.0058953574060427415, "the,government": 0.014738393515106854, "<s>,the": 0.020633750921149593, "your,lordships": 0.0058953574060427415, "and,the": 0.007369196757553427, "to,the": 0.022844509948415623, "the,governments": 0.0036845983787767134, "affairs,<e>": 0.005158437730287398, "has,been": 0.007369196757553427, "<s>,it": 0.004421518054532056, "in,the": 0.022844509948415623, "lords,with": 0.005158437730287398, "with,the": 0.01400147383935151, "the,leave": 0.0036845983787767134, "leave,of": 0.0036845983787767134, "house,i": 0.0036845983787767134, "i,shall": 0.005158437730287398, "shall,now": 0.0036845983787767134, "now,repeat": 0.0036845983787767134, "repeat,a": 0.0036845983787767134, "a,statement": 0.004421518054532056, "statement,being": 0.0036845983787767134, "being,made": 0.0036845983787767134, "made,in": 0.0058953574060427415, "in,another": 0.0058953574060427415, "another,place": 0.0058953574060427415, "place,by": 0.004421518054532056, "by,my": 0.005158437730287398, "my,right": 0.010316875460574797, "right,honourable": 0.010316875460574797, "honourable,friend": 0.010316875460574797, "friend,the": 0.010316875460574797, "the,secretary": 0.004421518054532056, "secretary,of": 0.004421518054532056, "of,state": 0.0058953574060427415, "state,for": 0.004421518054532056, "for,foreign": 0.004421518054532056, "foreign,and": 0.0058953574060427415, "and,commonwealth": 0.005158437730287398, "commonwealth,affairs": 0.004421518054532056, "the,statement": 0.0036845983787767134, "statement,is": 0.0036845983787767134, "is,as": 0.0036845983787767134, "as,follows": 0.0036845983787767134, "follows,<e>": 0.0036845983787767134, "of,which": 0.0036845983787767134, "which,are": 0.0036845983787767134, "is,to": 0.0036845983787767134, "the,united": 0.020633750921149593, "united,kingdom": 0.009579955784819455, "united,nations": 0.0058953574060427415, "the,prime": 0.0036845983787767134, "prime,minister": 0.004421518054532056, "during,the": 0.0036845983787767134, "the,first": 0.005158437730287398, "<s>,i": 0.005158437730287398, "and,a": 0.0036845983787767134, "the,noble": 0.015475313190862197, "noble,lord": 0.012527634487840826, "on,the": 0.01400147383935151, "on,th": 0.009579955784819455, "it,was": 0.0036845983787767134, "the,convention": 0.0036845983787767134, "to,be": 0.004421518054532056, "should,be": 0.0036845983787767134, "<s>,we": 0.011790714812085483, "we,are": 0.005158437730287398, "we,believe": 0.0036845983787767134, "believe,that": 0.004421518054532056, "that,the": 0.014738393515106854, "lords,we": 0.004421518054532056, "security,council": 0.0036845983787767134, "by,the": 0.010316875460574797, "in,this": 0.006632277081798084, "of,all": 0.0036845983787767134, "government,are": 0.004421518054532056, "lord,lord": 0.005158437730287398, "<s>,but": 0.005158437730287398, "<cs>,no": 0.005158437730287398, "no,my": 0.005158437730287398, "lords,<e>": 0.005158437730287398, "my,noble": 0.006632277081798084, "noble,friend": 0.0058953574060427415, "friend,lord": 0.0036845983787767134, "the,british": 0.005158437730287398, "we,have": 0.0058953574060427415, "this,country": 0.0058953574060427415, "her,majestys": 0.009579955784819455, "majestys,government": 0.008843036109064112, "have,been": 0.006632277081798084, "united,states": 0.013264554163596167, "there,is": 0.0036845983787767134, "government,have": 0.004421518054532056, "the,spanish": 0.005158437730287398, "would,be": 0.0036845983787767134, "the,th": 0.0036845983787767134, "a,number": 0.0036845983787767134, "number,of": 0.0036845983787767134, "the,soviet": 0.005158437730287398, "nuclear,weapons": 0.0058953574060427415, "cruise,missiles": 0.0036845983787767134}