{"my,lords": 0.059283088235294115, "<cs>,my": 0.05698529411764706, "lords,the": 0.019301470588235295, "the,governments": 0.004595588235294118, "in,this": 0.004595588235294118, "to,be": 0.007352941176470588, "to,the": 0.015165441176470588, "<e>,<s>": 0.08869485294117647, "<s>,the": 0.019761029411764705, "matter,for": 0.002297794117647059, "for,the": 0.011029411764705883, "it,is": 0.009650735294117647, "of,course": 0.003216911764705882, "there,are": 0.004136029411764706, "the,government": 0.021139705882352942, "the,noble": 0.012408088235294117, "noble,lord": 0.01011029411764706, "of,this": 0.003676470588235294, "<s>,i": 0.012408088235294117, "believe,that": 0.002297794117647059, "that,the": 0.015165441176470588, "this,country": 0.003216911764705882, "her,majestys": 0.003676470588235294, "majestys,government": 0.003676470588235294, "continental,shelf": 0.002297794117647059, "and,to": 0.004136029411764706, "to,this": 0.003676470588235294, "of,exploration": 0.002297794117647059, "and,are": 0.003216911764705882, "lords,i": 0.014246323529411764, "before,the": 0.003676470588235294, "this,house": 0.002297794117647059, "in,the": 0.02022058823529412, "of,the": 0.04503676470588235, "on,the": 0.014705882352941176, "lords,it": 0.0027573529411764708, "has,been": 0.003676470588235294, "lord,lord": 0.007352941176470588, "my,noble": 0.00505514705882353, "noble,friend": 0.0059742647058823525, "friend,lord": 0.003216911764705882, "<s>,it": 0.0055147058823529415, "if,i": 0.003216911764705882, "<s>,we": 0.003216911764705882, "we,are": 0.0027573529411764708, "government,are": 0.0055147058823529415, "will,be": 0.00505514705882353, "as,the": 0.002297794117647059, "the,house": 0.012867647058823529, "from,the": 0.0055147058823529415, "i,have": 0.0027573529411764708, "on,th": 0.0027573529411764708, "the,united": 0.004136029411764706, "united,kingdom": 0.00505514705882353, "the,department": 0.002297794117647059, "department,of": 0.0027573529411764708, "to,a": 0.002297794117647059, "the,manpower": 0.004136029411764706, "manpower,services": 0.004136029411764706, "services,commission": 0.004136029411764706, "<s>,my": 0.002297794117647059, "my,right": 0.007352941176470588, "right,honourable": 0.008272058823529412, "honourable,friend": 0.0055147058823529415, "friend,the": 0.00505514705882353, "the,secretary": 0.0055147058823529415, "secretary,of": 0.0055147058823529415, "of,state": 0.006433823529411764, "state,for": 0.0059742647058823525, "for,employment": 0.003216911764705882, "government,have": 0.004136029411764706, "that,they": 0.003216911764705882, "that,it": 0.002297794117647059, "for,a": 0.002297794117647059, "to,make": 0.0027573529411764708, "and,the": 0.006433823529411764, "with,the": 0.006893382352941176, "a,statement": 0.004595588235294118, "i,should": 0.004136029411764706, "should,like": 0.003676470588235294, "like,to": 0.003676470588235294, "which,is": 0.003676470588235294, "being,made": 0.0027573529411764708, "made,in": 0.003216911764705882, "in,another": 0.004595588235294118, "another,place": 0.004595588235294118, "place,by": 0.0027573529411764708, "by,my": 0.004595588235294118, "for,energy": 0.002297794117647059, "honourable,friends": 0.0027573529411764708, "of,energy": 0.0027573529411764708, "<s>,this": 0.004136029411764706, "a,number": 0.002297794117647059, "number,of": 0.00505514705882353, "have,been": 0.004595588235294118, "by,the": 0.011029411764705883, "government,to": 0.002297794117647059, "<s>,in": 0.0055147058823529415, "of,a": 0.003676470588235294, "on,this": 0.004136029411764706, "lords,in": 0.002297794117647059, "your,lordships": 0.003676470588235294, "i,am": 0.010569852941176471, "the,most": 0.002297794117647059, "in,a": 0.002297794117647059, "i,think": 0.002297794117647059, "that,this": 0.003216911764705882, "the,first": 0.002297794117647059, "future,of": 0.002297794117647059, "that,he": 0.0027573529411764708, "the,british": 0.003676470588235294, "the,national": 0.003216911764705882, "is,a": 0.002297794117647059, "the,corporation": 0.004136029411764706, "i,beg": 0.007352941176470588, "beg,to": 0.007352941176470588, "to,move": 0.007352941176470588, "move,that": 0.006893382352941176, "the,draft": 0.0027573529411764708, "during,the": 0.002297794117647059, "the,report": 0.0027573529411764708, "repeat,a": 0.0027573529411764708, "statement,being": 0.002297794117647059, "at,the": 0.004595588235294118, "there,is": 0.0027573529411764708, "to,take": 0.002297794117647059, "is,not": 0.00505514705882353, "and,safety": 0.003216911764705882, "am,informed": 0.0027573529411764708, "informed,by": 0.0027573529411764708, "health,and": 0.002297794117647059, "national,coal": 0.002297794117647059, "is,in": 0.002297794117647059, "we,have": 0.0027573529411764708, "house,do": 0.0027573529411764708, "do,now": 0.0027573529411764708, "resolve,itself": 0.0027573529411764708, "itself,into": 0.0027573529411764708, "into,committee": 0.0027573529411764708, "committee,on": 0.0027573529411764708, "this,bill": 0.0059742647058823525, "bill,<e>": 0.003216911764705882, "bill,be": 0.0027573529411764708, "be,now": 0.002297794117647059, "now,read": 0.002297794117647059, "read,a": 0.003216911764705882, "a,second": 0.003216911764705882, "second,time": 0.002297794117647059, "time,<e>": 0.003676470588235294, "the,european": 0.002297794117647059, "and,i": 0.0027573529411764708, "is,to": 0.002297794117647059, "per,cent": 0.004136029411764706, "cent,<e>": 0.004136029411764706, "<s>,of": 0.002297794117647059, "trade,union": 0.002297794117647059, "on,that": 0.002297794117647059, "of,their": 0.003676470588235294, "the,youth": 0.002297794117647059, "year,<e>": 0.0027573529411764708, "considering,the": 0.002297794117647059, "young,people": 0.002297794117647059, "<s>,however": 0.002297794117647059}