{"<cs>,my": 0.05910390848427073, "my,lords": 0.06434699714013346, "lords,<e>": 0.006196377502383222, "<e>,<s>": 0.09485224022878933, "<s>,i": 0.007149666348903718, "say,that": 0.0023832221163012394, "that,i": 0.0038131553860819827, "of,this": 0.004289799809342231, "i,am": 0.004289799809342231, "many,of": 0.0023832221163012394, "noble,and": 0.0023832221163012394, "and,gallant": 0.0023832221163012394, "in,the": 0.023355576739752144, "of,the": 0.042897998093422304, "the,noble": 0.014775977121067683, "lord,lord": 0.006196377502383222, "maiden,speech": 0.0023832221163012394, "i,hope": 0.002859866539561487, "hope,that": 0.003336510962821735, "that,the": 0.011439466158245948, "your,lordships": 0.01334604385128694, "lords,the": 0.01811248808388942, "<cs>,no": 0.004289799809342231, "no,<e>": 0.002859866539561487, "<s>,my": 0.0023832221163012394, "<s>,we": 0.010009532888465206, "we,have": 0.0109628217349857, "the,royal": 0.0038131553860819827, "have,made": 0.003336510962821735, "made,clear": 0.002859866539561487, "over,the": 0.0023832221163012394, "honourable,friend": 0.011916110581506196, "friend,the": 0.011916110581506196, "of,state": 0.009532888465204958, "state,for": 0.008579599618684462, "for,defence": 0.004289799809342231, "and,to": 0.0023832221163012394, "to,make": 0.004766444232602479, "lords,i": 0.007149666348903718, "on,th": 0.009532888465204958, "th,june": 0.002859866539561487, "to,the": 0.02478551000953289, "<s>,in": 0.0038131553860819827, "and,the": 0.012392755004766444, "do,not": 0.002859866539561487, "year,<e>": 0.002859866539561487, "number,of": 0.002859866539561487, "aware,of": 0.0023832221163012394, "one,of": 0.002859866539561487, "it,is": 0.004766444232602479, "is,not": 0.0038131553860819827, "to,do": 0.002859866539561487, "do,so": 0.0023832221163012394, "and,i": 0.004289799809342231, "lordships,will": 0.002859866539561487, "will,be": 0.00667302192564347, "noble,lord": 0.012869399428026692, "of,our": 0.0023832221163012394, "contribution,to": 0.0023832221163012394, "<s>,the": 0.019542421353670163, "with,the": 0.00905624404194471, "which,are": 0.003336510962821735, "of,course": 0.002859866539561487, "my,right": 0.010486177311725452, "right,honourable": 0.010009532888465206, "the,minister": 0.0023832221163012394, "in,another": 0.007149666348903718, "another,place": 0.007149666348903718, "the,statement": 0.005719733079122974, "by,the": 0.009532888465204958, "the,opportunity": 0.0023832221163012394, "the,governments": 0.0023832221163012394, "on,the": 0.0076263107721639654, "that,there": 0.002859866539561487, "for,the": 0.00905624404194471, "the,united": 0.0109628217349857, "united,nations": 0.003336510962821735, "at,the": 0.005719733079122974, "united,kingdom": 0.00667302192564347, "would,be": 0.004289799809342231, "lords,with": 0.005719733079122974, "with,your": 0.006196377502383222, "lordships,permission": 0.006196377502383222, "permission,i": 0.006196377502383222, "i,will": 0.0023832221163012394, "which,is": 0.003336510962821735, "being,made": 0.004289799809342231, "by,my": 0.0076263107721639654, "statement,is": 0.004289799809342231, "is,as": 0.005719733079122974, "as,follows": 0.004766444232602479, "follows,<e>": 0.004766444232602479, "the,government": 0.006196377502383222, "of,a": 0.0038131553860819827, "united,states": 0.004289799809342231, "the,same": 0.004289799809342231, "the,ministry": 0.0023832221163012394, "ministry,of": 0.002859866539561487, "of,defence": 0.003336510962821735, "lords,we": 0.008102955195424213, "the,south": 0.0023832221163012394, "the,secretary": 0.007149666348903718, "secretary,of": 0.007149666348903718, "are,not": 0.0023832221163012394, "does,not": 0.002859866539561487, "no,my": 0.003336510962821735, "to,be": 0.005243088655862726, "from,the": 0.002859866539561487, "my,noble": 0.0038131553860819827, "noble,friend": 0.0038131553860819827, "a,statement": 0.005243088655862726, "foreign,and": 0.0038131553860819827, "and,commonwealth": 0.003336510962821735, "place,by": 0.005243088655862726, "repeat,a": 0.004289799809342231, "statement,being": 0.003336510962821735, "made,in": 0.005243088655862726, "the,british": 0.002859866539561487, "between,the": 0.003336510962821735, "prime,minister": 0.0023832221163012394, "<s>,it": 0.003336510962821735, "that,we": 0.003336510962821735, "of,which": 0.0023832221163012394, "have,been": 0.003336510962821735, "which,the": 0.0023832221163012394, "use,of": 0.002859866539561487, "it,<e>": 0.005243088655862726, "i,should": 0.005243088655862726, "should,like": 0.005243088655862726, "like,to": 0.005243088655862726, "to,repeat": 0.0038131553860819827, "about,the": 0.003336510962821735, "the,foreign": 0.0023832221163012394, "believe,that": 0.0023832221163012394, "has,been": 0.0023832221163012394, "the,use": 0.0023832221163012394, "we,are": 0.006196377502383222, "<s>,however": 0.002859866539561487, "the,answer": 0.002859866539561487, "the,council": 0.0023832221163012394, "we,shall": 0.002859866539561487}