{"<cs>,my": 0.04238669709814151, "my,lords": 0.04303880013042061, "lords,the": 0.009129442451907402, "the,governments": 0.0019563090968373, "is,that": 0.0022823606129768505, "that,it": 0.0029344636452559502, "it,would": 0.0039126181936746, "would,not": 0.0019563090968373, "not,be": 0.0016302575806977503, "be,appropriate": 0.0016302575806977503, "of,the": 0.044995109227257905, "<e>,<s>": 0.07042712748614281, "is,not": 0.0039126181936746, "lords,i": 0.011411803064884252, "i,am": 0.007173133355070101, "that,the": 0.018258884903814804, "the,noble": 0.024127812194326703, "noble,lord": 0.015324421258558853, "lord,lord": 0.010107597000326051, "in,the": 0.019563090968373, "the,debate": 0.0016302575806977503, "on,the": 0.009455493968046952, "on,this": 0.006194978806651451, "as,i": 0.0016302575806977503, "the,government": 0.013694163677861103, "government,are": 0.0035865666775350504, "made,by": 0.0019563090968373, "by,the": 0.010433648516465601, "we,are": 0.0026084121291164004, "<s>,as": 0.0026084121291164004, "is,a": 0.0032605151613955006, "<s>,in": 0.0035865666775350504, "in,his": 0.0019563090968373, "that,he": 0.0019563090968373, "to,see": 0.0019563090968373, "in,this": 0.0039126181936746, "<s>,my": 0.0029344636452559502, "there,are": 0.0029344636452559502, "<s>,this": 0.0026084121291164004, "this,is": 0.0022823606129768505, "a,matter": 0.0026084121291164004, "of,your": 0.0016302575806977503, "your,lordships": 0.006847081838930551, "will,be": 0.005216824258232801, "i,think": 0.0019563090968373, "with,the": 0.011411803064884252, "noble,earl": 0.004564721225953701, "earl,lord": 0.0019563090968373, "last,year": 0.0016302575806977503, "to,have": 0.0022823606129768505, "have,been": 0.0039126181936746, "the,bill": 0.006194978806651451, "which,is": 0.0026084121291164004, "lordships,house": 0.0039126181936746, "<s>,i": 0.007173133355070101, "i,should": 0.0029344636452559502, "should,like": 0.0022823606129768505, "like,to": 0.0026084121291164004, "to,express": 0.0019563090968373, "to,the": 0.019889142484512554, "to,which": 0.0029344636452559502, "<s>,indeed": 0.0022823606129768505, "which,the": 0.0032605151613955006, "my,right": 0.009129442451907402, "right,honourable": 0.009129442451907402, "honourable,friend": 0.008803390935767852, "friend,the": 0.0078252363873492, "the,secretary": 0.0019563090968373, "secretary,of": 0.0019563090968373, "of,state": 0.0019563090968373, "for,the": 0.013694163677861103, "if,i": 0.0022823606129768505, "i,may": 0.0019563090968373, "of,a": 0.0026084121291164004, "a,bill": 0.0016302575806977503, "would,be": 0.004564721225953701, "for,a": 0.0032605151613955006, "the,police": 0.004238669709814151, "in,which": 0.0019563090968373, "<s>,we": 0.0026084121291164004, "section,of": 0.0026084121291164004, "i,understand": 0.0026084121291164004, "understand,that": 0.0019563090968373, "i,beg": 0.00489077274209325, "beg,to": 0.00489077274209325, "to,move": 0.00489077274209325, "to,introduce": 0.0019563090968373, "bill,to": 0.0016302575806977503, "to,make": 0.0035865666775350504, "move,that": 0.0039126181936746, "this,bill": 0.008151287903488751, "am,grateful": 0.0022823606129768505, "grateful,to": 0.0032605151613955006, "for,his": 0.0016302575806977503, "bill,<e>": 0.004238669709814151, "has,been": 0.006194978806651451, "<s>,there": 0.0016302575806977503, "there,is": 0.0026084121291164004, "my,noble": 0.012063906097163351, "noble,friend": 0.0097815454841865, "the,first": 0.0016302575806977503, "i,will": 0.0029344636452559502, "as,follows": 0.0019563090968373, "follows,<e>": 0.0019563090968373, "in,great": 0.0016302575806977503, "great,britain": 0.0019563090968373, "the,house": 0.007499184871209651, "second,reading": 0.0022823606129768505, "the,present": 0.0019563090968373, "<s>,the": 0.016628627323117054, "lord,wigoder": 0.0016302575806977503, "between,the": 0.0016302575806977503, "and,it": 0.0022823606129768505, "it,is": 0.0058689272905119005, "noble,lords": 0.0016302575806977503, "is,the": 0.0022823606129768505, "the,right": 0.0022823606129768505, "effect,of": 0.0016302575806977503, "the,act": 0.0016302575806977503, "act,<e>": 0.0026084121291164004, "the,home": 0.009129442451907402, "home,office": 0.0022823606129768505, "<s>,however": 0.0019563090968373, "about,the": 0.0022823606129768505, "and,the": 0.009455493968046952, "her,majestys": 0.0022823606129768505, "majestys,government": 0.0022823606129768505, "aware,of": 0.0016302575806977503, "if,the": 0.0019563090968373, "house,<e>": 0.0022823606129768505, "the,committee": 0.0029344636452559502, "house,do": 0.0026084121291164004, "do,now": 0.0026084121291164004, "as,the": 0.0022823606129768505, "the,commission": 0.0016302575806977503, "home,secretary": 0.006521030322791001, "should,be": 0.0026084121291164004, "it,was": 0.0022823606129768505, "for,this": 0.0016302575806977503, "lords,with": 0.0019563090968373, "the,leave": 0.0019563090968373, "leave,of": 0.0019563090968373, "house,i": 0.0019563090968373, "will,now": 0.0016302575806977503, "now,repeat": 0.0019563090968373, "repeat,a": 0.0019563090968373, "a,statement": 0.0022823606129768505, "statement,being": 0.0016302575806977503, "being,made": 0.0019563090968373, "made,in": 0.0035865666775350504, "in,another": 0.00489077274209325, "another,place": 0.005216824258232801, "place,by": 0.0016302575806977503, "by,my": 0.0029344636452559502, "secretary,<e>": 0.0016302575806977503, "the,statement": 0.0016302575806977503, "statement,is": 0.0016302575806977503, "is,as": 0.0019563090968373, "in,england": 0.0029344636452559502, "england,and": 0.0022823606129768505, "and,wales": 0.0019563090968373, "and,in": 0.0019563090968373, "in,scotland": 0.0019563090968373, "<s>,it": 0.0022823606129768505, "to,be": 0.0078252363873492, "on,th": 0.0029344636452559502, "the,last": 0.0016302575806977503, "we,have": 0.0022823606129768505, "and,i": 0.0026084121291164004, "lords,we": 0.0029344636452559502, "number,of": 0.004238669709814151, "government,have": 0.0022823606129768505, "no,plans": 0.0026084121291164004, "plans,to": 0.0019563090968373, "the,united": 0.0016302575806977503, "the,general": 0.0019563090968373, "local,authorities": 0.0019563090968373, "of,this": 0.0022823606129768505, "of,amendments": 0.0016302575806977503, "wish,to": 0.0016302575806977503, "of,course": 0.0022823606129768505, "the,european": 0.0029344636452559502, "of,public": 0.0016302575806977503, "as,a": 0.0022823606129768505, "a,result": 0.0016302575806977503, "result,of": 0.0016302575806977503, "the,prison": 0.0016302575806977503, "northern,ireland": 0.0016302575806977503, "lord,boston": 0.0019563090968373, "he,has": 0.0019563090968373, "to,a": 0.0026084121291164004, "and,to": 0.0019563090968373, "do,not": 0.0032605151613955006, "at,present": 0.0016302575806977503, "united,kingdom": 0.0022823606129768505, "friend,lord": 0.004238669709814151, "to,my": 0.0019563090968373, "which,he": 0.0019563090968373, "of,these": 0.0019563090968373, "the,amendment": 0.0022823606129768505, "a,little": 0.0016302575806977503, "of,my": 0.0022823606129768505, "able,to": 0.0022823606129768505, "government,to": 0.0019563090968373, "his,speech": 0.0016302575806977503, "noble,friends": 0.0016302575806977503, "members,of": 0.0022823606129768505, "noble,baroness": 0.0022823606129768505, "lords,my": 0.0022823606129768505, "this,country": 0.0016302575806977503, "at,the": 0.0016302575806977503, "friend,has": 0.0019563090968373, "the,public": 0.0022823606129768505, "believe,that": 0.0019563090968373, "under,the": 0.0022823606129768505, "resolve,itself": 0.0022823606129768505, "itself,into": 0.0022823606129768505, "into,committee": 0.0022823606129768505, "committee,on": 0.0029344636452559502, "that,they": 0.0016302575806977503, "and,other": 0.0016302575806977503, "now,again": 0.0016302575806977503, "again,resolve": 0.0016302575806977503, "the,royal": 0.0016302575806977503}