{"<cs>,my": 0.05263157894736842, "my,lords": 0.05263157894736842, "lords,i": 0.018575851393188854, "for,the": 0.015479876160990712, "i,may": 0.015479876160990712, "i,should": 0.015479876160990712, "of,the": 0.07739938080495357, "the,house": 0.015479876160990712, "<e>,<s>": 0.15170278637770898, "who,have": 0.015479876160990712, "to,the": 0.04024767801857585, "the,noble": 0.043343653250773995, "noble,lord": 0.021671826625386997, "<s>,i": 0.058823529411764705, "<s>,it": 0.015479876160990712, "it,is": 0.02786377708978328, "and,i": 0.015479876160990712, "in,the": 0.03715170278637771, "that,we": 0.015479876160990712, "we,are": 0.018575851393188854, "i,was": 0.018575851393188854, "that,i": 0.015479876160990712, "has,been": 0.015479876160990712, "to,be": 0.02476780185758514, "i,have": 0.021671826625386997, "the,two": 0.015479876160990712, "i,am": 0.03715170278637771, "at,the": 0.015479876160990712, "about,the": 0.015479876160990712, "of,this": 0.015479876160990712, "of,a": 0.015479876160990712, "<s>,the": 0.015479876160990712, "that,the": 0.018575851393188854, "to,have": 0.015479876160990712, "the,right": 0.015479876160990712}