{"<cs>,my": 0.044450431034482756, "my,lords": 0.046875, "to,assist": 0.0013469827586206897, "in,the": 0.014547413793103448, "<e>,<s>": 0.08324353448275862, "<s>,the": 0.017241379310344827, "of,their": 0.0018857758620689656, "<s>,they": 0.0016163793103448276, "they,are": 0.0013469827586206897, "home,office": 0.0013469827586206897, "no,<e>": 0.0016163793103448276, "of,which": 0.0016163793103448276, "<cs>,the": 0.0013469827586206897, "the,prison": 0.0016163793103448276, "to,which": 0.0021551724137931034, "her,majestys": 0.0018857758620689656, "of,a": 0.003232758620689655, "on,the": 0.007273706896551724, "and,the": 0.005387931034482759, "to,it": 0.0013469827586206897, "it,<e>": 0.0026939655172413795, "<s>,it": 0.0078125, "it,is": 0.010775862068965518, "is,the": 0.002963362068965517, "which,the": 0.003502155172413793, "the,government": 0.009698275862068966, "government,are": 0.0024245689655172415, "to,do": 0.0013469827586206897, "do,so": 0.0013469827586206897, "to,the": 0.014278017241379311, "the,report": 0.0018857758620689656, "the,noble": 0.014008620689655173, "noble,lord": 0.010237068965517241, "<s>,this": 0.0021551724137931034, "this,is": 0.0024245689655172415, "lords,the": 0.008620689655172414, "of,such": 0.0021551724137931034, "such,a": 0.0013469827586206897, "by,a": 0.0016163793103448276, "to,be": 0.005657327586206897, "parliament,<e>": 0.0016163793103448276, "it,would": 0.0026939655172413795, "would,be": 0.0045797413793103444, "for,the": 0.009428879310344827, "of,the": 0.03960129310344827, "lords,it": 0.0018857758620689656, "it,was": 0.002963362068965517, "part,of": 0.0018857758620689656, "information,about": 0.0013469827586206897, "about,the": 0.0026939655172413795, "and,it": 0.0013469827586206897, "in,a": 0.0021551724137931034, "the,european": 0.0016163793103448276, "for,a": 0.0021551724137931034, "be,able": 0.0013469827586206897, "able,to": 0.0013469827586206897, "lords,we": 0.004040948275862069, "we,do": 0.0013469827586206897, "do,not": 0.005926724137931034, "section,of": 0.0016163793103448276, "on,a": 0.0016163793103448276, "is,not": 0.002963362068965517, "<s>,we": 0.003502155172413793, "we,are": 0.005387931034482759, "are,not": 0.0013469827586206897, "that,the": 0.014816810344827586, "of,this": 0.002963362068965517, "at,present": 0.0021551724137931034, "will,be": 0.005387931034482759, "we,shall": 0.0024245689655172415, "an,amendment": 0.0013469827586206897, "which,is": 0.0026939655172413795, "in,another": 0.004040948275862069, "another,place": 0.004849137931034483, "lords,i": 0.011853448275862068, "i,beg": 0.008081896551724138, "beg,to": 0.0078125, "to,move": 0.007543103448275862, "move,the": 0.0013469827586206897, "the,motion": 0.0016163793103448276, "in,my": 0.0018857758620689656, "my,name": 0.0013469827586206897, "name,on": 0.0013469827586206897, "the,order": 0.0026939655172413795, "order,paper": 0.0018857758620689656, "paper,<e>": 0.0016163793103448276, "in,england": 0.0013469827586206897, "england,and": 0.0013469827586206897, "and,wales": 0.0013469827586206897, "on,st": 0.0018857758620689656, "the,same": 0.0016163793103448276, "and,on": 0.0013469827586206897, "for,which": 0.0018857758620689656, "lord,lord": 0.00646551724137931, "my,noble": 0.008351293103448275, "noble,friend": 0.007273706896551724, "friend,lord": 0.003771551724137931, "made,it": 0.0016163793103448276, "clear,that": 0.0018857758620689656, "with,the": 0.008081896551724138, "which,we": 0.0026939655172413795, "but,i": 0.0021551724137931034, "to,say": 0.0018857758620689656, "say,that": 0.0021551724137931034, "that,this": 0.0026939655172413795, "is,no": 0.0013469827586206897, "there,is": 0.003232758620689655, "provision,for": 0.0013469827586206897, "at,the": 0.0024245689655172415, "the,home": 0.00646551724137931, "government,have": 0.0016163793103448276, "is,a": 0.0026939655172413795, "a,matter": 0.0013469827586206897, "said,that": 0.0013469827586206897, "<s>,i": 0.012122844827586207, "that,there": 0.0013469827586206897, "and,that": 0.0021551724137931034, "that,we": 0.0024245689655172415, "for,this": 0.0013469827586206897, "that,he": 0.0016163793103448276, "<s>,however": 0.0016163793103448276, "i,hope": 0.0021551724137931034, "i,can": 0.002963362068965517, "<s>,in": 0.004849137931034483, "i,am": 0.004849137931034483, "that,it": 0.002963362068965517, "has,been": 0.003771551724137931, "from,the": 0.0024245689655172415, "as,a": 0.0024245689655172415, "<s>,these": 0.0016163793103448276, "and,we": 0.0021551724137931034, "we,have": 0.004849137931034483, "have,no": 0.0024245689655172415, "them,<e>": 0.0021551724137931034, "of,your": 0.0016163793103448276, "your,lordships": 0.007543103448275862, "the,governments": 0.0016163793103448276, "on,this": 0.004849137931034483, "this,bill": 0.004849137931034483, "bill,<e>": 0.004310344827586207, "noble,lords": 0.003771551724137931, "which,he": 0.0013469827586206897, "he,has": 0.002963362068965517, "provisions,of": 0.0013469827586206897, "the,bill": 0.0051185344827586205, "<s>,as": 0.0018857758620689656, "as,i": 0.0016163793103448276, "the,present": 0.0024245689655172415, "the,house": 0.007543103448275862, "grateful,to": 0.0021551724137931034, "to,my": 0.0018857758620689656, "contained,in": 0.0018857758620689656, "as,it": 0.0016163793103448276, "this,matter": 0.0013469827586206897, "i,must": 0.0016163793103448276, "i,have": 0.0018857758620689656, "i,do": 0.0021551724137931034, "in,this": 0.0026939655172413795, "i,think": 0.003232758620689655, "as,the": 0.002963362068965517, "<s>,that": 0.0013469827586206897, "within,the": 0.0016163793103448276, "i,should": 0.002963362068965517, "should,like": 0.0018857758620689656, "this,house": 0.003502155172413793, "wish,to": 0.0016163793103448276, "noble,and": 0.0016163793103448276, "and,learned": 0.003232758620689655, "move,that": 0.006196120689655173, "house,do": 0.0021551724137931034, "do,now": 0.0021551724137931034, "now,again": 0.0013469827586206897, "again,resolve": 0.0013469827586206897, "resolve,itself": 0.0021551724137931034, "itself,into": 0.0021551724137931034, "into,committee": 0.0021551724137931034, "committee,on": 0.003232758620689655, "<s>,all": 0.0016163793103448276, "under,the": 0.0016163793103448276, "lords,with": 0.0018857758620689656, "the,leave": 0.0021551724137931034, "leave,of": 0.0021551724137931034, "house,i": 0.0018857758620689656, "now,repeat": 0.0018857758620689656, "repeat,a": 0.0013469827586206897, "a,statement": 0.0024245689655172415, "being,made": 0.0016163793103448276, "made,in": 0.0018857758620689656, "place,by": 0.0013469827586206897, "by,my": 0.0021551724137931034, "my,right": 0.006196120689655173, "right,honourable": 0.006196120689655173, "honourable,friend": 0.0045797413793103444, "friend,the": 0.005657327586206897, "home,secretary": 0.0045797413793103444, "the,statement": 0.0016163793103448276, "is,as": 0.0016163793103448276, "as,follows": 0.0013469827586206897, "follows,<e>": 0.0013469827586206897, "<s>,he": 0.0021551724137931034, "and,i": 0.0026939655172413795, "lords,my": 0.0018857758620689656, "lords,as": 0.0013469827586206897, "have,been": 0.0026939655172413795, "the,amendment": 0.0016163793103448276, "by,the": 0.007273706896551724, "that,i": 0.002963362068965517, "me,to": 0.0018857758620689656, "a,number": 0.0013469827586206897, "number,of": 0.0024245689655172415, "propose,to": 0.0013469827586206897, "bill,be": 0.0018857758620689656, "be,now": 0.0021551724137931034, "report,<e>": 0.0013469827586206897, "year,<e>": 0.0013469827586206897, "it,clear": 0.0013469827586206897, "to,this": 0.0018857758620689656, "to,introduce": 0.0013469827586206897, "lords,<e>": 0.0024245689655172415, "the,<e>": 0.0016163793103448276, "read,a": 0.0016163793103448276, "time,<e>": 0.0016163793103448276, "<cs>,no": 0.0013469827586206897, "no,my": 0.0013469827586206897, "but,we": 0.0013469827586206897, "to,make": 0.0018857758620689656, "the,law": 0.0013469827586206897, "in,which": 0.0016163793103448276, "i,shall": 0.003232758620689655, "lordships,house": 0.0013469827586206897,