{"<cs>,my": 0.07964601769911504, "my,lords": 0.0831858407079646, "my,right": 0.012389380530973451, "right,honourable": 0.012389380530973451, "honourable,friend": 0.012389380530973451, "friend,the": 0.012389380530973451, "of,state": 0.012389380530973451, "state,for": 0.010619469026548672, "for,social": 0.010619469026548672, "social,security": 0.017699115044247787, "and,the": 0.012389380530973451, "at,the": 0.008849557522123894, "<e>,<s>": 0.14513274336283186, "<s>,the": 0.019469026548672566, "<s>,in": 0.01415929203539823, "in,the": 0.03008849557522124, "lords,i": 0.02654867256637168, "the,noble": 0.02831858407079646, "noble,lord": 0.019469026548672566, "lord,lord": 0.010619469026548672, "with,the": 0.008849557522123894, "on,the": 0.021238938053097345, "<s>,we": 0.012389380530973451, "to,the": 0.01592920353982301, "of,the": 0.047787610619469026, "by,the": 0.008849557522123894, "we,are": 0.010619469026548672, "noble,lords": 0.01415929203539823, "bill,<e>": 0.010619469026548672, "that,the": 0.02831858407079646, "the,bill": 0.008849557522123894, "do,not": 0.008849557522123894, "it,is": 0.012389380530973451, "my,noble": 0.019469026548672566, "noble,friend": 0.012389380530973451, "lords,the": 0.008849557522123894, "the,government": 0.012389380530973451, "per,cent": 0.012389380530973451, "cent,<e>": 0.012389380530973451, "<s>,i": 0.023008849557522124, "the,house": 0.008849557522123894, "i,should": 0.008849557522123894, "i,beg": 0.019469026548672566, "beg,to": 0.019469026548672566, "to,move": 0.019469026548672566, "move,that": 0.01592920353982301, "bill,be": 0.008849557522123894, "be,now": 0.010619469026548672}