{"the,noble": 0.014534883720930232, "<cs>,i": 0.020348837209302327, "amendment,no": 0.07267441860465117, "no,<e>": 0.07848837209302326, "<e>,<s>": 0.16569767441860464, "<cs>,the": 0.020348837209302327, "the,next": 0.014534883720930232, "next,amendment": 0.014534883720930232, "amendment,is": 0.029069767441860465, "<s>,<e>": 0.0377906976744186, "<s>,if": 0.01744186046511628, "if,this": 0.023255813953488372, "this,amendment": 0.02616279069767442, "is,agreed": 0.03197674418604651, "agreed,to": 0.0377906976744186, "to,i": 0.03488372093023256, "i,shall": 0.02616279069767442, "shall,not": 0.02616279069767442, "not,be": 0.029069767441860465, "be,able": 0.029069767441860465, "able,to": 0.029069767441860465, "to,call": 0.029069767441860465, "call,amendments": 0.02616279069767442, "amendments,nos": 0.02616279069767442, "nos,<e>": 0.02616279069767442, "i,should": 0.01744186046511628, "should,point": 0.014534883720930232, "point,out": 0.014534883720930232, "that,if": 0.014534883720930232, "to,<e>": 0.014534883720930232, "call,amendment": 0.020348837209302327, "<cs>,we": 0.01744186046511628}