{"<cs>,my": 0.06396453451551615, "my,lords": 0.06586447118429385, "lords,the": 0.01266624445851805, "the,government": 0.006966434452184927, "of,the": 0.04179860671310956, "that,the": 0.008233058898036731, "and,the": 0.01013299556681444, "<e>,<s>": 0.08486383787207093, "<s>,i": 0.01013299556681444, "i,understand": 0.0031665611146295125, "understand,that": 0.0031665611146295125, "the,new": 0.00506649778340722, "to,the": 0.019632678910702975, "in,the": 0.017099430018999367, "lords,i": 0.012032932235592146, "i,beg": 0.007599746675110829, "beg,to": 0.007599746675110829, "to,move": 0.008233058898036731, "move,that": 0.007599746675110829, "that,this": 0.006966434452184927, "this,bill": 0.006333122229259025, "bill,be": 0.0037998733375554147, "be,now": 0.00506649778340722, "now,read": 0.0031665611146295125, "read,a": 0.0031665611146295125, "time,<e>": 0.004433185560481318, "lords,with": 0.008233058898036731, "with,the": 0.015199493350221659, "the,leave": 0.008866371120962635, "leave,of": 0.008866371120962635, "the,house": 0.010766307789740342, "house,i": 0.008866371120962635, "i,shall": 0.01013299556681444, "shall,now": 0.008233058898036731, "now,repeat": 0.008233058898036731, "repeat,a": 0.007599746675110829, "a,statement": 0.008233058898036731, "statement,on": 0.004433185560481318, "on,the": 0.009499683343888538, "have,been": 0.006966434452184927, "as,follows": 0.008233058898036731, "<s>,the": 0.02089930335655478, "by,the": 0.013299556681443952, "the,home": 0.014566181127295756, "home,office": 0.006966434452184927, "<s>,in": 0.004433185560481318, "the,police": 0.0031665611146295125, "at,the": 0.005699810006333122, "lords,we": 0.01013299556681444, "we,are": 0.007599746675110829, "aware,of": 0.0031665611146295125, "the,united": 0.0031665611146295125, "united,kingdom": 0.0031665611146295125, "is,a": 0.0031665611146295125, "a,matter": 0.004433185560481318, "for,the": 0.013299556681443952, "within,the": 0.0037998733375554147, "on,th": 0.008233058898036731, "<s>,it": 0.005699810006333122, "your,lordships": 0.007599746675110829, "as,a": 0.0031665611146295125, "<s>,we": 0.006333122229259025, "now,being": 0.0031665611146295125, "being,made": 0.006966434452184927, "made,in": 0.007599746675110829, "in,another": 0.008866371120962635, "another,place": 0.009499683343888538, "place,by": 0.007599746675110829, "by,my": 0.008233058898036731, "my,right": 0.010766307789740342, "right,honourable": 0.010766307789740342, "honourable,friend": 0.011399620012666244, "friend,the": 0.011399620012666244, "home,secretary": 0.009499683343888538, "the,statement": 0.008233058898036731, "statement,is": 0.007599746675110829, "is,as": 0.007599746675110829, "follows,<e>": 0.007599746675110829, "to,be": 0.0037998733375554147, "about,the": 0.004433185560481318, "which,is": 0.005699810006333122, "is,now": 0.0031665611146295125, "secretary,<e>": 0.006333122229259025, "the,noble": 0.013932868904369854, "noble,baroness": 0.0037998733375554147, "number,of": 0.0031665611146295125, "under,the": 0.0031665611146295125, "noble,lord": 0.008233058898036731, "lord,lord": 0.006966434452184927, "i,am": 0.0037998733375554147, "it,is": 0.008233058898036731, "as,the": 0.0037998733375554147, "the,european": 0.0037998733375554147, "has,been": 0.006333122229259025, "<s>,this": 0.0037998733375554147, "my,noble": 0.005699810006333122, "noble,friend": 0.004433185560481318, "of,course": 0.0031665611146295125, "the,opportunity": 0.0037998733375554147, "lords,it": 0.0037998733375554147, "c,unit": 0.0031665611146295125, "will,be": 0.004433185560481318, "we,have": 0.006966434452184927, "of,a": 0.007599746675110829, "that,it": 0.004433185560481318, "opportunity,to": 0.0037998733375554147, "there,is": 0.0031665611146295125, "the,board": 0.0031665611146295125}