{"<cs>,my": 0.08108108108108109, "my,lords": 0.08108108108108109, "to,address": 0.01126126126126126, "your,lordships": 0.02927927927927928, "for,the": 0.02927927927927928, "the,first": 0.02027027027027027, "<e>,<s>": 0.13063063063063063, "<s>,the": 0.02027027027027027, "that,the": 0.02027027027027027, "in,the": 0.04504504504504504, "lords,in": 0.01126126126126126, "i,wish": 0.01126126126126126, "wish,to": 0.01126126126126126, "the,noble": 0.018018018018018018, "noble,lord": 0.015765765765765764, "lord,lord": 0.013513513513513514, "<s>,i": 0.024774774774774775, "lords,i": 0.04054054054054054, "i,beg": 0.013513513513513514, "beg,leave": 0.013513513513513514, "leave,to": 0.013513513513513514, "the,question": 0.01126126126126126, "on,the": 0.02702702702702703, "my,noble": 0.01126126126126126, "noble,friend": 0.01126126126126126, "the,united": 0.01126126126126126, "i,have": 0.015765765765765764, "to,the": 0.05405405405405406, "to,be": 0.015765765765765764, "of,the": 0.07432432432432433, "i,should": 0.018018018018018018, "should,like": 0.01126126126126126, "of,this": 0.013513513513513514, "at,the": 0.01126126126126126, "i,venture": 0.01126126126126126, "i,was": 0.01126126126126126, "it,is": 0.01126126126126126, "<s>,in": 0.01126126126126126, "the,minister": 0.013513513513513514}