{"<cs>,my": 0.06060606060606061, "my,lords": 0.06277056277056277, "lords,i": 0.012987012987012988, "your,lordships": 0.023809523809523808, "<e>,<s>": 0.11688311688311688, "another,place": 0.012987012987012988, "my,noble": 0.010822510822510822, "noble,friend": 0.010822510822510822, "<s>,i": 0.010822510822510822, "in,this": 0.010822510822510822, "that,i": 0.012987012987012988, "<s>,the": 0.03896103896103896, "of,the": 0.05627705627705628, "the,noble": 0.01948051948051948, "noble,lord": 0.01948051948051948, "in,the": 0.045454545454545456, "to,the": 0.015151515151515152, "lord,lord": 0.010822510822510822, "the,government": 0.025974025974025976, "lords,the": 0.015151515151515152, "lords,with": 0.012987012987012988, "with,the": 0.017316017316017316, "the,leave": 0.012987012987012988, "leave,of": 0.012987012987012988, "the,house": 0.015151515151515152, "house,i": 0.012987012987012988, "i,should": 0.012987012987012988, "a,statement": 0.012987012987012988, "in,another": 0.010822510822510822, "place,by": 0.010822510822510822, "by,my": 0.010822510822510822, "my,right": 0.021645021645021644, "right,honourable": 0.01948051948051948, "honourable,friend": 0.01948051948051948, "friend,the": 0.021645021645021644, "the,secretary": 0.015151515151515152, "secretary,of": 0.015151515151515152, "of,state": 0.015151515151515152, "state,for": 0.015151515151515152, "for,employment": 0.015151515151515152, "employment,<e>": 0.015151515151515152, "the,statement": 0.015151515151515152, "as,follows": 0.010822510822510822, "follows,<e>": 0.010822510822510822, "on,the": 0.010822510822510822, "that,the": 0.017316017316017316, "i,am": 0.015151515151515152, "employee,involvement": 0.010822510822510822}