{"<cs>,my": 0.0712401055408971, "my,lords": 0.0712401055408971, "your,lordships": 0.013192612137203167, "that,this": 0.018469656992084433, "this,amendment": 0.018469656992084433, "amendment,be": 0.013192612137203167, "<e>,<s>": 0.09234828496042216, "amendment,is": 0.013192612137203167, "the,question": 0.0158311345646438, "is,that": 0.013192612137203167, "be,agreed": 0.013192612137203167, "agreed,to": 0.0316622691292876, "to,<e>": 0.013192612137203167, "to,the": 0.026385224274406333, "wish,to": 0.013192612137203167, "lords,i": 0.013192612137203167, "amendment,no": 0.055408970976253295, "no,<e>": 0.05804749340369393, "<s>,a": 0.013192612137203167, "an,amendment": 0.013192612137203167, "<s>,<e>": 0.021108179419525065, "i,should": 0.021108179419525065, "should,point": 0.021108179419525065, "point,out": 0.023746701846965697, "out,to": 0.021108179419525065, "that,the": 0.0158311345646438, "lords,before": 0.021108179419525065, "before,i": 0.021108179419525065, "i,call": 0.021108179419525065, "that,if": 0.018469656992084433, "is,agreed": 0.018469656992084433, "to,i": 0.0158311345646438, "i,cannot": 0.018469656992084433, "cannot,call": 0.018469656992084433, "call,amendment": 0.029023746701846966, "<s>,i": 0.0158311345646438, "of,the": 0.013192612137203167, "the,house": 0.021108179419525065, "house,that": 0.0158311345646438, "the,noble": 0.023746701846965697, "noble,lord": 0.013192612137203167}