{"<cs>,my": 0.0375462718138551, "my,lords": 0.03807509254362771, "may,i": 0.005288207297726071, "i,ask": 0.0026441036488630354, "ask,the": 0.004230565838180857, "the,minister": 0.011634056054997356, "that,the": 0.01850872554204125, "will,be": 0.007403490216816499, "one,of": 0.0026441036488630354, "of,the": 0.04283447911158118, "in,this": 0.008989952406134321, "this,house": 0.004759386567953464, "is,that": 0.0031729243786356425, "on,these": 0.010047593865679535, "these,benches": 0.016922263352723427, "for,the": 0.014806980433632998, "us,in": 0.0026441036488630354, "<e>,<s>": 0.06292966684294024, "<s>,we": 0.006345848757271285, "we,are": 0.006345848757271285, "grateful,to": 0.005817028027498678, "this,debate": 0.0026441036488630354, "debate,<e>": 0.0031729243786356425, "<s>,if": 0.0026441036488630354, "it,is": 0.008461131676361713, "that,it": 0.004759386567953464, "from,the": 0.0037017451084082496, "say,that": 0.0037017451084082496, "that,i": 0.0031729243786356425, "i,have": 0.0031729243786356425, "have,been": 0.0031729243786356425, "lords,the": 0.0026441036488630354, "is,the": 0.004230565838180857, "the,first": 0.0026441036488630354, "of,us": 0.004759386567953464, "should,be": 0.0026441036488630354, "it,was": 0.0037017451084082496, "with,the": 0.008461131676361713, "<s>,i": 0.017979904812268643, "i,do": 0.0026441036488630354, "do,not": 0.0031729243786356425, "to,say": 0.004759386567953464, "those,who": 0.005817028027498678, "that,there": 0.005288207297726071, "be,a": 0.0026441036488630354, "of,all": 0.0031729243786356425, "is,not": 0.0026441036488630354, "not,only": 0.0031729243786356425, "that,they": 0.0031729243786356425, "<s>,it": 0.0031729243786356425, "as,the": 0.006345848757271285, "the,noble": 0.024325753569539928, "noble,lord": 0.01269169751454257, "lord,lord": 0.008989952406134321, "<cs>,i": 0.0031729243786356425, "i,should": 0.01110523532522475, "should,like": 0.011634056054997356, "like,to": 0.01269169751454257, "the,last": 0.0037017451084082496, "and,to": 0.005817028027498678, "on,the": 0.01269169751454257, "i,think": 0.007403490216816499, "that,we": 0.006345848757271285, "many,of": 0.0026441036488630354, "in,the": 0.020624008461131677, "is,a": 0.0031729243786356425, "i,hope": 0.0037017451084082496, "that,this": 0.0026441036488630354, "from,these": 0.005817028027498678, "the,church": 0.006345848757271285, "church,of": 0.0031729243786356425, "of,england": 0.0037017451084082496, "i,am": 0.012162876784769964, "as,a": 0.004759386567953464, "about,the": 0.004230565838180857, "aware,that": 0.004230565838180857, "some,of": 0.004230565838180857, "and,we": 0.0031729243786356425, "very,much": 0.0031729243786356425, "the,other": 0.0037017451084082496, "the,british": 0.0026441036488630354, "lords,i": 0.014806980433632998, "to,ask": 0.0031729243786356425, "the,question": 0.0031729243786356425, "in,my": 0.004759386567953464, "my,name": 0.0026441036488630354, "i,thank": 0.0026441036488630354, "thank,the": 0.005288207297726071, "for,his": 0.004230565838180857, "that,in": 0.0031729243786356425, "and,the": 0.008461131676361713, "to,the": 0.02009518773135907, "throughout,the": 0.0031729243786356425, "lords,in": 0.004230565838180857, "me,to": 0.0037017451084082496, "believe,that": 0.0031729243786356425, "there,are": 0.0031729243786356425, "of,this": 0.0037017451084082496, "<s>,but": 0.0031729243786356425, "those,of": 0.0026441036488630354, "part,in": 0.0031729243786356425, "in,a": 0.0026441036488630354, "the,right": 0.0031729243786356425, "right,reverend": 0.0037017451084082496, "reverend,prelate": 0.0026441036488630354, "prelate,the": 0.0026441036488630354, "the,bishop": 0.0037017451084082496, "bishop,of": 0.0037017451084082496, "has,given": 0.0026441036488630354, "noble,baroness": 0.004759386567953464, "her,majestys": 0.004230565838180857, "majestys,government": 0.0031729243786356425, "of,my": 0.0026441036488630354, "the,government": 0.005288207297726071, "the,most": 0.0026441036488630354, "lords,as": 0.0031729243786356425, "and,i": 0.0037017451084082496, "the,archbishop": 0.0037017451084082496, "to,be": 0.009518773135906928, "noble,lords": 0.006874669487043892, "would,be": 0.0037017451084082496, "<s>,he": 0.004230565838180857, "we,on": 0.005288207297726071, "this,amendment": 0.004230565838180857, "has,been": 0.006874669487043892, "by,the": 0.005288207297726071, "amendment,<e>": 0.0026441036488630354, "the,secretary": 0.0031729243786356425, "secretary,of": 0.0031729243786356425, "of,state": 0.0031729243786356425, "in,your": 0.0026441036488630354, "your,lordships": 0.006874669487043892, "<s>,the": 0.0037017451084082496, "at,the": 0.0037017451084082496, "noble,viscount": 0.0026441036488630354, "we,have": 0.0037017451084082496, "to,take": 0.0031729243786356425, "lords,we": 0.0026441036488630354, "with,what": 0.004230565838180857, "what,has": 0.0026441036488630354, "been,said": 0.0026441036488630354, "to,thank": 0.004230565838180857, "minister,for": 0.0031729243786356425, "that,he": 0.004230565838180857, "he,has": 0.0037017451084082496, "baroness,lady": 0.0031729243786356425, "has,just": 0.0026441036488630354, "of,his": 0.0026441036488630354, "the,debate": 0.0037017451084082496, "the,house": 0.005817028027498678, "which,i": 0.0031729243786356425, "the,way": 0.0026441036488630354, "way,in": 0.0026441036488630354, "in,which": 0.0031729243786356425, "which,the": 0.0037017451084082496, "church,commissioners": 0.0026441036488630354, "who,have": 0.004759386567953464, "i,may": 0.0026441036488630354, "what,i": 0.0026441036488630354, "hope,that": 0.0026441036488630354, "house,<e>": 0.0031729243786356425, "which,he": 0.0026441036488630354, "the,assurance": 0.0031729243786356425, "the,amendment": 0.0037017451084082496, "of,our": 0.0026441036488630354, "i,was": 0.0031729243786356425}