{"<cs>,my": 0.053979871912168347, "my,lords": 0.055809698078682524, "lords,the": 0.010064043915827997, "that,the": 0.024702653247941447, "the,government": 0.007319304666056725, "<e>,<s>": 0.07410795974382434, "<s>,we": 0.004574565416285453, "we,have": 0.004574565416285453, "lords,i": 0.023787740164684355, "i,am": 0.01555352241537054, "made,in": 0.008234217749313814, "in,the": 0.011893870082342177, "to,be": 0.0054894784995425435, "to,make": 0.006404391582799634, "to,the": 0.01555352241537054, "lords,with": 0.007319304666056725, "with,the": 0.010978956999085087, "the,leave": 0.006404391582799634, "leave,of": 0.008234217749313814, "of,the": 0.024702653247941447, "the,house": 0.0192131747483989, "house,i": 0.008234217749313814, "i,beg": 0.020128087831655993, "to,repeat": 0.008234217749313814, "repeat,a": 0.007319304666056725, "a,statement": 0.008234217749313814, "being,made": 0.006404391582799634, "in,another": 0.008234217749313814, "another,place": 0.009149130832570906, "place,by": 0.007319304666056725, "by,my": 0.010064043915827997, "my,right": 0.010064043915827997, "right,honourable": 0.010064043915827997, "honourable,friend": 0.009149130832570906, "friend,the": 0.007319304666056725, "the,secretary": 0.008234217749313814, "secretary,of": 0.008234217749313814, "of,state": 0.008234217749313814, "state,for": 0.007319304666056725, "<s>,the": 0.01463860933211345, "the,statement": 0.006404391582799634, "statement,reads": 0.006404391582799634, "reads,as": 0.006404391582799634, "as,follows": 0.006404391582799634, "follows,<e>": 0.006404391582799634, "i,should": 0.010978956999085087, "should,like": 0.008234217749313814, "like,to": 0.008234217749313814, "the,noble": 0.013723696248856358, "noble,lord": 0.012808783165599268, "lord,lord": 0.010064043915827997, "<s>,i": 0.0192131747483989, "by,the": 0.006404391582799634, "that,i": 0.0054894784995425435, "i,have": 0.007319304666056725, "it,is": 0.004574565416285453, "for,the": 0.013723696248856358, "have,been": 0.0054894784995425435, "and,i": 0.004574565416285453, "the,environment": 0.007319304666056725, "environment,<e>": 0.006404391582799634, "beg,to": 0.018298261665141813, "to,move": 0.01738334858188472, "move,that": 0.01738334858188472, "that,this": 0.004574565416285453, "this,bill": 0.013723696248856358, "bill,be": 0.004574565416285453, "be,now": 0.004574565416285453, "read,a": 0.004574565416285453, "time,<e>": 0.004574565416285453, "the,bill": 0.010978956999085087, "your,lordships": 0.009149130832570906, "on,the": 0.009149130832570906, "house,do": 0.010978956999085087, "do,now": 0.011893870082342177, "now,resolve": 0.0054894784995425435, "resolve,itself": 0.010978956999085087, "itself,into": 0.010978956999085087, "into,committee": 0.010978956999085087, "committee,on": 0.010978956999085087, "on,this": 0.010978956999085087, "bill,<e>": 0.011893870082342177, "the,glc": 0.004574565416285453, "now,again": 0.0054894784995425435, "again,resolve": 0.0054894784995425435, "the,amendment": 0.004574565416285453, "he,has": 0.004574565416285453, "is,not": 0.004574565416285453, "<s>,it": 0.004574565416285453}