{"<cs>,my": 0.07195121951219512, "my,lords": 0.07317073170731707, "it,is": 0.01707317073170732, "is,not": 0.007317073170731708, "north,sea": 0.006097560975609756, "oil,and": 0.007317073170731708, "<e>,<s>": 0.1024390243902439, "of,the": 0.03902439024390244, "the,united": 0.013414634146341463, "united,kingdom": 0.012195121951219513, "lords,i": 0.01951219512195122, "i,am": 0.01097560975609756, "my,noble": 0.00853658536585366, "noble,friend": 0.00853658536585366, "i,beg": 0.006097560975609756, "beg,to": 0.006097560975609756, "to,move": 0.006097560975609756, "that,the": 0.014634146341463415, "lords,the": 0.01951219512195122, "the,government": 0.00975609756097561, "on,this": 0.006097560975609756, "we,have": 0.007317073170731708, "have,been": 0.007317073170731708, "number,of": 0.006097560975609756, "the,house": 0.00853658536585366, "to,be": 0.007317073170731708, "by,the": 0.01097560975609756, "to,the": 0.023170731707317073, "the,noble": 0.02195121951219512, "<s>,i": 0.01951219512195122, "the,national": 0.013414634146341463, "will,be": 0.012195121951219513, "<s>,in": 0.006097560975609756, "in,the": 0.03048780487804878, "of,per": 0.00853658536585366, "per,cent": 0.007317073170731708, "cent,<e>": 0.007317073170731708, "national,coal": 0.01097560975609756, "coal,board": 0.01097560975609756, "an,average": 0.00853658536585366, "average,of": 0.00853658536585366, "per,year": 0.00853658536585366, "with,the": 0.012195121951219513, "a,statement": 0.007317073170731708, "my,right": 0.006097560975609756, "right,honourable": 0.006097560975609756, "honourable,friend": 0.007317073170731708, "friend,the": 0.007317073170731708, "secretary,of": 0.006097560975609756, "of,state": 0.007317073170731708, "state,for": 0.007317073170731708, "for,energy": 0.006097560975609756, "in,another": 0.006097560975609756, "another,place": 0.006097560975609756, "<s>,the": 0.014634146341463415, "noble,lord": 0.015853658536585366, "lord,lord": 0.01097560975609756, "that,it": 0.006097560975609756, "on,the": 0.007317073170731708, "<s>,it": 0.00975609756097561, "that,we": 0.006097560975609756, "say,that": 0.006097560975609756, "from,the": 0.007317073170731708, "to,say": 0.007317073170731708, "pits,closed": 0.01097560975609756, "for,the": 0.015853658536585366, "i,should": 0.00853658536585366, "should,like": 0.007317073170731708, "like,to": 0.00853658536585366, "as,a": 0.00975609756097561, "a,total": 0.00853658536585366, "total,of": 0.00975609756097561, "of,pits": 0.007317073170731708, "closed,an": 0.007317073170731708, "to,march": 0.006097560975609756, "march,a": 0.006097560975609756, "talks,on": 0.006097560975609756}