{"<cs>,my": 0.07975460122699386, "my,lords": 0.07975460122699386, "amendment,no": 0.07668711656441718, "no,<e>": 0.08282208588957055, "<e>,<s>": 0.15030674846625766, "<s>,<e>": 0.024539877300613498, "it,<e>": 0.015337423312883436, "lords,the": 0.027607361963190184, "the,question": 0.02147239263803681, "question,is": 0.018404907975460124, "is,that": 0.02147239263803681, "the,amendment": 0.015337423312883436, "be,agreed": 0.02147239263803681, "agreed,to": 0.03680981595092025, "to,<e>": 0.02147239263803681, "<s>,as": 0.015337423312883436, "lords,i": 0.02147239263803681, "the,noble": 0.03067484662576687, "noble,lord": 0.018404907975460124, "this,amendment": 0.03374233128834356, "i,have": 0.015337423312883436, "have,to": 0.018404907975460124, "point,out": 0.015337423312883436, "that,if": 0.015337423312883436, "is,agreed": 0.015337423312883436, "to,i": 0.015337423312883436, "i,shall": 0.015337423312883436, "shall,not": 0.015337423312883436, "not,be": 0.015337423312883436, "be,able": 0.015337423312883436, "able,to": 0.015337423312883436, "two,amendments": 0.015337423312883436}