{"<cs>,i": 0.02190332326283988, "i,have": 0.015105740181268883, "have,to": 0.014350453172205438, "to,advise": 0.013595166163141994, "advise,your": 0.008308157099697885, "your,lordships": 0.01283987915407855, "lordships,that": 0.00906344410876133, "that,if": 0.015861027190332326, "if,amendment": 0.004531722054380665, "amendment,no": 0.030211480362537766, "no,<e>": 0.03172205438066465, "<e>,<s>": 0.05891238670694864, "<s>,is": 0.004531722054380665, "is,agreed": 0.015861027190332326, "agreed,i": 0.0022658610271903325, "i,will": 0.0022658610271903325, "will,be": 0.0007552870090634441, "be,unable": 0.0015105740181268882, "unable,to": 0.0015105740181268882, "to,call": 0.010574018126888218, "call,amendment": 0.00906344410876133, "<s>,<e>": 0.010574018126888218, "i,must": 0.0022658610271903325, "must,advise": 0.0022658610271903325, "if,this": 0.009818731117824773, "this,amendment": 0.012084592145015106, "amendment,is": 0.010574018126888218, "i,cannot": 0.004531722054380665, "cannot,call": 0.004531722054380665, "<s>,a": 0.005287009063444109, "a,<e>": 0.0022658610271903325, "<cs>,may": 0.0007552870090634441, "may,i": 0.0007552870090634441, "i,ask": 0.0007552870090634441, "ask,for": 0.0007552870090634441, "for,guidance": 0.0007552870090634441, "guidance,as": 0.0007552870090634441, "as,to": 0.0007552870090634441, "to,whether": 0.0007552870090634441, "whether,it": 0.0007552870090634441, "it,is": 0.0037764350453172208, "is,the": 0.0015105740181268882, "the,intention": 0.0007552870090634441, "intention,of": 0.0007552870090634441, "of,your": 0.0007552870090634441, "lordships,to": 0.0007552870090634441, "to,go": 0.0007552870090634441, "go,into": 0.0007552870090634441, "into,clause": 0.0007552870090634441, "clause,stand": 0.0030211480362537764, "stand,part": 0.004531722054380665, "part,after": 0.0007552870090634441, "after,we": 0.0007552870090634441, "we,have": 0.0007552870090634441, "have,taken": 0.0007552870090634441, "taken,lord": 0.0007552870090634441, "lord,spenss": 0.0007552870090634441, "spenss,amendment": 0.0007552870090634441, "amendment,<e>": 0.0022658610271903325, "that,in": 0.0015105740181268882, "in,the": 0.0015105740181268882, "the,second": 0.0015105740181268882, "second,line": 0.0007552870090634441, "line,of": 0.0007552870090634441, "of,this": 0.0007552870090634441, "amendment,section": 0.0007552870090634441, "section,should": 0.0007552870090634441, "should,read": 0.0015105740181268882, "read,section": 0.0007552870090634441, "section,<e>": 0.0007552870090634441, "<cs>,with": 0.0022658610271903325, "with,your": 0.0022658610271903325, "lordships,permission": 0.0022658610271903325, "permission,i": 0.0022658610271903325, "i,shall": 0.010574018126888218, "shall,take": 0.0007552870090634441, "take,the": 0.0007552870090634441, "the,next": 0.0007552870090634441, "next,three": 0.0007552870090634441, "three,amendments": 0.0007552870090634441, "amendments,together": 0.0007552870090634441, "together,<e>": 0.0015105740181268882, "<cs>,my": 0.0015105740181268882, "my,only": 0.0007552870090634441, "only,instructions": 0.0007552870090634441, "instructions,on": 0.0007552870090634441, "on,this": 0.0007552870090634441, "this,are": 0.0007552870090634441, "are,that": 0.0007552870090634441, "<s>,that": 0.0030211480362537764, "that,is": 0.0015105740181268882, "is,this": 0.0007552870090634441, "this,one": 0.0007552870090634441, "one,is": 0.0007552870090634441, "agreed,to": 0.01661631419939577, "to,it": 0.0015105740181268882, "is,necessary": 0.0007552870090634441, "necessary,to": 0.0007552870090634441, "to,put": 0.0007552870090634441, "put,the": 0.0007552870090634441, "the,question": 0.006797583081570997, "question,that": 0.0007552870090634441, "that,the": 0.0030211480362537764, "the,new": 0.0015105740181268882, "new,clause": 0.0015105740181268882, "part,of": 0.0037764350453172208, "of,the": 0.008308157099697885, "the,bill": 0.004531722054380665, "bill,<e>": 0.004531722054380665, "<s>,therefore": 0.0015105740181268882, "therefore,as": 0.0007552870090634441, "as,i": 0.0007552870090634441, "i,understand": 0.0037764350453172208, "understand,it": 0.0007552870090634441, "it,this": 0.0007552870090634441, "this,is": 0.0007552870090634441, "is,a": 0.0015105740181268882, "a,substitution": 0.0007552870090634441, "substitution,for": 0.0007552870090634441, "for,the": 0.0007552870090634441, "the,existing": 0.0007552870090634441, "existing,clause": 0.0007552870090634441, "clause,<e>": 0.0007552870090634441, "a,decision": 0.0007552870090634441, "decision,having": 0.0007552870090634441, "having,been": 0.0015105740181268882, "been,made": 0.0015105740181268882, "made,on": 0.0007552870090634441, "on,that": 0.0007552870090634441, "that,i": 0.0037764350453172208, "i,then": 0.0007552870090634441, "then,confirm": 0.0007552870090634441, "confirm,that": 0.0007552870090634441, "that,by": 0.0007552870090634441, "by,inviting": 0.0007552870090634441, "inviting,the": 0.0007552870090634441, "the,committee": 0.011329305135951661, "committee,to": 0.0007552870090634441, "to,agree": 0.0007552870090634441, "agree,that": 0.0007552870090634441, "<cs>,we": 0.0007552870090634441, "we,now": 0.0015105740181268882, "now,come": 0.0007552870090634441, "come,to": 0.0007552870090634441, "to,amendment": 0.0037764350453172208, "a,as": 0.0007552870090634441, "as,an": 0.0007552870090634441, "an,amendment": 0.0022658610271903325, "amendment,to": 0.0015105740181268882, "<cs>,there": 0.0015105740181268882, "there,is": 0.0015105740181268882, "a,manuscript": 0.0007552870090634441, "manuscript,amendment": 0.0007552870090634441, "will,put": 0.0007552870090634441, "put,amendments": 0.0007552870090634441, "amendments,nos": 0.009818731117824773, "nos,<e>": 0.011329305135951661, "<s>,and": 0.0015105740181268882, "and,together": 0.0007552870090634441, "i,am": 0.0015105740181268882, "am,instructed": 0.0007552870090634441, "instructed,that": 0.0007552870090634441, "i,should": 0.0007552870090634441, "should,now": 0.0007552870090634441, "now,call": 0.0007552870090634441, "call,amendments": 0.006042296072507553, "a,to": 0.0007552870090634441, "to,j": 0.0007552870090634441, "j,<e>": 0.0007552870090634441, "will,take": 0.0007552870090634441, "take,all": 0.0007552870090634441, "all,these": 0.0007552870090634441, "these,amendments": 0.0015105740181268882, "amendments,as": 0.0007552870090634441, "as,having": 0.0007552870090634441, "been,moved": 0.0007552870090634441, "moved,<e>": 0.0015105740181268882, "shall,not": 0.00906344410876133, "not,be": 0.00906344410876133, "be,able": 0.00906344410876133, "able,to": 0.00906344410876133, "call,no": 0.0007552870090634441, "<cs>,as": 0.0007552870090634441, "as,it": 0.0015105740181268882, "it,appears": 0.0007552870090634441, "appears,that": 0.0007552870090634441, "that,fewer": 0.0007552870090634441, "fewer,than": 0.0007552870090634441, "than,lords": 0.0007552870090634441, "lords,have": 0.0007552870090634441, "have,voted": 0.0007552870090634441, "voted,in": 0.0007552870090634441, "in,accordance": 0.0007552870090634441, "accordance,with": 0.0007552870090634441, "with,standing": 0.0007552870090634441, "standing,order": 0.0015105740181268882, "order,no": 0.0007552870090634441, "<s>,i": 0.0037764350453172208, "i,declare": 0.0007552870090634441, "declare,the": 0.0007552870090634441, "question,not": 0.0007552870090634441, "not,decided": 0.0007552870090634441, "decided,and": 0.0007552870090634441, "and,pursuant": 0.0007552870090634441, "pursuant,to": 0.0007552870090634441, "to,that": 0.0007552870090634441, "that,standing": 0.0007552870090634441, "order,the": 0.0007552870090634441, "the,house": 0.0007552870090634441, "house,will": 0.0007552870090634441, "will,now": 0.0007552870090634441, "now,resume": 0.0007552870090634441, "resume,<e>": 0.0007552870090634441, "to,i": 0.01283987915407855, "<cs>,the": 0.006042296072507553, "question,is": 0.005287009063444109, "is,that": 0.005287009063444109, "that,amendment": 0.0037764350453172208, "<s>,be": 0.0030211480362537764, "be,agreed": 0.0030211480362537764,