{"<cs>,my": 0.02370169082125604, "my,lords": 0.023852657004830916, "lords,i": 0.009963768115942028, "i,should": 0.004830917874396135, "should,like": 0.004076086956521739, "like,to": 0.004830917874396135, "congratulate,the": 0.0010567632850241545, "the,noble": 0.025513285024154588, "noble,lord": 0.014190821256038648, "lord,lord": 0.008454106280193236, "on,what": 0.0007548309178743961, "what,is": 0.001358695652173913, "but,also": 0.0007548309178743961, "bill,<e>": 0.00196256038647343, "<e>,<s>": 0.08876811594202899, "<s>,he": 0.0015096618357487923, "he,has": 0.0016606280193236715, "has,been": 0.005434782608695652, "to,say": 0.001358695652173913, "say,that": 0.002113526570048309, "does,not": 0.0007548309178743961, "in,any": 0.0010567632850241545, "any,way": 0.0007548309178743961, "at,the": 0.0030193236714975845, "to,do": 0.0010567632850241545, "with,the": 0.005736714975845411, "<s>,it": 0.008907004830917874, "it,is": 0.010567632850241546, "is,a": 0.006038647342995169, "a,very": 0.001358695652173913, "area,of": 0.0012077294685990338, "of,this": 0.002113526570048309, "this,country": 0.004227053140096618, "country,<e>": 0.002566425120772947, "<s>,indeed": 0.0009057971014492754, "we,have": 0.004076086956521739, "which,has": 0.0007548309178743961, "has,to": 0.0007548309178743961, "of,a": 0.0022644927536231885, "to,the": 0.013285024154589372, "for,giving": 0.0024154589371980675, "to,speak": 0.002566425120772947, "speak,on": 0.0009057971014492754, "on,this": 0.0018115942028985507, "as,a": 0.0016606280193236715, "of,the": 0.025211352657004832, "wider,share": 0.0007548309178743961, "<s>,there": 0.0018115942028985507, "there,is": 0.004378019323671498, "on,a": 0.0015096618357487923, "<s>,in": 0.002717391304347826, "i,have": 0.005736714975845411, "have,been": 0.003472222222222222, "aware,of": 0.0010567632850241545, "of,my": 0.0024154589371980675, "lack,of": 0.0010567632850241545, "and,so": 0.0010567632850241545, "so,on": 0.0010567632850241545, "<s>,therefore": 0.0007548309178743961, "your,lordships": 0.005736714975845411, "i,shall": 0.003170289855072464, "on,to": 0.0009057971014492754, "to,a": 0.0024154589371980675, "i,thank": 0.0036231884057971015, "thank,the": 0.006038647342995169, "lord,graham": 0.0009057971014492754, "the,word": 0.0010567632850241545, "that,is": 0.003321256038647343, "it,was": 0.002717391304347826, "that,the": 0.008605072463768116, "the,governments": 0.0015096618357487923, "on,the": 0.005434782608695652, "the,british": 0.00196256038647343, "british,film": 0.001358695652173913, "film,industry": 0.002113526570048309, "<s>,i": 0.026419082125603864, "i,believe": 0.00196256038647343, "said,that": 0.0007548309178743961, "that,it": 0.0037741545893719805, "white,paper": 0.0010567632850241545, "and,the": 0.004679951690821256, "in,that": 0.0010567632850241545, "is,very": 0.0007548309178743961, "<s>,that": 0.0037741545893719805, "is,not": 0.0018115942028985507, "that,has": 0.0009057971014492754, "it,has": 0.002113526570048309, "for,a": 0.0015096618357487923, "a,great": 0.00196256038647343, "time,<e>": 0.0007548309178743961, "been,a": 0.0012077294685990338, "there,has": 0.0007548309178743961, "a,number": 0.0016606280193236715, "number,of": 0.00196256038647343, "who,have": 0.0016606280193236715, "in,their": 0.0012077294685990338, "i,think": 0.004378019323671498, "was,the": 0.0010567632850241545, "noble,earl": 0.0030193236714975845, "the,minister": 0.007699275362318841, "minister,<e>": 0.0007548309178743961, "<s>,if": 0.0009057971014492754, "if,i": 0.0022644927536231885, "i,may": 0.004076086956521739, "that,he": 0.00196256038647343, "by,the": 0.005736714975845411, "in,the": 0.014945652173913044, "in,this": 0.006189613526570048, "which,are": 0.0007548309178743961, "from,the": 0.0037741545893719805, "people,who": 0.0012077294685990338, "who,are": 0.0016606280193236715, "to,thank": 0.0022644927536231885, "for,that": 0.00196256038647343, "that,<e>": 0.0015096618357487923, "i,understand": 0.0012077294685990338, "what,he": 0.0009057971014492754, "think,it": 0.001358695652173913, "is,an": 0.0018115942028985507, "the,very": 0.0009057971014492754, "between,the": 0.0009057971014492754, "and,i": 0.00392512077294686, "the,problem": 0.0007548309178743961, "noble,viscount": 0.003170289855072464, "viscount,lord": 0.002113526570048309, "i,am": 0.008756038647342996, "encouraged,by": 0.0007548309178743961, "the,other": 0.0015096618357487923, "side,of": 0.0009057971014492754, "the,house": 0.002566425120772947, "in,our": 0.0009057971014492754, "which,is": 0.0022644927536231885, "this,kind": 0.0012077294685990338, "<cs>,i": 0.004981884057971014, "i,too": 0.0010567632850241545, "this,amendment": 0.0007548309178743961, "than,i": 0.0007548309178743961, "although,i": 0.001358695652173913, "to,use": 0.0007548309178743961, "such,as": 0.0010567632850241545, "in,a": 0.0016606280193236715, "use,of": 0.0007548309178743961, "the,way": 0.0009057971014492754, "can,be": 0.0010567632850241545, "have,not": 0.0010567632850241545, "because,i": 0.0007548309178743961, "there,are": 0.0010567632850241545, "noble,lords": 0.004830917874396135, "opportunity,to": 0.0015096618357487923, "so,that": 0.0010567632850241545, "that,one": 0.0010567632850241545, "lord,the": 0.0010567632850241545, "think,that": 0.002566425120772947, "that,my": 0.0007548309178743961, "my,remarks": 0.0007548309178743961, "such,a": 0.0009057971014492754, "that,we": 0.00392512077294686, "that,they": 0.0016606280193236715, "they,are": 0.0016606280193236715, "are,all": 0.0007548309178743961, "dealt,with": 0.0010567632850241545, "for,his": 0.0009057971014492754, "i,did": 0.0007548309178743961, "did,not": 0.0012077294685990338, "i,do": 0.004076086956521739, "do,not": 0.005434782608695652, "to,be": 0.004378019323671498, "on,these": 0.00392512077294686, "these,benches": 0.004227053140096618, "my,noble": 0.0037741545893719805, "noble,friend": 0.00392512077294686, "friend,lord": 0.0024154589371980675, "that,i": 0.004528985507246377, "i,can": 0.001358695652173913, "about,the": 0.003170289855072464, "is,the": 0.004076086956521739, "all,the": 0.0009057971014492754, "people,in": 0.0007548309178743961, "<s>,they": 0.0007548309178743961, "very,much": 0.0009057971014492754, "which,we": 0.00196256038647343, "will,not": 0.0007548309178743961, "and,for": 0.0007548309178743961, "kind,of": 0.0009057971014492754, "the,world": 0.0007548309178743961, "to,have": 0.001358695652173913, "<s>,the": 0.004528985507246377, "it,will": 0.0010567632850241545, "the,film": 0.0012077294685990338, "way,in": 0.0010567632850241545, "in,which": 0.00196256038647343, "which,the": 0.001358695652173913, "support,the": 0.0024154589371980675, "the,amendment": 0.005585748792270531, "which,i": 0.00196256038647343, "the,committee": 0.0016606280193236715, "<s>,however": 0.003170289855072464, "in,my": 0.0009057971014492754, "i,was": 0.0028683574879227055, "industry,<e>": 0.001358695652173913, "<s>,this": 0.0012077294685990338, "this,is": 0.0016606280193236715, "i,hope": 0.0022644927536231885, "hope,that": 0.0018115942028985507, "amendment,<e>": 0.004076086956521739, "this,debate": 0.0010567632850241545, "debate,<e>": 0.0010567632850241545, "<s>,we": 0.0037741545893719805, "have,to": 0.001358695652173913, "not,think": 0.0007548309178743961, "that,in": 0.0022644927536231885, "short,time": 0.0007548309178743961, "which,have": 0.0007548309178743961, "have,had": 0.0010567632850241545, "of,your": 0.0012077294685990338, "lordships,house": 0.00196256038647343, "one,of": 0.00196256038647343, "of,<e>": 0.0007548309178743961, "lords,it": 0.0010567632850241545, "at,this": 0.001358695652173913, "this,stage": 0.0007548309178743961, "other,noble": 0.001358695652173913, "giving,us": 0.0016606280193236715, "us,the": 0.001358695652173913, "the,opportunity": 0.001358695652173913, "this,subject": 0.0007548309178743961, "subject,<e>": 0.0009057971014492754, "to,support": 0.0012077294685990338, "with,a": 0.0009057971014492754, "agree,with": 0.0018115942028985507, "but,i": 0.0022644927536231885,