{"<cs>,my": 0.06378258458125347, "my,lords": 0.06378258458125347, "it,is": 0.009428729894620078, "is,a": 0.006100942872989462, "to,have": 0.0033277870216306157, "as,leader": 0.0033277870216306157, "leader,of": 0.004437049362174155, "of,the": 0.03161397670549085, "the,house": 0.026067665002773157, "the,noble": 0.013311148086522463, "noble,lord": 0.013311148086522463, "lord,lord": 0.00776483638380477, "and,the": 0.004437049362174155, "<e>,<s>": 0.06156405990016639, "<s>,i": 0.009983361064891847, "i,should": 0.005546311702717693, "like,to": 0.0033277870216306157, "that,it": 0.004991680532445923, "as,i": 0.0033277870216306157, "on,the": 0.01552967276760954, "noble,lords": 0.003882418191902385, "if,i": 0.004437049362174155, "do,not": 0.003882418191902385, "but,i": 0.0033277870216306157, "should,like": 0.0027731558513588465, "to,take": 0.0027731558513588465, "<s>,the": 0.011092623405435386, "to,the": 0.026622296173044926, "wish,to": 0.0027731558513588465, "the,government": 0.008319467554076539, "that,the": 0.010537992235163616, "that,we": 0.014420410427066, "would,not": 0.0027731558513588465, "by,the": 0.0066555740432612314, "for,the": 0.00776483638380477, "in,the": 0.014420410427066, "lords,i": 0.03216860787576262, "i,beg": 0.008319467554076539, "beg,to": 0.00776483638380477, "to,move": 0.011647254575707155, "move,the": 0.0066555740432612314, "the,motion": 0.0066555740432612314, "motion,standing": 0.006100942872989462, "standing,in": 0.0066555740432612314, "in,my": 0.007210205213533, "my,name": 0.0066555740432612314, "name,on": 0.0066555740432612314, "the,order": 0.008319467554076539, "order,paper": 0.007210205213533, "paper,<e>": 0.007210205213533, "the,next": 0.01552967276760954, "next,question": 0.012756516916250694, "question,<e>": 0.014420410427066, "i,suggest": 0.008319467554076539, "suggest,that": 0.00776483638380477, "we,have": 0.010537992235163616, "have,had": 0.0027731558513588465, "had,a": 0.0033277870216306157, "on,this": 0.004991680532445923, "this,question": 0.003882418191902385, "should,move": 0.00776483638380477, "move,on": 0.018857459789240156, "i,hope": 0.003882418191902385, "hope,that": 0.003882418191902385, "your,lordships": 0.00887409872434831, "will,agree": 0.003882418191902385, "on,<e>": 0.006100942872989462, "my,noble": 0.009983361064891847, "noble,friend": 0.009428729894620078, "was,a": 0.0027731558513588465, "i,think": 0.018302828618968387, "think,that": 0.006100942872989462, "on,to": 0.01608430393788131, "i,am": 0.0027731558513588465, "<s>,there": 0.0027731558513588465, "there,is": 0.0027731558513588465, "at,the": 0.004437049362174155, "it,would": 0.0033277870216306157, "will,be": 0.004437049362174155, "<s>,this": 0.0027731558513588465, "to,be": 0.0027731558513588465, "to,do": 0.0027731558513588465, "<s>,but": 0.0027731558513588465, "house,to": 0.0027731558513588465, "perhaps,we": 0.005546311702717693, "we,should": 0.012756516916250694, "think,we": 0.0033277870216306157, "we,move": 0.003882418191902385, "have,been": 0.005546311702717693, "this,house": 0.004437049362174155, "agree,that": 0.0027731558513588465, "by,my": 0.0033277870216306157, "friend,lord": 0.0027731558513588465, "that,i": 0.0027731558513588465, "would,be": 0.006100942872989462, "interests,of": 0.0027731558513588465, "house,i": 0.004991680532445923, "house,<e>": 0.0033277870216306157, "a,number": 0.0027731558513588465, "number,of": 0.0033277870216306157, "of,your": 0.0033277870216306157, "make,a": 0.0027731558513588465, "a,statement": 0.0033277870216306157, "lords,with": 0.0033277870216306157, "with,the": 0.004437049362174155, "the,leave": 0.0033277870216306157, "leave,of": 0.0033277870216306157, "to,make": 0.0027731558513588465, "in,view": 0.0033277870216306157, "view,of": 0.0033277870216306157, "think,perhaps": 0.0033277870216306157, "should,be": 0.0027731558513588465, "house,that": 0.0027731558513588465, "lords,<e>": 0.0033277870216306157, "of,this": 0.0027731558513588465, "in,this": 0.003882418191902385, "business,<e>": 0.003882418191902385, "has,been": 0.0033277870216306157, "think,the": 0.0033277870216306157, "house,will": 0.0027731558513588465, "<s>,we": 0.0027731558513588465, "the,fact": 0.0027731558513588465, "the,ceiling": 0.0027731558513588465, "lordships,house": 0.0027731558513588465, "who,are": 0.0027731558513588465, "civil,service": 0.004991680532445923}