{"<cs>,my": 0.07627118644067797, "my,lords": 0.07627118644067797, "in,this": 0.007062146892655367, "i,have": 0.009887005649717515, "have,been": 0.007062146892655367, "<e>,<s>": 0.09322033898305085, "<s>,i": 0.015536723163841809, "with,the": 0.009887005649717515, "my,noble": 0.07627118644067797, "noble,friend": 0.0748587570621469, "friend,the": 0.009887005649717515, "the,minister": 0.009887005649717515, "lords,is": 0.011299435028248588, "aware,that": 0.011299435028248588, "that,the": 0.022598870056497175, "friend,tell": 0.011299435028248588, "tell,the": 0.011299435028248588, "the,house": 0.01977401129943503, "how,the": 0.007062146892655367, "lords,i": 0.038135593220338986, "i,thank": 0.026836158192090395, "for,that": 0.01977401129943503, "that,reply": 0.012711864406779662, "reply,<e>": 0.014124293785310734, "of,the": 0.03389830508474576, "thank,my": 0.025423728813559324, "friend,lord": 0.007062146892655367, "the,debate": 0.007062146892655367, "it,is": 0.007062146892655367, "to,the": 0.012711864406779662, "friend,for": 0.0211864406779661, "on,the": 0.015536723163841809, "<s>,can": 0.018361581920903956, "can,he": 0.01694915254237288, "confirm,that": 0.007062146892655367, "is,my": 0.011299435028248588, "in,the": 0.01694915254237288, "the,government": 0.007062146892655367, "the,noble": 0.007062146892655367, "<s>,in": 0.007062146892655367, "lords,can": 0.012711864406779662, "can,my": 0.018361581920903956, "agree,that": 0.007062146892655367, "i,am": 0.00847457627118644, "this,country": 0.009887005649717515, "<s>,the": 0.007062146892655367, "per,cent": 0.007062146892655367, "cent,<e>": 0.007062146892655367, "friend,aware": 0.00847457627118644, "the,united": 0.00847457627118644, "of,this": 0.011299435028248588}