{"<cs>,my": 0.06802189210320563, "my,lords": 0.07349491790461297, "have,been": 0.010164190774042221, "your,lordships": 0.007036747458952306, "lordships,house": 0.003909304143862392, "and,other": 0.00547302580140735, "<e>,<s>": 0.127443315089914, "of,a": 0.00547302580140735, "to,a": 0.003909304143862392, "of,the": 0.04769351055512119, "we,are": 0.003909304143862392, "of,your": 0.003909304143862392, "in,the": 0.0398749022673964, "<s>,we": 0.007818608287724784, "<cs>,no": 0.00547302580140735, "no,my": 0.00547302580140735, "is,a": 0.007036747458952306, "on,the": 0.0109460516028147, "<s>,it": 0.009382329945269743, "it,would": 0.003909304143862392, "the,budget": 0.00547302580140735, "it,is": 0.011727912431587178, "the,government": 0.011727912431587178, "<s>,in": 0.006254886630179828, "to,the": 0.017200938232994525, "with,the": 0.007036747458952306, "the,house": 0.004691164972634871, "another,place": 0.003909304143862392, "<s>,the": 0.023455824863174355, "my,right": 0.007818608287724784, "right,honourable": 0.007818608287724784, "honourable,friend": 0.004691164972634871, "friend,the": 0.007818608287724784, "the,chancellor": 0.006254886630179828, "chancellor,of": 0.006254886630179828, "the,exchequer": 0.004691164972634871, "lords,i": 0.013291634089132134, "i,am": 0.007036747458952306, "do,not": 0.003909304143862392, "to,be": 0.010164190774042221, "level,of": 0.00547302580140735, "the,public": 0.004691164972634871, "this,bill": 0.00547302580140735, "noble,lord": 0.011727912431587178, "to,move": 0.006254886630179828, "i,beg": 0.00547302580140735, "beg,to": 0.00547302580140735, "move,that": 0.00547302580140735, "that,the": 0.011727912431587178, "my,noble": 0.009382329945269743, "the,noble": 0.011727912431587178, "lord,lord": 0.006254886630179828, "the,governments": 0.007818608287724784, "for,the": 0.011727912431587178, "lords,<e>": 0.003909304143862392, "noble,friend": 0.008600469116497263, "is,to": 0.007818608287724784, "of,this": 0.00547302580140735, "this,kind": 0.003909304143862392, "would,be": 0.007036747458952306, "lords,the": 0.020328381548084442, "about,million": 0.003909304143862392, "million,<e>": 0.006254886630179828, "<s>,i": 0.003909304143862392, "<s>,this": 0.008600469116497263, "this,is": 0.003909304143862392, "government,are": 0.003909304143862392, "as,the": 0.004691164972634871, "at,the": 0.003909304143862392, "in,this": 0.004691164972634871, "need,to": 0.003909304143862392, "the,inland": 0.004691164972634871, "inland,revenue": 0.004691164972634871, "over,the": 0.003909304143862392, "increase,in": 0.003909304143862392, "interest,rates": 0.007036747458952306, "of,inflation": 0.004691164972634871, "and,the": 0.007036747458952306, "the,rate": 0.003909304143862392, "rate,of": 0.003909304143862392, "year,<e>": 0.003909304143862392, "united,kingdom": 0.003909304143862392, "<s>,but": 0.007036747458952306, "by,the": 0.010164190774042221, "the,debate": 0.003909304143862392, "on,a": 0.004691164972634871, "is,not": 0.003909304143862392, "the,private": 0.003909304143862392, "a,matter": 0.003909304143862392, "money,supply": 0.00547302580140735, "that,this": 0.003909304143862392, "bill,be": 0.003909304143862392, "read,a": 0.003909304143862392, "a,second": 0.003909304143862392, "second,time": 0.003909304143862392, "time,<e>": 0.004691164972634871, "the,money": 0.003909304143862392, "the,united": 0.004691164972634871, "will,be": 0.007036747458952306, "per,cent": 0.00547302580140735, "cent,<e>": 0.00547302580140735, "investment,in": 0.003909304143862392, "has,been": 0.007818608287724784, "<s>,if": 0.003909304143862392, "months,<e>": 0.003909304143862392}