{"can,be": 0.0008120649651972158, "be,moved": 0.000580046403712297, "if,the": 0.0018561484918793504, "the,noble": 0.01531322505800464, "noble,lord": 0.011368909512761021, "<e>,<s>": 0.09524361948955916, "<s>,the": 0.005452436194895592, "the,question": 0.010092807424593968, "before,the": 0.0009280742459396752, "the,committee": 0.009512761020881671, "committee,is": 0.000580046403712297, "is,that": 0.0071925754060324825, "that,amendment": 0.004292343387470998, "amendment,no": 0.04976798143851508, "no,<e>": 0.053132250580046406, "<s>,be": 0.0020881670533642693, "be,agreed": 0.005220417633410673, "agreed,to": 0.018445475638051045, "to,<e>": 0.00580046403712297, "<cs>,i": 0.015081206496519721, "i,must": 0.0032482598607888632, "advise,the": 0.000580046403712297, "committee,that": 0.0053364269141531325, "that,if": 0.011716937354988398, "if,amendment": 0.007772621809744779, "<s>,is": 0.007308584686774942, "is,agreed": 0.013805104408352668, "agreed,i": 0.0013921113689095127, "i,cannot": 0.01160092807424594, "cannot,call": 0.011368909512761021, "call,amendment": 0.012761020881670533, "<s>,<e>": 0.0154292343387471, "<cs>,amendment": 0.004292343387470998, "<s>,should": 0.000580046403712297, "should,be": 0.0027842227378190253, "in,the": 0.005220417633410673, "the,wrong": 0.0008120649651972158, "order,<e>": 0.0015081206496519721, "i,should": 0.008236658932714616, "should,explain": 0.0010440835266821347, "explain,that": 0.001160092807424594, "to,i": 0.012180974477958236, "<cs>,the": 0.010440835266821345, "the,marshalled": 0.0027842227378190253, "marshalled,list": 0.002900232018561485, "is,in": 0.0008120649651972158, "<s>,i": 0.011832946635730859, "<cs>,if": 0.004292343387470998, "noble,and": 0.0010440835266821347, "and,learned": 0.0010440835266821347, "learned,lord": 0.0010440835266821347, "lord,<e>": 0.000580046403712297, "has,been": 0.0022041763341067284, "to,the": 0.008352668213457077, "if,this": 0.004524361948955917, "this,amendment": 0.0075406032482598605, "amendment,is": 0.0069605568445475635, "to,amendment": 0.004176334106728539, "cannot,be": 0.000580046403712297, "be,called": 0.0006960556844547563, "called,<e>": 0.000580046403712297, "out,of": 0.0006960556844547563, "i,have": 0.007424593967517401, "i,think": 0.0030162412993039443, "it,is": 0.0059164733178654295, "that,amendments": 0.000580046403712297, "amendments,nos": 0.011252900232018562, "nos,<e>": 0.011948955916473318, "<s>,and": 0.0059164733178654295, "and,it": 0.0008120649651972158, "for,the": 0.0009280742459396752, "wish,to": 0.0017401392111368909, "noble,earl": 0.0015081206496519721, "should,inform": 0.000580046403712297, "inform,your": 0.0010440835266821347, "your,lordships": 0.005568445475638051, "lordships,that": 0.002320185614849188, "call,amendments": 0.007424593967517401, "<s>,or": 0.00197215777262181, "or,<e>": 0.00197215777262181, "lord,has": 0.0012761020881670534, "amendments,to": 0.0010440835266821347, "<s>,we": 0.0010440835266821347, "of,the": 0.008816705336426913, "before,we": 0.000580046403712297, "we,can": 0.000580046403712297, "on,the": 0.0033642691415313227, "question,is": 0.00580046403712297, "does,the": 0.00197215777262181, "<s>,does": 0.0008120649651972158, "to,move": 0.0031322505800464038, "move,the": 0.0006960556844547563, "amendments,<e>": 0.0008120649651972158, "<cs>,we": 0.0018561484918793504, "we,now": 0.0006960556844547563, "have,to": 0.005568445475638051, "to,point": 0.0020881670533642693, "point,out": 0.005568445475638051, "out,that": 0.0035962877030162412, "i,shall": 0.004756380510440836, "shall,not": 0.0027842227378190253, "not,be": 0.004060324825986079, "be,able": 0.0032482598607888632, "able,to": 0.0032482598607888632, "to,call": 0.004988399071925754, "to,it": 0.0013921113689095127, "it,will": 0.0015081206496519721, "will,not": 0.0009280742459396752, "be,possible": 0.0009280742459396752, "possible,to": 0.0009280742459396752, "move,amendment": 0.0008120649651972158, "advise,your": 0.0006960556844547563, "is,carried": 0.000580046403712297, "to,put": 0.0015081206496519721, "put,amendment": 0.0006960556844547563, "out,to": 0.0018561484918793504, "<s>,to": 0.0034802784222737818, "call,no": 0.000580046403712297, "clear,the": 0.0008120649651972158, "the,bar": 0.0008120649651972158, "bar,<e>": 0.0008120649651972158, "<cs>,before": 0.00394431554524362, "before,calling": 0.001160092807424594, "calling,amendment": 0.0037122969837587007, "that,it": 0.0006960556844547563, "if,it": 0.0027842227378190253, "that,clause": 0.002320185614849188, "clause,shall": 0.0010440835266821347, "shall,stand": 0.0016241299303944316, "stand,part": 0.004176334106728539, "part,of": 0.0031322505800464038, "the,bill": 0.00394431554524362, "bill,<e>": 0.0032482598607888632, "i,would": 0.0008120649651972158, "to,page": 0.000580046403712297, "<s>,as": 0.0026682134570765663, "have,been": 0.0020881670533642693, "the,amendment": 0.0056844547563805106, "is,<e>": 0.000580046403712297, "<s>,a": 0.007308584686774942, "a,is": 0.001160092807424594, "is,the": 0.0026682134570765663, "the,second": 0.0006960556844547563, "of,amendment": 0.000580046403712297, "as,printed": 0.0006960556844547563, "a,which": 0.0006960556844547563, "which,is": 0.0009280742459396752, "the,manuscript": 0.0006960556844547563, "manuscript,amendment": 0.0010440835266821347, "amendment,<e>": 0.002552204176334107, "i,understand": 0.0015081206496519721, "understand,that": 0.0010440835266821347, "is,not": 0.0012761020881670534, "noble,lords": 0.0010440835266821347, "<s>,b": 0.0020881670533642693, "think,that": 0.0016241299303944316, "that,the": 0.0060324825986078886, "put,to": 0.000580046403712297, "i,put": 0.0009280742459396752, "if,i": 0.0006960556844547563, "i,now": 0.0010440835266821347, "now,call": 0.0015081206496519721, "<s>,perhaps": 0.000580046403712297, "will,be": 0.0013921113689095127, "this,is": 0.0008120649651972158, "is,an": 0.0010440835266821347, "an,amendment": 0.0022041763341067284, "by,the": 0.001160092807424594, "lord,lord": 0.00382830626450116, "<cs>,it": 0.0006960556844547563, "but,i": 0.0006960556844547563, "that,this": 0.0020881670533642693, "noble,viscount": 0.0008120649651972158, "has,already": 0.0013921113689095127, "the,first": 0.0010440835266821347, "<cs>,my": 0.0009280742459396752, "my,lords": 0.000580046403712297, "<s>,za": 0.0008120649651972158, "as,an": 0.0008120649651972158, "amendment,to": 0.002320185614849188, "if,that": 0.0008120649651972158, "that,is": 0.0020881670533642693, "<s>,if": 0.0018561484918793504, "first,amendment": 0.000580046403712297, "list,<e>": 0.0017401392111368909, "not,moved": 0.0013921113689095127, "moved,<e>": 0.0017401392111368909, "and,<e>": 0.0037122969837587007, "we,have": 0.0008120649651972158, "<cs>,there": 0.0010440835266821347, "there,is": 0.0024361948955916473, "to,which": 0.0009280742459396752, "a,<e>": 0.0024361948955916473, "should,point": 0.0026682134570765663, "any,noble": 0.0006960556844547563, "to,say": 0.0006960556844547563, "have,already": 0.0008120649651972158, "i,will": 0.000580046403712297, "put,the": 0.002900232018561485, "come,to": 0.000580046403712297, "to,inform": 0.0016241299303944316, "amendment,proposed": 0.0010440835266821347, "proposed,page": 0.000580046403712297, "page,line": 0.0015081206496519721, "line,after": 0.000580046403712297, "after,the": 0.000580046403712297, "the,word": 0.0015081206496519721, "insert,the": 0.0008120649651972158, "the,words": 0.0009280742459396752, "with,the": 0.0009280742459396752, "<cs>,this": 0.000580046403712297, "with,amendment": 0.0013921113689095127, "<s>,d": 0.0006960556844547563, "d,<e>": 0.0006960556844547563, "move,it": 0.0008120649651972158, "it,<e>": 0.00382830626450116, "i,am": 0.0035962877030162412, "am,afraid": 0.000580046403712297, "afraid,that": 0.000580046403712297, "the,chair": 0.0009280742459396752, "<cs>,does": 0.0015081206496519721, "his,amendment": 0.0006960556844547563, "<s>,amendment": 0.0012761020881670534, "in,order": 0.000580046403712297, "before,i": 0.0022041763341067284, "i,call": 0.0032482598607888632,