{"<cs>,i": 0.013673088875077687, "i,should": 0.020509633312616533, "should,point": 0.0074580484773151025, "point,out": 0.009322560596643879, "out,that": 0.002486016159105034, "that,if": 0.02175264139216905, "if,amendment": 0.0074580484773151025, "amendment,no": 0.039776258545680544, "no,<e>": 0.04288377874456184, "<e>,<s>": 0.06463642013673089, "<s>,is": 0.006836544437538844, "is,agreed": 0.022374145431945307, "agreed,to": 0.02113113735239279, "to,i": 0.019266625233064015, "i,cannot": 0.01678060907395898, "cannot,call": 0.015537600994406464, "call,no": 0.001243008079552517, "<s>,or": 0.0018645121193287756, "or,<e>": 0.001243008079552517, "i,have": 0.003107520198881293, "have,to": 0.003107520198881293, "to,point": 0.0018645121193287756, "call,amendment": 0.01305158483530143, "<s>,<e>": 0.011187072715972654, "i,must": 0.0006215040397762585, "must,tell": 0.0006215040397762585, "tell,the": 0.0018645121193287756, "the,committee": 0.024238657551274082, "committee,that": 0.022995649471721565, "<cs>,before": 0.014294592914853946, "before,calling": 0.013673088875077687, "calling,amendment": 0.01305158483530143, "<s>,i": 0.014916096954630205, "should,inform": 0.001243008079552517, "inform,the": 0.001243008079552517, "if,it": 0.010565568676196395, "it,is": 0.011187072715972654, "out,to": 0.006836544437538844, "to,the": 0.010565568676196395, "<s>,a": 0.006215040397762586, "a,i": 0.0006215040397762585, "to,remind": 0.001243008079552517, "remind,the": 0.011808576755748913, "that,i": 0.0018645121193287756, "cannot,if": 0.0006215040397762585, "agreed,call": 0.001243008079552517, "<s>,b": 0.001243008079552517, "b,<e>": 0.0018645121193287756, "<cs>,is": 0.0018645121193287756, "is,it": 0.0018645121193287756, "it,your": 0.0018645121193287756, "your,lordships": 0.0018645121193287756, "lordships,pleasure": 0.0018645121193287756, "pleasure,that": 0.0018645121193287756, "that,the": 0.0037290242386575512, "the,amendment": 0.0037290242386575512, "amendment,be": 0.003107520198881293, "be,withdrawn": 0.002486016159105034, "withdrawn,<e>": 0.002486016159105034, "<cs>,the": 0.003107520198881293, "the,question": 0.003107520198881293, "question,is": 0.002486016159105034, "is,that": 0.002486016159105034, "the,original": 0.0006215040397762585, "original,clause": 0.0006215040397762585, "clause,stand": 0.0006215040397762585, "stand,part": 0.001243008079552517, "part,of": 0.001243008079552517, "of,the": 0.00435052827843381, "the,bill": 0.002486016159105034, "bill,<e>": 0.0018645121193287756, "call,any": 0.0006215040397762585, "any,of": 0.0006215040397762585, "the,other": 0.0006215040397762585, "other,amendments": 0.0006215040397762585, "amendments,on": 0.0006215040397762585, "on,the": 0.001243008079552517, "the,marshalled": 0.004972032318210068, "marshalled,list": 0.004972032318210068, "list,<e>": 0.0018645121193287756, "cannot,<e>": 0.0006215040397762585, "<s>,if": 0.0006215040397762585, "call,amendments": 0.00870105655686762, "amendments,nos": 0.011187072715972654, "nos,<e>": 0.012430080795525171, "<cs>,straw": 0.0006215040397762585, "straw,and": 0.0006215040397762585, "and,stubble": 0.0006215040397762585, "stubble,burning": 0.0006215040397762585, "burning,prohibition": 0.0006215040397762585, "prohibition,bill": 0.0006215040397762585, "<s>,amendment": 0.002486016159105034, "<s>,has": 0.001243008079552517, "has,already": 0.001243008079552517, "already,been": 0.001243008079552517, "been,moved": 0.0006215040397762585, "moved,and": 0.0006215040397762585, "and,the": 0.001243008079552517, "the,debate": 0.0006215040397762585, "debate,upon": 0.0006215040397762585, "upon,it": 0.0006215040397762585, "it,was": 0.0006215040397762585, "was,adjourned": 0.0006215040397762585, "adjourned,on": 0.0006215040397762585, "on,st": 0.0006215040397762585, "st,march": 0.0006215040397762585, "march,<e>": 0.0006215040397762585, "<s>,unless": 0.0006215040397762585, "unless,therefore": 0.0006215040397762585, "therefore,any": 0.0006215040397762585, "any,noble": 0.0006215040397762585, "noble,lord": 0.0037290242386575512, "lord,wishes": 0.0006215040397762585, "wishes,to": 0.0006215040397762585, "to,speak": 0.0006215040397762585, "speak,further": 0.0006215040397762585, "further,to": 0.0006215040397762585, "amendment,i": 0.0006215040397762585, "i,shall": 0.006215040397762586, "shall,put": 0.0006215040397762585, "put,the": 0.0006215040397762585, "question,that": 0.0006215040397762585, "that,amendment": 0.002486016159105034, "be,agreed": 0.0006215040397762585, "to,<e>": 0.0037290242386575512, "<s>,and": 0.003107520198881293, "and,<e>": 0.0018645121193287756, "i,call": 0.002486016159105034, "<cs>,are": 0.0006215040397762585, "are,amendments": 0.0006215040397762585, "and,not": 0.0006215040397762585, "not,moved": 0.001243008079552517, "moved,<e>": 0.0018645121193287756, "that,this": 0.001243008079552517, "this,amendment": 0.005593536357986327, "should,like": 0.0006215040397762585, "like,to": 0.0006215040397762585, "to,draw": 0.0006215040397762585, "draw,the": 0.0006215040397762585, "the,committees": 0.0006215040397762585, "committees,attention": 0.0006215040397762585, "attention,to": 0.0006215040397762585, "to,standing": 0.0006215040397762585, "standing,order": 0.0006215040397762585, "order,no": 0.0006215040397762585, "<s>,which": 0.001243008079552517, "which,reads": 0.0006215040397762585, "reads,<e>": 0.0006215040397762585, "<cs>,my": 0.0006215040397762585, "my,lords": 0.0006215040397762585, "lords,amendment": 0.0006215040397762585, "amendment,nos": 0.0006215040397762585, "and,cannot": 0.001243008079552517, "cannot,be": 0.001243008079552517, "be,called": 0.0006215040397762585, "called,following": 0.0006215040397762585, "following,the": 0.0006215040397762585, "the,agreement": 0.0006215040397762585, "agreement,to": 0.0006215040397762585, "to,amendment": 0.0018645121193287756, "<s>,therefore": 0.0006215040397762585, "therefore,i": 0.0006215040397762585, "a,in": 0.0006215040397762585, "in,the": 0.00435052827843381, "the,name": 0.001243008079552517, "name,of": 0.001243008079552517, "the,noble": 0.00870105655686762, "lord,lord": 0.002486016159105034, "lord,mottistone": 0.0006215040397762585, "mottistone,<e>": 0.0006215040397762585, "should,tell": 0.001243008079552517, "that,there": 0.001243008079552517, "there,is": 0.001243008079552517, "is,a": 0.001243008079552517, "a,correction": 0.0006215040397762585, "correction,to": 0.0006215040397762585, "to,be": 0.0006215040397762585, "be,made": 0.0006215040397762585, "made,to": 0.0006215040397762585, "<s>,should": 0.0006215040397762585, "should,read": 0.001243008079552517, "read,<e>": 0.001243008079552517, "<cs>,amendment": 0.002486016159105034, "<s>,lord": 0.0006215040397762585, "lord,mcintosh": 0.0006215040397762585, "mcintosh,<e>": 0.0006215040397762585, "<s>,ca": 0.0006215040397762585, "ca,i": 0.0006215040397762585, "i,would": 0.0006215040397762585, "would,remind": 0.0006215040397762585, "call,nos": 0.0006215040397762585, "<s>,d": 0.001243008079552517, "d,e": 0.0006215040397762585, "e,or": 0.0006215040397762585, "or,f": 0.0006215040397762585, "f,<e>": 0.0006215040397762585, "<cs>,there": 0.0006215040397762585, "there,are": 0.001243008079552517, "are,three": 0.0006215040397762585, "three,unnumbered": 0.0006215040397762585, "unnumbered,amendments": 0.0006215040397762585, "amendments,to": 0.0006215040397762585, "to,this": 0.0006215040397762585, "amendment,on": 0.0006215040397762585, "on,page": 0.0006215040397762585, "page,of": 0.0006215040397762585, "<s>,would": 0.0006215040397762585, "would,the": 0.0006215040397762585, "lord,henderson": 0.0006215040397762585, "henderson,of": 0.0006215040397762585, "of,brompton": 0.0006215040397762585, "brompton,care": 0.0006215040397762585, "care,to": 0.0006215040397762585, "to,confirm": 0.0006215040397762585, "confirm,to": 0.0006215040397762585, "that,it": 0.001243008079552517, "is,not": 0.001243008079552517, "not,proposed": 0.0006215040397762585, "proposed,to": 0.001243008079552517, "to,move": 0.0006215040397762585,