{"<cs>,my": 0.03282828282828283, "my,lords": 0.03282828282828283, "lords,after": 0.0012626262626262627, "after,amendment": 0.0012626262626262627, "amendment,no": 0.03156565656565657, "no,<e>": 0.03409090909090909, "<e>,<s>": 0.06186868686868687, "<s>,we": 0.0025252525252525255, "we,pass": 0.0012626262626262627, "pass,to": 0.0012626262626262627, "to,supplementary": 0.0012626262626262627, "supplementary,amendment": 0.0012626262626262627, "<s>,a": 0.005050505050505051, "a,on": 0.0012626262626262627, "on,the": 0.003787878787878788, "the,separate": 0.0012626262626262627, "separate,sheet": 0.0012626262626262627, "sheet,<e>": 0.0012626262626262627, "lords,tellers": 0.0012626262626262627, "tellers,for": 0.0012626262626262627, "for,the": 0.0012626262626262627, "the,contents": 0.0025252525252525255, "contents,have": 0.0025252525252525255, "have,not": 0.0012626262626262627, "not,been": 0.0012626262626262627, "been,appointed": 0.0012626262626262627, "appointed,pursuant": 0.0012626262626262627, "pursuant,to": 0.0012626262626262627, "to,standing": 0.0012626262626262627, "standing,order": 0.0012626262626262627, "order,no": 0.0012626262626262627, "<s>,<e>": 0.010101010101010102, "a,division": 0.0012626262626262627, "division,therefore": 0.0012626262626262627, "therefore,cannot": 0.0012626262626262627, "cannot,take": 0.0012626262626262627, "take,place": 0.0012626262626262627, "place,and": 0.0012626262626262627, "and,i": 0.0012626262626262627, "i,declare": 0.0012626262626262627, "declare,the": 0.0012626262626262627, "the,not-contents": 0.0025252525252525255, "not-contents,have": 0.0025252525252525255, "have,it": 0.003787878787878788, "it,<e>": 0.006313131313131313, "lords,the": 0.011363636363636364, "the,question": 0.008838383838383838, "question,is": 0.007575757575757576, "is,that": 0.008838383838383838, "that,the": 0.003787878787878788, "the,amendment": 0.006313131313131313, "amendment,be": 0.005050505050505051, "be,agreed": 0.008838383838383838, "agreed,to": 0.015151515151515152, "to,<e>": 0.008838383838383838, "<s>,as": 0.006313131313131313, "as,many": 0.003787878787878788, "many,as": 0.003787878787878788, "as,are": 0.005050505050505051, "are,of": 0.005050505050505051, "of,that": 0.005050505050505051, "that,opinion": 0.005050505050505051, "opinion,will": 0.003787878787878788, "will,say": 0.003787878787878788, "say,content": 0.005050505050505051, "content,<e>": 0.005050505050505051, "<s>,to": 0.005050505050505051, "to,the": 0.005050505050505051, "the,contrary": 0.003787878787878788, "contrary,not-content": 0.003787878787878788, "not-content,<e>": 0.003787878787878788, "lords,i": 0.008838383838383838, "i,understand": 0.0025252525252525255, "understand,that": 0.0025252525252525255, "the,noble": 0.012626262626262626, "noble,lord": 0.007575757575757576, "lord,lord": 0.003787878787878788, "lord,monson": 0.0012626262626262627, "monson,does": 0.0012626262626262627, "does,not": 0.0012626262626262627, "not,wish": 0.0012626262626262627, "wish,to": 0.005050505050505051, "to,move": 0.003787878787878788, "move,this": 0.0012626262626262627, "this,amendment": 0.013888888888888888, "amendment,schedule": 0.0012626262626262627, "schedule,amendment": 0.0012626262626262627, "<s>,does": 0.0025252525252525255, "does,either": 0.0012626262626262627, "either,the": 0.0012626262626262627, "noble,baroness": 0.003787878787878788, "baroness,lady": 0.0025252525252525255, "lady,birk": 0.0012626262626262627, "birk,or": 0.0012626262626262627, "or,the": 0.0012626262626262627, "noble,earl": 0.0012626262626262627, "earl,lord": 0.0012626262626262627, "lord,kinnoull": 0.0012626262626262627, "kinnoull,wish": 0.0012626262626262627, "move,it": 0.0012626262626262627, "i,think": 0.003787878787878788, "think,the": 0.0025252525252525255, "amendment,was": 0.0012626262626262627, "was,moved": 0.0012626262626262627, "moved,by": 0.0012626262626262627, "by,the": 0.0025252525252525255, "lady,faithfull": 0.0012626262626262627, "faithfull,<e>": 0.0012626262626262627, "<s>,if": 0.0012626262626262627, "if,it": 0.0012626262626262627, "it,is": 0.0012626262626262627, "is,to": 0.0012626262626262627, "to,be": 0.0025252525252525255, "be,withdrawn": 0.0025252525252525255, "withdrawn,i": 0.0012626262626262627, "think,it": 0.0012626262626262627, "it,must": 0.0012626262626262627, "must,be": 0.0012626262626262627, "withdrawn,by": 0.0012626262626262627, "the,mover": 0.0012626262626262627, "mover,<e>": 0.0012626262626262627, "i,have": 0.006313131313131313, "have,to": 0.007575757575757576, "to,point": 0.005050505050505051, "point,out": 0.006313131313131313, "out,to": 0.0012626262626262627, "to,your": 0.0012626262626262627, "your,lordships": 0.0025252525252525255, "lordships,that": 0.0012626262626262627, "that,if": 0.006313131313131313, "if,amendment": 0.005050505050505051, "<s>,is": 0.003787878787878788, "is,agreed": 0.006313131313131313, "to,i": 0.006313131313131313, "i,shall": 0.006313131313131313, "shall,not": 0.006313131313131313, "not,be": 0.006313131313131313, "be,able": 0.006313131313131313, "able,to": 0.006313131313131313, "to,call": 0.005050505050505051, "call,any": 0.0012626262626262627, "any,of": 0.0012626262626262627, "of,the": 0.0025252525252525255, "the,succeeding": 0.0012626262626262627, "succeeding,amendments": 0.0012626262626262627, "amendments,down": 0.0012626262626262627, "down,to": 0.0012626262626262627, "to,and": 0.0012626262626262627, "and,including": 0.0012626262626262627, "including,amendment": 0.0012626262626262627, "<s>,h": 0.0012626262626262627, "h,<e>": 0.0012626262626262627, "out,that": 0.005050505050505051, "call,amendment": 0.003787878787878788, "a,<e>": 0.0025252525252525255, "lords,your": 0.0012626262626262627, "lordships,must": 0.0012626262626262627, "must,now": 0.0025252525252525255, "now,go": 0.0012626262626262627, "go,to": 0.0012626262626262627, "to,page": 0.0012626262626262627, "page,amendment": 0.0012626262626262627, "<s>,e": 0.0012626262626262627, "e,which": 0.0012626262626262627, "which,was": 0.0012626262626262627, "was,wrongly": 0.0012626262626262627, "wrongly,marshalled": 0.0012626262626262627, "marshalled,<e>": 0.0012626262626262627, "<s>,sc": 0.0012626262626262627, "sc,is": 0.0012626262626262627, "<s>,sca": 0.0012626262626262627, "sca,<e>": 0.0012626262626262627, "lord,did": 0.0012626262626262627, "did,move": 0.0012626262626262627, "move,the": 0.0012626262626262627, "amendment,<e>": 0.0025252525252525255, "does,he": 0.0012626262626262627, "he,now": 0.0012626262626262627, "now,wish": 0.0012626262626262627, "to,withdraw": 0.0025252525252525255, "withdraw,it": 0.0012626262626262627, "<cs>,does": 0.0012626262626262627, "does,the": 0.0025252525252525255, "lord,underhill": 0.0012626262626262627, "underhill,wish": 0.0012626262626262627, "wish,the": 0.0012626262626262627, "the,two": 0.0025252525252525255, "two,amendments": 0.006313131313131313, "amendments,to": 0.003787878787878788, "be,moved": 0.0012626262626262627, "moved,<e>": 0.0025252525252525255, "lords,amendment": 0.0025252525252525255, "amendment,proposed": 0.0012626262626262627, "proposed,page": 0.0012626262626262627, "page,line": 0.0012626262626262627, "line,at": 0.0012626262626262627, "at,end": 0.0012626262626262627, "end,insert": 0.0012626262626262627, "insert,the": 0.0012626262626262627, "the,words": 0.0012626262626262627, "words,as": 0.0012626262626262627, "as,printed": 0.0012626262626262627, "printed,<e>": 0.0012626262626262627, "<s>,the": 0.005050505050505051, "that,this": 0.005050505050505051, "lords,there": 0.0025252525252525255, "there,is": 0.003787878787878788, "is,an": 0.0025252525252525255, "an,amendment": 0.003787878787878788, "amendment,to": 0.003787878787878788, "to,this": 0.005050505050505051, "amendment,which": 0.0012626262626262627, "which,is": 0.0012626262626262627, "is,no": 0.0025252525252525255, "that,amendment": 0.0025252525252525255, "<s>,has": 0.0025252525252525255, "has,been": 0.005050505050505051, "been,moved": 0.005050505050505051, "moved,formally": 0.0012626262626262627, "formally,so": 0.0012626262626262627,