{"in,the": 0.016611295681063124, "of,the": 0.036544850498338874, "the,bill": 0.016611295681063124, "bill,<e>": 0.016611295681063124, "<cs>,my": 0.07308970099667775, "my,lords": 0.07308970099667775, "<e>,<s>": 0.10299003322259136, "to,the": 0.026578073089700997, "<s>,the": 0.016611295681063124, "the,noble": 0.019933554817275746, "noble,lord": 0.016611295681063124, "lords,i": 0.04983388704318937, "i,beg": 0.059800664451827246, "beg,to": 0.059800664451827246, "<s>,i": 0.023255813953488372, "to,move": 0.05647840531561462, "move,that": 0.046511627906976744, "that,the": 0.036544850498338874, "bill,be": 0.016611295681063124, "be,now": 0.019933554817275746, "now,read": 0.016611295681063124, "read,a": 0.016611295681063124, "time,<e>": 0.016611295681063124, "this,bill": 0.023255813953488372, "committee,on": 0.016611295681063124, "the,house": 0.019933554817275746, "the,law": 0.026578073089700997, "house,do": 0.019933554817275746, "for,the": 0.026578073089700997, "to,provide": 0.016611295681063124, "do,now": 0.016611295681063124}