{"<cs>,my": 0.0686046511627907, "my,lords": 0.0686046511627907, "lords,we": 0.009302325581395349, "we,are": 0.010465116279069767, "are,currently": 0.005813953488372093, "to,the": 0.030232558139534883, "<e>,<s>": 0.11744186046511627, "<s>,we": 0.01627906976744186, "by,the": 0.012790697674418604, "have,been": 0.0069767441860465115, "it,is": 0.01744186046511628, "at,the": 0.005813953488372093, "lords,i": 0.018604651162790697, "the,noble": 0.009302325581395349, "who,have": 0.00813953488372093, "on,this": 0.010465116279069767, "of,health": 0.00813953488372093, "lords,the": 0.018604651162790697, "the,national": 0.009302325581395349, "national,health": 0.013953488372093023, "health,service": 0.015116279069767442, "<s>,the": 0.01744186046511628, "believe,that": 0.005813953488372093, "will,be": 0.00813953488372093, "in,the": 0.031395348837209305, "the,governments": 0.00813953488372093, "on,the": 0.0069767441860465115, "the,department": 0.00813953488372093, "to,be": 0.011627906976744186, "noble,lord": 0.0069767441860465115, "<s>,i": 0.009302325581395349, "my,noble": 0.0069767441860465115, "lord,lord": 0.005813953488372093, "my,right": 0.00813953488372093, "right,honourable": 0.00813953488372093, "honourable,friend": 0.0069767441860465115, "friend,the": 0.010465116279069767, "the,secretary": 0.0069767441860465115, "secretary,of": 0.0069767441860465115, "of,state": 0.0069767441860465115, "available,to": 0.005813953488372093, "in,a": 0.005813953488372093, "we,have": 0.0069767441860465115, "<s>,it": 0.012790697674418604, "of,the": 0.031395348837209305, "for,the": 0.01627906976744186, "has,been": 0.009302325581395349, "the,government": 0.010465116279069767, "for,a": 0.005813953488372093, "<s>,however": 0.005813953488372093, "per,cent": 0.0069767441860465115, "cent,<e>": 0.005813953488372093, "and,the": 0.00813953488372093, "that,the": 0.019767441860465116, "this,bill": 0.011627906976744186, "local,authorities": 0.005813953488372093, "opportunity,to": 0.005813953488372093, "the,house": 0.012790697674418604, "number,of": 0.009302325581395349, "i,beg": 0.012790697674418604, "beg,to": 0.012790697674418604, "to,move": 0.012790697674418604, "move,that": 0.012790697674418604, "house,do": 0.010465116279069767, "do,now": 0.009302325581395349, "resolve,itself": 0.009302325581395349, "itself,into": 0.009302325581395349, "into,committee": 0.009302325581395349, "committee,on": 0.009302325581395349, "bill,<e>": 0.010465116279069767, "now,again": 0.00813953488372093, "again,resolve": 0.00813953488372093, "the,number": 0.005813953488372093}