{"<cs>,my": 0.04312865497076023, "my,lords": 0.043859649122807015, "lords,i": 0.031432748538011694, "i,should": 0.005116959064327485, "like,to": 0.003654970760233918, "for,the": 0.013157894736842105, "have,been": 0.003654970760233918, "noble,lords": 0.005847953216374269, "<e>,<s>": 0.0533625730994152, "<s>,i": 0.013888888888888888, "by,the": 0.005847953216374269, "the,noble": 0.01827485380116959, "noble,and": 0.006578947368421052, "and,learned": 0.006578947368421052, "learned,lord": 0.003654970760233918, "lord,lord": 0.00804093567251462, "in,the": 0.008771929824561403, "<s>,it": 0.005847953216374269, "it,is": 0.0043859649122807015, "in,this": 0.0043859649122807015, "on,the": 0.007309941520467836, "<cs>,i": 0.006578947368421052, "i,beg": 0.027046783625730993, "beg,to": 0.027046783625730993, "to,move": 0.02266081871345029, "move,that": 0.02266081871345029, "that,the": 0.019736842105263157, "the,commons": 0.007309941520467836, "commons,amendments": 0.0043859649122807015, "amendments,be": 0.005116959064327485, "be,now": 0.015350877192982455, "now,considered": 0.005116959064327485, "considered,<e>": 0.005116959064327485, "i,have": 0.006578947368421052, "have,it": 0.003654970760233918, "it,in": 0.005116959064327485, "in,command": 0.003654970760233918, "command,from": 0.003654970760233918, "from,her": 0.003654970760233918, "her,majesty": 0.005847953216374269, "majesty,the": 0.003654970760233918, "the,queen": 0.003654970760233918, "the,house": 0.015350877192982455, "having,been": 0.003654970760233918, "been,informed": 0.003654970760233918, "informed,of": 0.003654970760233918, "of,the": 0.038011695906432746, "the,purport": 0.003654970760233918, "purport,of": 0.003654970760233918, "bill,has": 0.0043859649122807015, "consented,to": 0.003654970760233918, "to,place": 0.003654970760233918, "so,far": 0.0043859649122807015, "far,as": 0.0043859649122807015, "as,they": 0.003654970760233918, "they,are": 0.003654970760233918, "the,bill": 0.014619883040935672, "at,the": 0.007309941520467836, "the,disposal": 0.003654970760233918, "disposal,of": 0.003654970760233918, "of,parliament": 0.003654970760233918, "parliament,for": 0.003654970760233918, "the,purposes": 0.0043859649122807015, "purposes,of": 0.003654970760233918, "bill,<e>": 0.013157894736842105, "to,introduce": 0.0043859649122807015, "introduce,a": 0.0043859649122807015, "a,bill": 0.0043859649122807015, "bill,to": 0.0043859649122807015, "the,law": 0.00804093567251462, "relating,to": 0.0043859649122807015, "and,for": 0.003654970760233918, "that,this": 0.008771929824561403, "this,bill": 0.019005847953216373, "bill,be": 0.009502923976608187, "now,read": 0.009502923976608187, "read,a": 0.009502923976608187, "time,<e>": 0.009502923976608187, "a,second": 0.005116959064327485, "second,time": 0.005116959064327485, "<s>,the": 0.006578947368421052, "the,scottish": 0.006578947368421052, "scottish,law": 0.0043859649122807015, "law,commission": 0.003654970760233918, "we,are": 0.005847953216374269, "in,scotland": 0.0043859649122807015, "with,the": 0.005847953216374269, "house,do": 0.007309941520467836, "do,now": 0.005847953216374269, "now,resolve": 0.005116959064327485, "resolve,itself": 0.005847953216374269, "itself,into": 0.005847953216374269, "into,committee": 0.005847953216374269, "committee,on": 0.005847953216374269, "on,this": 0.009502923976608187, "lords,on": 0.003654970760233918, "on,behalf": 0.0043859649122807015, "behalf,of": 0.0043859649122807015, "of,my": 0.003654970760233918, "my,noble": 0.00804093567251462, "noble,friend": 0.005116959064327485, "friend,lord": 0.0043859649122807015, "i,am": 0.009502923976608187, "am,grateful": 0.003654970760233918, "grateful,to": 0.005847953216374269, "and,the": 0.005847953216374269, "the,amendment": 0.005116959064327485, "who,have": 0.003654970760233918, "to,be": 0.005116959064327485, "is,to": 0.0043859649122807015, "to,the": 0.02046783625730994, "should,like": 0.003654970760233918, "as,the": 0.003654970760233918, "noble,lord": 0.013157894736842105, "that,in": 0.003654970760233918, "lords,the": 0.003654970760233918, "he,has": 0.003654970760233918, "i,think": 0.003654970760233918, "and,i": 0.0043859649122807015, "from,the": 0.003654970760233918}