{"<cs>,my": 0.08344549125168237, "my,lords": 0.09152086137281291, "lords,i": 0.013458950201884253, "i,understand": 0.009421265141318977, "understand,that": 0.006729475100942127, "have,been": 0.006729475100942127, "this,bill": 0.008075370121130552, "noble,lord": 0.009421265141318977, "to,move": 0.008075370121130552, "<e>,<s>": 0.13728129205921938, "beg,to": 0.006729475100942127, "move,that": 0.006729475100942127, "that,the": 0.017496635262449527, "your,lordships": 0.008075370121130552, "will,be": 0.014804845222072678, "to,the": 0.03230148048452221, "the,noble": 0.009421265141318977, "for,the": 0.014804845222072678, "in,the": 0.03633916554508748, "i,am": 0.010767160161507403, "<s>,the": 0.03230148048452221, "the,government": 0.020188425302826378, "at,the": 0.010767160161507403, "on,th": 0.009421265141318977, "from,the": 0.006729475100942127, "as,i": 0.008075370121130552, "the,united": 0.020188425302826378, "united,states": 0.006729475100942127, "<s>,i": 0.009421265141318977, "on,the": 0.012113055181695828, "honourable,friend": 0.006729475100942127, "friend,the": 0.008075370121130552, "of,the": 0.04172274562584118, "with,the": 0.013458950201884253, "with,a": 0.006729475100942127, "lords,the": 0.021534320323014805, "united,nations": 0.009421265141318977, "<s>,we": 0.020188425302826378, "lords,<e>": 0.008075370121130552, "to,be": 0.006729475100942127, "a,number": 0.012113055181695828, "number,of": 0.012113055181695828, "we,have": 0.006729475100942127, "has,been": 0.010767160161507403, "under,the": 0.009421265141318977, "of,company": 0.006729475100942127, "<s>,it": 0.013458950201884253, "and,the": 0.018842530282637954, "it,is": 0.012113055181695828, "this,is": 0.009421265141318977, "to,take": 0.006729475100942127, "by,the": 0.008075370121130552, "we,are": 0.009421265141318977, "my,noble": 0.010767160161507403, "noble,friend": 0.009421265141318977, "the,airlines": 0.006729475100942127, "prime,minister": 0.006729475100942127, "<s>,in": 0.006729475100942127, "united,kingdom": 0.006729475100942127, "it,would": 0.006729475100942127}