{"<cs>,my": 0.02531645569620253, "my,lords": 0.02689873417721519, "lords,i": 0.007911392405063292, "i,have": 0.011075949367088608, "have,to": 0.011075949367088608, "to,notify": 0.0031645569620253164, "notify,the": 0.0031645569620253164, "the,house": 0.006329113924050633, "house,in": 0.0031645569620253164, "in,accordance": 0.004746835443037975, "accordance,with": 0.004746835443037975, "with,the": 0.004746835443037975, "the,royal": 0.0031645569620253164, "royal,assent": 0.006329113924050633, "assent,act": 0.0031645569620253164, "act,that": 0.0031645569620253164, "that,the": 0.007911392405063292, "the,queen": 0.0031645569620253164, "queen,has": 0.0031645569620253164, "has,signified": 0.0031645569620253164, "signified,her": 0.0031645569620253164, "her,royal": 0.0031645569620253164, "assent,to": 0.0031645569620253164, "to,the": 0.00949367088607595, "the,following": 0.0031645569620253164, "following,acts": 0.0031645569620253164, "acts,<e>": 0.0031645569620253164, "lords,tellers": 0.0015822784810126582, "tellers,for": 0.0015822784810126582, "for,the": 0.0015822784810126582, "the,not-contents": 0.0015822784810126582, "not-contents,have": 0.0015822784810126582, "have,not": 0.0015822784810126582, "not,been": 0.0015822784810126582, "been,appointed": 0.0015822784810126582, "appointed,pursuant": 0.0015822784810126582, "pursuant,to": 0.0015822784810126582, "to,standing": 0.0015822784810126582, "standing,order": 0.0015822784810126582, "order,no": 0.0015822784810126582, "no,<e>": 0.023734177215189875, "<e>,<s>": 0.05221518987341772, "<s>,<e>": 0.011075949367088608, "<s>,a": 0.0015822784810126582, "a,division": 0.0015822784810126582, "division,therefore": 0.0015822784810126582, "therefore,cannot": 0.0015822784810126582, "cannot,take": 0.0015822784810126582, "take,place": 0.0015822784810126582, "place,and": 0.0015822784810126582, "and,i": 0.0015822784810126582, "i,declare": 0.0015822784810126582, "declare,that": 0.0015822784810126582, "the,contents": 0.0031645569620253164, "contents,have": 0.0031645569620253164, "have,it": 0.0031645569620253164, "it,<e>": 0.0031645569620253164, "<cs>,i": 0.0015822784810126582, "i,understand": 0.0031645569620253164, "understand,we": 0.0015822784810126582, "we,are": 0.0015822784810126582, "are,dealing": 0.0015822784810126582, "dealing,with": 0.0015822784810126582, "with,amendment": 0.0015822784810126582, "amendment,no": 0.020569620253164556, "<s>,my": 0.0015822784810126582, "lords,which": 0.0015822784810126582, "which,was": 0.0015822784810126582, "was,moved": 0.0015822784810126582, "moved,by": 0.0015822784810126582, "by,the": 0.0031645569620253164, "the,minister": 0.0015822784810126582, "minister,<e>": 0.0015822784810126582, "lords,in": 0.004746835443037975, "in,calling": 0.004746835443037975, "calling,amendment": 0.006329113924050633, "<s>,i": 0.012658227848101266, "understand,that": 0.0015822784810126582, "that,nos": 0.0015822784810126582, "nos,<e>": 0.004746835443037975, "<s>,and": 0.004746835443037975, "and,are": 0.0031645569620253164, "are,alternatives": 0.0015822784810126582, "alternatives,and": 0.0015822784810126582, "and,they": 0.0015822784810126582, "they,will": 0.0015822784810126582, "will,no": 0.0015822784810126582, "no,doubt": 0.0015822784810126582, "doubt,be": 0.0015822784810126582, "be,discussed": 0.0015822784810126582, "discussed,together": 0.0015822784810126582, "together,<e>": 0.0015822784810126582, "have,been": 0.0015822784810126582, "been,informed": 0.0015822784810126582, "informed,that": 0.0015822784810126582, "that,lord": 0.0015822784810126582, "lord,balogh": 0.0015822784810126582, "balogh,voted": 0.0015822784810126582, "voted,in": 0.0015822784810126582, "in,both": 0.0015822784810126582, "both,lobbies": 0.0015822784810126582, "lobbies,in": 0.0015822784810126582, "in,division": 0.0015822784810126582, "division,no": 0.0015822784810126582, "<s>,on": 0.0031645569620253164, "on,amendment": 0.0015822784810126582, "<s>,in": 0.0015822784810126582, "the,procedure": 0.0015822784810126582, "procedure,applicable": 0.0015822784810126582, "applicable,in": 0.0015822784810126582, "in,such": 0.0015822784810126582, "such,cases": 0.0015822784810126582, "cases,his": 0.0015822784810126582, "his,name": 0.0015822784810126582, "name,will": 0.0015822784810126582, "will,be": 0.0031645569620253164, "be,struck": 0.0015822784810126582, "struck,off": 0.0015822784810126582, "off,the": 0.0015822784810126582, "the,lists": 0.0015822784810126582, "lists,and": 0.0015822784810126582, "and,his": 0.0015822784810126582, "his,vote": 0.0015822784810126582, "vote,will": 0.0015822784810126582, "be,disregarded": 0.0015822784810126582, "disregarded,<e>": 0.0015822784810126582, "<s>,the": 0.004746835443037975, "the,numbers": 0.0015822784810126582, "numbers,who": 0.0015822784810126582, "who,voted": 0.0015822784810126582, "voted,were": 0.0015822784810126582, "were,therefore": 0.0015822784810126582, "therefore,contents": 0.0015822784810126582, "contents,not-contents": 0.0015822784810126582, "not-contents,<e>": 0.0015822784810126582, "lords,amendment": 0.0015822784810126582, "amendment,proposed": 0.0015822784810126582, "proposed,line": 0.0015822784810126582, "line,paragraph": 0.0015822784810126582, "paragraph,i": 0.0015822784810126582, "i,at": 0.0015822784810126582, "at,end": 0.0015822784810126582, "end,insert": 0.0015822784810126582, "insert,or": 0.0015822784810126582, "or,<e>": 0.0015822784810126582, "i,would": 0.0015822784810126582, "would,remind": 0.0015822784810126582, "remind,your": 0.0015822784810126582, "your,lordships": 0.007911392405063292, "lordships,that": 0.006329113924050633, "that,amendments": 0.0031645569620253164, "amendments,nos": 0.0031645569620253164, "are,amendments": 0.0015822784810126582, "amendments,to": 0.0015822784810126582, "to,amendment": 0.0015822784810126582, "lords,<e>": 0.0015822784810126582, "lords,if": 0.0015822784810126582, "if,amendment": 0.0031645569620253164, "<s>,is": 0.0031645569620253164, "is,agreed": 0.004746835443037975, "agreed,to": 0.007911392405063292, "to,i": 0.004746835443037975, "i,cannot": 0.004746835443037975, "cannot,call": 0.004746835443037975, "call,amendment": 0.006329113924050633, "to,draw": 0.0015822784810126582, "draw,your": 0.0015822784810126582, "lordships,attention": 0.0015822784810126582, "attention,to": 0.0015822784810126582, "the,fact": 0.0015822784810126582, "fact,that": 0.0015822784810126582, "that,there": 0.0015822784810126582, "there,is": 0.0015822784810126582, "is,an": 0.0015822784810126582, "an,error": 0.0015822784810126582, "error,it": 0.0015822784810126582, "it,should": 0.0015822784810126582, "should,read": 0.004746835443037975, "read,<e>": 0.0015822784810126582, "lords,before": 0.0031645569620253164, "before,calling": 0.0031645569620253164, "calling,the": 0.0015822784810126582, "the,next": 0.0015822784810126582, "next,amendment": 0.0015822784810126582, "amendment,i": 0.0015822784810126582, "i,must": 0.0015822784810126582, "must,point": 0.0015822784810126582, "point,out": 0.0031645569620253164, "out,to": 0.0031645569620253164, "to,your": 0.0031645569620253164, "that,owing": 0.0015822784810126582, "owing,to": 0.0015822784810126582, "to,a": 0.0031645569620253164, "a,printers": 0.0015822784810126582, "printers,error": 0.0015822784810126582, "error,the": 0.0015822784810126582, "the,second": 0.0015822784810126582, "second,marshalled": 0.0015822784810126582, "marshalled,list": 0.0031645569620253164, "list,contains": 0.0015822784810126582, "contains,misleading": 0.0015822784810126582, "misleading,running": 0.0015822784810126582, "running,headings": 0.0015822784810126582, "headings,at": 0.0015822784810126582, "at,the": 0.0015822784810126582, "the,top": 0.0015822784810126582, "top,of": 0.0015822784810126582, "of,pages": 0.0015822784810126582, "pages,and": 0.0015822784810126582, "and,<e>": 0.0015822784810126582, "the,headings": 0.0015822784810126582, "headings,after": 0.0015822784810126582, "after,clause": 0.0031645569620253164, "clause,on": 0.0015822784810126582, "on,those": 0.0015822784810126582,