{"<cs>,my": 0.02563150074294205, "my,lords": 0.02637444279346211, "lords,the": 0.002600297176820208, "of,the": 0.03677563150074294, "the,law": 0.002600297176820208, "<e>,<s>": 0.07317979197622586, "<s>,i": 0.010772659732540862, "for,the": 0.006686478454680535, "of,this": 0.007429420505200594, "this,particular": 0.002600297176820208, "i,should": 0.007800891530460624, "should,like": 0.003714710252600297, "like,to": 0.005943536404160475, "noble,lords": 0.002600297176820208, "that,has": 0.0018573551263001485, "has,already": 0.002228826151560178, "already,been": 0.002228826151560178, "referred,to": 0.0033432392273402673, "to,which": 0.0029717682020802376, "which,the": 0.003714710252600297, "the,noble": 0.021545319465081723, "noble,and": 0.006686478454680535, "and,learned": 0.006315007429420505, "learned,lord": 0.005200594353640416, "<s>,in": 0.0033432392273402673, "in,the": 0.017830609212481426, "the,government": 0.007429420505200594, "this,bill": 0.010772659732540862, "of,all": 0.0029717682020802376, "it,is": 0.011515601783060922, "the,governments": 0.0029717682020802376, "<s>,that": 0.002600297176820208, "that,is": 0.0033432392273402673, "of,course": 0.004086181277860327, "noble,lord": 0.015601783060921248, "lord,lord": 0.01263001485884101, "lords,i": 0.01634472511144131, "i,beg": 0.01263001485884101, "beg,to": 0.01225854383358098, "to,introduce": 0.002228826151560178, "introduce,a": 0.0018573551263001485, "a,bill": 0.0018573551263001485, "bill,to": 0.002600297176820208, "certain,enactments": 0.0018573551263001485, "enactments,relating": 0.0029717682020802376, "relating,to": 0.004086181277860327, "and,the": 0.005200594353640416, "to,the": 0.018573551263001486, "by,the": 0.005572065378900446, "perhaps,i": 0.0018573551263001485, "your,lordships": 0.010029717682020803, "that,the": 0.020059435364041606, "of,your": 0.0029717682020802376, "lordships,house": 0.0018573551263001485, "deal,of": 0.002228826151560178, "the,bill": 0.009286775631500743, "bill,and": 0.002600297176820208, "would,be": 0.003714710252600297, "we,have": 0.002600297176820208, "which,have": 0.002600297176820208, "have,been": 0.0033432392273402673, "all,the": 0.0018573551263001485, "from,the": 0.0029717682020802376, "to,move": 0.01188707280832095, "move,that": 0.008915304606240713, "that,this": 0.006315007429420505, "bill,be": 0.002600297176820208, "be,now": 0.0029717682020802376, "now,read": 0.002600297176820208, "read,a": 0.002600297176820208, "time,<e>": 0.003714710252600297, "<s>,it": 0.007429420505200594, "is,a": 0.003714710252600297, "in,scotland": 0.0029717682020802376, "scotland,<e>": 0.002600297176820208, "is,intended": 0.002228826151560178, "intended,to": 0.0029717682020802376, "to,make": 0.0048291233283803865, "the,existing": 0.0018573551263001485, "law,<e>": 0.0018573551263001485, "<s>,if": 0.002600297176820208, "bill,is": 0.0018573551263001485, "it,will": 0.0018573551263001485, "will,be": 0.003714710252600297, "the,joint": 0.002228826151560178, "joint,committee": 0.002228826151560178, "committee,on": 0.0048291233283803865, "consider,it": 0.002228826151560178, "the,house": 0.007057949479940565, "move,<e>": 0.0018573551263001485, "at,the": 0.006315007429420505, "who,have": 0.0033432392273402673, "in,this": 0.005572065378900446, "this,debate": 0.0018573551263001485, "<s>,this": 0.004086181277860327, "government,are": 0.002228826151560178, "have,a": 0.0018573551263001485, "house,do": 0.0029717682020802376, "do,now": 0.0029717682020802376, "now,resolve": 0.0018573551263001485, "resolve,itself": 0.002600297176820208, "itself,into": 0.002600297176820208, "into,committee": 0.002600297176820208, "on,this": 0.004086181277860327, "bill,<e>": 0.005200594353640416, "<cs>,i": 0.0029717682020802376, "has,been": 0.008172362555720654, "<s>,the": 0.009286775631500743, "is,that": 0.0033432392273402673, "it,was": 0.0029717682020802376, "i,am": 0.005943536404160475, "sure,that": 0.0018573551263001485, "we,are": 0.003714710252600297, "and,it": 0.0018573551263001485, "this,matter": 0.002228826151560178, "of,a": 0.003714710252600297, "a,great": 0.0029717682020802376, "and,i": 0.002600297176820208, "should,also": 0.002600297176820208, "to,give": 0.002228826151560178, "the,scottish": 0.002228826151560178, "to,this": 0.0018573551263001485, "and,that": 0.002228826151560178, "lord,has": 0.002600297176820208, "in,committee": 0.0018573551263001485, "may,i": 0.0018573551263001485, "the,committee": 0.0033432392273402673, "i,think": 0.0029717682020802376, "if,i": 0.0018573551263001485, "this,clause": 0.0033432392273402673, "this,amendment": 0.005572065378900446, "amendment,<e>": 0.003714710252600297, "clause,is": 0.002228826151560178, "the,provisions": 0.002228826151560178, "in,clause": 0.0018573551263001485, "as,has": 0.0029717682020802376, "pointed,out": 0.002600297176820208, "<cs>,the": 0.0033432392273402673, "government,have": 0.0018573551263001485, "into,the": 0.002228826151560178, "from,that": 0.0018573551263001485, "<cs>,as": 0.0018573551263001485, "as,the": 0.0048291233283803865, "has,said": 0.0018573551263001485, "lords,as": 0.002600297176820208, "is,to": 0.005200594353640416, "the,word": 0.002228826151560178, "at,least": 0.0018573551263001485, "it,has": 0.0029717682020802376, "it,would": 0.002600297176820208, "amendment,no": 0.002600297176820208, "no,<e>": 0.0033432392273402673, "<s>,as": 0.0033432392273402673, "my,noble": 0.007429420505200594, "noble,friend": 0.005572065378900446, "friend,lord": 0.003714710252600297, "to,my": 0.002228826151560178, "with,the": 0.007057949479940565, "the,drafting": 0.0018573551263001485, "by,my": 0.0018573551263001485, "in,relation": 0.002228826151560178, "relation,to": 0.002228826151560178, "report,<e>": 0.0018573551263001485, "to,do": 0.003714710252600297, "so,<e>": 0.0018573551263001485, "the,present": 0.004457652303120356, "say,that": 0.002228826151560178, "this,is": 0.002228826151560178, "that,it": 0.002600297176820208, "which,was": 0.002600297176820208, "the,secretary": 0.0033432392273402673, "secretary,of": 0.0033432392273402673, "of,state": 0.0029717682020802376, "united,kingdom": 0.002600297176820208, "to,be": 0.003714710252600297, "the,subject": 0.0033432392273402673, "subject,of": 0.0029717682020802376, "had,been": 0.0018573551263001485, "had,a": 0.0018573551263001485, "on,the": 0.006315007429420505, "part,of": 0.0018573551263001485, "committee,stage": 0.002228826151560178, "may,be": 0.002228826151560178, "to,say": 0.0029717682020802376, "great,deal": 0.0018573551263001485, "so,far": 0.0029717682020802376, "far,as": 0.0029717682020802376, "as,i": 0.0018573551263001485, "the,work": 0.0018573551263001485, "which,has": 0.002228826151560178, "friend,the": 0.0018573551263001485, "as,a": 0.002600297176820208, "the,purpose": 0.0029717682020802376, "purpose,of": 0.0029717682020802376, "the,amendment": 0.005200594353640416, "was,not": 0.0018573551263001485, "to,deal": 0.0018573551263001485, "i,have": 0.0029717682020802376, "in,which": 0.0018573551263001485, "first,of": 0.002228826151560178, "that,in": 0.002228826151560178, "the,united": 0.0018573551263001485, "which,is": 0.002600297176820208, "he,has": 0.002228826151560178, "which,he": 0.004086181277860327, "the,two": 0.0018573551263001485, "the,sheriff": 0.0018573551263001485, "that,they": 0.0018573551263001485, "the,same": 0.0029717682020802376, "the,commons": 0.002228826151560178, "in,their": 0.002228826151560178, "<s>,<e>": 0.0018573551263001485, "what,the": 0.002228826151560178, "in,that": 0.0018573551263001485, "also,like": 0.0018573551263001485, "that,i": 0.002228826151560178, "of,what": 0.0018573551263001485, "this,house": 0.0018573551263001485, "and,to": 0.0018573551263001485}