{"<cs>,my": 0.023668639053254437, "my,lords": 0.023668639053254437, "lords,it": 0.005917159763313609, "it,may": 0.005917159763313609, "may,be": 0.005917159763313609, "be,for": 0.005917159763313609, "for,the": 0.011834319526627219, "the,convenience": 0.005917159763313609, "convenience,of": 0.005917159763313609, "of,the": 0.005917159763313609, "the,house": 0.005917159763313609, "house,to": 0.005917159763313609, "to,take": 0.005917159763313609, "take,amendments": 0.005917159763313609, "amendments,nos": 0.005917159763313609, "nos,<e>": 0.005917159763313609, "<e>,<s>": 0.08284023668639054, "<s>,to": 0.005917159763313609, "to,together": 0.005917159763313609, "together,<e>": 0.005917159763313609, "<cs>,the": 0.005917159763313609, "the,question": 0.011834319526627219, "question,is": 0.011834319526627219, "is,that": 0.011834319526627219, "that,amendment": 0.005917159763313609, "amendment,no": 0.023668639053254437, "no,<e>": 0.029585798816568046, "<s>,be": 0.005917159763313609, "be,agreed": 0.011834319526627219, "agreed,to": 0.01775147928994083, "to,<e>": 0.011834319526627219, "<s>,as": 0.011834319526627219, "as,many": 0.011834319526627219, "many,as": 0.011834319526627219, "as,of": 0.005917159763313609, "of,that": 0.011834319526627219, "that,opinion": 0.011834319526627219, "opinion,will": 0.011834319526627219, "will,say": 0.011834319526627219, "say,content": 0.011834319526627219, "content,to": 0.005917159763313609, "to,the": 0.005917159763313609, "the,contrary": 0.011834319526627219, "contrary,not-content": 0.011834319526627219, "not-content,<e>": 0.011834319526627219, "<s>,the": 0.011834319526627219, "the,not-contents": 0.011834319526627219, "not-contents,have": 0.011834319526627219, "have,it": 0.01775147928994083, "it,<e>": 0.01775147928994083, "<s>,amendment": 0.011834319526627219, "<s>,<e>": 0.023668639053254437, "the,lord": 0.005917159763313609, "lord,bellwin": 0.005917159763313609, "bellwin,<e>": 0.005917159763313609, "lords,the": 0.005917159763313609, "that,this": 0.005917159763313609, "this,motion": 0.005917159763313609, "motion,be": 0.005917159763313609, "as,are": 0.005917159763313609, "are,of": 0.005917159763313609, "content,the": 0.005917159763313609, "<s>,i": 0.005917159763313609, "i,think": 0.005917159763313609, "think,that": 0.005917159763313609, "that,the": 0.011834319526627219, "the,contents": 0.011834319526627219, "contents,have": 0.011834319526627219, "<cs>,amendment": 0.005917159763313609, "amendment,a": 0.005917159763313609, "a,<e>": 0.005917159763313609, "lords,tellers": 0.005917159763313609, "tellers,for": 0.005917159763313609, "have,not": 0.005917159763313609, "not,been": 0.005917159763313609, "been,appointed": 0.005917159763313609, "appointed,pursuant": 0.005917159763313609, "pursuant,to": 0.005917159763313609, "to,standing": 0.005917159763313609, "standing,order": 0.005917159763313609, "order,no": 0.005917159763313609, "<s>,a": 0.005917159763313609, "a,division": 0.005917159763313609, "division,therefore": 0.005917159763313609, "therefore,cannot": 0.005917159763313609, "cannot,take": 0.005917159763313609, "take,place": 0.005917159763313609, "place,and": 0.005917159763313609, "and,i": 0.005917159763313609, "i,declare": 0.005917159763313609, "declare,that": 0.005917159763313609, "lords,i": 0.005917159763313609, "i,must": 0.005917159763313609, "must,tell": 0.005917159763313609, "tell,your": 0.005917159763313609, "your,lordships": 0.005917159763313609, "lordships,that": 0.005917159763313609, "that,if": 0.005917159763313609, "if,this": 0.005917159763313609, "this,amendment": 0.005917159763313609, "amendment,is": 0.005917159763313609, "is,agreed": 0.005917159763313609, "to,i": 0.005917159763313609, "i,shall": 0.005917159763313609, "shall,not": 0.005917159763313609, "not,be": 0.005917159763313609, "be,able": 0.005917159763313609, "able,to": 0.005917159763313609, "to,call": 0.005917159763313609, "call,amendment": 0.005917159763313609}