{"<cs>,rose": 0.038461538461538464, "rose,to": 0.038461538461538464, "to,move": 0.038461538461538464, "move,that": 0.038461538461538464, "that,the": 0.038461538461538464, "the,order": 0.01282051282051282, "order,laid": 0.038461538461538464, "laid,before": 0.038461538461538464, "before,the": 0.038461538461538464, "the,house": 0.05128205128205128, "house,on": 0.038461538461538464, "on,rd": 0.01282051282051282, "rd,august": 0.01282051282051282, "august,be": 0.01282051282051282, "be,approved": 0.038461538461538464, "approved,<e>": 0.038461538461538464, "<cs>,my": 0.01282051282051282, "my,lords": 0.01282051282051282, "lords,while": 0.01282051282051282, "while,details": 0.01282051282051282, "details,are": 0.01282051282051282, "are,necessarily": 0.01282051282051282, "necessarily,confidential": 0.01282051282051282, "confidential,i": 0.01282051282051282, "i,can": 0.01282051282051282, "can,confirm": 0.01282051282051282, "confirm,to": 0.01282051282051282, "to,the": 0.01282051282051282, "house,that": 0.01282051282051282, "that,a": 0.01282051282051282, "a,number": 0.01282051282051282, "number,of": 0.01282051282051282, "of,recommendations": 0.01282051282051282, "recommendations,have": 0.01282051282051282, "have,already": 0.01282051282051282, "already,been": 0.01282051282051282, "been,implemented": 0.01282051282051282, "implemented,and": 0.01282051282051282, "and,others": 0.01282051282051282, "others,are": 0.01282051282051282, "are,under": 0.01282051282051282, "under,consideration": 0.01282051282051282, "consideration,<e>": 0.01282051282051282, "the,draft": 0.02564102564102564, "draft,order": 0.02564102564102564, "on,th": 0.02564102564102564, "th,march": 0.01282051282051282, "march,be": 0.01282051282051282, "th,june": 0.01282051282051282, "june,be": 0.01282051282051282}