{"<cs>,my": 0.03393939393939394, "my,lords": 0.03393939393939394, "lords,i": 0.01696969696969697, "i,have": 0.009696969696969697, "have,to": 0.009696969696969697, "to,notify": 0.0048484848484848485, "notify,the": 0.0048484848484848485, "the,house": 0.008484848484848486, "house,in": 0.0048484848484848485, "in,accordance": 0.006060606060606061, "accordance,with": 0.006060606060606061, "with,the": 0.0048484848484848485, "the,royal": 0.0048484848484848485, "royal,assent": 0.009696969696969697, "assent,act": 0.0048484848484848485, "act,that": 0.0048484848484848485, "that,the": 0.008484848484848486, "the,queen": 0.0048484848484848485, "queen,has": 0.0048484848484848485, "has,signified": 0.0048484848484848485, "signified,her": 0.0048484848484848485, "her,royal": 0.0048484848484848485, "assent,to": 0.0048484848484848485, "to,the": 0.009696969696969697, "the,following": 0.0048484848484848485, "following,acts": 0.0036363636363636364, "acts,<e>": 0.0036363636363636364, "to,inform": 0.0012121212121212121, "inform,your": 0.0024242424242424242, "your,lordships": 0.014545454545454545, "lordships,that": 0.007272727272727273, "that,if": 0.009696969696969697, "if,amendment": 0.007272727272727273, "amendment,no": 0.024242424242424242, "no,<e>": 0.025454545454545455, "<e>,<s>": 0.0496969696969697, "<s>,is": 0.007272727272727273, "is,approved": 0.0012121212121212121, "approved,i": 0.0012121212121212121, "i,cannot": 0.0036363636363636364, "cannot,call": 0.0036363636363636364, "call,amendments": 0.0024242424242424242, "amendments,nos": 0.007272727272727273, "nos,<e>": 0.007272727272727273, "<s>,and": 0.0036363636363636364, "and,<e>": 0.0024242424242424242, "i,think": 0.0036363636363636364, "think,i": 0.0012121212121212121, "i,am": 0.0036363636363636364, "am,right": 0.0012121212121212121, "right,in": 0.0012121212121212121, "in,saying": 0.0012121212121212121, "saying,that": 0.0012121212121212121, "the,noble": 0.0024242424242424242, "noble,lord": 0.0024242424242424242, "lord,spoke": 0.0012121212121212121, "spoke,to": 0.0012121212121212121, "the,three": 0.0012121212121212121, "three,amendments": 0.0012121212121212121, "and,together": 0.0012121212121212121, "together,<e>": 0.0012121212121212121, "to,advise": 0.0048484848484848485, "advise,the": 0.0012121212121212121, "house,that": 0.0012121212121212121, "is,agreed": 0.008484848484848486, "agreed,to": 0.01818181818181818, "to,i": 0.007272727272727273, "i,will": 0.0012121212121212121, "will,not": 0.0012121212121212121, "not,be": 0.007272727272727273, "be,able": 0.007272727272727273, "able,to": 0.007272727272727273, "to,call": 0.007272727272727273, "call,amendment": 0.009696969696969697, "<s>,<e>": 0.007272727272727273, "<cs>,i": 0.0012121212121212121, "advise,your": 0.006060606060606061, "i,shall": 0.007272727272727273, "shall,not": 0.006060606060606061, "i,must": 0.0036363636363636364, "must,advise": 0.0024242424242424242, "your,<e>": 0.0012121212121212121, "lords,this": 0.0012121212121212121, "this,amendment": 0.007272727272727273, "amendment,should": 0.0012121212121212121, "should,read": 0.0012121212121212121, "read,<e>": 0.0012121212121212121, "lords,would": 0.0012121212121212121, "would,it": 0.0012121212121212121, "it,be": 0.0012121212121212121, "be,your": 0.0012121212121212121, "lordships,wish": 0.0012121212121212121, "wish,that": 0.0012121212121212121, "that,i": 0.0024242424242424242, "i,move": 0.0012121212121212121, "move,amendments": 0.0012121212121212121, "<s>,to": 0.0036363636363636364, "to,<e>": 0.01090909090909091, "am,advised": 0.0024242424242424242, "advised,that": 0.0024242424242424242, "that,amendment": 0.0036363636363636364, "<s>,has": 0.0012121212121212121, "has,been": 0.0024242424242424242, "been,marshalled": 0.0012121212121212121, "marshalled,wrongly": 0.0012121212121212121, "wrongly,and": 0.0012121212121212121, "and,therefore": 0.0012121212121212121, "therefore,i": 0.0012121212121212121, "i,call": 0.0012121212121212121, "i,understand": 0.0012121212121212121, "understand,that": 0.0012121212121212121, "that,amendments": 0.0012121212121212121, "to,are": 0.0012121212121212121, "are,to": 0.0012121212121212121, "to,be": 0.0012121212121212121, "be,taken": 0.0012121212121212121, "taken,<e>": 0.0012121212121212121, "lords,if": 0.0012121212121212121, "is,carried": 0.0012121212121212121, "carried,i": 0.0012121212121212121, "<s>,a": 0.0024242424242424242, "a,<e>": 0.0012121212121212121, "lords,there": 0.0012121212121212121, "there,have": 0.0012121212121212121, "have,voted": 0.0012121212121212121, "voted,contents": 0.0012121212121212121, "contents,not-contents": 0.0012121212121212121, "not-contents,<e>": 0.0012121212121212121, "<s>,there": 0.0012121212121212121, "there,being": 0.0012121212121212121, "being,an": 0.0012121212121212121, "an,equality": 0.0012121212121212121, "equality,of": 0.0012121212121212121, "of,votes": 0.0012121212121212121, "votes,in": 0.0012121212121212121, "with,standing": 0.0012121212121212121, "standing,order": 0.0012121212121212121, "order,no": 0.0012121212121212121, "<s>,which": 0.0012121212121212121, "which,provides": 0.0012121212121212121, "provides,that": 0.0012121212121212121, "that,no": 0.0012121212121212121, "no,proposal": 0.0012121212121212121, "proposal,to": 0.0012121212121212121, "to,amend": 0.0012121212121212121, "amend,a": 0.0012121212121212121, "a,bill": 0.0012121212121212121, "bill,in": 0.0012121212121212121, "in,the": 0.0024242424242424242, "the,form": 0.0012121212121212121, "form,in": 0.0012121212121212121, "in,which": 0.0012121212121212121, "which,it": 0.0012121212121212121, "it,is": 0.0012121212121212121, "is,before": 0.0012121212121212121, "before,the": 0.0012121212121212121, "house,shall": 0.0012121212121212121, "shall,be": 0.0012121212121212121, "be,agreed": 0.009696969696969697, "to,unless": 0.0012121212121212121, "unless,there": 0.0012121212121212121, "there,is": 0.0012121212121212121, "is,a": 0.0012121212121212121, "a,majority": 0.0012121212121212121, "majority,in": 0.0012121212121212121, "in,favour": 0.0012121212121212121, "favour,of": 0.0012121212121212121, "of,such": 0.0012121212121212121, "such,amendment": 0.0012121212121212121, "amendment,i": 0.0012121212121212121, "i,declare": 0.0012121212121212121, "declare,the": 0.0012121212121212121, "the,amendment": 0.0024242424242424242, "amendment,disagreed": 0.0012121212121212121, "disagreed,to": 0.0012121212121212121, "lords,the": 0.006060606060606061, "the,question": 0.007272727272727273, "question,is": 0.007272727272727273, "is,that": 0.007272727272727273, "<s>,be": 0.0024242424242424242, "<s>,as": 0.0036363636363636364, "as,many": 0.0036363636363636364, "many,as": 0.0036363636363636364, "as,are": 0.0036363636363636364, "are,of": 0.0036363636363636364, "of,that": 0.0036363636363636364, "that,opinion": 0.0036363636363636364, "opinion,will": 0.0036363636363636364, "will,say": 0.0036363636363636364, "say,content": 0.0036363636363636364, "content,to": 0.0024242424242424242, "the,contrary": 0.0036363636363636364, "contrary,not-content": 0.0036363636363636364, "not-content,<e>": 0.0036363636363636364, "<s>,i": 0.0048484848484848485, "think,that": 0.0012121212121212121, "the,contents": 0.0024242424242424242, "contents,have": 0.0024242424242424242, "have,it": 0.0036363636363636364, "it,<e>": 0.0036363636363636364, "<s>,clear": 0.0024242424242424242, "clear,the": 0.0024242424242424242, "the,bar": 0.0024242424242424242, "bar,<e>": 0.0024242424242424242, "that,this": 0.006060606060606061, "this,motion": 0.0024242424242424242, "motion,be": 0.0024242424242424242, "lords,before": 0.0024242424242424242, "before,i": 0.0012121212121212121, "i,put": 0.0036363636363636364, "put,the": 0.0024242424242424242, "amendment,to": 0.0012121212121212121, "to,your": 0.0012121212121212121, "lordships,perhaps": 0.0012121212121212121, "perhaps,i": 0.0012121212121212121, "i,should": 0.0024242424242424242, "should,draw": 0.0012121212121212121, "draw,attention": 0.0012121212121212121, "attention,to": 0.0012121212121212121, "to,a": 0.0012121212121212121,