{"<cs>,my": 0.06666666666666667, "my,lords": 0.06666666666666667, "lords,i": 0.05925925925925926, "of,the": 0.018518518518518517, "<e>,<s>": 0.1, "<s>,i": 0.018518518518518517, "i,am": 0.018518518518518517, "in,the": 0.022222222222222223, "for,that": 0.02962962962962963, "i,beg": 0.025925925925925925, "beg,leave": 0.025925925925925925, "leave,to": 0.025925925925925925, "to,ask": 0.025925925925925925, "ask,the": 0.022222222222222223, "the,question": 0.022222222222222223, "question,which": 0.018518518518518517, "which,stands": 0.018518518518518517, "stands,in": 0.018518518518518517, "in,my": 0.025925925925925925, "my,name": 0.025925925925925925, "name,on": 0.025925925925925925, "on,the": 0.02962962962962963, "the,order": 0.02962962962962963, "order,paper": 0.02962962962962963, "paper,<e>": 0.025925925925925925, "i,thank": 0.025925925925925925, "thank,the": 0.025925925925925925, "the,noble": 0.05185185185185185, "noble,lord": 0.040740740740740744, "lord,for": 0.018518518518518517, "that,reply": 0.022222222222222223, "reply,<e>": 0.018518518518518517}