{"<cs>,my": 0.07062146892655367, "my,lords": 0.07344632768361582, "lords,i": 0.03954802259887006, "i,should": 0.014124293785310734, "should,like": 0.01694915254237288, "like,to": 0.014124293785310734, "to,the": 0.01694915254237288, "the,noble": 0.062146892655367235, "noble,lord": 0.03954802259887006, "lord,lord": 0.025423728813559324, "for,the": 0.025423728813559324, "that,i": 0.025423728813559324, "of,the": 0.062146892655367235, "<e>,<s>": 0.16101694915254236, "<s>,i": 0.05084745762711865, "we,are": 0.025423728813559324, "and,i": 0.014124293785310734, "on,the": 0.014124293785310734, "to,which": 0.01977401129943503, "i,shall": 0.014124293785310734, "but,i": 0.014124293785310734, "about,the": 0.022598870056497175, "in,the": 0.0423728813559322, "have,to": 0.014124293785310734, "i,do": 0.014124293785310734, "to,be": 0.014124293785310734, "i,have": 0.014124293785310734, "it,is": 0.022598870056497175, "your,lordships": 0.014124293785310734, "<s>,we": 0.01977401129943503, "i,am": 0.022598870056497175}