{"<cs>,my": 0.015525114155251141, "my,lords": 0.017351598173515982, "i,should": 0.0073059360730593605, "to,the": 0.02009132420091324, "the,house": 0.01004566210045662, "<e>,<s>": 0.14246575342465753, "<s>,the": 0.015525114155251141, "in,the": 0.021004566210045664, "of,my": 0.006392694063926941, "my,noble": 0.01004566210045662, "<s>,my": 0.0045662100456621, "noble,friend": 0.006392694063926941, "friend,lord": 0.005479452054794521, "your,lordships": 0.005479452054794521, "may,be": 0.005479452054794521, "bill,<e>": 0.005479452054794521, "<s>,i": 0.024657534246575342, "i,hope": 0.0045662100456621, "hope,that": 0.0045662100456621, "that,the": 0.00821917808219178, "to,be": 0.00821917808219178, "to,move": 0.023744292237442923, "of,the": 0.039269406392694065, "standing,in": 0.0045662100456621, "that,i": 0.00821917808219178, "to,amendments": 0.0045662100456621, "amendments,nos": 0.0045662100456621, "nos,<e>": 0.0045662100456621, "this,amendment": 0.023744292237442923, "in,committee": 0.0045662100456621, "there,is": 0.01004566210045662, "on,the": 0.0073059360730593605, "the,law": 0.0045662100456621, "deal,with": 0.0045662100456621, "should,be": 0.01004566210045662, "that,is": 0.0045662100456621, "is,a": 0.012785388127853882, "that,there": 0.005479452054794521, "i,have": 0.0045662100456621, "for,the": 0.006392694063926941, "<cs>,i": 0.00821917808219178, "i,beg": 0.0182648401826484, "beg,to": 0.0182648401826484, "amendment,no": 0.0182648401826484, "no,<e>": 0.017351598173515982, "amendment,which": 0.0045662100456621, "is,the": 0.005479452054794521, "the,same": 0.0073059360730593605, "is,to": 0.006392694063926941, "the,government": 0.006392694063926941, "under,the": 0.006392694063926941, "the,bill": 0.012785388127853882, "if,the": 0.0045662100456621, "it,is": 0.01004566210045662, "amendment,<e>": 0.006392694063926941, "<cs>,this": 0.01004566210045662, "amendment,is": 0.012785388127853882, "to,section": 0.005479452054794521, "section,of": 0.006392694063926941, "the,act": 0.0045662100456621, "<s>,this": 0.005479452054794521, "that,it": 0.0045662100456621, "to,a": 0.0045662100456621, "by,the": 0.0045662100456621, "to,amendment": 0.0073059360730593605, "<s>,a": 0.005479452054794521, "to,this": 0.005479452054794521, "do,not": 0.0045662100456621, "<cs>,in": 0.006392694063926941, "in,moving": 0.005479452054794521, "<s>,in": 0.0045662100456621, "of,this": 0.005479452054794521, "is,not": 0.0045662100456621, "the,purpose": 0.005479452054794521, "purpose,of": 0.005479452054794521, "the,amendment": 0.012785388127853882, "lords,i": 0.0045662100456621, "i,am": 0.0045662100456621, "with,the": 0.0091324200913242, "the,noble": 0.0073059360730593605, "noble,lord": 0.0073059360730593605, "<s>,it": 0.010958904109589041, "we,have": 0.005479452054794521, "in,my": 0.005479452054794521, "and,the": 0.006392694063926941, "the,committee": 0.0073059360730593605, "the,secretary": 0.0073059360730593605, "secretary,of": 0.0073059360730593605, "of,state": 0.0073059360730593605, "the,minister": 0.0045662100456621, "<s>,we": 0.006392694063926941, "i,can": 0.005479452054794521, "come,to": 0.0045662100456621, "will,be": 0.00821917808219178, "i,shall": 0.0073059360730593605, "this,is": 0.0073059360730593605, "spoken,to": 0.0045662100456621, "move,<e>": 0.014611872146118721, "we,are": 0.005479452054794521, "to,make": 0.0045662100456621, "fair,trading": 0.005479452054794521, "also,to": 0.006392694063926941, "speak,also": 0.005479452054794521}