{"<cs>,my": 0.09775280898876404, "my,lords": 0.1, "lords,i": 0.01348314606741573, "i,beg": 0.008988764044943821, "beg,to": 0.008988764044943821, "to,move": 0.010112359550561797, "move,that": 0.006741573033707865, "that,this": 0.0056179775280898875, "this,bill": 0.0056179775280898875, "<e>,<s>": 0.1303370786516854, "<s>,the": 0.019101123595505618, "the,government": 0.020224719101123594, "lords,the": 0.030337078651685393, "government,are": 0.007865168539325843, "by,the": 0.012359550561797753, "to,encourage": 0.0056179775280898875, "in,the": 0.04157303370786517, "of,the": 0.05730337078651685, "per,cent": 0.020224719101123594, "cent,<e>": 0.020224719101123594, "young,people": 0.0056179775280898875, "<s>,it": 0.006741573033707865, "i,am": 0.0056179775280898875, "on,the": 0.01348314606741573, "<s>,in": 0.01348314606741573, "the,noble": 0.010112359550561797, "noble,lord": 0.010112359550561797, "do,not": 0.0056179775280898875, "of,this": 0.006741573033707865, "from,the": 0.008988764044943821, "the,united": 0.011235955056179775, "united,kingdom": 0.008988764044943821, "it,is": 0.008988764044943821, "<s>,i": 0.007865168539325843, "as,a": 0.0056179775280898875, "the,full": 0.0056179775280898875, "the,<e>": 0.0056179775280898875, "that,the": 0.016853932584269662, "number,of": 0.011235955056179775, "to,the": 0.021348314606741574, "the,manpower": 0.006741573033707865, "manpower,services": 0.006741573033707865, "services,commission": 0.0056179775280898875, "and,the": 0.015730337078651686, "lord,lord": 0.007865168539325843, "the,house": 0.011235955056179775, "for,the": 0.006741573033707865, "lords,with": 0.006741573033707865, "with,the": 0.011235955056179775, "the,leave": 0.006741573033707865, "leave,of": 0.006741573033707865, "house,i": 0.006741573033707865, "make,a": 0.006741573033707865, "a,statement": 0.006741573033707865, "lords,we": 0.0056179775280898875, "the,european": 0.0056179775280898875, "lords,in": 0.0056179775280898875, "have,been": 0.0056179775280898875, "on,this": 0.0056179775280898875, "on,th": 0.006741573033707865, "the,number": 0.007865168539325843, "<s>,these": 0.0056179775280898875, "we,have": 0.006741573033707865, "<s>,this": 0.006741573033707865, "restart,programme": 0.0056179775280898875, "will,be": 0.007865168539325843}