{"<cs>,my": 0.05013192612137203, "my,lords": 0.05013192612137203, "lords,i": 0.023746701846965697, "i,should": 0.023746701846965697, "the,noble": 0.03430079155672823, "noble,lord": 0.026385224274406333, "lord,lord": 0.023746701846965697, "your,lordships": 0.013192612137203167, "<e>,<s>": 0.13984168865435356, "<s>,i": 0.055408970976253295, "that,i": 0.0158311345646438, "i,am": 0.036939313984168866, "chairman,of": 0.029023746701846966, "of,the": 0.08443271767810026, "interest,in": 0.013192612137203167, "in,the": 0.036939313984168866, "to,the": 0.029023746701846966, "to,be": 0.013192612137203167, "in,this": 0.013192612137203167, "my,noble": 0.0316622691292876, "noble,friend": 0.0316622691292876, "that,the": 0.021108179419525065, "the,agricultural": 0.021108179419525065, "agricultural,and": 0.021108179419525065, "and,food": 0.018469656992084433, "food,research": 0.021108179419525065, "research,council": 0.021108179419525065, "council,<e>": 0.018469656992084433, "i,must": 0.013192612137203167, "will,be": 0.013192612137203167, "by,the": 0.0158311345646438, "i,have": 0.013192612137203167, "as,chairman": 0.013192612137203167, "the,research": 0.013192612137203167}