{"<cs>,my": 0.029484029484029485, "my,lords": 0.029484029484029485, "lords,with": 0.0012285012285012285, "with,the": 0.002457002457002457, "the,leave": 0.0012285012285012285, "leave,of": 0.0012285012285012285, "of,the": 0.002457002457002457, "the,house": 0.004914004914004914, "house,i": 0.0012285012285012285, "i,could": 0.007371007371007371, "could,put": 0.0012285012285012285, "put,a": 0.0012285012285012285, "a,single": 0.0012285012285012285, "single,question": 0.0012285012285012285, "question,as": 0.0012285012285012285, "as,to": 0.0012285012285012285, "to,amendments": 0.0012285012285012285, "amendments,nos": 0.004914004914004914, "nos,<e>": 0.0036855036855036856, "<e>,<s>": 0.04791154791154791, "<s>,to": 0.0012285012285012285, "to,h": 0.0012285012285012285, "h,<e>": 0.0012285012285012285, "<cs>,the": 0.0036855036855036856, "the,question": 0.007371007371007371, "question,is": 0.004914004914004914, "is,that": 0.006142506142506142, "that,this": 0.0036855036855036856, "this,bill": 0.002457002457002457, "bill,be": 0.002457002457002457, "be,now": 0.002457002457002457, "now,read": 0.002457002457002457, "read,a": 0.002457002457002457, "a,third": 0.0012285012285012285, "third,time": 0.0012285012285012285, "time,<e>": 0.0012285012285012285, "<s>,as": 0.0012285012285012285, "as,many": 0.0012285012285012285, "many,as": 0.0012285012285012285, "as,are": 0.0012285012285012285, "are,of": 0.0012285012285012285, "of,that": 0.0012285012285012285, "that,opinion": 0.0012285012285012285, "opinion,will": 0.0012285012285012285, "will,say": 0.0012285012285012285, "say,content": 0.0012285012285012285, "content,to": 0.0012285012285012285, "to,the": 0.0036855036855036856, "the,contrary": 0.0012285012285012285, "contrary,not-content": 0.0012285012285012285, "not-content,<e>": 0.0012285012285012285, "lords,in": 0.009828009828009828, "in,calling": 0.0085995085995086, "calling,amendment": 0.009828009828009828, "amendment,no": 0.0343980343980344, "no,<e>": 0.03562653562653563, "<s>,i": 0.009828009828009828, "i,should": 0.002457002457002457, "should,say": 0.002457002457002457, "say,that": 0.009828009828009828, "that,if": 0.009828009828009828, "if,amendment": 0.002457002457002457, "<s>,were": 0.0012285012285012285, "were,to": 0.0036855036855036856, "to,be": 0.0036855036855036856, "be,agreed": 0.0085995085995086, "agreed,to": 0.014742014742014743, "to,i": 0.009828009828009828, "could,not": 0.006142506142506142, "not,call": 0.006142506142506142, "call,amendment": 0.006142506142506142, "<s>,<e>": 0.006142506142506142, "lords,the": 0.0036855036855036856, "the,original": 0.002457002457002457, "original,question": 0.002457002457002457, "question,was": 0.002457002457002457, "was,that": 0.002457002457002457, "a,second": 0.0012285012285012285, "second,time": 0.0012285012285012285, "time,since": 0.0012285012285012285, "since,when": 0.002457002457002457, "when,an": 0.002457002457002457, "an,amendment": 0.0036855036855036856, "amendment,has": 0.002457002457002457, "has,been": 0.002457002457002457, "been,moved": 0.002457002457002457, "moved,to": 0.0012285012285012285, "to,leave": 0.0012285012285012285, "leave,out": 0.002457002457002457, "out,now": 0.0012285012285012285, "now,and": 0.0012285012285012285, "and,insert": 0.002457002457002457, "insert,this": 0.0012285012285012285, "this,day": 0.0012285012285012285, "day,six": 0.0012285012285012285, "six,months": 0.0012285012285012285, "months,<e>": 0.0012285012285012285, "<s>,the": 0.002457002457002457, "question,i": 0.002457002457002457, "i,now": 0.002457002457002457, "now,therefore": 0.0012285012285012285, "therefore,have": 0.0012285012285012285, "have,to": 0.014742014742014743, "to,put": 0.002457002457002457, "put,before": 0.0012285012285012285, "before,the": 0.002457002457002457, "house,is": 0.0012285012285012285, "this,amendment": 0.002457002457002457, "amendment,be": 0.0036855036855036856, "to,<e>": 0.006142506142506142, "lords,i": 0.006142506142506142, "now,have": 0.002457002457002457, "to,call": 0.004914004914004914, "call,as": 0.0012285012285012285, "as,an": 0.0012285012285012285, "amendment,to": 0.0012285012285012285, "to,amendment": 0.002457002457002457, "<s>,amendment": 0.0012285012285012285, "<s>,in": 0.002457002457002457, "in,the": 0.0036855036855036856, "the,name": 0.0012285012285012285, "name,of": 0.0012285012285012285, "the,noble": 0.0036855036855036856, "noble,baroness": 0.0012285012285012285, "baroness,lady": 0.0012285012285012285, "lady,gardner": 0.0012285012285012285, "gardner,of": 0.0012285012285012285, "of,parkes": 0.0012285012285012285, "parkes,<e>": 0.0012285012285012285, "i,have": 0.011056511056511056, "to,point": 0.002457002457002457, "point,out": 0.002457002457002457, "out,that": 0.0036855036855036856, "if,this": 0.0036855036855036856, "this,were": 0.002457002457002457, "were,agreed": 0.0036855036855036856, "i,would": 0.0012285012285012285, "would,not": 0.0012285012285012285, "not,be": 0.002457002457002457, "be,able": 0.002457002457002457, "able,to": 0.002457002457002457, "lords,as": 0.0012285012285012285, "as,it": 0.0012285012285012285, "it,appears": 0.0012285012285012285, "appears,that": 0.0012285012285012285, "that,fewer": 0.0012285012285012285, "fewer,than": 0.0012285012285012285, "than,lords": 0.0012285012285012285, "lords,have": 0.0012285012285012285, "have,voted": 0.0012285012285012285, "voted,in": 0.0012285012285012285, "in,accordance": 0.002457002457002457, "accordance,with": 0.002457002457002457, "with,standing": 0.0012285012285012285, "standing,order": 0.0012285012285012285, "order,no": 0.0012285012285012285, "i,declare": 0.0012285012285012285, "declare,that": 0.0012285012285012285, "that,the": 0.0085995085995086, "is,not": 0.006142506142506142, "not,decided": 0.0012285012285012285, "decided,and": 0.0012285012285012285, "and,the": 0.0012285012285012285, "the,debate": 0.0012285012285012285, "debate,thereon": 0.0012285012285012285, "thereon,therefore": 0.0012285012285012285, "therefore,stands": 0.0012285012285012285, "stands,adjourned": 0.0012285012285012285, "adjourned,<e>": 0.0012285012285012285, "to,notify": 0.0012285012285012285, "notify,the": 0.0012285012285012285, "house,in": 0.0012285012285012285, "the,royal": 0.0012285012285012285, "royal,assent": 0.002457002457002457, "assent,act": 0.0012285012285012285, "act,that": 0.0012285012285012285, "the,queen": 0.0012285012285012285, "queen,has": 0.0012285012285012285, "has,signified": 0.0012285012285012285, "signified,her": 0.0012285012285012285, "her,royal": 0.0012285012285012285, "assent,to": 0.0012285012285012285, "the,following": 0.0012285012285012285, "following,acts": 0.0012285012285012285, "acts,<e>": 0.0012285012285012285, "the,draft": 0.0012285012285012285, "draft,order": 0.0012285012285012285, "order,laid": 0.0012285012285012285, "laid,before": 0.0012285012285012285, "house,be": 0.0012285012285012285, "be,approved": 0.0012285012285012285, "approved,since": 0.0012285012285012285, "moved,in": 0.0012285012285012285, "the,terms": 0.0012285012285012285, "terms,set": 0.0012285012285012285, "set,out": 0.0012285012285012285, "out,on": 0.0012285012285012285, "on,the": 0.004914004914004914, "the,order": 0.0012285012285012285, "order,paper": 0.0012285012285012285, "paper,<e>": 0.0012285012285012285, "i,therefore": 0.0012285012285012285, "therefore,now": 0.0012285012285012285, "put,is": 0.0012285012285012285, "the,amendment": 0.004914004914004914, "in,chronological": 0.0012285012285012285, "chronological,order": 0.0012285012285012285, "order,the": 0.0012285012285012285, "the,next": 0.002457002457002457, "next,amendment": 0.002457002457002457, "amendment,is": 0.0012285012285012285, "is,amendment": 0.0012285012285012285, "<s>,but": 0.0012285012285012285, "but,do": 0.0012285012285012285, "do,i": 0.0012285012285012285, "i,understand": 0.0012285012285012285, "understand,that": 0.0012285012285012285, "that,amendment": 0.004914004914004914, "<s>,is": 0.0036855036855036856, "not,moved": 0.002457002457002457, "moved,<e>": 0.0012285012285012285,