{"<cs>,my": 0.07301173402868318, "my,lords": 0.07496740547588006, "lords,the": 0.024119947848761408, "and,in": 0.003911342894393742, "of,the": 0.051499348109517604, "of,fair": 0.003259452411994785, "fair,trading": 0.0045632333767926985, "will,be": 0.005215123859191656, "<e>,<s>": 0.10560625814863103, "<s>,as": 0.003911342894393742, "as,i": 0.003911342894393742, "from,the": 0.0045632333767926985, "the,noble": 0.01564537157757497, "noble,lord": 0.01303780964797914, "lord,lord": 0.007170795306388526, "on,th": 0.009126466753585397, "and,the": 0.00847457627118644, "to,the": 0.025423728813559324, "<s>,however": 0.0045632333767926985, "not,to": 0.0045632333767926985, "to,be": 0.007170795306388526, "with,the": 0.012385919165580182, "in,the": 0.0423728813559322, "<s>,i": 0.014341590612777053, "i,have": 0.007822685788787484, "have,no": 0.003259452411994785, "plans,to": 0.003259452411994785, "<s>,the": 0.016297262059973925, "the,latest": 0.003259452411994785, "for,the": 0.01499348109517601, "the,first": 0.0045632333767926985, "quarter,of": 0.003259452411994785, "of,<e>": 0.003259452411994785, "the,government": 0.01564537157757497, "per,cent": 0.009778357235984355, "cent,<e>": 0.009778357235984355, "the,european": 0.005867014341590613, "that,the": 0.011734028683181226, "the,community": 0.0045632333767926985, "budget,<e>": 0.003259452411994785, "the,budget": 0.003259452411994785, "of,this": 0.005215123859191656, "within,the": 0.003911342894393742, "has,been": 0.005215123859191656, "<s>,it": 0.00651890482398957, "lords,i": 0.014341590612777053, "i,beg": 0.003259452411994785, "beg,to": 0.003259452411994785, "to,move": 0.003259452411994785, "move,that": 0.003259452411994785, "bill,be": 0.003259452411994785, "be,now": 0.003259452411994785, "now,read": 0.003259452411994785, "read,a": 0.003259452411994785, "a,second": 0.003259452411994785, "second,time": 0.003259452411994785, "time,<e>": 0.003259452411994785, "lords,with": 0.00651890482398957, "the,leave": 0.00651890482398957, "leave,of": 0.00651890482398957, "the,house": 0.01303780964797914, "house,i": 0.007170795306388526, "i,shall": 0.0045632333767926985, "my,right": 0.003259452411994785, "right,honourable": 0.003259452411994785, "honourable,friend": 0.003259452411994785, "friend,the": 0.003259452411994785, "the,chancellor": 0.003259452411994785, "it,is": 0.007170795306388526, "i,am": 0.007170795306388526, "have,been": 0.003911342894393742, "about,the": 0.005867014341590613, "but,the": 0.003259452411994785, "act,<e>": 0.003259452411994785, "by,the": 0.011734028683181226, "south,africa": 0.003259452411994785, "we,have": 0.0045632333767926985, "the,council": 0.003911342894393742, "it,has": 0.003259452411994785, "to,make": 0.003911342894393742, "the,united": 0.007170795306388526, "united,kingdom": 0.007170795306388526, "it,would": 0.003911342894393742, "a,year": 0.003911342894393742, "<s>,we": 0.003911342894393742, "believe,that": 0.003911342894393742, "should,like": 0.005215123859191656, "like,to": 0.005215123859191656, "your,lordships": 0.003911342894393742, "i,should": 0.0045632333767926985, "in,<e>": 0.003259452411994785, "and,i": 0.0045632333767926985, "do,so": 0.003259452411994785, "make,a": 0.005215123859191656, "a,statement": 0.005215123859191656, "on,the": 0.007170795306388526, "of,a": 0.0045632333767926985, "the,monopolies": 0.003911342894393742, "monopolies,and": 0.003911342894393742, "and,mergers": 0.003911342894393742, "mergers,commission": 0.003911342894393742, "<s>,in": 0.007822685788787484, "<s>,a": 0.0045632333767926985, "<s>,of": 0.003911342894393742, "was,million": 0.003911342894393742, "<s>,this": 0.003259452411994785, "under,the": 0.003259452411994785, "the,commission": 0.003259452411994785, "million,in": 0.0045632333767926985, "the,private": 0.003259452411994785, "private,sector": 0.003911342894393742, "my,noble": 0.005215123859191656, "noble,friend": 0.005215123859191656, "at,the": 0.003259452411994785, "is,not": 0.003911342894393742, "lords,in": 0.003259452411994785}