{"<cs>,my": 0.0684660961158657, "my,lords": 0.06714944042132982, "lords,the": 0.019749835418038184, "has,been": 0.005924950625411455, "to,the": 0.026991441737985518, "the,government": 0.009874917709019092, "<e>,<s>": 0.10994075049374588, "<s>,in": 0.009874917709019092, "and,the": 0.016458196181698487, "of,the": 0.051349572086899276, "for,the": 0.02304147465437788, "<s>,this": 0.003949967083607637, "we,are": 0.0032916392363396972, "should,be": 0.003949967083607637, "made,in": 0.003949967083607637, "in,the": 0.025674786043449638, "the,water": 0.0032916392363396972, "<s>,we": 0.005266622778143515, "<s>,the": 0.017116524028966424, "of,water": 0.0032916392363396972, "that,the": 0.015141540487162607, "the,noble": 0.012508229098090849, "noble,lord": 0.004608294930875576, "lord,lord": 0.004608294930875576, "we,have": 0.005924950625411455, "<s>,as": 0.005924950625411455, "as,a": 0.004608294930875576, "say,that": 0.0032916392363396972, "noble,lords": 0.003949967083607637, "local,authorities": 0.0065832784726793945, "lords,i": 0.017774851876234364, "i,can": 0.005266622778143515, "that,we": 0.004608294930875576, "with,the": 0.005924950625411455, "the,house": 0.0065832784726793945, "by,my": 0.0032916392363396972, "my,right": 0.007899934167215274, "right,honourable": 0.007899934167215274, "honourable,friend": 0.008558262014483212, "friend,the": 0.007899934167215274, "the,secretary": 0.005924950625411455, "secretary,of": 0.005924950625411455, "of,state": 0.005924950625411455, "state,for": 0.0032916392363396972, "the,environment": 0.0032916392363396972, "my,noble": 0.007899934167215274, "noble,friend": 0.0065832784726793945, "at,the": 0.007899934167215274, "on,the": 0.007899934167215274, "under,the": 0.0032916392363396972, "continue,to": 0.0032916392363396972, "to,be": 0.008558262014483212, "by,the": 0.009216589861751152, "that,a": 0.0032916392363396972, "number,of": 0.0032916392363396972, "is,the": 0.005924950625411455, "i,beg": 0.007899934167215274, "beg,to": 0.007899934167215274, "to,move": 0.007899934167215274, "move,that": 0.007241606319947334, "house,do": 0.0032916392363396972, "do,now": 0.0032916392363396972, "resolve,itself": 0.0032916392363396972, "itself,into": 0.0032916392363396972, "into,committee": 0.0032916392363396972, "committee,on": 0.0032916392363396972, "on,this": 0.005266622778143515, "this,bill": 0.005924950625411455, "bill,<e>": 0.0065832784726793945, "answer,to": 0.0032916392363396972, "the,first": 0.003949967083607637, "the,second": 0.003949967083607637, "that,it": 0.0032916392363396972, "it,is": 0.009874917709019092, "will,be": 0.005924950625411455, "the,minister": 0.004608294930875576, "minister,for": 0.003949967083607637, "the,amendments": 0.0032916392363396972, "in,this": 0.005266622778143515, "that,he": 0.0032916392363396972, "have,been": 0.003949967083607637, "i,am": 0.009216589861751152, "it,was": 0.005924950625411455, "your,lordships": 0.0065832784726793945, "lordships,house": 0.003949967083607637, "the,bill": 0.005266622778143515, "be,now": 0.003949967083607637, "in,england": 0.0065832784726793945, "england,and": 0.003949967083607637, "about,the": 0.0032916392363396972, "<s>,however": 0.0032916392363396972, "the,united": 0.005924950625411455, "united,kingdom": 0.005924950625411455, "community,charge": 0.003949967083607637, "as,the": 0.003949967083607637, "<s>,a": 0.0032916392363396972, "<s>,i": 0.01184990125082291, "lords,we": 0.005266622778143515, "able,to": 0.003949967083607637, "this,amendment": 0.0032916392363396972, "from,the": 0.004608294930875576, "<s>,it": 0.005266622778143515, "english,heritage": 0.0032916392363396972, "noble,baroness": 0.0032916392363396972, "the,arts": 0.0032916392363396972, "billion,billion": 0.007899934167215274, "of,local": 0.0032916392363396972, "the,local": 0.003949967083607637, "subject,to": 0.0032916392363396972, "local,government": 0.004608294930875576, "on,th": 0.004608294930875576, "per,cent": 0.008558262014483212, "cent,<e>": 0.008558262014483212}