{"<cs>,my": 0.07319952774498228, "my,lords": 0.0743801652892562, "lords,i": 0.021251475796930343, "i,beg": 0.015348288075560802, "beg,to": 0.015348288075560802, "to,move": 0.01652892561983471, "move,that": 0.014167650531286895, "that,the": 0.011806375442739079, "lords,the": 0.02243211334120425, "the,government": 0.014167650531286895, "to,be": 0.0070838252656434475, "<e>,<s>": 0.1050767414403778, "<s>,the": 0.031877213695395513, "in,the": 0.02243211334120425, "of,the": 0.0448642266824085, "and,the": 0.011806375442739079, "for,the": 0.012987012987012988, "<s>,i": 0.0070838252656434475, "to,the": 0.015348288075560802, "the,noble": 0.014167650531286895, "noble,lord": 0.014167650531286895, "lord,lord": 0.009445100354191263, "by,the": 0.009445100354191263, "<s>,it": 0.0059031877213695395, "it,is": 0.008264462809917356, "my,noble": 0.008264462809917356, "on,the": 0.012987012987012988, "the,secretary": 0.0070838252656434475, "secretary,of": 0.0070838252656434475, "of,state": 0.009445100354191263, "the,bill": 0.0059031877213695395, "with,the": 0.0059031877213695395, "noble,friend": 0.0070838252656434475, "a,statement": 0.009445100354191263, "i,will": 0.009445100354191263, "with,permission": 0.009445100354191263, "repeat,a": 0.008264462809917356, "statement,made": 0.0059031877213695395, "by,my": 0.008264462809917356, "my,right": 0.0070838252656434475, "right,honourable": 0.0070838252656434475, "honourable,friend": 0.008264462809917356, "friend,the": 0.009445100354191263, "state,for": 0.008264462809917356, "for,trade": 0.0059031877213695395, "trade,and": 0.0059031877213695395, "and,industry": 0.0059031877213695395, "in,another": 0.010625737898465172, "another,place": 0.010625737898465172, "the,statement": 0.008264462809917356, "statement,is": 0.008264462809917356, "is,as": 0.009445100354191263, "as,follows": 0.011806375442739079, "follows,<e>": 0.009445100354191263, "from,the": 0.0059031877213695395, "on,a": 0.0070838252656434475, "per,man-year": 0.0059031877213695395, "of,british": 0.0070838252656434475, "this,bill": 0.012987012987012988, "to,million": 0.0059031877213695395, "lords,with": 0.0070838252656434475, "permission,i": 0.0059031877213695395, "will,repeat": 0.0059031877213695395, "made,in": 0.0070838252656434475, "place,by": 0.0070838252656434475, "the,house": 0.008264462809917356, "house,do": 0.0070838252656434475, "do,now": 0.0059031877213695395, "resolve,itself": 0.0070838252656434475, "itself,into": 0.0070838252656434475, "into,committee": 0.0070838252656434475, "committee,on": 0.0059031877213695395, "on,this": 0.0059031877213695395, "bill,<e>": 0.009445100354191263, "has,been": 0.0070838252656434475, "per,cent": 0.0059031877213695395, "cent,<e>": 0.0059031877213695395}