{"<cs>,my": 0.06836659275683665, "my,lords": 0.06984478935698447, "of,the": 0.028824833702882482, "united,kingdom": 0.0022172949002217295, "with,the": 0.007390983000739098, "the,united": 0.0022172949002217295, "and,the": 0.008869179600886918, "<e>,<s>": 0.10384331116038432, "<s>,these": 0.0033259423503325942, "<s>,in": 0.0029563932002956393, "lords,the": 0.02032520325203252, "the,transport": 0.004434589800443459, "<s>,there": 0.003695491500369549, "there,is": 0.0025868440502586844, "<s>,if": 0.0018477457501847746, "response,to": 0.0018477457501847746, "to,a": 0.0018477457501847746, "from,the": 0.0066518847006651885, "is,not": 0.0025868440502586844, "<s>,however": 0.0018477457501847746, "so,far": 0.0018477457501847746, "and,it": 0.0018477457501847746, "will,be": 0.009608277900960829, "to,be": 0.007021433850702144, "to,new": 0.0018477457501847746, "last,year": 0.0029563932002956393, "and,to": 0.0018477457501847746, "this,year": 0.0022172949002217295, "year,<e>": 0.0022172949002217295, "have,been": 0.008499630450849963, "air,traffic": 0.004804138950480414, "traffic,control": 0.0033259423503325942, "<s>,the": 0.021433850702143386, "by,my": 0.0033259423503325942, "my,right": 0.010716925351071693, "right,honourable": 0.010716925351071693, "honourable,friend": 0.011456023651145602, "air,transport": 0.0029563932002956393, "the,council": 0.0025868440502586844, "should,be": 0.0018477457501847746, "on,a": 0.0022172949002217295, "for,a": 0.0040650406504065045, "for,the": 0.008869179600886918, "friend,the": 0.008130081300813009, "of,state": 0.007760532150776054, "in,the": 0.018477457501847747, "lords,i": 0.014042867701404288, "i,beg": 0.007390983000739098, "beg,to": 0.007390983000739098, "to,introduce": 0.0018477457501847746, "to,make": 0.0018477457501847746, "<s>,i": 0.008130081300813009, "to,move": 0.007760532150776054, "move,that": 0.007021433850702144, "that,this": 0.0022172949002217295, "this,bill": 0.005173688100517369, "bill,be": 0.0022172949002217295, "be,now": 0.003695491500369549, "now,read": 0.0018477457501847746, "read,a": 0.0018477457501847746, "time,<e>": 0.0022172949002217295, "transport,council": 0.0029563932002956393, "on,the": 0.013303769401330377, "of,a": 0.003695491500369549, "of,air": 0.0018477457501847746, "by,the": 0.014042867701404288, "lords,it": 0.0025868440502586844, "it,has": 0.0018477457501847746, "has,been": 0.0040650406504065045, "at,the": 0.0040650406504065045, "the,same": 0.0018477457501847746, "government,have": 0.004804138950480414, "under,the": 0.0022172949002217295, "that,the": 0.014412416851441241, "before,the": 0.0033259423503325942, "the,house": 0.005543237250554324, "on,th": 0.005173688100517369, "be,approved": 0.0022172949002217295, "approved,<e>": 0.0018477457501847746, "<s>,we": 0.0066518847006651885, "we,have": 0.003695491500369549, "to,the": 0.015151515151515152, "the,european": 0.003695491500369549, "vehicles,<e>": 0.0018477457501847746, "the,government": 0.011456023651145602, "the,report": 0.0022172949002217295, "<s>,my": 0.0025868440502586844, "the,secretary": 0.007021433850702144, "secretary,of": 0.007021433850702144, "state,for": 0.0066518847006651885, "for,transport": 0.005912786400591279, "transport,is": 0.0018477457501847746, "is,the": 0.0018477457501847746, "the,department": 0.0029563932002956393, "department,of": 0.0033259423503325942, "of,transport": 0.0022172949002217295, "london,underground": 0.0033259423503325942, "the,british": 0.0018477457501847746, "the,new": 0.0025868440502586844, "my,noble": 0.0066518847006651885, "noble,friend": 0.006282335550628234, "the,noble": 0.004804138950480414, "proposals,for": 0.0022172949002217295, "available,<e>": 0.0018477457501847746, "of,our": 0.0018477457501847746, "noble,lord": 0.004804138950480414, "the,civil": 0.003695491500369549, "civil,aviation": 0.004434589800443459, "aviation,authority": 0.003695491500369549, "council,of": 0.0018477457501847746, "of,ministers": 0.0018477457501847746, "be,able": 0.0018477457501847746, "able,to": 0.0022172949002217295, "qualified,majority": 0.0018477457501847746, "the,commission": 0.005543237250554324, "it,is": 0.004804138950480414, "it,will": 0.0029563932002956393, "the,treaty": 0.0018477457501847746, "is,a": 0.0025868440502586844, "<s>,it": 0.0033259423503325942, "i,understand": 0.005173688100517369, "lords,my": 0.0025868440502586844, "satisfied,that": 0.0018477457501847746, "in,<e>": 0.0022172949002217295, "british,rail": 0.003695491500369549, "<s>,this": 0.0040650406504065045, "per,cent": 0.0029563932002956393, "cent,<e>": 0.0029563932002956393, "lords,we": 0.004434589800443459, "more,than": 0.0018477457501847746, "the,bill": 0.003695491500369549, "government,are": 0.0029563932002956393, "i,should": 0.0022172949002217295, "the,end": 0.0025868440502586844, "end,of": 0.0025868440502586844, "which,is": 0.0018477457501847746, "in,another": 0.0025868440502586844, "another,place": 0.0025868440502586844, "a,number": 0.0022172949002217295, "number,of": 0.0033259423503325942, "that,it": 0.0022172949002217295, "commission,has": 0.0018477457501847746, "have,no": 0.0018477457501847746, "over,the": 0.0018477457501847746, "passed,part": 0.0022172949002217295, "the,current": 0.0018477457501847746, "the,central": 0.0018477457501847746, "we,are": 0.003695491500369549, "the,governments": 0.0033259423503325942, "as,a": 0.0025868440502586844, "in,addition": 0.0018477457501847746, "your,lordships": 0.0040650406504065045, "understand,that": 0.004434589800443459, "<s>,as": 0.0018477457501847746, "like,to": 0.0018477457501847746, "lord,lord": 0.0033259423503325942, "to,my": 0.0022172949002217295, "friend,lord": 0.0040650406504065045, "and,th": 0.0018477457501847746, "was,not": 0.0018477457501847746, "committee,on": 0.0018477457501847746, "on,this": 0.0025868440502586844, "bill,<e>": 0.003695491500369549, "i,am": 0.004434589800443459, "grateful,to": 0.0022172949002217295, "lords,in": 0.0018477457501847746, "continue,to": 0.0022172949002217295, "there,was": 0.0018477457501847746, "due,to": 0.0025868440502586844, "a,second": 0.003695491500369549, "to,give": 0.0018477457501847746, "following,the": 0.0018477457501847746, "the,london": 0.0040650406504065045, "other,noble": 0.0018477457501847746, "noble,lords": 0.0029563932002956393, "this,is": 0.0022172949002217295, "we,shall": 0.0022172949002217295, "it,was": 0.0018477457501847746, "<s>,they": 0.0018477457501847746, "if,i": 0.0018477457501847746, "london,regional": 0.0022172949002217295, "regional,transport": 0.0018477457501847746}