{"<cs>,my": 0.016920731707317074, "my,lords": 0.016615853658536586, "lords,i": 0.009908536585365854, "i,beg": 0.001829268292682927, "beg,leave": 0.0009146341463414635, "leave,to": 0.0010670731707317074, "to,ask": 0.0010670731707317074, "ask,the": 0.0009146341463414635, "the,question": 0.001829268292682927, "in,my": 0.0022865853658536584, "my,name": 0.0009146341463414635, "on,the": 0.005640243902439024, "i,thank": 0.001371951219512195, "thank,the": 0.001524390243902439, "the,noble": 0.025609756097560974, "noble,lord": 0.015091463414634146, "lord,for": 0.001676829268292683, "for,his": 0.0019817073170731708, "<e>,<s>": 0.07926829268292683, "<s>,will": 0.0010670731707317074, "accept,that": 0.0007621951219512195, "that,the": 0.010213414634146342, "which,is": 0.0025914634146341465, "in,this": 0.004878048780487805, "this,country": 0.001371951219512195, "is,not": 0.004725609756097561, "not,only": 0.0009146341463414635, "a,very": 0.0019817073170731708, "such,as": 0.0009146341463414635, "the,whole": 0.0012195121951219512, "of,the": 0.02195121951219512, "and,also": 0.0007621951219512195, "lords,is": 0.0012195121951219512, "is,the": 0.00426829268292683, "noble,baroness": 0.0038109756097560975, "aware,that": 0.0019817073170731708, "that,this": 0.003048780487804878, "to,the": 0.016615853658536586, "the,first": 0.0009146341463414635, "that,there": 0.002134146341463415, "there,is": 0.0025914634146341465, "is,very": 0.0010670731707317074, "for,the": 0.006097560975609756, "the,school": 0.0007621951219512195, "and,that": 0.001676829268292683, "that,it": 0.004878048780487805, "it,is": 0.009146341463414634, "as,a": 0.001676829268292683, "and,the": 0.0032012195121951218, "the,community": 0.0009146341463414635, "by,the": 0.004573170731707317, "the,church": 0.0032012195121951218, "church,of": 0.0024390243902439024, "of,england": 0.002134146341463415, "as,to": 0.0007621951219512195, "kind,of": 0.0007621951219512195, "can,be": 0.0010670731707317074, "in,a": 0.001676829268292683, "i,must": 0.00274390243902439, "apologise,for": 0.0010670731707317074, "of,those": 0.0010670731707317074, "those,who": 0.00350609756097561, "to,speak": 0.0010670731707317074, "on,this": 0.0010670731707317074, "this,bill": 0.00350609756097561, "in,the": 0.012347560975609757, "the,house": 0.00274390243902439, "very,much": 0.001524390243902439, "with,the": 0.005030487804878049, "i,hope": 0.0022865853658536584, "hope,that": 0.001676829268292683, "that,your": 0.0007621951219512195, "your,lordships": 0.00350609756097561, "if,i": 0.0025914634146341465, "i,say": 0.0010670731707317074, "one,or": 0.0007621951219512195, "or,two": 0.0007621951219512195, "<s>,i": 0.023628048780487805, "i,agree": 0.0007621951219512195, "agree,with": 0.0007621951219512195, "lord,lord": 0.00701219512195122, "this,is": 0.0024390243902439024, "is,a": 0.003048780487804878, "a,bill": 0.0010670731707317074, "therefore,i": 0.0007621951219512195, "i,would": 0.001524390243902439, "would,not": 0.0010670731707317074, "want,to": 0.0012195121951219512, "it,<e>": 0.00274390243902439, "<s>,my": 0.0007621951219512195, "is,that": 0.0019817073170731708, "to,be": 0.008689024390243903, "that,i": 0.00853658536585366, "there,are": 0.001371951219512195, "involved,in": 0.0009146341463414635, "question,of": 0.001371951219512195, "and,i": 0.005030487804878049, "i,think": 0.003658536585365854, "of,these": 0.0007621951219512195, "at,this": 0.0010670731707317074, "i,do": 0.004725609756097561, "do,not": 0.00548780487804878, "not,think": 0.001829268292682927, "think,that": 0.0024390243902439024, "would,be": 0.0022865853658536584, "able,to": 0.002896341463414634, "to,do": 0.003048780487804878, "do,so": 0.0012195121951219512, "all,the": 0.002134146341463415, "the,last": 0.0007621951219512195, "noble,lords": 0.001829268292682927, "who,have": 0.001371951219512195, "the,debate": 0.001371951219512195, "debate,<e>": 0.0012195121951219512, "there,was": 0.0007621951219512195, "a,great": 0.001524390243902439, "<s>,it": 0.005182926829268293, "it,has": 0.001524390243902439, "has,been": 0.003658536585365854, "a,matter": 0.0007621951219512195, "matter,of": 0.0007621951219512195, "that,in": 0.0025914634146341465, "this,debate": 0.0012195121951219512, "which,i": 0.0025914634146341465, "sought,to": 0.0009146341463414635, "i,have": 0.008841463414634146, "out,of": 0.0012195121951219512, "the,problem": 0.0007621951219512195, "have,been": 0.0064024390243902435, "lords,may": 0.0009146341463414635, "may,i": 0.0019817073170731708, "these,benches": 0.0019817073170731708, "words,of": 0.0007621951219512195, "to,all": 0.0007621951219512195, "<s>,we": 0.00426829268292683, "we,have": 0.0038109756097560975, "the,way": 0.0012195121951219512, "way,in": 0.0009146341463414635, "in,which": 0.001676829268292683, "i,am": 0.012957317073170731, "that,he": 0.001676829268292683, "he,has": 0.0032012195121951218, "which,he": 0.0009146341463414635, "i,too": 0.001524390243902439, "have,to": 0.0019817073170731708, "ask,him": 0.0007621951219512195, "house,to": 0.0012195121951219512, "have,a": 0.0010670731707317074, "this,evening": 0.0009146341463414635, "glad,to": 0.0009146341463414635, "maiden,speech": 0.0012195121951219512, "he,is": 0.0007621951219512195, "is,in": 0.0007621951219512195, "to,hear": 0.0009146341463414635, "which,has": 0.0009146341463414635, "i,did": 0.001371951219512195, "did,not": 0.001524390243902439, "he,said": 0.0012195121951219512, "but,i": 0.003658536585365854, "am,very": 0.0012195121951219512, "it,and": 0.0007621951219512195, "the,point": 0.002134146341463415, "to,say": 0.003048780487804878, "say,that": 0.00350609756097561, "shall,be": 0.0012195121951219512, "i,find": 0.001524390243902439, "appreciate,that": 0.0009146341463414635, "it,will": 0.0012195121951219512, "and,to": 0.001829268292682927, "the,churches": 0.001371951219512195, "which,are": 0.0012195121951219512, "try,to": 0.0007621951219512195, "the,situation": 0.001676829268292683, "way,of": 0.0007621951219512195, "because,it": 0.0009146341463414635, "that,they": 0.001829268292682927, "they,are": 0.0010670731707317074, "lord,aware": 0.0007621951219512195, "at,the": 0.003048780487804878, "the,purpose": 0.0010670731707317074, "purpose,of": 0.0009146341463414635, "beg,to": 0.0009146341463414635, "to,move": 0.0010670731707317074, "move,that": 0.0007621951219512195, "this,house": 0.001676829268292683, "<s>,this": 0.001524390243902439, "for,this": 0.0007621951219512195, "<s>,the": 0.004573170731707317, "<s>,therefore": 0.0010670731707317074, "to,which": 0.0009146341463414635, "which,they": 0.0009146341463414635, "they,have": 0.001676829268292683, "to,give": 0.001524390243902439, "to,make": 0.0025914634146341465, "such,a": 0.0009146341463414635, "but,the": 0.0007621951219512195, "who,are": 0.001676829268292683, "of,this": 0.0024390243902439024, "believe,that": 0.0010670731707317074, "<cs>,i": 0.0065548780487804876, "baroness,lady": 0.001524390243902439, "will,not": 0.001829268292682927, "those,of": 0.0009146341463414635, "of,us": 0.0010670731707317074, "this,clause": 0.0009146341463414635, "in,any": 0.0019817073170731708, "many,of": 0.0010670731707317074, "with,which": 0.0007621951219512195, "which,the": 0.0019817073170731708, "the,committee": 0.0022865853658536584, "number,of": 0.001371951219512195, "will,the": 0.0010670731707317074, "to,answer": 0.0009146341463414635, "to,take": 0.0012195121951219512, "take,place": 0.0009146341463414635, "the,secretary": 0.0007621951219512195, "secretary,of": 0.0009146341463414635, "of,state": 0.0007621951219512195, "and,for": 0.0009146341463414635, "time,<e>": 0.0007621951219512195, "am,grateful": 0.00274390243902439, "grateful,to": 0.00426829268292683, "lordships,house": 0.0009146341463414635, "for,giving": 0.0007621951219512195, "i,was": 0.0039634146341463415, "i,may": 0.00350609756097561, "may,be": 0.0009146341463414635, "<s>,but": 0.001829268292682927, "fact,that": 0.0007621951219512195, "of,being": 0.0009146341463414635, "what,i": 0.001829268292682927, "the,moment": 0.0007621951219512195,