{"<cs>,i": 0.020892687559354226, "i,should": 0.03133903133903134, "should,point": 0.011396011396011397, "point,out": 0.014245014245014245, "that,if": 0.03323836657169991, "if,amendment": 0.011396011396011397, "amendment,no": 0.060778727445394115, "no,<e>": 0.06552706552706553, "<e>,<s>": 0.09876543209876543, "<s>,is": 0.010446343779677113, "is,agreed": 0.03418803418803419, "agreed,to": 0.032288698955365625, "to,i": 0.029439696106362774, "i,cannot": 0.02564102564102564, "cannot,call": 0.023741690408357077, "i,have": 0.004748338081671415, "have,to": 0.004748338081671415, "call,amendment": 0.019943019943019943, "<s>,<e>": 0.017094017094017096, "the,committee": 0.037037037037037035, "committee,that": 0.03513770180436847, "<cs>,before": 0.02184235517568851, "before,calling": 0.020892687559354226, "calling,amendment": 0.019943019943019943, "<s>,i": 0.022792022792022793, "if,it": 0.016144349477682812, "it,is": 0.017094017094017096, "out,to": 0.010446343779677113, "to,the": 0.016144349477682812, "<s>,a": 0.00949667616334283, "remind,the": 0.018043684710351376, "that,the": 0.005698005698005698, "the,amendment": 0.005698005698005698, "amendment,be": 0.004748338081671415, "<cs>,the": 0.004748338081671415, "the,question": 0.004748338081671415, "of,the": 0.006647673314339981, "the,marshalled": 0.007597340930674264, "marshalled,list": 0.007597340930674264, "call,amendments": 0.013295346628679962, "amendments,nos": 0.017094017094017096, "nos,<e>": 0.01899335232668566, "noble,lord": 0.005698005698005698, "i,shall": 0.00949667616334283, "to,<e>": 0.005698005698005698, "<s>,and": 0.004748338081671415, "this,amendment": 0.008547008547008548, "in,the": 0.006647673314339981, "the,noble": 0.013295346628679962, "should,remind": 0.013295346628679962, "<s>,to": 0.005698005698005698, "amendment,is": 0.007597340930674264, "shall,not": 0.004748338081671415, "not,be": 0.004748338081671415, "be,able": 0.004748338081671415, "able,to": 0.004748338081671415, "to,call": 0.008547008547008548}