{"<cs>,my": 0.09523809523809523, "my,lords": 0.10025062656641603, "lords,the": 0.03258145363408521, "of,the": 0.07017543859649122, "and,the": 0.015037593984962405, "<e>,<s>": 0.15288220551378445, "with,the": 0.020050125313283207, "<s>,the": 0.022556390977443608, "it,is": 0.020050125313283207, "is,the": 0.012531328320802004, "your,lordships": 0.015037593984962405, "<s>,it": 0.012531328320802004, "has,been": 0.012531328320802004, "the,house": 0.02506265664160401, "my,noble": 0.015037593984962405, "noble,friend": 0.015037593984962405, "friend,lord": 0.012531328320802004, "the,noble": 0.047619047619047616, "noble,lord": 0.022556390977443608, "lord,lord": 0.017543859649122806, "<s>,i": 0.022556390977443608, "that,the": 0.015037593984962405, "to,the": 0.02506265664160401, "on,the": 0.020050125313283207, "social,security": 0.017543859649122806, "lords,i": 0.017543859649122806, "for,the": 0.02756892230576441, "the,government": 0.022556390977443608, "we,have": 0.012531328320802004, "we,are": 0.012531328320802004, "in,the": 0.040100250626566414, "by,the": 0.015037593984962405, "the,social": 0.015037593984962405}