{"<cs>,my": 0.11392405063291139, "my,lords": 0.1160337552742616, "lords,i": 0.03164556962025317, "the,noble": 0.02109704641350211, "<e>,<s>": 0.14978902953586498, "<s>,we": 0.0189873417721519, "in,the": 0.04430379746835443, "to,be": 0.012658227848101266, "of,the": 0.06962025316455696, "has,been": 0.012658227848101266, "to,the": 0.04219409282700422, "lords,the": 0.02109704641350211, "the,government": 0.014767932489451477, "and,the": 0.014767932489451477, "matter,for": 0.014767932489451477, "for,the": 0.02531645569620253, "the,post": 0.023206751054852322, "post,office": 0.02109704641350211, "i,understand": 0.016877637130801686, "understand,that": 0.014767932489451477, "that,the": 0.02531645569620253, "<s>,the": 0.03164556962025317, "per,cent": 0.014767932489451477, "cent,<e>": 0.014767932489451477, "<s>,i": 0.016877637130801686, "that,it": 0.010548523206751054, "i,beg": 0.010548523206751054, "beg,to": 0.010548523206751054, "to,move": 0.010548523206751054, "move,that": 0.010548523206751054, "on,the": 0.010548523206751054, "united,kingdom": 0.010548523206751054, "noble,lord": 0.010548523206751054, "your,lordships": 0.012658227848101266}