{"<cs>,my": 0.05149181905678537, "my,lords": 0.051732435033686235, "lords,i": 0.019971126082771896, "i,should": 0.0038498556304138597, "should,like": 0.0019249278152069298, "like,to": 0.004331087584215592, "to,congratulate": 0.0016843118383060634, "congratulate,my": 0.0014436958614051972, "my,noble": 0.03849855630413859, "noble,friend": 0.03801732435033686, "friend,lord": 0.0026467757459095282, "<e>,<s>": 0.05221366698748797, "<s>,i": 0.006737247353224254, "know,that": 0.001203079884504331, "and,i": 0.0016843118383060634, "as,i": 0.0014436958614051972, "i,have": 0.0016843118383060634, "years,<e>": 0.001203079884504331, "should,also": 0.001203079884504331, "also,like": 0.001203079884504331, "a,very": 0.0019249278152069298, "on,the": 0.01588065447545717, "the,noble": 0.0052935514918190565, "lord,lord": 0.003609239653512993, "to,me": 0.0014436958614051972, "one,of": 0.003368623676612127, "of,the": 0.019249278152069296, "in,your": 0.001203079884504331, "your,lordships": 0.0028873917228103944, "lords,can": 0.006015399422521655, "the,minister": 0.002406159769008662, "say,whether": 0.004812319538017324, "has,been": 0.003609239653512993, "in,the": 0.013715110683349374, "the,last": 0.0019249278152069298, "say,that": 0.0019249278152069298, "that,the": 0.011790182868142445, "of,these": 0.0014436958614051972, "the,world": 0.0014436958614051972, "can,my": 0.00697786333012512, "friend,say": 0.006015399422521655, "say,how": 0.001203079884504331, "i,beg": 0.010587102983638113, "beg,leave": 0.010587102983638113, "leave,to": 0.010587102983638113, "to,ask": 0.012271414821944177, "ask,the": 0.011308950914340712, "the,question": 0.01010587102983638, "question,which": 0.009624639076034648, "which,stands": 0.009384023099133783, "stands,in": 0.009384023099133783, "in,my": 0.01082771896053898, "my,name": 0.010346487006737248, "name,on": 0.010346487006737248, "the,order": 0.010346487006737248, "order,paper": 0.010346487006737248, "paper,<e>": 0.010346487006737248, "i,thank": 0.007218479307025986, "minister,for": 0.001203079884504331, "for,that": 0.009865255052935515, "that,answer": 0.00890279114533205, "answer,<e>": 0.004571703561116458, "<s>,is": 0.0028873917228103944, "is,he": 0.0026467757459095282, "he,aware": 0.002165543792107796, "aware,that": 0.004812319538017324, "which,i": 0.0014436958614051972, "i,agree": 0.001203079884504331, "of,this": 0.003609239653512993, "and,the": 0.0038498556304138597, "<s>,secondly": 0.0028873917228103944, "if,the": 0.0026467757459095282, "per,cent": 0.0014436958614051972, "cent,<e>": 0.0014436958614051972, "by,the": 0.004571703561116458, "the,government": 0.0016843118383060634, "thank,my": 0.00697786333012512, "friend,for": 0.009384023099133783, "noble,lord": 0.0038498556304138597, "may,i": 0.009865255052935515, "i,ask": 0.009143407122232916, "ask,him": 0.003368623676612127, "he,said": 0.0014436958614051972, "said,that": 0.002406159769008662, "that,there": 0.003609239653512993, "there,was": 0.0014436958614051972, "for,the": 0.003609239653512993, "not,be": 0.001203079884504331, "there,are": 0.0019249278152069298, "today,<e>": 0.001203079884504331, "whether,he": 0.00697786333012512, "he,would": 0.0028873917228103944, "would,not": 0.0028873917228103944, "not,agree": 0.007699711260827719, "agree,with": 0.0019249278152069298, "there,is": 0.0038498556304138597, "is,a": 0.0026467757459095282, "for,a": 0.0016843118383060634, "lords,while": 0.004812319538017324, "to,the": 0.003609239653512993, "ask,whether": 0.0038498556304138597, "he,has": 0.0019249278152069298, "lords,if": 0.0014436958614051972, "lords,would": 0.004331087584215592, "would,my": 0.0040904716073147255, "friend,agree": 0.0031280076997112606, "agree,that": 0.012512030798845043, "that,we": 0.002406159769008662, "defence,equipment": 0.0016843118383060634, "and,that": 0.0019249278152069298, "that,if": 0.003368623676612127, "lords,may": 0.0026467757459095282, "it,is": 0.005534167468719923, "is,the": 0.0016843118383060634, "<s>,does": 0.0016843118383060634, "does,he": 0.002165543792107796, "he,not": 0.0028873917228103944, "that,it": 0.002406159769008662, "some,of": 0.0016843118383060634, "in,this": 0.002406159769008662, "this,country": 0.002165543792107796, "<s>,the": 0.002406159769008662, "<s>,in": 0.0019249278152069298, "do,not": 0.0016843118383060634, "should,be": 0.0014436958614051972, "i,am": 0.003609239653512993, "noble,lords": 0.002406159769008662, "debate,<e>": 0.001203079884504331, "as,the": 0.0016843118383060634, "may,be": 0.0014436958614051972, "it,was": 0.0014436958614051972, "the,other": 0.0016843118383060634, "out,of": 0.001203079884504331, "that,i": 0.0019249278152069298, "the,same": 0.001203079884504331, "about,the": 0.0014436958614051972, "lords,does": 0.0031280076997112606, "does,my": 0.0028873917228103944, "friend,not": 0.0038498556304138597, "<s>,would": 0.0031280076997112606, "would,he": 0.0038498556304138597, "from,the": 0.0026467757459095282, "<s>,it": 0.0014436958614051972, "the,soviet": 0.0028873917228103944, "soviet,union": 0.002406159769008662, "it,might": 0.0014436958614051972, "might,be": 0.0028873917228103944, "of,our": 0.001203079884504331, "is,to": 0.001203079884504331, "while,thanking": 0.003609239653512993, "thanking,my": 0.0038498556304138597, "answer,may": 0.0038498556304138597, "to,be": 0.00505293551491819, "we,have": 0.0014436958614051972, "will,be": 0.0019249278152069298, "<s>,may": 0.0016843118383060634, "whether,the": 0.0019249278152069298, "with,the": 0.0016843118383060634, "at,the": 0.0019249278152069298, "lords,will": 0.0014436958614051972, "will,my": 0.0016843118383060634, "be,able": 0.001203079884504331, "able,to": 0.001203079884504331, "he,is": 0.001203079884504331, "that,they": 0.003368623676612127, "as,a": 0.0026467757459095282, "is,it": 0.0019249278152069298, "it,not": 0.0016843118383060634, "time,that": 0.0014436958614051972, "the,whole": 0.0014436958614051972, "our,country": 0.001203079884504331, "the,united": 0.002406159769008662, "united,states": 0.0014436958614051972, "is,not": 0.0014436958614051972, "whether,it": 0.001203079884504331, "it,be": 0.001203079884504331, "such,as": 0.001203079884504331, "he,also": 0.0014436958614051972, "it,<e>": 0.001203079884504331, "can,he": 0.0038498556304138597, "an,assurance": 0.001203079884504331, "go,to": 0.001203079884504331, "it,would": 0.002406159769008662, "her,majestys": 0.002165543792107796, "majestys,government": 0.0016843118383060634, "going,to": 0.001203079884504331, "lordships,house": 0.001203079884504331, "speech,<e>": 0.001203079884504331, "of,state": 0.001203079884504331, "of,defence": 0.002406159769008662, "they,are": 0.001203079884504331, "to,go": 0.0016843118383060634, "is,my": 0.0016843118383060634, "friend,aware": 0.0016843118383060634, "last,year": 0.001203079884504331, "is,one": 0.001203079884504331, "ask,my": 0.002165543792107796, "as,to": 0.0014436958614051972, "when,the": 0.001203079884504331, "that,in": 0.003609239653512993, "in,view": 0.001203079884504331, "view,of": 0.001203079884504331, "that,this": 0.0016843118383060634, "this,is": 0.001203079884504331, "lords,is": 0.0014436958614051972, "the,fact": 0.002165543792107796, "fact,that": 0.002165543792107796, "<s>,will": 0.001203079884504331, "he,can": 0.0019249278152069298, "<s>,if": 0.0019249278152069298, "that,is": 0.0014436958614051972, "<s>,can": 0.0026467757459095282, "he,further": 0.001203079884504331, "so,that": 0.002406159769008662, "realise,that": 0.0014436958614051972, "have,been": 0.0019249278152069298, "would,be": 0.0016843118383060634, "be,a": 0.0016843118383060634, "the,british": 0.001203079884504331, "confirm,that": 0.0019249278152069298, "the,ministry": 0.0016843118383060634, "ministry,of": 0.0014436958614051972, "they,have": 0.0016843118383060634, "the,past": 0.001203079884504331, "will,he": 0.001203079884504331, "could,be": 0.0014436958614051972, "a,little": 0.0019249278152069298, "friend,the": 0.0016843118383060634, "he,say": 0.0014436958614051972, "a,lot": 0.001203079884504331,