{"<cs>,my": 0.08333333333333333, "my,lords": 0.08333333333333333, "lords,the": 0.021367521367521368, "<e>,<s>": 0.18162393162393162, "no,<e>": 0.08333333333333333, "the,house": 0.014957264957264958, "be,agreed": 0.017094017094017096, "agreed,to": 0.029914529914529916, "the,amendment": 0.010683760683760684, "to,<e>": 0.017094017094017096, "the,question": 0.017094017094017096, "i,think": 0.010683760683760684, "is,agreed": 0.01282051282051282, "amendments,nos": 0.023504273504273504, "nos,<e>": 0.023504273504273504, "<s>,to": 0.017094017094017096, "amendment,no": 0.07264957264957266, "<s>,as": 0.010683760683760684, "<s>,is": 0.01282051282051282, "the,noble": 0.023504273504273504, "lords,i": 0.03418803418803419, "i,should": 0.014957264957264958, "if,amendment": 0.010683760683760684, "call,amendment": 0.010683760683760684, "<s>,<e>": 0.019230769230769232, "<s>,i": 0.014957264957264958, "i,understand": 0.010683760683760684, "<s>,the": 0.010683760683760684, "<s>,a": 0.014957264957264958, "noble,lord": 0.01282051282051282, "wish,to": 0.010683760683760684, "is,that": 0.014957264957264958, "that,the": 0.014957264957264958, "question,is": 0.010683760683760684, "to,the": 0.017094017094017096, "lord,lord": 0.010683760683760684}