{"<cs>,my": 0.037864077669902914, "my,lords": 0.037864077669902914, "i,have": 0.007766990291262136, "your,lordships": 0.006796116504854369, "<e>,<s>": 0.16116504854368932, "of,a": 0.008737864077669903, "<s>,i": 0.043689320388349516, "have,been": 0.007766990291262136, "<s>,in": 0.005825242718446602, "is,not": 0.005825242718446602, "part,of": 0.008737864077669903, "that,we": 0.010679611650485437, "we,have": 0.009708737864077669, "will,be": 0.0048543689320388345, "lords,i": 0.02330097087378641, "the,noble": 0.04271844660194175, "noble,lord": 0.030097087378640777, "lord,lord": 0.019417475728155338, "i,should": 0.007766990291262136, "that,i": 0.013592233009708738, "i,am": 0.019417475728155338, "at,the": 0.006796116504854369, "in,the": 0.014563106796116505, "in,this": 0.009708737864077669, "of,the": 0.04174757281553398, "<cs>,i": 0.010679611650485437, "all,the": 0.005825242718446602, "<s>,the": 0.011650485436893204, "the,question": 0.0048543689320388345, "has,been": 0.013592233009708738, "to,speak": 0.005825242718446602, "we,are": 0.006796116504854369, "<s>,there": 0.0048543689320388345, "debate,in": 0.0048543689320388345, "there,is": 0.006796116504854369, "in,which": 0.0048543689320388345, "which,the": 0.0048543689320388345, "i,support": 0.0048543689320388345, "and,i": 0.007766990291262136, "<s>,it": 0.017475728155339806, "from,the": 0.0048543689320388345, "the,government": 0.006796116504854369, "is,a": 0.005825242718446602, "i,want": 0.0048543689320388345, "that,there": 0.0048543689320388345, "<s>,if": 0.0048543689320388345, "to,the": 0.015533980582524271, "it,is": 0.017475728155339806, "is,an": 0.005825242718446602, "that,the": 0.01650485436893204, "i,believe": 0.0048543689320388345, "believe,that": 0.005825242718446602, "some,of": 0.005825242718446602, "grateful,to": 0.0048543689320388345, "to,be": 0.009708737864077669, "i,hope": 0.005825242718446602, "hope,that": 0.005825242718446602, "with,the": 0.011650485436893204, "on,the": 0.009708737864077669, "noble,earl": 0.007766990291262136, "the,minister": 0.009708737864077669, "minister,for": 0.0048543689320388345, "the,same": 0.0048543689320388345, "for,the": 0.008737864077669903, "about,the": 0.005825242718446602, "<s>,we": 0.007766990291262136, "said,that": 0.007766990291262136, "be,a": 0.0048543689320388345, "want,to": 0.006796116504854369, "and,the": 0.007766990291262136, "do,not": 0.006796116504854369, "that,is": 0.005825242718446602, "in,a": 0.006796116504854369, "and,that": 0.0048543689320388345, "by,the": 0.008737864077669903, "to,have": 0.0048543689320388345, "<s>,that": 0.0048543689320388345, "it,was": 0.005825242718446602, "i,was": 0.005825242718446602, "in,that": 0.0048543689320388345, "lords,the": 0.0048543689320388345, "the,bill": 0.005825242718446602}