{"<cs>,my": 0.0505008347245409, "my,lords": 0.05175292153589316, "lords,it": 0.001043405676126878, "it,is": 0.002086811352253756, "is,a": 0.002295492487479132, "on,the": 0.008973288814691152, "<e>,<s>": 0.07345575959933222, "welcome,the": 0.0014607679465776294, "the,noble": 0.008555926544240401, "to,this": 0.002086811352253756, "this,house": 0.0012520868113522537, "in,this": 0.0035475792988313858, "of,the": 0.037979966611018365, "the,house": 0.0070951585976627716, "lords,<e>": 0.0014607679465776294, "<s>,i": 0.005634390651085142, "i,should": 0.00333889816360601, "should,like": 0.0031302170283806345, "to,take": 0.0012520868113522537, "opportunity,to": 0.0014607679465776294, "to,the": 0.016903171953255424, "noble,lord": 0.008555926544240401, "lord,lord": 0.004799666110183639, "and,to": 0.001669449081803005, "lords,the": 0.009181969949916527, "the,falkland": 0.001669449081803005, "falkland,islands": 0.001669449081803005, "<s>,a": 0.001043405676126878, "a,number": 0.0012520868113522537, "number,of": 0.0014607679465776294, "from,the": 0.0018781302170283807, "will,be": 0.0035475792988313858, "has,been": 0.004382303839732888, "<s>,there": 0.0014607679465776294, "there,is": 0.0014607679465776294, "with,the": 0.012103505843071787, "the,foreign": 0.00333889816360601, "in,another": 0.006051752921535893, "another,place": 0.005843071786310518, "overseas,development": 0.0014607679465776294, "<s>,the": 0.015025041736227046, "is,being": 0.002921535893155259, "and,the": 0.006469115191986645, "the,government": 0.002295492487479132, "lords,we": 0.011268781302170284, "we,continue": 0.001043405676126878, "continue,to": 0.003964941569282137, "of,our": 0.0014607679465776294, "<s>,our": 0.0012520868113522537, "as,a": 0.0018781302170283807, "a,matter": 0.001043405676126878, "that,we": 0.002295492487479132, "we,have": 0.008764607679465776, "made,clear": 0.002712854757929883, "our,concern": 0.001043405676126878, "about,the": 0.002086811352253756, "south,africa": 0.0012520868113522537, "<s>,we": 0.015025041736227046, "we,shall": 0.0018781302170283807, "shall,continue": 0.0014607679465776294, "to,do": 0.0012520868113522537, "do,so": 0.001043405676126878, "lords,with": 0.004590984974958264, "the,leave": 0.004590984974958264, "leave,of": 0.004590984974958264, "house,i": 0.004590984974958264, "i,shall": 0.004173622704507512, "shall,now": 0.0037562604340567614, "now,repeat": 0.004173622704507512, "repeat,a": 0.0035475792988313858, "a,statement": 0.004173622704507512, "being,made": 0.00333889816360601, "made,in": 0.0037562604340567614, "place,by": 0.0035475792988313858, "by,my": 0.005008347245409015, "my,right": 0.009599332220367279, "right,honourable": 0.009599332220367279, "honourable,and": 0.005008347245409015, "and,learned": 0.005217028380634391, "learned,friend": 0.004799666110183639, "friend,the": 0.009599332220367279, "the,secretary": 0.002921535893155259, "secretary,of": 0.0031302170283806345, "of,state": 0.004799666110183639, "state,for": 0.0031302170283806345, "for,foreign": 0.002295492487479132, "foreign,and": 0.0037562604340567614, "and,commonwealth": 0.0035475792988313858, "commonwealth,affairs": 0.0025041736227045075, "affairs,<e>": 0.001043405676126878, "the,statement": 0.00333889816360601, "statement,is": 0.002712854757929883, "is,as": 0.0031302170283806345, "as,follows": 0.00333889816360601, "follows,<e>": 0.0031302170283806345, "nuclear,weapons": 0.0014607679465776294, "the,soviet": 0.002921535893155259, "soviet,union": 0.0018781302170283807, "for,the": 0.00813856427378965, "to,agree": 0.001043405676126878, "would,be": 0.0025041736227045075, "we,remain": 0.002086811352253756, "that,it": 0.0014607679465776294, "between,the": 0.001043405676126878, "the,united": 0.011268781302170284, "united,kingdom": 0.004173622704507512, "united,states": 0.004799666110183639, "set,down": 0.001043405676126878, "article,of": 0.001043405676126878, "which,has": 0.0012520868113522537, "for,a": 0.0031302170283806345, "that,the": 0.008973288814691152, "the,community": 0.001043405676126878, "we,do": 0.002086811352253756, "do,not": 0.00333889816360601, "the,european": 0.002295492487479132, "have,made": 0.0014607679465776294, "wish,to": 0.002086811352253756, "we,hope": 0.0014607679465776294, "hope,that": 0.001043405676126878, "the,new": 0.0012520868113522537, "countries,<e>": 0.001043405676126878, "it,was": 0.0012520868113522537, "<s>,they": 0.001043405676126878, "we,are": 0.0077212020033388985, "are,all": 0.0014607679465776294, "grateful,to": 0.002086811352253756, "the,question": 0.001669449081803005, "question,of": 0.0012520868113522537, "<s>,as": 0.001043405676126878, "as,my": 0.001043405676126878, "honourable,friend": 0.006051752921535893, "the,prime": 0.002295492487479132, "prime,minister": 0.002295492487479132, "place,on": 0.0012520868113522537, "on,st": 0.001043405676126878, "over,the": 0.0014607679465776294, "they,are": 0.0014607679465776294, "united,nations": 0.004173622704507512, "and,we": 0.001043405676126878, "ready,to": 0.0014607679465776294, "the,international": 0.001669449081803005, "the,end": 0.0012520868113522537, "end,of": 0.0014607679465776294, "have,been": 0.002921535893155259, "th,june": 0.0012520868113522537, "like,to": 0.002921535893155259, "on,disarmament": 0.001043405676126878, "does,not": 0.0014607679465776294, "on,this": 0.0012520868113522537, "it,would": 0.0012520868113522537, "lords,i": 0.00813856427378965, "i,beg": 0.005217028380634391, "beg,to": 0.005217028380634391, "in,the": 0.011268781302170284, "of,a": 0.00333889816360601, "the,answer": 0.001669449081803005, "to,a": 0.0018781302170283807, "a,private": 0.0012520868113522537, "private,notice": 0.001043405676126878, "notice,question": 0.001043405676126878, "question,<e>": 0.001043405676126878, "i,am": 0.002295492487479132, "am,sure": 0.001043405676126878, "at,the": 0.005217028380634391, "to,make": 0.002712854757929883, "to,see": 0.0018781302170283807, "a,comprehensive": 0.0012520868113522537, "which,was": 0.001043405676126878, "and,that": 0.0014607679465776294, "as,the": 0.002295492487479132, "was,a": 0.0014607679465776294, "the,first": 0.001043405676126878, "<s>,it": 0.002712854757929883, "by,the": 0.0077212020033388985, "government,have": 0.001669449081803005, "that,they": 0.0012520868113522537, "aware,of": 0.0012520868113522537, "this,country": 0.0012520868113522537, "country,<e>": 0.001043405676126878, "for,overseas": 0.0012520868113522537, "to,be": 0.0031302170283806345, "is,not": 0.0018781302170283807, "but,we": 0.0014607679465776294, "believe,that": 0.002086811352253756, "clear,to": 0.0012520868113522537, "human,rights": 0.001669449081803005, "this,was": 0.001043405676126878, "discussions,with": 0.001043405676126878, "foreign,minister": 0.0012520868113522537, "noble,lords": 0.001043405676126878, "no,<e>": 0.001043405676126878, "lords,as": 0.002295492487479132, "on,th": 0.005217028380634391, "the,queen": 0.001043405676126878, "the,commonwealth": 0.0012520868113522537, "and,will": 0.0012520868113522537, "the,bbc": 0.0012520868113522537, "<s>,this": 0.00333889816360601, "this,is": 0.0014607679465776294, "which,the": 0.001043405676126878, "with,our": 0.0025041736227045075, "on,a": 0.002086811352253756, "can,be": 0.001043405676126878, "time,<e>": 0.002712854757929883, "the,convention": 0.001043405676126878, "to,speak": 0.001043405676126878, "and,are": 0.001043405676126878, "to,move": 0.005217028380634391, "move,that": 0.004382303839732888, "<s>,in": 0.0012520868113522537, "of,this": 0.001669449081803005, "lords,my": 0.0018781302170283807, "th,april": 0.001043405676126878, "and,other": 0.0012520868113522537, "response,to": 0.001043405676126878, "been,made": 0.001043405676126878, "have,had": 0.002086811352253756, "the,world": 0.0012520868113522537, "of,which": 0.001043405676126878, "european,community": 0.001669449081803005, "this,year": 0.001669449081803005, "<s>,my": 0.0014607679465776294, "the,minister": 0.002086811352253756, "had,a": 0.0012520868113522537, "debate,this": 0.001669449081803005,