{"<cs>,my": 0.017738359201773836, "my,lords": 0.017738359201773836, "it,is": 0.011086474501108648, "<e>,<s>": 0.18181818181818182, "<s>,i": 0.06651884700665188, "i,have": 0.011086474501108648, "in,the": 0.031042128603104215, "by,the": 0.013303769401330377, "the,noble": 0.06208425720620843, "noble,lord": 0.03547671840354767, "lord,lord": 0.024390243902439025, "i,am": 0.031042128603104215, "of,the": 0.03547671840354767, "i,may": 0.013303769401330377, "thank,the": 0.015521064301552107, "the,minister": 0.015521064301552107, "i,should": 0.024390243902439025, "should,like": 0.019955654101995565, "<s>,it": 0.017738359201773836, "to,the": 0.019955654101995565, "at,this": 0.013303769401330377, "that,i": 0.019955654101995565, "like,to": 0.019955654101995565, "<cs>,i": 0.028824833702882482, "for,his": 0.011086474501108648, "i,do": 0.011086474501108648, "that,the": 0.019955654101995565, "perhaps,i": 0.011086474501108648, "amendment,<e>": 0.022172949002217297, "the,amendment": 0.019955654101995565, "<s>,in": 0.013303769401330377, "<s>,that": 0.011086474501108648, "what,the": 0.011086474501108648, "should,be": 0.011086474501108648, "noble,and": 0.017738359201773836, "and,learned": 0.019955654101995565, "learned,lord": 0.017738359201773836, "i,beg": 0.011086474501108648, "beg,leave": 0.011086474501108648, "leave,to": 0.011086474501108648, "to,withdraw": 0.011086474501108648, "withdraw,the": 0.011086474501108648}