{"<cs>,my": 0.0921875, "my,lords": 0.0953125, "lords,the": 0.0265625, "the,government": 0.0125, "in,the": 0.0375, "for,the": 0.0140625, "of,the": 0.0546875, "civil,aviation": 0.0078125, "<e>,<s>": 0.121875, "the,council": 0.0078125, "it,is": 0.0078125, "with,the": 0.0203125, "on,th": 0.0140625, "and,the": 0.009375, "<s>,i": 0.0140625, "i,am": 0.0109375, "<s>,the": 0.028125, "my,right": 0.0125, "right,honourable": 0.0125, "honourable,friend": 0.0171875, "friend,the": 0.015625, "the,secretary": 0.0125, "secretary,of": 0.0125, "of,state": 0.015625, "the,noble": 0.01875, "noble,lord": 0.0140625, "lord,lord": 0.0125, "to,the": 0.025, "<s>,we": 0.0125, "on,this": 0.0078125, "at,the": 0.009375, "to,be": 0.0109375, "by,my": 0.0078125, "that,the": 0.021875, "lords,with": 0.0078125, "the,leave": 0.0078125, "leave,of": 0.0078125, "the,house": 0.0125, "house,i": 0.0078125, "i,beg": 0.0078125, "beg,to": 0.0078125, "the,statement": 0.009375, "made,in": 0.0078125, "state,for": 0.0109375, "for,transport": 0.0109375, "statement,is": 0.0078125, "is,as": 0.0078125, "as,follows": 0.0078125, "lords,i": 0.01875, "on,the": 0.0109375, "lords,we": 0.0109375, "a,statement": 0.0078125, "in,another": 0.0078125, "another,place": 0.0078125}