{"<cs>,my": 0.03435114503816794, "my,lords": 0.03435114503816794, "lords,is": 0.003816793893129771, "is,it": 0.003816793893129771, "it,your": 0.003816793893129771, "your,lordships": 0.006361323155216285, "lordships,pleasure": 0.003816793893129771, "pleasure,that": 0.003816793893129771, "that,this": 0.008905852417302799, "this,amendment": 0.008905852417302799, "amendment,be": 0.006361323155216285, "be,withdrawn": 0.002544529262086514, "withdrawn,<e>": 0.002544529262086514, "<e>,<s>": 0.044529262086514, "<s>,the": 0.002544529262086514, "the,amendment": 0.003816793893129771, "amendment,is": 0.006361323155216285, "is,by": 0.001272264631043257, "by,leave": 0.001272264631043257, "leave,<e>": 0.001272264631043257, "lords,the": 0.005089058524173028, "the,question": 0.007633587786259542, "question,is": 0.005089058524173028, "is,that": 0.006361323155216285, "be,agreed": 0.006361323155216285, "agreed,to": 0.015267175572519083, "to,<e>": 0.006361323155216285, "<s>,as": 0.005089058524173028, "as,many": 0.003816793893129771, "many,as": 0.003816793893129771, "as,are": 0.003816793893129771, "are,of": 0.003816793893129771, "of,that": 0.003816793893129771, "that,opinion": 0.003816793893129771, "opinion,will": 0.003816793893129771, "will,saycontent": 0.001272264631043257, "saycontent,to": 0.001272264631043257, "to,the": 0.01272264631043257, "the,contrarynot": 0.001272264631043257, "contrarynot,content": 0.001272264631043257, "content,<e>": 0.002544529262086514, "lords,noble": 0.001272264631043257, "noble,lords": 0.001272264631043257, "lords,may": 0.001272264631043257, "may,refer": 0.001272264631043257, "refer,to": 0.002544529262086514, "to,any": 0.001272264631043257, "any,amendments": 0.001272264631043257, "amendments,they": 0.001272264631043257, "they,wish": 0.001272264631043257, "wish,to": 0.006361323155216285, "to,refer": 0.001272264631043257, "lords,i": 0.006361323155216285, "i,shall": 0.003816793893129771, "shall,now": 0.003816793893129771, "now,call": 0.003816793893129771, "call,manuscript": 0.001272264631043257, "manuscript,amendment": 0.002544529262086514, "amendment,no": 0.026717557251908396, "no,<e>": 0.027989821882951654, "<s>,a": 0.006361323155216285, "a,as": 0.002544529262086514, "as,an": 0.005089058524173028, "an,amendment": 0.006361323155216285, "amendment,to": 0.005089058524173028, "to,amendment": 0.005089058524173028, "<s>,<e>": 0.010178117048346057, "lords,perhaps": 0.001272264631043257, "perhaps,i": 0.001272264631043257, "i,should": 0.010178117048346057, "should,point": 0.010178117048346057, "point,out": 0.011450381679389313, "out,to": 0.010178117048346057, "to,your": 0.002544529262086514, "lordships,that": 0.002544529262086514, "that,the": 0.007633587786259542, "the,agreement": 0.001272264631043257, "agreement,to": 0.001272264631043257, "<s>,preempts": 0.001272264631043257, "preempts,amendment": 0.001272264631043257, "lords,before": 0.010178117048346057, "before,i": 0.010178117048346057, "i,call": 0.010178117048346057, "call,the": 0.003816793893129771, "the,next": 0.003816793893129771, "next,amendment": 0.003816793893129771, "amendment,i": 0.003816793893129771, "out,that": 0.001272264631043257, "that,if": 0.008905852417302799, "if,it": 0.002544529262086514, "it,is": 0.002544529262086514, "is,agreed": 0.008905852417302799, "to,i": 0.007633587786259542, "i,cannot": 0.008905852417302799, "cannot,call": 0.008905852417302799, "call,amendment": 0.013994910941475827, "<s>,i": 0.007633587786259542, "the,<e>": 0.001272264631043257, "lords,there": 0.001272264631043257, "there,is": 0.001272264631043257, "is,a": 0.001272264631043257, "a,manuscript": 0.001272264631043257, "amendment,in": 0.001272264631043257, "in,substitution": 0.001272264631043257, "substitution,for": 0.001272264631043257, "for,amendment": 0.001272264631043257, "i,understand": 0.001272264631043257, "understand,that": 0.001272264631043257, "that,we": 0.001272264631043257, "we,have": 0.001272264631043257, "have,come": 0.001272264631043257, "come,to": 0.002544529262086514, "the,conclusion": 0.001272264631043257, "conclusion,of": 0.001272264631043257, "of,the": 0.006361323155216285, "the,two": 0.001272264631043257, "two,and": 0.001272264631043257, "and,a": 0.001272264631043257, "a,half": 0.001272264631043257, "half,hour": 0.001272264631043257, "hour,debate": 0.001272264631043257, "debate,and": 0.001272264631043257, "and,therefore": 0.001272264631043257, "therefore,i": 0.002544529262086514, "i,express": 0.001272264631043257, "express,the": 0.001272264631043257, "the,wish": 0.001272264631043257, "wish,of": 0.001272264631043257, "the,house": 0.010178117048346057, "house,that": 0.007633587786259542, "the,noble": 0.011450381679389313, "noble,earl": 0.002544529262086514, "earl,should": 0.001272264631043257, "should,withdraw": 0.001272264631043257, "withdraw,his": 0.002544529262086514, "his,motion": 0.002544529262086514, "motion,<e>": 0.003816793893129771, "i,inadvertently": 0.001272264631043257, "inadvertently,collected": 0.001272264631043257, "collected,the": 0.001272264631043257, "the,voices": 0.001272264631043257, "voices,i": 0.001272264631043257, "i,must": 0.002544529262086514, "must,apologise": 0.001272264631043257, "apologise,to": 0.001272264631043257, "noble,lord": 0.006361323155216285, "lord,before": 0.001272264631043257, "before,he": 0.001272264631043257, "he,started": 0.001272264631043257, "started,to": 0.001272264631043257, "to,speak": 0.001272264631043257, "speak,<e>": 0.001272264631043257, "<s>,therefore": 0.001272264631043257, "i,will": 0.001272264631043257, "will,now": 0.001272264631043257, "now,put": 0.001272264631043257, "put,the": 0.001272264631043257, "question,that": 0.001272264631043257, "the,bill": 0.002544529262086514, "bill,do": 0.001272264631043257, "do,now": 0.002544529262086514, "now,pass": 0.001272264631043257, "pass,<e>": 0.001272264631043257, "if,this": 0.003816793893129771, "call,amendments": 0.003816793893129771, "amendments,nos": 0.003816793893129771, "nos,<e>": 0.003816793893129771, "<s>,or": 0.002544529262086514, "or,a": 0.001272264631043257, "a,<e>": 0.003816793893129771, "to,no": 0.001272264631043257, "if,amendment": 0.002544529262086514, "a,is": 0.001272264631043257, "<s>,to": 0.001272264631043257, "to,a": 0.001272264631043257, "lords,on": 0.001272264631043257, "on,behalf": 0.001272264631043257, "behalf,of": 0.001272264631043257, "of,my": 0.001272264631043257, "my,noble": 0.001272264631043257, "noble,friend": 0.001272264631043257, "friend,the": 0.001272264631043257, "the,chairman": 0.001272264631043257, "chairman,of": 0.001272264631043257, "of,committees": 0.001272264631043257, "committees,who": 0.001272264631043257, "who,is": 0.001272264631043257, "is,absent": 0.001272264631043257, "absent,owing": 0.001272264631043257, "owing,to": 0.001272264631043257, "to,illness": 0.001272264631043257, "illness,i": 0.001272264631043257, "i,beg": 0.001272264631043257, "beg,to": 0.001272264631043257, "to,move": 0.002544529262086514, "move,that": 0.001272264631043257, "this,bill": 0.001272264631043257, "bill,be": 0.001272264631043257, "be,now": 0.001272264631043257, "now,read": 0.001272264631043257, "read,a": 0.001272264631043257, "a,second": 0.001272264631043257, "second,time": 0.001272264631043257, "time,<e>": 0.001272264631043257, "<cs>,the": 0.005089058524173028, "is,not": 0.001272264631043257, "not,moved": 0.001272264631043257, "moved,<e>": 0.001272264631043257, "house,do": 0.001272264631043257, "now,again": 0.001272264631043257, "again,resolve": 0.001272264631043257, "resolve,itself": 0.001272264631043257, "itself,into": 0.001272264631043257, "into,committee": 0.001272264631043257, "committee,on": 0.002544529262086514, "on,the": 0.002544529262086514, "bill,<e>": 0.001272264631043257, "will,say": 0.002544529262086514, "say,content": 0.002544529262086514, "<s>,is": 0.001272264631043257, "the,original": 0.001272264631043257, "original,question": 0.001272264631043257, "question,was": 0.001272264631043257, "was,that": 0.001272264631043257, "the,report": 0.001272264631043257,