{"amendment,no": 0.08077544426494346, "no,<e>": 0.08562197092084006, "<e>,<s>": 0.12439418416801293, "is,agreed": 0.04038772213247173, "agreed,i": 0.024232633279483037, "i,cannot": 0.0420032310177706, "cannot,call": 0.0420032310177706, "call,amendments": 0.01938610662358643, "amendments,nos": 0.0210016155088853, "nos,<e>": 0.0210016155088853, "<s>,i": 0.035541195476575124, "<s>,and": 0.009693053311793215, "it,is": 0.022617124394184167, "<cs>,in": 0.033925686591276254, "in,calling": 0.03715670436187399, "calling,amendment": 0.03877221324717286, "i,should": 0.04361873990306947, "should,advise": 0.012924071082390954, "advise,the": 0.011308562197092083, "the,committee": 0.01615508885298869, "committee,that": 0.01615508885298869, "that,if": 0.03877221324717286, "if,this": 0.011308562197092083, "this,amendment": 0.014539579967689823, "amendment,is": 0.01615508885298869, "agreed,to": 0.01615508885298869, "to,i": 0.01615508885298869, "call,amendment": 0.024232633279483037, "<s>,<e>": 0.025848142164781908, "your,lordships": 0.014539579967689823, "lordships,that": 0.014539579967689823, "say,that": 0.008077544426494346, "if,it": 0.0210016155088853}