{"<cs>,my": 0.0997624703087886, "my,lords": 0.0997624703087886, "lords,the": 0.021377672209026127, "the,government": 0.011876484560570071, "energy,efficiency": 0.0166270783847981, "of,the": 0.06175771971496437, "<e>,<s>": 0.1163895486935867, "to,the": 0.026128266033254157, "of,energy": 0.011876484560570071, "to,be": 0.011876484560570071, "with,the": 0.011876484560570071, "<s>,the": 0.014251781472684086, "<s>,it": 0.014251781472684086, "it,is": 0.019002375296912115, "<s>,i": 0.014251781472684086, "lords,i": 0.030878859857482184, "i,beg": 0.0332541567695962, "beg,to": 0.0332541567695962, "by,the": 0.011876484560570071, "in,the": 0.011876484560570071, "to,move": 0.030878859857482184, "move,that": 0.028503562945368172, "that,this": 0.011876484560570071, "this,bill": 0.023752969121140142, "bill,be": 0.0166270783847981, "be,now": 0.0166270783847981, "now,read": 0.011876484560570071, "read,a": 0.011876484560570071, "time,<e>": 0.011876484560570071, "that,the": 0.026128266033254157, "a,second": 0.011876484560570071, "<s>,we": 0.014251781472684086, "the,house": 0.0166270783847981, "will,be": 0.011876484560570071, "do,now": 0.011876484560570071, "resolve,itself": 0.011876484560570071, "itself,into": 0.011876484560570071, "into,committee": 0.011876484560570071, "committee,on": 0.011876484560570071, "on,this": 0.011876484560570071, "bill,<e>": 0.011876484560570071}