{"<cs>,my": 0.024687595245352027, "my,lords": 0.024992380371837854, "lords,i": 0.015239256324291375, "i,should": 0.00853398354160317, "should,like": 0.007010057909174032, "like,to": 0.010057909174032308, "my,noble": 0.004571776897287412, "noble,friend": 0.0033526363913441025, "the,government": 0.007010057909174032, "have,been": 0.004266991770801585, "about,this": 0.0015239256324291375, "this,matter": 0.0015239256324291375, "as,the": 0.0015239256324291375, "<e>,<s>": 0.104236513258153, "<s>,i": 0.0365742151782993, "i,am": 0.012800975312404754, "one,of": 0.0015239256324291375, "of,the": 0.028345016763181956, "believe,that": 0.001828710758914965, "that,the": 0.010667479427003962, "of,this": 0.0027430661383724473, "and,in": 0.001828710758914965, "i,too": 0.0021334958854007926, "to,congratulate": 0.0015239256324291375, "congratulate,the": 0.0015239256324291375, "the,noble": 0.02925937214263944, "for,the": 0.005790917403230723, "that,he": 0.003047851264858275, "and,it": 0.0027430661383724473, "it,is": 0.01341054556537641, "i,hope": 0.003962206644315757, "hope,that": 0.0033526363913441025, "what,i": 0.003047851264858275, "i,have": 0.012800975312404754, "may,i": 0.0033526363913441025, "noble,lord": 0.017372752209692168, "to,say": 0.005486132276744895, "say,that": 0.0051813471502590676, "that,in": 0.001828710758914965, "in,no": 0.00365742151782993, "of,my": 0.001828710758914965, "in,the": 0.013105760438890583, "<s>,the": 0.010667479427003962, "way,in": 0.001828710758914965, "in,which": 0.0027430661383724473, "<s>,in": 0.001828710758914965, "that,is": 0.007619628162145687, "noble,baroness": 0.0024382810118866198, "with,the": 0.004266991770801585, "the,way": 0.0021334958854007926, "some,of": 0.0015239256324291375, "the,benefit": 0.001828710758914965, "benefit,of": 0.0015239256324291375, "the,question": 0.0015239256324291375, "in,this": 0.004266991770801585, "should,be": 0.0027430661383724473, "that,it": 0.007619628162145687, "can,be": 0.0021334958854007926, "to,the": 0.009753124047546479, "the,other": 0.003047851264858275, "is,that": 0.003047851264858275, "that,if": 0.0015239256324291375, "if,it": 0.001828710758914965, "it,was": 0.004571776897287412, "<cs>,i": 0.008838768668088998, "of,your": 0.001828710758914965, "your,lordships": 0.0048765620237732395, "do,not": 0.006400487656202377, "not,wish": 0.0015239256324291375, "wish,to": 0.003962206644315757, "to,speak": 0.003047851264858275, "speak,for": 0.0021334958854007926, "that,we": 0.00365742151782993, "we,are": 0.003047851264858275, "<s>,we": 0.00731484303565986, "we,have": 0.0033526363913441025, "have,not": 0.001828710758914965, "they,have": 0.001828710758914965, "on,the": 0.008229198415117342, "the,point": 0.001828710758914965, "it,has": 0.0021334958854007926, "a,great": 0.0021334958854007926, "this,bill": 0.003962206644315757, "the,bill": 0.003962206644315757, "think,that": 0.00365742151782993, "many,of": 0.0015239256324291375, "it,will": 0.001828710758914965, "in,my": 0.001828710758914965, "is,a": 0.008229198415117342, "but,i": 0.003962206644315757, "i,think": 0.0051813471502590676, "about,the": 0.0021334958854007926, "said,<e>": 0.0021334958854007926, "me,to": 0.001828710758914965, "lord,lord": 0.010057909174032308, "the,act": 0.0015239256324291375, "the,minister": 0.0027430661383724473, "that,there": 0.00365742151782993, "there,was": 0.001828710758914965, "to,be": 0.006705272782688205, "other,place": 0.0015239256324291375, "<s>,he": 0.0024382810118866198, "he,said": 0.0021334958854007926, "and,i": 0.007924413288631514, "the,house": 0.0024382810118866198, "want,to": 0.0027430661383724473, "to,make": 0.0027430661383724473, "there,is": 0.004266991770801585, "by,the": 0.007619628162145687, "noble,lords": 0.003962206644315757, "<s>,this": 0.0021334958854007926, "has,been": 0.003047851264858275, "that,i": 0.010057909174032308, "is,to": 0.001828710758914965, "the,committee": 0.0027430661383724473, "withdraw,the": 0.003962206644315757, "the,amendment": 0.0048765620237732395, "amendment,<e>": 0.0048765620237732395, "before,the": 0.0021334958854007926, "i,know": 0.0027430661383724473, "but,the": 0.0021334958854007926, "the,whole": 0.0024382810118866198, "to,see": 0.001828710758914965, "house,<e>": 0.0015239256324291375, "the,new": 0.001828710758914965, "this,is": 0.0021334958854007926, "i,believe": 0.001828710758914965, "<s>,it": 0.008229198415117342, "know,that": 0.0024382810118866198, "<s>,that": 0.0048765620237732395, "is,what": 0.0015239256324291375, "very,much": 0.001828710758914965, "this,subject": 0.0015239256324291375, "from,the": 0.0024382810118866198, "<s>,if": 0.0015239256324291375, "they,are": 0.0015239256324291375, "will,be": 0.0021334958854007926, "he,was": 0.0021334958854007926, "able,to": 0.0015239256324291375, "government,to": 0.001828710758914965, "this,debate": 0.0015239256324291375, "and,is": 0.001828710758914965, "northern,ireland": 0.001828710758914965, "the,womb": 0.0015239256324291375, "in,that": 0.0015239256324291375, "was,a": 0.001828710758914965, "a,very": 0.0027430661383724473, "i,speak": 0.0021334958854007926, "the,catholic": 0.0033526363913441025, "catholic,bishops": 0.0015239256324291375, "which,i": 0.004266991770801585, "is,not": 0.003047851264858275, "i,would": 0.001828710758914965, "it,<e>": 0.0027430661383724473, "i,thank": 0.0021334958854007926, "thank,the": 0.003047851264858275, "that,<e>": 0.0021334958854007926, "and,the": 0.00609570252971655, "which,is": 0.001828710758914965, "and,that": 0.001828710758914965, "to,have": 0.0021334958854007926, "<s>,however": 0.0033526363913441025, "does,not": 0.0015239256324291375, "and,so": 0.0027430661383724473, "bill,is": 0.0015239256324291375, "for,a": 0.0015239256324291375, "i,wish": 0.001828710758914965, "at,the": 0.0024382810118866198, "i,shall": 0.001828710758914965, "i,was": 0.003962206644315757, "<cs>,the": 0.0015239256324291375, "which,the": 0.0015239256324291375, "perhaps,i": 0.0027430661383724473, "the,church": 0.0015239256324291375, "the,roman": 0.0027430661383724473, "roman,catholics": 0.0015239256324291375, "i,understand": 0.001828710758914965, "i,apologise": 0.0015239256324291375, "if,i": 0.001828710758914965, "under,the": 0.0015239256324291375, "the,home": 0.0015239256324291375, "is,in": 0.0021334958854007926, "no,way": 0.003047851264858275, "way,<e>": 0.001828710758914965, "of,a": 0.0015239256324291375, "down,<e>": 0.0021334958854007926, "i,can": 0.001828710758914965, "i,do": 0.0027430661383724473, "be,a": 0.0024382810118866198, "support,the": 0.001828710758914965, "roman,catholic": 0.0033526363913441025, "this,amendment": 0.0021334958854007926, "did,not": 0.001828710758914965, "noble,and": 0.004571776897287412, "and,learned": 0.004266991770801585, "learned,lord": 0.003962206644315757, "is,my": 0.0015239256324291375, "said,that": 0.0024382810118866198, "we,do": 0.001828710758914965, "to,this": 0.0015239256324291375, "or,a": 0.0015239256324291375, "what,the": 0.001828710758914965, "saying,that": 0.001828710758914965, "is,so": 0.001828710758914965, "we,should": 0.0015239256324291375, "as,a": 0.0027430661383724473, "the,present": 0.0015239256324291375, "on,this": 0.0024382810118866198, "noble,earl": 0.0027430661383724473, "earl,lord": 0.0021334958854007926, "and,he": 0.001828710758914965, "is,the": 0.003962206644315757, "bill,<e>": 0.003047851264858275, "so,to": 0.001828710758914965, "i,may": 0.0027430661383724473, "sits,down": 0.0015239256324291375, "the,right": 0.0021334958854007926, "white,paper": 0.0015239256324291375, "in,a": 0.0015239256324291375, "i,beg": 0.003962206644315757, "that,a": 0.0015239256324291375, "lords,is": 0.0015239256324291375, "aware,that": 0.0015239256324291375, "per,cent": 0.0027430661383724473, "cent,<e>": 0.0027430661383724473, "members,of": 0.0015239256324291375, "to,thank": 0.0021334958854007926, "i,agree": 0.0015239256324291375, "agree,with": 0.0015239256324291375, "beg,leave": 0.003047851264858275, "leave,to": 0.0033526363913441025, "to,withdraw": 0.0033526363913441025,