{"<cs>,my": 0.03236994219653179, "my,lords": 0.03236994219653179, "to,make": 0.002890173410404624, "your,lordships": 0.005780346820809248, "lordships,house": 0.002890173410404624, "for,the": 0.006936416184971098, "which,is": 0.003468208092485549, "<e>,<s>": 0.09826589595375723, "<s>,i": 0.031791907514450865, "it,is": 0.009826589595375723, "in,another": 0.002890173410404624, "lords,i": 0.02254335260115607, "not,be": 0.003468208092485549, "a,very": 0.002890173410404624, "to,the": 0.014450867052023121, "i,have": 0.009826589595375723, "and,i": 0.009826589595375723, "must,be": 0.003468208092485549, "to,have": 0.005780346820809248, "and,in": 0.006936416184971098, "he,has": 0.003468208092485549, "i,thank": 0.01676300578034682, "the,debate": 0.002890173410404624, "and,the": 0.008670520231213872, "leave,to": 0.018497109826589597, "to,withdraw": 0.018497109826589597, "withdraw,the": 0.017919075144508672, "<s>,it": 0.006358381502890174, "it,has": 0.003468208092485549, "has,been": 0.006358381502890174, "<cs>,i": 0.012138728323699421, "that,i": 0.007514450867052023, "of,a": 0.005202312138728324, "we,are": 0.003468208092485549, "i,can": 0.002890173410404624, "is,the": 0.004046242774566474, "of,the": 0.03930635838150289, "the,bill": 0.003468208092485549, "in,the": 0.02601156069364162, "<s>,however": 0.002890173410404624, "is,not": 0.002890173410404624, "we,have": 0.003468208092485549, "that,<e>": 0.002890173410404624, "say,that": 0.002890173410404624, "that,the": 0.011560693641618497, "i,should": 0.006936416184971098, "that,there": 0.002890173410404624, "the,name": 0.003468208092485549, "i,am": 0.014450867052023121, "of,my": 0.004624277456647399, "would,be": 0.003468208092485549, "in,my": 0.005202312138728324, "the,government": 0.003468208092485549, "on,the": 0.005780346820809248, "<s>,the": 0.006936416184971098, "with,the": 0.006358381502890174, "am,grateful": 0.002890173410404624, "grateful,to": 0.003468208092485549, "to,my": 0.002890173410404624, "my,noble": 0.02023121387283237, "noble,friend": 0.01907514450867052, "friend,for": 0.005202312138728324, "for,his": 0.012138728323699421, "his,assurances": 0.004046242774566474, "assurances,and": 0.004046242774566474, "noble,and": 0.002890173410404624, "and,learned": 0.003468208092485549, "i,beg": 0.017341040462427744, "beg,leave": 0.017919075144508672, "the,amendment": 0.021965317919075144, "amendment,<e>": 0.018497109826589597, "thank,the": 0.011560693641618497, "the,minister": 0.020809248554913295, "minister,for": 0.009826589595375723, "the,noble": 0.02254335260115607, "noble,lords": 0.004046242774566474, "support,the": 0.002890173410404624, "by,the": 0.012138728323699421, "noble,lord": 0.015028901734104046, "lord,lord": 0.011560693641618497, "lord,morton": 0.002890173410404624, "the,committee": 0.005780346820809248, "that,this": 0.002890173410404624, "copyright,in": 0.002890173410404624, "in,this": 0.005780346820809248, "friend,the": 0.006358381502890174, "the,copyright": 0.003468208092485549, "<s>,in": 0.005780346820809248, "question,of": 0.002890173410404624, "the,publishing": 0.002890173410404624, "friend,lord": 0.005780346820809248, "<s>,but": 0.002890173410404624, "of,his": 0.002890173410404624, "this,is": 0.004046242774566474, "this,country": 0.002890173410404624, "should,be": 0.002890173410404624, "<s>,as": 0.002890173410404624, "should,like": 0.005202312138728324, "speak,to": 0.002890173410404624, "amendment,no": 0.004624277456647399, "no,<e>": 0.004624277456647399, "like,to": 0.004624277456647399, "publishing,industry": 0.002890173410404624, "thank,my": 0.005780346820809248, "is,to": 0.003468208092485549, "his,explanation": 0.002890173410404624, "which,i": 0.002890173410404624, "on,a": 0.003468208092485549, "the,house": 0.002890173410404624, "i,shall": 0.006936416184971098, "noble,baroness": 0.002890173410404624, "name,of": 0.002890173410404624, "<s>,a": 0.002890173410404624}