{"<cs>,i": 0.018018018018018018, "i,must": 0.02702702702702703, "must,inform": 0.009009009009009009, "inform,the": 0.009009009009009009, "the,committee": 0.02702702702702703, "committee,that": 0.018018018018018018, "that,if": 0.02702702702702703, "if,amendment": 0.018018018018018018, "amendment,no": 0.06306306306306306, "no,<e>": 0.06306306306306306, "<e>,<s>": 0.08108108108108109, "<s>,za": 0.009009009009009009, "za,is": 0.009009009009009009, "is,agreed": 0.036036036036036036, "agreed,to": 0.036036036036036036, "to,i": 0.018018018018018018, "i,cannot": 0.018018018018018018, "cannot,call": 0.018018018018018018, "call,amendment": 0.02702702702702703, "<s>,<e>": 0.009009009009009009, "must,advise": 0.018018018018018018, "advise,that": 0.009009009009009009, "<s>,a": 0.018018018018018018, "a,is": 0.009009009009009009, "to,the": 0.009009009009009009, "committee,cannot": 0.009009009009009009, "cannot,speak": 0.009009009009009009, "speak,to": 0.009009009009009009, "to,amendment": 0.009009009009009009, "<s>,due": 0.009009009009009009, "due,to": 0.018018018018018018, "to,pre-emption": 0.018018018018018018, "pre-emption,<e>": 0.02702702702702703, "<s>,i": 0.009009009009009009, "i,now": 0.009009009009009009, "now,call": 0.009009009009009009, "a,<e>": 0.009009009009009009, "<cs>,if": 0.009009009009009009, "if,the": 0.009009009009009009, "the,next": 0.018018018018018018, "next,amendment": 0.018018018018018018, "amendment,is": 0.02702702702702703, "<s>,k": 0.009009009009009009, "k,due": 0.009009009009009009, "<cs>,the": 0.009009009009009009, "is,amendment": 0.009009009009009009, "<s>,and": 0.009009009009009009, "and,i": 0.009009009009009009, "advise,the": 0.009009009009009009, "if,this": 0.009009009009009009, "this,amendment": 0.009009009009009009, "to,amendments": 0.009009009009009009, "amendments,nos": 0.009009009009009009, "nos,<e>": 0.009009009009009009, "<s>,to": 0.009009009009009009, "to,cannot": 0.009009009009009009, "cannot,be": 0.009009009009009009, "be,called": 0.009009009009009009, "called,because": 0.009009009009009009, "because,of": 0.009009009009009009, "of,pre-emption": 0.009009009009009009}