{"<cs>,i": 0.01694915254237288, "i,should": 0.021791767554479417, "your,lordships": 0.009685230024213076, "to,the": 0.014527845036319613, "that,if": 0.021791767554479417, "if,amendment": 0.013317191283292978, "amendment,no": 0.08595641646489104, "no,<e>": 0.09079903147699758, "<e>,<s>": 0.1368038740920097, "be,agreed": 0.009685230024213076, "agreed,to": 0.03631961259079903, "to,it": 0.012106537530266344, "it,will": 0.009685230024213076, "will,not": 0.010895883777239709, "not,be": 0.026634382566585957, "be,possible": 0.010895883777239709, "to,call": 0.025423728813559324, "call,amendment": 0.021791767554479417, "<s>,<e>": 0.03389830508474576, "if,this": 0.009685230024213076, "the,committee": 0.009685230024213076, "amendments,nos": 0.013317191283292978, "nos,<e>": 0.014527845036319613, "<cs>,the": 0.01694915254237288, "the,next": 0.012106537530266344, "next,amendment": 0.012106537530266344, "amendment,is": 0.018159806295399514, "is,amendment": 0.009685230024213076, "<s>,and": 0.006053268765133172, "if,it": 0.006053268765133172, "it,is": 0.009685230024213076, "is,agreed": 0.024213075060532687, "possible,for": 0.006053268765133172, "i,understand": 0.006053268765133172, "<s>,a": 0.013317191283292978, "<cs>,if": 0.007263922518159807, "<s>,is": 0.012106537530266344, "call,amendments": 0.007263922518159807, "<cs>,amendment": 0.006053268765133172, "to,i": 0.015738498789346248, "i,shall": 0.010895883777239709, "shall,not": 0.00847457627118644, "be,able": 0.014527845036319613, "able,to": 0.014527845036319613, "the,question": 0.010895883777239709, "question,is": 0.006053268765133172, "to,<e>": 0.006053268765133172, "the,noble": 0.009685230024213076, "noble,lord": 0.007263922518159807, "point,out": 0.007263922518159807, "<s>,i": 0.009685230024213076, "this,amendment": 0.009685230024213076, "perhaps,i": 0.00847457627118644, "of,the": 0.006053268765133172, "say,that": 0.006053268765133172, "to,amendment": 0.006053268765133172, "amendment,to": 0.006053268765133172, "to,be": 0.007263922518159807}