{"<cs>,my": 0.041449549976314545, "my,lords": 0.04168640454760777, "lords,i": 0.026054002842254856, "i,beg": 0.019422074846044527, "beg,to": 0.019658929417337753, "to,introduce": 0.0035528185693983892, "introduce,a": 0.0030791094268119374, "a,bill": 0.0030791094268119374, "bill,to": 0.0030791094268119374, "to,consolidate": 0.0014211274277593558, "consolidate,certain": 0.0011842728564661299, "of,the": 0.018000947418285174, "enactments,relating": 0.0016579819990525818, "relating,to": 0.0023685457129322598, "certain,enactments": 0.0016579819990525818, "and,to": 0.0018948365703458077, "to,the": 0.011369019422074847, "<e>,<s>": 0.03055423969682615, "<s>,i": 0.005684509711037423, "to,move": 0.018711511132164852, "move,that": 0.01468498342018001, "that,this": 0.005684509711037423, "this,bill": 0.010895310279488394, "bill,be": 0.0071056371387967785, "be,now": 0.00876361913784936, "now,read": 0.006395073424917101, "read,a": 0.006158218853623875, "a,first": 0.0023685457129322598, "first,time": 0.0023685457129322598, "time,<e>": 0.006631927996210327, "county,court": 0.0011842728564661299, "i,have": 0.010184746565608716, "have,to": 0.005210800568450971, "to,notify": 0.004263382283278067, "notify,the": 0.004263382283278067, "the,house": 0.026764566556134534, "house,in": 0.0047370914258645196, "in,accordance": 0.0047370914258645196, "accordance,with": 0.0047370914258645196, "with,the": 0.008289909995262908, "the,royal": 0.004973945997157745, "royal,assent": 0.008526764566556135, "assent,act": 0.004263382283278067, "act,that": 0.004263382283278067, "that,the": 0.02297489341544292, "the,queen": 0.006631927996210327, "queen,has": 0.004263382283278067, "has,signified": 0.004263382283278067, "signified,her": 0.004263382283278067, "her,royal": 0.004263382283278067, "assent,to": 0.004263382283278067, "the,following": 0.004500236854571293, "following,acts": 0.004263382283278067, "acts,<e>": 0.0030791094268119374, "lords,the": 0.0026054002842254855, "i,should": 0.0035528185693983892, "should,like": 0.0018948365703458077, "like,to": 0.0023685457129322598, "begin,by": 0.0011842728564661299, "my,noble": 0.0028422548555187117, "noble,and": 0.0011842728564661299, "and,learned": 0.0016579819990525818, "learned,friend": 0.0014211274277593558, "friend,lord": 0.0016579819990525818, "before,the": 0.0071056371387967785, "your,lordships": 0.0018948365703458077, "the,law": 0.0030791094268119374, "law,commission": 0.0030791094268119374, "for,the": 0.0033159639981051635, "to,this": 0.0014211274277593558, "bill,<e>": 0.005210800568450971, "<s>,it": 0.0018948365703458077, "i,understand": 0.0014211274277593558, "understand,that": 0.0014211274277593558, "that,no": 0.0023685457129322598, "no,amendments": 0.0011842728564661299, "amendments,have": 0.0011842728564661299, "have,been": 0.0030791094268119374, "been,set": 0.0011842728564661299, "set,down": 0.0011842728564661299, "down,to": 0.0011842728564661299, "bill,and": 0.0011842728564661299, "and,that": 0.0030791094268119374, "no,noble": 0.0011842728564661299, "noble,lord": 0.0047370914258645196, "lord,has": 0.0011842728564661299, "has,indicated": 0.0011842728564661299, "indicated,a": 0.0011842728564661299, "a,wish": 0.0011842728564661299, "wish,to": 0.0018948365703458077, "move,a": 0.0011842728564661299, "a,manuscript": 0.0011842728564661299, "manuscript,amendment": 0.0011842728564661299, "amendment,or": 0.0011842728564661299, "or,to": 0.0011842728564661299, "to,speak": 0.0014211274277593558, "speak,in": 0.0011842728564661299, "<s>,therefore": 0.0014211274277593558, "unless,any": 0.0011842728564661299, "any,noble": 0.0011842728564661299, "lord,objects": 0.0011842728564661299, "objects,i": 0.0011842728564661299, "the,order": 0.004026527711984841, "order,of": 0.0014211274277593558, "be,discharged": 0.0011842728564661299, "discharged,<e>": 0.0011842728564661299, "the,government": 0.0028422548555187117, "to,make": 0.0028422548555187117, "her,majesty": 0.0037896731406916154, "majesty,the": 0.0018948365703458077, "house,that": 0.007579346281383231, "by,the": 0.0028422548555187117, "the,bill": 0.0047370914258645196, "at,the": 0.0018948365703458077, "lords,before": 0.006868782567503553, "the,commencement": 0.006631927996210327, "commencement,of": 0.006631927996210327, "of,business": 0.006631927996210327, "business,i": 0.006395073424917101, "i,take": 0.005921364282330649, "take,the": 0.006158218853623875, "the,opportunity": 0.006158218853623875, "opportunity,to": 0.006631927996210327, "to,inform": 0.0071056371387967785, "inform,the": 0.006631927996210327, "that,i": 0.005447655139744197, "have,accepted": 0.004263382283278067, "accepted,an": 0.004500236854571293, "an,invitation": 0.004263382283278067, "invitation,from": 0.0018948365703458077, "from,the": 0.0028422548555187117, "to,attend": 0.0035528185693983892, "attend,a": 0.0014211274277593558, "<s>,accordingly": 0.006158218853623875, "accordingly,i": 0.005921364282330649, "i,trust": 0.006395073424917101, "trust,that": 0.005921364282330649, "house,will": 0.006395073424917101, "will,agree": 0.005921364282330649, "agree,to": 0.005921364282330649, "to,grant": 0.005921364282330649, "grant,me": 0.006395073424917101, "me,leave": 0.006395073424917101, "leave,of": 0.007579346281383231, "of,absence": 0.006395073424917101, "friend,the": 0.0011842728564661299, "the,lord": 0.0016579819990525818, "it,is": 0.0021316911416390336, "the,noble": 0.0035528185693983892, "and,i": 0.0018948365703458077, "house,do": 0.0047370914258645196, "do,now": 0.004500236854571293, "now,again": 0.0023685457129322598, "again,resolve": 0.0023685457129322598, "resolve,itself": 0.004263382283278067, "itself,into": 0.004263382283278067, "into,committee": 0.004263382283278067, "committee,on": 0.004500236854571293, "on,this": 0.004500236854571293, "now,resolve": 0.0018948365703458077, "lords,with": 0.0011842728564661299, "the,leave": 0.0011842728564661299, "house,i": 0.0016579819990525818, "i,shall": 0.0011842728564661299, "a,statement": 0.0011842728564661299, "in,another": 0.0011842728564661299, "another,place": 0.0011842728564661299, "<s>,the": 0.004973945997157745, "the,commons": 0.0021316911416390336, "commons,amendments": 0.0014211274277593558, "amendments,be": 0.0014211274277593558, "now,considered": 0.0014211274277593558, "considered,<e>": 0.0016579819990525818, "report,<e>": 0.0011842728564661299, "i,am": 0.0028422548555187117, "in,the": 0.004973945997157745, "is,agreed": 0.0011842728564661299, "agreed,to": 0.0011842728564661299, "to,i": 0.0011842728564661299, "i,cannot": 0.0011842728564661299, "cannot,call": 0.0011842728564661299, "that,with": 0.0011842728564661299, "the,approval": 0.0011842728564661299, "approval,of": 0.0011842728564661299, "of,her": 0.0018948365703458077, "queen,i": 0.0011842728564661299, "court,of": 0.0011842728564661299, "absence,for": 0.005684509711037423, "move,the": 0.0026054002842254855, "the,motion": 0.0026054002842254855, "motion,standing": 0.0023685457129322598, "standing,in": 0.0026054002842254855, "in,my": 0.0030791094268119374, "my,name": 0.0026054002842254855, "name,on": 0.0026054002842254855, "on,the": 0.004973945997157745, "order,paper": 0.0026054002842254855, "paper,<e>": 0.0026054002842254855, "a,second": 0.0028422548555187117, "second,time": 0.0028422548555187117, "the,united": 0.0011842728564661299, "call,amendment": 0.0011842728564661299, "amendment,no": 0.0033159639981051635, "no,<e>": 0.0035528185693983892, "<s>,<e>": 0.0016579819990525818, "to,take": 0.0011842728564661299, "invitation,to": 0.0023685457129322598, "march,<e>": 0.0014211274277593558, "it,would": 0.0014211274277593558, "would,be": 0.0016579819990525818, "noble,friend": 0.0014211274277593558, "acts,and": 0.0011842728564661299, "and,measure": 0.0011842728564661299, "measure,<e>": 0.0011842728564661299, "will,be": 0.0016579819990525818, "am,to": 0.0011842728564661299, "to,visit": 0.0021316911416390336, "visit,the": 0.0016579819990525818, "and,the": 0.0028422548555187117, "with,amendments": 0.0011842728564661299,