{"<cs>,my": 0.018316445830085737, "my,lords": 0.0181215900233827, "at,the": 0.0027279812938425566, "the,very": 0.0013639906469212783, "i,wish": 0.0009742790335151987, "wish,to": 0.0017537022603273578, "to,stress": 0.0009742790335151987, "and,i": 0.0037022603273577552, "i,am": 0.010911925175370226, "your,lordships": 0.007014809041309431, "that,the": 0.012275915822291504, "which,we": 0.001558846453624318, "we,are": 0.0013639906469212783, "as,the": 0.004091971940763835, "the,noble": 0.020070148090413093, "noble,lord": 0.013639906469212782, "lord,lord": 0.010911925175370226, "has,said": 0.0011691348402182386, "in,its": 0.0009742790335151987, "<e>,<s>": 0.08008573655494934, "<s>,the": 0.0074045206547155105, "into,the": 0.002338269680436477, "is,to": 0.0021434138737334374, "to,be": 0.006625097427903352, "and,so": 0.0009742790335151987, "not,be": 0.0011691348402182386, "<s>,it": 0.007209664848012471, "it,may": 0.0009742790335151987, "in,fact": 0.002533125487139517, "in,the": 0.013250194855806703, "in,this": 0.004481683554169914, "this,country": 0.0027279812938425566, "rather,than": 0.0013639906469212783, "this,is": 0.0019485580670303975, "attention,to": 0.0017537022603273578, "to,the": 0.014809041309431021, "the,environment": 0.001558846453624318, "at,this": 0.001558846453624318, "<s>,i": 0.022213561964146533, "i,feel": 0.0019485580670303975, "it,is": 0.011106780982073267, "is,the": 0.003117692907248636, "of,your": 0.002338269680436477, "lordships,house": 0.0011691348402182386, "and,the": 0.004286827747466875, "in,their": 0.0011691348402182386, "from,the": 0.004286827747466875, "lords,i": 0.00779423226812159, "i,also": 0.0011691348402182386, "that,we": 0.0021434138737334374, "of,the": 0.032930631332813716, "which,was": 0.0009742790335151987, "may,be": 0.0019485580670303975, "noble,lords": 0.0019485580670303975, "lords,in": 0.0009742790335151987, "it,would": 0.003117692907248636, "would,be": 0.0056508183943881525, "to,say": 0.003312548713951676, "i,shall": 0.0011691348402182386, "who,have": 0.0019485580670303975, "have,spoken": 0.0009742790335151987, "the,minister": 0.002533125487139517, "welcome,the": 0.0009742790335151987, "the,intention": 0.0009742790335151987, "the,government": 0.0021434138737334374, "my,noble": 0.01675759937646142, "noble,friend": 0.015198752922837101, "friend,the": 0.0009742790335151987, "he,has": 0.0019485580670303975, "has,just": 0.001558846453624318, "united,kingdom": 0.0009742790335151987, "speak,to": 0.0009742790335151987, "to,your": 0.0009742790335151987, "<s>,this": 0.0019485580670303975, "has,been": 0.004871395167575994, "<s>,but": 0.0017537022603273578, "i,have": 0.0056508183943881525, "have,an": 0.0009742790335151987, "as,a": 0.0027279812938425566, "in,so": 0.0009742790335151987, "so,far": 0.0017537022603273578, "far,as": 0.001558846453624318, "as,i": 0.002338269680436477, "am,a": 0.0009742790335151987, "a,member": 0.0029228371005455963, "member,of": 0.0029228371005455963, "of,a": 0.0017537022603273578, "i,should": 0.007599376461418551, "should,like": 0.004676539360872954, "like,to": 0.004871395167575994, "that,i": 0.006040530007794232, "i,think": 0.003897116134060795, "the,problem": 0.0011691348402182386, "think,that": 0.001558846453624318, "that,he": 0.002338269680436477, "to,a": 0.0011691348402182386, "a,very": 0.0017537022603273578, "i,must": 0.0009742790335151987, "the,house": 0.0027279812938425566, "and,also": 0.0011691348402182386, "for,the": 0.006235385814497272, "the,fact": 0.002338269680436477, "fact,that": 0.002338269680436477, "lordships,select": 0.0009742790335151987, "select,committee": 0.004676539360872954, "committee,for": 0.0009742790335151987, "the,european": 0.0011691348402182386, "this,afternoon": 0.0011691348402182386, "members,of": 0.0019485580670303975, "bill,<e>": 0.0017537022603273578, "<s>,in": 0.004871395167575994, "friend,lord": 0.002533125487139517, "this,bill": 0.001558846453624318, "agree,that": 0.0009742790335151987, "that,there": 0.004481683554169914, "there,is": 0.005066250974279034, "is,a": 0.0056508183943881525, "with,the": 0.005455962587685113, "<cs>,i": 0.00837879968823071, "my,amendment": 0.0021434138737334374, "amendment,no": 0.004481683554169914, "no,<e>": 0.004871395167575994, "feel,that": 0.0021434138737334374, "that,it": 0.0035074045206547155, "which,the": 0.002533125487139517, "and,in": 0.0011691348402182386, "to,which": 0.001558846453624318, "which,i": 0.0037022603273577552, "it,<e>": 0.0013639906469212783, "the,committee": 0.002533125487139517, "i,would": 0.0019485580670303975, "point,out": 0.0011691348402182386, "<s>,that": 0.002338269680436477, "that,is": 0.003117692907248636, "they,are": 0.0013639906469212783, "in,a": 0.001558846453624318, "attention,of": 0.0009742790335151987, "in,order": 0.0009742790335151987, "order,to": 0.0009742790335151987, "of,water": 0.0011691348402182386, "might,be": 0.0013639906469212783, "the,water": 0.0019485580670303975, "on,the": 0.009353078721745909, "i,take": 0.0009742790335151987, "of,my": 0.0021434138737334374, "noble,friends": 0.0011691348402182386, "very,much": 0.0011691348402182386, "part,of": 0.0013639906469212783, "<s>,and": 0.0011691348402182386, "i,beg": 0.005261106780982073, "beg,leave": 0.004676539360872954, "leave,to": 0.004676539360872954, "to,withdraw": 0.004871395167575994, "withdraw,the": 0.004286827747466875, "the,amendment": 0.00779423226812159, "amendment,<e>": 0.006040530007794232, "to,make": 0.002338269680436477, "noble,earl": 0.0017537022603273578, "earl,lord": 0.0009742790335151987, "referred,to": 0.0011691348402182386, "that,if": 0.0013639906469212783, "there,are": 0.0021434138737334374, "to,take": 0.0019485580670303975, "be,a": 0.002338269680436477, "in,that": 0.0011691348402182386, "it,was": 0.002533125487139517, "but,i": 0.0011691348402182386, "should,have": 0.001558846453624318, "that,in": 0.0013639906469212783, "from,my": 0.0013639906469212783, "i,was": 0.002338269680436477, "was,a": 0.0017537022603273578, "a,few": 0.0011691348402182386, "kind,of": 0.0009742790335151987, "<s>,as": 0.0019485580670303975, "which,are": 0.0017537022603273578, "noble,baroness": 0.003312548713951676, "the,bill": 0.003897116134060795, "are,not": 0.0011691348402182386, "by,the": 0.006819953234606391, "the,conservation": 0.0009742790335151987, "is,an": 0.0017537022603273578, "not,in": 0.0009742790335151987, "in,any": 0.0011691348402182386, "<s>,however": 0.0021434138737334374, "have,to": 0.0009742790335151987, "to,consider": 0.0009742790335151987, "which,is": 0.003897116134060795, "the,berne": 0.0009742790335151987, "berne,convention": 0.0009742790335151987, "i,do": 0.003312548713951676, "do,not": 0.003897116134060795, "and,my": 0.0009742790335151987, "is,that": 0.0009742790335151987, "i,had": 0.0009742790335151987, "must,be": 0.0011691348402182386, "and,as": 0.0009742790335151987, "i,said": 0.0011691348402182386, "bats,<e>": 0.0009742790335151987, "to,this": 0.0011691348402182386, "and,it": 0.0011691348402182386, "in,which": 0.0013639906469212783, "<cs>,it": 0.0013639906469212783, "is,not": 0.004286827747466875, "activities,of": 0.0013639906469212783, "is,in": 0.0013639906469212783, "should,be": 0.0019485580670303975, "<s>,if": 0.0017537022603273578, "if,my": 0.0009742790335151987, "for,a": 0.0017537022603273578, "<s>,there": 0.0019485580670303975, "there,was": 0.0013639906469212783, "<cs>,the": 0.0011691348402182386, "one,of": 0.0017537022603273578, "which,he": 0.001558846453624318, "us,<e>": 0.0009742790335151987, "<cs>,before": 0.0011691348402182386, "on,a": 0.0009742790335151987, "say,that": 0.0019485580670303975, "may,i": 0.001558846453624318, "nature,conservation": 0.0017537022603273578, "to,have": 0.0011691348402182386, "have,been": 0.003117692907248636, "that,this": 0.0027279812938425566, "under,the": 0.001558846453624318, "does,not": 0.0009742790335151987, "believe,that": 0.002338269680436477, "the,whole": 0.0009742790335151987, "of,any": 0.0011691348402182386, "will,be": 0.005845674201091193, "be,able": 0.0011691348402182386,