{"<cs>,i": 0.03131991051454139, "i,have": 0.024608501118568233, "have,to": 0.026845637583892617, "to,inform": 0.024608501118568233, "inform,the": 0.03131991051454139, "the,committee": 0.03803131991051454, "committee,that": 0.03355704697986577, "amendments,nos": 0.017897091722595078, "nos,<e>": 0.017897091722595078, "<e>,<s>": 0.14988814317673377, "of,the": 0.013422818791946308, "that,if": 0.026845637583892617, "amendment,no": 0.087248322147651, "no,<e>": 0.09172259507829977, "is,agreed": 0.024608501118568233, "agreed,to": 0.026845637583892617, "to,i": 0.024608501118568233, "i,cannot": 0.026845637583892617, "cannot,call": 0.026845637583892617, "call,amendment": 0.029082774049217, "<s>,<e>": 0.011185682326621925, "<cs>,amendment": 0.011185682326621925, "<cs>,before": 0.017897091722595078, "i,call": 0.011185682326621925, "<s>,i": 0.03131991051454139, "calling,amendment": 0.013422818791946308, "the,noble": 0.029082774049217, "noble,lord": 0.02237136465324385, "<s>,a": 0.020134228187919462, "before,calling": 0.011185682326621925, "call,amendments": 0.011185682326621925, "it,is": 0.011185682326621925, "a,<e>": 0.013422818791946308, "lord,lord": 0.011185682326621925}