{"the,noble": 0.005050505050505051, "<cs>,i": 0.005050505050505051, "<e>,<s>": 0.07373737373737374, "it,is": 0.005050505050505051, "to,the": 0.029292929292929294, "of,the": 0.010101010101010102, "to,move": 0.00808080808080808, "i,beg": 0.005050505050505051, "i,should": 0.025252525252525252, "the,committee": 0.030303030303030304, "committee,that": 0.028282828282828285, "is,that": 0.006060606060606061, "<cs>,before": 0.029292929292929294, "before,i": 0.028282828282828285, "i,call": 0.028282828282828285, "call,the": 0.01616161616161616, "the,next": 0.01616161616161616, "next,amendment": 0.01616161616161616, "amendment,i": 0.015151515151515152, "point,out": 0.031313131313131314, "out,to": 0.026262626262626262, "that,if": 0.031313131313131314, "if,this": 0.015151515151515152, "this,amendment": 0.01616161616161616, "amendment,is": 0.01717171717171717, "is,agreed": 0.031313131313131314, "agreed,to": 0.030303030303030304, "to,i": 0.030303030303030304, "i,cannot": 0.031313131313131314, "cannot,call": 0.031313131313131314, "call,amendments": 0.015151515151515152, "amendments,nos": 0.01717171717171717, "nos,<e>": 0.01818181818181818, "<s>,or": 0.00808080808080808, "or,<e>": 0.007070707070707071, "<s>,i": 0.013131313131313131, "i,have": 0.005050505050505051, "have,to": 0.005050505050505051, "to,point": 0.005050505050505051, "if,amendment": 0.011111111111111112, "amendment,no": 0.043434343434343436, "no,<e>": 0.044444444444444446, "<s>,is": 0.00909090909090909, "call,amendment": 0.030303030303030304, "<s>,<e>": 0.012121212121212121, "<cs>,the": 0.005050505050505051, "the,question": 0.006060606060606061, "question,is": 0.005050505050505051, "stand,part": 0.005050505050505051, "part,of": 0.005050505050505051, "the,bill": 0.006060606060606061, "bill,<e>": 0.006060606060606061, "<s>,to": 0.006060606060606061, "should,point": 0.021212121212121213, "out,that": 0.005050505050505051, "to,<e>": 0.005050505050505051, "<s>,a": 0.007070707070707071}