{"<cs>,my": 0.057976506252368325, "my,lords": 0.059113300492610835, "lords,the": 0.014020462296324365, "to,be": 0.005305039787798408, "in,the": 0.015915119363395226, "the,united": 0.0034103827207275484, "united,kingdom": 0.0037893141341417205, "<e>,<s>": 0.08563849943160289, "on,the": 0.007578628268283441, "of,the": 0.02804092459264873, "that,there": 0.0018946570670708603, "there,are": 0.002652519893899204, "to,a": 0.0022735884804850324, "lords,my": 0.0034103827207275484, "my,right": 0.005683971201212581, "right,honourable": 0.005683971201212581, "honourable,friend": 0.006441834028040924, "<s>,the": 0.018946570670708603, "under,the": 0.004547176960970065, "act,<e>": 0.0018946570670708603, "we,are": 0.004168245547555892, "considering,the": 0.0022735884804850324, "the,new": 0.0018946570670708603, "lords,with": 0.0034103827207275484, "with,the": 0.006820765441455097, "the,leave": 0.0030314513073133762, "leave,of": 0.0030314513073133762, "the,house": 0.012883668056081848, "house,i": 0.0030314513073133762, "of,a": 0.0034103827207275484, "a,statement": 0.002652519893899204, "to,the": 0.017809776430466086, "which,is": 0.005683971201212581, "is,being": 0.0022735884804850324, "i,shall": 0.0030314513073133762, "repeat,a": 0.0018946570670708603, "being,made": 0.0018946570670708603, "made,in": 0.002652519893899204, "in,another": 0.0030314513073133762, "another,place": 0.0030314513073133762, "place,by": 0.0018946570670708603, "by,my": 0.0034103827207275484, "friend,the": 0.006820765441455097, "the,home": 0.0049261083743842365, "home,secretary": 0.0034103827207275484, "and,the": 0.0037893141341417205, "<s>,i": 0.012125805229253505, "i,understand": 0.0030314513073133762, "understand,that": 0.0018946570670708603, "lords,i": 0.015157256536566882, "i,should": 0.0034103827207275484, "should,like": 0.0030314513073133762, "like,to": 0.0030314513073133762, "the,noble": 0.014778325123152709, "my,noble": 0.008715422508525956, "noble,friend": 0.007578628268283441, "your,lordships": 0.008336491095111784, "house,is": 0.0022735884804850324, "for,the": 0.010231148162182645, "the,fact": 0.0018946570670708603, "fact,that": 0.0018946570670708603, "that,i": 0.002652519893899204, "was,not": 0.0018946570670708603, "in,my": 0.0018946570670708603, "at,the": 0.0022735884804850324, "have,been": 0.004168245547555892, "i,beg": 0.011367942402425162, "beg,to": 0.011367942402425162, "to,move": 0.011367942402425162, "move,that": 0.010231148162182645, "that,this": 0.0030314513073133762, "this,bill": 0.007957559681697613, "bill,be": 0.004547176960970065, "be,now": 0.005305039787798408, "now,read": 0.0037893141341417205, "read,a": 0.0037893141341417205, "a,second": 0.002652519893899204, "second,time": 0.0022735884804850324, "time,<e>": 0.005683971201212581, "is,not": 0.0037893141341417205, "<s>,it": 0.0071996968548692685, "it,is": 0.009473285335354301, "is,a": 0.004168245547555892, "of,state": 0.0018946570670708603, "on,th": 0.0018946570670708603, "that,we": 0.002652519893899204, "we,intend": 0.0018946570670708603, "intend,to": 0.0022735884804850324, "the,report": 0.0018946570670708603, "<s>,he": 0.006441834028040924, "the,broadcasting": 0.0018946570670708603, "the,government": 0.008715422508525956, "government,have": 0.0022735884804850324, "about,the": 0.0022735884804850324, "but,i": 0.0018946570670708603, "number,of": 0.002652519893899204, "lords,we": 0.0037893141341417205, "we,have": 0.0049261083743842365, "have,had": 0.0022735884804850324, "i,believe": 0.0022735884804850324, "has,been": 0.004547176960970065, "noble,lord": 0.013641530882910194, "lord,lord": 0.01098901098901099, "lord,mishcon": 0.0018946570670708603, "this,evening": 0.0034103827207275484, "he,was": 0.0018946570670708603, "the,criminal": 0.0022735884804850324, "likely,to": 0.0018946570670708603, "today,<e>": 0.0018946570670708603, "that,the": 0.015157256536566882, "house,do": 0.0049261083743842365, "do,now": 0.0049261083743842365, "now,resolve": 0.0018946570670708603, "resolve,itself": 0.004547176960970065, "itself,into": 0.004547176960970065, "into,committee": 0.004547176960970065, "committee,on": 0.004547176960970065, "on,this": 0.005683971201212581, "bill,<e>": 0.005305039787798408, "now,again": 0.002652519893899204, "again,resolve": 0.002652519893899204, "<s>,we": 0.004168245547555892, "i,am": 0.0030314513073133762, "to,say": 0.0022735884804850324, "i,may": 0.0030314513073133762, "friend,lord": 0.0037893141341417205, "the,bill": 0.004168245547555892, "the,governments": 0.002652519893899204, "had,a": 0.0018946570670708603, "<s>,if": 0.002652519893899204, "and,for": 0.0018946570670708603, "lords,there": 0.0018946570670708603, "i,think": 0.0034103827207275484, "think,it": 0.0018946570670708603, "it,was": 0.0034103827207275484, "england,and": 0.0022735884804850324, "and,wales": 0.0022735884804850324, "year,<e>": 0.002652519893899204, "in,a": 0.002652519893899204, "of,this": 0.002652519893899204, "by,the": 0.004168245547555892, "the,end": 0.0022735884804850324, "end,of": 0.0022735884804850324, "will,be": 0.005305039787798408, "to,have": 0.0018946570670708603, "that,it": 0.0037893141341417205, "the,police": 0.0022735884804850324, "<s>,however": 0.0018946570670708603, "house,will": 0.0018946570670708603, "grateful,to": 0.0030314513073133762, "lord,graham": 0.0022735884804850324, "not,be": 0.0022735884804850324, "think,that": 0.0018946570670708603, "the,prison": 0.0018946570670708603, "as,a": 0.0018946570670708603, "in,england": 0.0018946570670708603, "the,statement": 0.0022735884804850324, "is,as": 0.0018946570670708603, "as,follows": 0.0018946570670708603, "follows,<e>": 0.0018946570670708603, "there,is": 0.0034103827207275484, "government,are": 0.0018946570670708603, "would,be": 0.004168245547555892, "have,no": 0.0018946570670708603, "the,law": 0.0034103827207275484, "should,be": 0.002652519893899204, "the,future": 0.0018946570670708603, "that,he": 0.0022735884804850324, "per,cent": 0.0022735884804850324, "cent,<e>": 0.0022735884804850324, "to,which": 0.0030314513073133762, "to,make": 0.004547176960970065, "he,had": 0.0018946570670708603, "believe,that": 0.0022735884804850324, "the,public": 0.0018946570670708603, "<s>,that": 0.0022735884804850324, "that,is": 0.0034103827207275484, "<s>,as": 0.0022735884804850324, "debate,<e>": 0.0018946570670708603, "is,an": 0.0018946570670708603, "it,would": 0.002652519893899204, "other,countries": 0.0018946570670708603, "may,be": 0.0018946570670708603, "in,order": 0.0018946570670708603, "said,that": 0.0022735884804850324, "<s>,in": 0.0022735884804850324, "noble,lords": 0.0022735884804850324, "question,<e>": 0.0018946570670708603, "they,are": 0.0018946570670708603, "the,metropolitan": 0.0018946570670708603, "metropolitan,police": 0.0018946570670708603, "are,not": 0.0018946570670708603, "as,i": 0.0018946570670708603}