{"<cs>,does": 0.0014524328249818446, "does,the": 0.0014524328249818446, "the,noble": 0.0036310820624546117, "noble,lord": 0.002904865649963689, "lord,lord": 0.0014524328249818446, "lord,brooks": 0.0007262164124909223, "brooks,of": 0.0007262164124909223, "of,tremorfa": 0.0007262164124909223, "tremorfa,wish": 0.0007262164124909223, "wish,to": 0.0014524328249818446, "to,press": 0.0007262164124909223, "press,his": 0.0007262164124909223, "his,amendment": 0.0007262164124909223, "amendment,<e>": 0.0014524328249818446, "<cs>,i": 0.0036310820624546117, "i,hesitate": 0.0007262164124909223, "hesitate,to": 0.0007262164124909223, "to,interrupt": 0.0007262164124909223, "interrupt,the": 0.0007262164124909223, "lord,i": 0.0007262164124909223, "i,hope": 0.0007262164124909223, "hope,he": 0.0007262164124909223, "he,will": 0.0007262164124909223, "will,forgive": 0.0007262164124909223, "forgive,me": 0.0007262164124909223, "me,<e>": 0.0007262164124909223, "<e>,<s>": 0.053013798111837325, "<s>,it": 0.0007262164124909223, "it,is": 0.0036310820624546117, "is,contrary": 0.0007262164124909223, "contrary,to": 0.0007262164124909223, "to,the": 0.021060275962236745, "the,rules": 0.0007262164124909223, "rules,of": 0.0007262164124909223, "of,the": 0.007262164124909223, "the,house": 0.0014524328249818446, "house,in": 0.0007262164124909223, "in,committee": 0.0007262164124909223, "committee,to": 0.0014524328249818446, "to,move": 0.005809731299927378, "move,an": 0.0007262164124909223, "an,amendment": 0.0007262164124909223, "amendment,while": 0.0007262164124909223, "while,another": 0.0007262164124909223, "another,amendment": 0.0007262164124909223, "amendment,which": 0.0007262164124909223, "which,has": 0.0007262164124909223, "has,been": 0.002178649237472767, "been,moved": 0.0007262164124909223, "moved,is": 0.0007262164124909223, "is,being": 0.0007262164124909223, "being,discussed": 0.0007262164124909223, "discussed,<e>": 0.0007262164124909223, "<cs>,my": 0.002904865649963689, "my,lords": 0.002904865649963689, "lords,on": 0.002904865649963689, "on,behalf": 0.002904865649963689, "behalf,of": 0.002904865649963689, "of,my": 0.002904865649963689, "my,noble": 0.002904865649963689, "noble,friend": 0.002904865649963689, "friend,the": 0.002904865649963689, "the,lord": 0.0014524328249818446, "lord,chairman": 0.0007262164124909223, "chairman,of": 0.002904865649963689, "of,committees": 0.002904865649963689, "committees,i": 0.002904865649963689, "i,beg": 0.0036310820624546117, "beg,to": 0.002904865649963689, "move,that": 0.0014524328249818446, "that,bill": 0.0007262164124909223, "bill,be": 0.0014524328249818446, "be,now": 0.0014524328249818446, "now,read": 0.0014524328249818446, "read,a": 0.0014524328249818446, "a,second": 0.0007262164124909223, "second,time": 0.0007262164124909223, "time,<e>": 0.0014524328249818446, "<cs>,perhaps": 0.0014524328249818446, "perhaps,i": 0.0014524328249818446, "i,should": 0.01815541031227306, "should,remind": 0.0007262164124909223, "remind,the": 0.0014524328249818446, "the,committee": 0.02178649237472767, "committee,that": 0.020334059549745823, "that,the": 0.002178649237472767, "the,motion": 0.0014524328249818446, "motion,is": 0.0007262164124909223, "is,that": 0.004357298474945534, "house,do": 0.0007262164124909223, "do,now": 0.0007262164124909223, "now,resume": 0.0007262164124909223, "resume,<e>": 0.0007262164124909223, "<cs>,before": 0.021060275962236745, "before,i": 0.020334059549745823, "i,call": 0.020334059549745823, "call,the": 0.011619462599854757, "the,next": 0.011619462599854757, "next,amendment": 0.011619462599854757, "amendment,i": 0.010893246187363835, "i,must": 0.002904865649963689, "must,point": 0.002904865649963689, "point,out": 0.02251270878721859, "out,to": 0.01888162672476398, "that,if": 0.02251270878721859, "if,this": 0.010893246187363835, "this,amendment": 0.011619462599854757, "amendment,is": 0.012345679012345678, "is,agreed": 0.02251270878721859, "agreed,to": 0.02178649237472767, "to,i": 0.02178649237472767, "i,cannot": 0.02251270878721859, "cannot,call": 0.02251270878721859, "call,amendments": 0.010893246187363835, "amendments,nos": 0.012345679012345678, "nos,<e>": 0.013071895424836602, "<s>,or": 0.005809731299927378, "or,<e>": 0.005083514887436456, "<cs>,amendments": 0.0007262164124909223, "<s>,and": 0.002904865649963689, "and,are": 0.0007262164124909223, "are,proposed": 0.0007262164124909223, "proposed,together": 0.0007262164124909223, "together,<e>": 0.0007262164124909223, "<s>,i": 0.00944081336238199, "i,have": 0.0036310820624546117, "have,to": 0.0036310820624546117, "to,point": 0.0036310820624546117, "if,amendment": 0.007988380537400145, "amendment,no": 0.03122730573710966, "no,<e>": 0.03195352214960058, "<s>,is": 0.006535947712418301, "call,amendment": 0.02178649237472767, "<s>,<e>": 0.008714596949891068, "<cs>,if": 0.0014524328249818446, "if,that": 0.002178649237472767, "that,is": 0.0007262164124909223, "is,your": 0.0007262164124909223, "your,lordships": 0.0014524328249818446, "lordships,wish": 0.0007262164124909223, "wish,i": 0.0007262164124909223, "lord,wish": 0.0007262164124909223, "move,the": 0.002904865649963689, "the,remaining": 0.0007262164124909223, "remaining,amendments": 0.0007262164124909223, "amendments,<e>": 0.0007262164124909223, "<cs>,the": 0.0036310820624546117, "the,question": 0.004357298474945534, "question,is": 0.0036310820624546117, "that,clause": 0.002904865649963689, "clause,stand": 0.002904865649963689, "stand,part": 0.0036310820624546117, "part,of": 0.0036310820624546117, "the,bill": 0.004357298474945534, "bill,<e>": 0.004357298474945534, "<s>,as": 0.0007262164124909223, "as,many": 0.0007262164124909223, "many,as": 0.0007262164124909223, "as,are": 0.0007262164124909223, "are,of": 0.0007262164124909223, "of,that": 0.0007262164124909223, "that,opinion": 0.0007262164124909223, "opinion,will": 0.0007262164124909223, "will,say": 0.0007262164124909223, "say,content": 0.0007262164124909223, "content,<e>": 0.0007262164124909223, "<s>,to": 0.004357298474945534, "the,contrary": 0.0007262164124909223, "contrary,not-content": 0.0007262164124909223, "not-content,<e>": 0.0007262164124909223, "i,think": 0.0007262164124909223, "think,the": 0.0007262164124909223, "the,contents": 0.0007262164124909223, "contents,have": 0.0007262164124909223, "have,it": 0.0007262164124909223, "it,<e>": 0.0007262164124909223, "<s>,clear": 0.0007262164124909223, "clear,the": 0.0007262164124909223, "the,bar": 0.0007262164124909223, "bar,<e>": 0.0007262164124909223, "<cs>,is": 0.0007262164124909223, "is,the": 0.0007262164124909223, "the,amendment": 0.0014524328249818446, "amendment,by": 0.0007262164124909223, "by,leave": 0.0007262164124909223, "leave,withdrawn": 0.0007262164124909223, "withdrawn,<e>": 0.0007262164124909223, "should,point": 0.015250544662309368, "out,that": 0.0036310820624546117, "if,it": 0.002904865649963689, "that,amendment": 0.002178649237472767, "i,shall": 0.0007262164124909223, "shall,not": 0.0007262164124909223, "not,be": 0.0007262164124909223, "be,able": 0.0007262164124909223, "able,to": 0.0007262164124909223, "to,call": 0.0007262164124909223, "and,<e>": 0.002178649237472767, "<s>,f": 0.0007262164124909223, "f,i": 0.0007262164124909223, "<s>,g": 0.0007262164124909223, "g,h": 0.0007262164124909223, "h,i": 0.0007262164124909223, "i,or": 0.0007262164124909223, "or,j": 0.0007262164124909223, "j,<e>": 0.0007262164124909223, "amendment,may": 0.0007262164124909223, "may,i": 0.0014524328249818446, "i,point": 0.0007262164124909223, "that,there": 0.0007262164124909223, "there,has": 0.0007262164124909223, "been,a": 0.0007262164124909223, "a,mistake": 0.0007262164124909223, "mistake,in": 0.0007262164124909223, "in,the": 0.0014524328249818446, "the,wording": 0.0007262164124909223, "wording,in": 0.0007262164124909223, "in,line": 0.0007262164124909223, "line,which": 0.0007262164124909223, "which,was": 0.0007262164124909223, "was,put": 0.0007262164124909223, "put,right": 0.0007262164124909223, "right,in": 0.0007262164124909223,