{"<cs>,my": 0.044678940278401434, "my,lords": 0.044678940278401434, "lords,i": 0.021104625056129322, "your,lordships": 0.008082622361921869, "will,have": 0.001347103726986978, "of,the": 0.02537045352492142, "my,noble": 0.00830713964975303, "noble,friend": 0.006286484059272564, "friend,lord": 0.002694207453973956, "leader,of": 0.002020655590480467, "the,house": 0.016165244723843737, "house,<e>": 0.0029187247418051188, "<e>,<s>": 0.05837449483610238, "<s>,however": 0.003143242029636282, "it,is": 0.00673551863493489, "that,my": 0.001796138302649304, "and,i": 0.003143242029636282, "i,am": 0.004265828468792097, "for,the": 0.00830713964975303, "lords,we": 0.003367759317467445, "we,have": 0.006960035922766053, "have,been": 0.003592276605298608, "for,a": 0.00224517287831163, "a,debate": 0.001122586439155815, "debate,<e>": 0.001347103726986978, "<s>,the": 0.006960035922766053, "that,he": 0.00224517287831163, "through,the": 0.001571621014818141, "the,usual": 0.001347103726986978, "usual,channels": 0.001122586439155815, "we,can": 0.001796138302649304, "have,a": 0.001122586439155815, "from,the": 0.004265828468792097, "the,noble": 0.030534351145038167, "noble,lord": 0.022900763358778626, "lord,lord": 0.014818140996856757, "day,<e>": 0.001122586439155815, "lords,it": 0.002020655590480467, "at,the": 0.00449034575662326, "and,the": 0.002469690166142793, "noble,baroness": 0.0029187247418051188, "to,move": 0.013022002694207453, "move,the": 0.010776829815895825, "will,be": 0.0029187247418051188, "noble,lords": 0.005388414907947912, "that,the": 0.00898069151324652, "<s>,it": 0.003592276605298608, "<s>,i": 0.011674898967220475, "i,have": 0.0029187247418051188, "lords,the": 0.006061966771441401, "to,the": 0.016165244723843737, "which,has": 0.001347103726986978, "number,of": 0.002469690166142793, "in,his": 0.001122586439155815, "my,right": 0.0029187247418051188, "right,honourable": 0.0029187247418051188, "honourable,friend": 0.002694207453973956, "friend,the": 0.003367759317467445, "the,prime": 0.002469690166142793, "prime,minister": 0.00224517287831163, "in,another": 0.003143242029636282, "another,place": 0.003592276605298608, "in,the": 0.00898069151324652, "the,course": 0.001122586439155815, "i,beg": 0.012123933542882801, "beg,to": 0.012123933542882801, "the,motion": 0.011899416255051639, "motion,standing": 0.010552312528064661, "standing,in": 0.010552312528064661, "in,my": 0.010776829815895825, "my,name": 0.010552312528064661, "name,on": 0.010552312528064661, "on,the": 0.015491692860350247, "the,order": 0.010776829815895825, "order,paper": 0.010776829815895825, "paper,<e>": 0.010552312528064661, "the,<e>": 0.002020655590480467, "lords,with": 0.002020655590480467, "with,the": 0.003816793893129771, "the,leave": 0.001796138302649304, "leave,of": 0.001796138302649304, "house,i": 0.00224517287831163, "i,should": 0.003367759317467445, "should,like": 0.0029187247418051188, "like,to": 0.003143242029636282, "repeat,a": 0.001796138302649304, "a,statement": 0.003367759317467445, "that,is": 0.001347103726986978, "made,in": 0.002020655590480467, "place,by": 0.001796138302649304, "by,my": 0.00224517287831163, "the,statement": 0.00224517287831163, "statement,is": 0.001571621014818141, "is,as": 0.001347103726986978, "as,follows": 0.001571621014818141, "follows,<e>": 0.001571621014818141, "i,shall": 0.00224517287831163, "which,is": 0.002020655590480467, "lord,cledwyn": 0.001796138302649304, "has,been": 0.00449034575662326, "been,a": 0.001122586439155815, "other,noble": 0.001122586439155815, "the,debate": 0.001796138302649304, "that,they": 0.001347103726986978, "today,<e>": 0.001347103726986978, "the,procedure": 0.001122586439155815, "procedure,committee": 0.001347103726986978, "of,this": 0.00224517287831163, "this,house": 0.001347103726986978, "house,that": 0.001571621014818141, "minutes,<e>": 0.001122586439155815, "by,the": 0.00449034575662326, "<s>,we": 0.004041311180960934, "i,think": 0.00449034575662326, "to,what": 0.001122586439155815, "move,that": 0.001796138302649304, "that,this": 0.001796138302649304, "this,bill": 0.001571621014818141, "time,<e>": 0.001347103726986978, "perhaps,the": 0.001796138302649304, "that,we": 0.006960035922766053, "we,should": 0.003143242029636282, "pass,on": 0.001122586439155815, "on,to": 0.003143242029636282, "the,next": 0.004714863044454423, "next,question": 0.002694207453973956, "question,<e>": 0.004265828468792097, "of,a": 0.002469690166142793, "a,good": 0.002020655590480467, "lords,if": 0.001796138302649304, "if,the": 0.003367759317467445, "lord,will": 0.00224517287831163, "will,forgive": 0.001571621014818141, "forgive,me": 0.001796138302649304, "is,the": 0.002469690166142793, "ought,to": 0.001796138302649304, "do,so": 0.001796138302649304, "think,that": 0.00224517287831163, "did,not": 0.001122586439155815, "to,say": 0.00224517287831163, "the,two": 0.001122586439155815, "noble,and": 0.004041311180960934, "and,learned": 0.004041311180960934, "learned,friend": 0.001796138302649304, "on,th": 0.001347103726986978, "to,your": 0.001571621014818141, "lordships,house": 0.003143242029636282, "the,whole": 0.002020655590480467, "whole,house": 0.002020655590480467, "house,will": 0.00224517287831163, "to,hear": 0.001347103726986978, "the,death": 0.001347103726986978, "of,lord": 0.001122586439155815, "as,a": 0.001122586439155815, "of,your": 0.003367759317467445, "in,this": 0.002469690166142793, "not,to": 0.001571621014818141, "to,him": 0.001122586439155815, "on,this": 0.003592276605298608, "this,occasion": 0.001571621014818141, "the,end": 0.001122586439155815, "end,of": 0.001122586439155815, "the,bill": 0.0029187247418051188, "amendment,no": 0.002020655590480467, "no,<e>": 0.0029187247418051188, "so,<e>": 0.001122586439155815, "noble,earl": 0.001796138302649304, "about,the": 0.001796138302649304, "which,the": 0.001796138302649304, "<s>,in": 0.001796138302649304, "should,be": 0.001571621014818141, "and,that": 0.001571621014818141, "to,be": 0.003592276605298608, "do,not": 0.001571621014818141, "am,grateful": 0.001347103726986978, "grateful,to": 0.001347103726986978, "the,question": 0.002020655590480467, "lord,williams": 0.001122586439155815, "to,speak": 0.00224517287831163, "that,there": 0.001122586439155815, "there,is": 0.002020655590480467, "<s>,perhaps": 0.002694207453973956, "perhaps,i": 0.003816793893129771, "i,may": 0.004041311180960934, "lords,perhaps": 0.001571621014818141, "wish,to": 0.001122586439155815, "there,are": 0.001347103726986978, "that,i": 0.00224517287831163, "i,ought": 0.001122586439155815, "have,now": 0.001796138302649304, "statement,<e>": 0.001347103726986978, "<s>,on": 0.001122586439155815, "we,are": 0.001571621014818141, "of,parliament": 0.001122586439155815, "the,same": 0.001122586439155815, "he,has": 0.001571621014818141, "as,the": 0.001571621014818141, "baroness,lady": 0.001571621014818141, "i,believe": 0.002020655590480467, "believe,that": 0.002020655590480467, "lord,the": 0.001122586439155815, "the,leader": 0.001571621014818141, "the,opposition": 0.00224517287831163, "is,a": 0.002694207453973956, "of,amendments": 0.001347103726986978, "the,marshalled": 0.001347103726986978, "marshalled,list": 0.001347103726986978, "the,first": 0.001122586439155815, "house,has": 0.001796138302649304, "bill,<e>": 0.002020655590480467, "the,committee": 0.001571621014818141, "if,i": 0.001122586439155815, "th,july": 0.001122586439155815, "have,taken": 0.001571621014818141, "the,government": 0.003816793893129771, "would,have": 0.001122586439155815, "opportunity,to": 0.001347103726986978, "<s>,as": 0.001347103726986978, "i,know": 0.001571621014818141, "know,that": 0.001571621014818141, "had,a": 0.001571621014818141, "have,had": 0.001571621014818141, "move,on": 0.001796138302649304, "next,business": 0.001571621014818141, "business,<e>": 0.001796138302649304, "the,report": 0.001122586439155815, "after,the": 0.001122586439155815, "i,suggest": 0.003143242029636282, "suggest,that": 0.004041311180960934, "his,question": 0.001796138302649304,