{"<cs>,my": 0.03676470588235294, "my,lords": 0.03676470588235294, "lords,i": 0.014705882352941176, "i,beg": 0.014705882352941176, "beg,to": 0.014705882352941176, "to,move": 0.014705882352941176, "move,that": 0.014705882352941176, "that,the": 0.014705882352941176, "the,draft": 0.014705882352941176, "draft,housing": 0.007352941176470588, "housing,benefits": 0.007352941176470588, "benefits,northern": 0.007352941176470588, "northern,ireland": 0.022058823529411766, "ireland,order": 0.007352941176470588, "order,which": 0.007352941176470588, "which,was": 0.007352941176470588, "was,laid": 0.007352941176470588, "laid,before": 0.014705882352941176, "before,this": 0.014705882352941176, "this,house": 0.014705882352941176, "house,on": 0.014705882352941176, "on,th": 0.007352941176470588, "th,july": 0.007352941176470588, "july,last": 0.007352941176470588, "last,be": 0.007352941176470588, "be,approved": 0.014705882352941176, "approved,<e>": 0.014705882352941176, "lords,with": 0.022058823529411766, "with,the": 0.022058823529411766, "the,leave": 0.022058823529411766, "leave,of": 0.022058823529411766, "of,the": 0.022058823529411766, "the,house": 0.022058823529411766, "house,i": 0.022058823529411766, "i,will": 0.007352941176470588, "will,now": 0.007352941176470588, "now,repeat": 0.022058823529411766, "repeat,a": 0.022058823529411766, "a,statement": 0.022058823529411766, "statement,being": 0.022058823529411766, "being,made": 0.022058823529411766, "made,in": 0.022058823529411766, "in,another": 0.014705882352941176, "another,place": 0.014705882352941176, "place,by": 0.014705882352941176, "by,my": 0.014705882352941176, "my,right": 0.014705882352941176, "right,honourable": 0.014705882352941176, "honourable,friend": 0.014705882352941176, "friend,the": 0.014705882352941176, "the,secretary": 0.014705882352941176, "secretary,of": 0.014705882352941176, "of,state": 0.014705882352941176, "state,for": 0.014705882352941176, "for,northern": 0.014705882352941176, "ireland,<e>": 0.014705882352941176, "i,shall": 0.014705882352941176, "shall,now": 0.014705882352941176, "in,<e>": 0.007352941176470588, "draft,european": 0.007352941176470588, "european,assembly": 0.007352941176470588, "assembly,elections": 0.007352941176470588, "elections,nothern": 0.007352941176470588, "nothern,ireland": 0.007352941176470588, "ireland,regulations": 0.007352941176470588, "regulations,which": 0.007352941176470588, "which,were": 0.007352941176470588, "were,laid": 0.007352941176470588, "on,rd": 0.007352941176470588, "rd,january": 0.007352941176470588, "january,be": 0.007352941176470588}