{"<cs>,my": 0.051322751322751325, "my,lords": 0.05291005291005291, "with,the": 0.006349206349206349, "schools,<e>": 0.0026455026455026454, "<e>,<s>": 0.07883597883597884, "<s>,in": 0.004232804232804233, "there,are": 0.0026455026455026454, "for,the": 0.014285714285714285, "of,those": 0.0026455026455026454, "is,a": 0.003703703703703704, "local,education": 0.0068783068783068784, "education,authorities": 0.00582010582010582, "lords,the": 0.007936507936507936, "the,government": 0.0068783068783068784, "in,the": 0.01798941798941799, "and,the": 0.007936507936507936, "<s>,the": 0.014285714285714285, "the,secretary": 0.010052910052910053, "secretary,of": 0.010052910052910053, "of,state": 0.01164021164021164, "state,for": 0.007936507936507936, "for,education": 0.003703703703703704, "education,and": 0.005291005291005291, "and,science": 0.004232804232804233, "to,the": 0.013227513227513227, "honourable,friend": 0.008465608465608466, "friend,the": 0.008465608465608466, "on,the": 0.010052910052910053, "lords,i": 0.021693121693121695, "i,am": 0.010582010582010581, "am,sure": 0.004232804232804233, "grateful,to": 0.004232804232804233, "the,noble": 0.012698412698412698, "noble,lord": 0.010052910052910053, "lord,lord": 0.008994708994708995, "introducing,this": 0.0026455026455026454, "this,debate": 0.0031746031746031746, "of,the": 0.047619047619047616, "has,been": 0.005291005291005291, "and,i": 0.00582010582010582, "i,shall": 0.0026455026455026454, "it,will": 0.004761904761904762, "responsibility,for": 0.0031746031746031746, "the,education": 0.004761904761904762, "in,this": 0.0026455026455026454, "the,local": 0.003703703703703704, "government,are": 0.0031746031746031746, "the,future": 0.0031746031746031746, "number,of": 0.003703703703703704, "have,been": 0.004232804232804233, "to,be": 0.004232804232804233, "by,the": 0.007407407407407408, "my,right": 0.008994708994708995, "right,honourable": 0.008994708994708995, "would,be": 0.004761904761904762, "at,the": 0.004232804232804233, "of,this": 0.003703703703703704, "that,the": 0.01798941798941799, "that,i": 0.0031746031746031746, "it,is": 0.010582010582010581, "is,an": 0.0026455026455026454, "<s>,i": 0.012698412698412698, "i,think": 0.0031746031746031746, "should,be": 0.004761904761904762, "the,governments": 0.004761904761904762, "will,be": 0.008994708994708995, "by,my": 0.0031746031746031746, "that,this": 0.008465608465608466, "this,bill": 0.014285714285714285, "bill,be": 0.00582010582010582, "be,now": 0.006349206349206349, "now,read": 0.004761904761904762, "read,a": 0.004761904761904762, "a,second": 0.0031746031746031746, "second,time": 0.0031746031746031746, "i,should": 0.004232804232804233, "should,like": 0.0031746031746031746, "like,to": 0.003703703703703704, "the,house": 0.012698412698412698, "your,lordships": 0.00582010582010582, "on,this": 0.008994708994708995, "i,beg": 0.014814814814814815, "beg,to": 0.014814814814814815, "to,move": 0.014285714285714285, "move,that": 0.013227513227513227, "house,do": 0.00582010582010582, "do,now": 0.00582010582010582, "now,resolve": 0.0031746031746031746, "resolve,itself": 0.00582010582010582, "itself,into": 0.00582010582010582, "into,committee": 0.00582010582010582, "committee,on": 0.006349206349206349, "bill,<e>": 0.007936507936507936, "her,majestys": 0.003703703703703704, "majestys,government": 0.0026455026455026454, "we,are": 0.0026455026455026454, "today,<e>": 0.0026455026455026454, "<s>,it": 0.00582010582010582, "that,we": 0.0031746031746031746, "the,new": 0.0026455026455026454, "the,national": 0.003703703703703704, "national,health": 0.0026455026455026454, "health,service": 0.0031746031746031746, "and,for": 0.0026455026455026454, "<s>,we": 0.003703703703703704, "we,have": 0.00582010582010582, "under,the": 0.0026455026455026454, "which,is": 0.0026455026455026454, "in,another": 0.005291005291005291, "another,place": 0.005291005291005291, "authorities,to": 0.0026455026455026454, "<s>,this": 0.003703703703703704, "this,is": 0.0031746031746031746, "in,and": 0.0026455026455026454, "and,in": 0.0026455026455026454, "time,<e>": 0.004232804232804233, "now,again": 0.0026455026455026454, "again,resolve": 0.0026455026455026454, "lords,with": 0.0031746031746031746, "the,leave": 0.0026455026455026454, "leave,of": 0.0026455026455026454, "house,i": 0.0026455026455026454, "made,in": 0.0031746031746031746, "i,have": 0.0026455026455026454, "the,bill": 0.005291005291005291, "that,it": 0.0026455026455026454, "education,authority": 0.0026455026455026454, "a,matter": 0.0026455026455026454, "social,security": 0.0031746031746031746, "the,university": 0.0026455026455026454, "is,not": 0.0031746031746031746, "repeat,a": 0.0026455026455026454, "a,statement": 0.0031746031746031746, "place,by": 0.0026455026455026454, "for,social": 0.0031746031746031746, "social,services": 0.0031746031746031746}