{"<cs>,my": 0.03464566929133858, "my,lords": 0.03464566929133858, "lords,the": 0.0031496062992125984, "the,next": 0.006299212598425197, "next,amendment": 0.006299212598425197, "amendment,is": 0.007874015748031496, "is,no": 0.0031496062992125984, "no,<e>": 0.03937007874015748, "<e>,<s>": 0.06771653543307087, "<s>,<e>": 0.014173228346456693, "<s>,i": 0.009448818897637795, "i,have": 0.011023622047244094, "have,to": 0.011023622047244094, "to,inform": 0.0015748031496062992, "inform,the": 0.0015748031496062992, "the,house": 0.006299212598425197, "house,that": 0.0031496062992125984, "that,if": 0.012598425196850394, "if,this": 0.006299212598425197, "this,amendment": 0.004724409448818898, "is,carried": 0.0031496062992125984, "carried,i": 0.0031496062992125984, "i,shall": 0.0015748031496062992, "shall,not": 0.0015748031496062992, "not,be": 0.0015748031496062992, "be,able": 0.0015748031496062992, "able,to": 0.0015748031496062992, "to,call": 0.0015748031496062992, "call,amendments": 0.006299212598425197, "amendments,nos": 0.011023622047244094, "nos,<e>": 0.011023622047244094, "<s>,or": 0.0031496062992125984, "or,<e>": 0.0031496062992125984, "lords,amendment": 0.0031496062992125984, "amendment,no": 0.03464566929133858, "<s>,page": 0.0015748031496062992, "page,line": 0.0015748031496062992, "line,at": 0.0015748031496062992, "at,end": 0.0015748031496062992, "end,insert": 0.0015748031496062992, "insert,the": 0.0031496062992125984, "the,words": 0.0015748031496062992, "words,on": 0.0015748031496062992, "on,the": 0.006299212598425197, "the,marshalled": 0.004724409448818898, "marshalled,list": 0.004724409448818898, "list,<e>": 0.004724409448818898, "<s>,your": 0.0015748031496062992, "your,lordships": 0.0015748031496062992, "lordships,will": 0.0015748031496062992, "will,note": 0.0015748031496062992, "note,the": 0.0015748031496062992, "the,printing": 0.0015748031496062992, "printing,error": 0.0015748031496062992, "error,in": 0.0015748031496062992, "in,the": 0.0015748031496062992, "the,penultimate": 0.0015748031496062992, "penultimate,line": 0.0015748031496062992, "line,<e>": 0.0015748031496062992, "<cs>,the": 0.004724409448818898, "the,question": 0.004724409448818898, "question,is": 0.0031496062992125984, "is,that": 0.0031496062992125984, "that,amendment": 0.0015748031496062992, "<s>,be": 0.0015748031496062992, "be,agreed": 0.0015748031496062992, "agreed,to": 0.012598425196850394, "to,<e>": 0.004724409448818898, "<s>,as": 0.004724409448818898, "as,many": 0.0031496062992125984, "many,as": 0.0031496062992125984, "as,are": 0.0031496062992125984, "are,of": 0.0031496062992125984, "of,that": 0.0031496062992125984, "that,opinion": 0.0031496062992125984, "opinion,will": 0.0031496062992125984, "will,say": 0.0031496062992125984, "say,content": 0.0031496062992125984, "content,<e>": 0.0015748031496062992, "<s>,to": 0.004724409448818898, "to,the": 0.004724409448818898, "the,contrary": 0.0031496062992125984, "contrary,not-content": 0.0031496062992125984, "not-content,<e>": 0.0015748031496062992, "i,think": 0.0015748031496062992, "think,the": 0.0015748031496062992, "the,not-contents": 0.0015748031496062992, "not-contents,have": 0.0015748031496062992, "have,it": 0.0031496062992125984, "it,<e>": 0.0031496062992125984, "<s>,clear": 0.0015748031496062992, "clear,the": 0.0015748031496062992, "the,bar": 0.0015748031496062992, "bar,<e>": 0.0015748031496062992, "lords,for": 0.0015748031496062992, "for,clarification": 0.0015748031496062992, "clarification,let": 0.0015748031496062992, "let,me": 0.0015748031496062992, "me,make": 0.0015748031496062992, "make,it": 0.0015748031496062992, "it,clear": 0.0015748031496062992, "clear,that": 0.0015748031496062992, "that,we": 0.0015748031496062992, "we,are": 0.0015748031496062992, "are,dealing": 0.0015748031496062992, "dealing,with": 0.0015748031496062992, "with,amendment": 0.0015748031496062992, "<s>,moved": 0.0015748031496062992, "moved,by": 0.0015748031496062992, "by,the": 0.0015748031496062992, "the,noble": 0.007874015748031496, "noble,lord": 0.006299212598425197, "lord,lord": 0.0015748031496062992, "lord,craigton": 0.0015748031496062992, "craigton,inserting": 0.0015748031496062992, "inserting,the": 0.0015748031496062992, "the,new": 0.0015748031496062992, "new,clause": 0.0015748031496062992, "clause,as": 0.0031496062992125984, "as,shown": 0.0015748031496062992, "shown,on": 0.0015748031496062992, "i,am": 0.0015748031496062992, "am,instructed": 0.0015748031496062992, "instructed,that": 0.0015748031496062992, "i,cannot": 0.014173228346456693, "cannot,call": 0.014173228346456693, "that,this": 0.0015748031496062992, "this,debate": 0.0015748031496062992, "debate,be": 0.0015748031496062992, "be,adjourned": 0.0015748031496062992, "adjourned,<e>": 0.0031496062992125984, "content,to": 0.0015748031496062992, "not-content,the": 0.0015748031496062992, "the,contents": 0.0015748031496062992, "contents,have": 0.0015748031496062992, "is,amendment": 0.0015748031496062992, "to,point": 0.006299212598425197, "point,out": 0.011023622047244094, "out,that": 0.011023622047244094, "this,is": 0.0015748031496062992, "is,agreed": 0.007874015748031496, "to,i": 0.009448818897637795, "call,amendment": 0.009448818897637795, "lords,amendments": 0.0015748031496062992, "<s>,and": 0.004724409448818898, "and,are": 0.0031496062992125984, "are,alternatives": 0.0031496062992125984, "alternatives,<e>": 0.0015748031496062992, "<cs>,is": 0.0015748031496062992, "is,the": 0.006299212598425197, "lord,withdrawing": 0.0031496062992125984, "withdrawing,his": 0.0015748031496062992, "his,amendment": 0.0015748031496062992, "amendment,<e>": 0.004724409448818898, "lords,i": 0.012598425196850394, "if,amendment": 0.006299212598425197, "<s>,is": 0.009448818897637795, "<s>,a": 0.0031496062992125984, "a,<e>": 0.0015748031496062992, "i,should": 0.004724409448818898, "should,point": 0.004724409448818898, "lords,we": 0.0015748031496062992, "we,were": 0.0015748031496062992, "were,discussing": 0.0015748031496062992, "discussing,amendment": 0.0015748031496062992, "a,to": 0.0015748031496062992, "to,insert": 0.0015748031496062992, "the,clause": 0.0015748031496062992, "as,set": 0.0015748031496062992, "set,out": 0.0015748031496062992, "out,on": 0.0015748031496062992, "lords,as": 0.0031496062992125984, "as,amendment": 0.0015748031496062992, "<s>,was": 0.0015748031496062992, "was,agreed": 0.0015748031496062992, "lords,before": 0.0015748031496062992, "before,calling": 0.0015748031496062992, "calling,amendment": 0.0015748031496062992, "that,amendments": 0.0015748031496062992, "alternatives,and": 0.0015748031496062992, "and,presumably": 0.0015748031496062992, "presumably,will": 0.0015748031496062992, "will,be": 0.0015748031496062992, "be,debated": 0.0015748031496062992, "debated,together": 0.0015748031496062992, "together,<e>": 0.0015748031496062992, "is,passed": 0.0015748031496062992, "passed,i": 0.0015748031496062992, "and,<e>": 0.0015748031496062992, "to,tell": 0.0015748031496062992, "tell,the": 0.0015748031496062992, "lords,in": 0.0031496062992125984, "in,calling": 0.0015748031496062992, "calling,the": 0.0015748031496062992, "amendment,i": 0.0015748031496062992, "that,the": 0.0031496062992125984, "the,last": 0.0015748031496062992, "last,figure": 0.0015748031496062992, "figure,of": 0.0015748031496062992, "of,amendment": 0.0015748031496062992, "is,wrong": 0.0015748031496062992, "wrong,<e>": 0.0015748031496062992, "<s>,it": 0.0031496062992125984, "it,should": 0.0031496062992125984, "should,read": 0.0031496062992125984, "read,not": 0.0015748031496062992, "not,<e>": 0.0015748031496062992, "amendment,which": 0.0015748031496062992, "which,is": 0.0015748031496062992, "is,in": 0.0015748031496062992, "in,fact": 0.0015748031496062992, "fact,amendment": 0.0015748031496062992, "i,understand": 0.0015748031496062992, "understand,that": 0.0015748031496062992, "that,in": 0.0015748031496062992, "in,amendment": 0.0015748031496062992, "<s>,in": 0.0015748031496062992, "in,subsection": 0.0015748031496062992,