{"<cs>,i": 0.017857142857142856, "i,understand": 0.012755102040816327, "on,the": 0.012755102040816327, "the,marshalled": 0.012755102040816327, "marshalled,list": 0.012755102040816327, "in,the": 0.02040816326530612, "of,the": 0.012755102040816327, "the,next": 0.015306122448979591, "<e>,<s>": 0.14540816326530612, "<s>,i": 0.02295918367346939, "i,think": 0.012755102040816327, "i,should": 0.012755102040816327, "no,<e>": 0.07908163265306123, "<s>,<e>": 0.017857142857142856, "could,not": 0.015306122448979591, "agreed,to": 0.03316326530612245, "the,question": 0.02040816326530612, "amendment,no": 0.06887755102040816, "to,be": 0.012755102040816327, "the,noble": 0.012755102040816327, "the,committee": 0.02040816326530612, "i,could": 0.015306122448979591, "amendments,nos": 0.030612244897959183, "nos,<e>": 0.030612244897959183, "<s>,and": 0.015306122448979591, "is,that": 0.012755102040816327, "be,agreed": 0.012755102040816327, "to,<e>": 0.012755102040816327, "i,have": 0.025510204081632654, "have,to": 0.02806122448979592, "to,call": 0.012755102040816327, "call,amendment": 0.02040816326530612, "<s>,a": 0.012755102040816327, "<cs>,the": 0.012755102040816327, "that,if": 0.02295918367346939, "is,agreed": 0.015306122448979591, "<cs>,in": 0.015306122448979591, "in,calling": 0.012755102040816327, "calling,amendment": 0.012755102040816327, "point,out": 0.012755102040816327, "the,amendment": 0.012755102040816327, "to,i": 0.02295918367346939, "if,amendment": 0.012755102040816327, "call,amendments": 0.012755102040816327, "not,call": 0.012755102040816327}