{"<cs>,my": 0.036734693877551024, "my,lords": 0.036734693877551024, "lords,i": 0.014285714285714285, "i,understand": 0.004081632653061225, "understand,that": 0.004081632653061225, "that,the": 0.004081632653061225, "the,noble": 0.00816326530612245, "noble,lord": 0.00816326530612245, "lord,seeks": 0.0020408163265306124, "seeks,leave": 0.0020408163265306124, "leave,to": 0.004081632653061225, "to,withdraw": 0.004081632653061225, "withdraw,the": 0.004081632653061225, "the,amendment": 0.006122448979591836, "amendment,<e>": 0.004081632653061225, "lords,if": 0.004081632653061225, "if,amendment": 0.004081632653061225, "amendment,no": 0.03469387755102041, "no,<e>": 0.03469387755102041, "<e>,<s>": 0.0653061224489796, "<s>,is": 0.006122448979591836, "is,agreed": 0.006122448979591836, "agreed,to": 0.01020408163265306, "to,amendments": 0.0020408163265306124, "amendments,nos": 0.01020408163265306, "nos,<e>": 0.01020408163265306, "<s>,to": 0.00816326530612245, "to,inclusive": 0.004081632653061225, "inclusive,cannot": 0.0020408163265306124, "cannot,be": 0.0020408163265306124, "be,called": 0.0020408163265306124, "called,<e>": 0.0020408163265306124, "lords,does": 0.004081632653061225, "does,the": 0.004081632653061225, "lord,therefore": 0.0020408163265306124, "therefore,move": 0.0020408163265306124, "move,amendment": 0.0020408163265306124, "<s>,<e>": 0.014285714285714285, "<s>,the": 0.006122448979591836, "the,question": 0.00816326530612245, "question,is": 0.006122448979591836, "is,that": 0.006122448979591836, "that,amendment": 0.004081632653061225, "<s>,be": 0.0020408163265306124, "be,agreed": 0.004081632653061225, "to,<e>": 0.004081632653061225, "<s>,as": 0.004081632653061225, "as,many": 0.004081632653061225, "many,as": 0.004081632653061225, "as,are": 0.004081632653061225, "are,of": 0.004081632653061225, "of,that": 0.004081632653061225, "that,opinion": 0.004081632653061225, "opinion,will": 0.004081632653061225, "will,say": 0.004081632653061225, "say,content": 0.004081632653061225, "content,<e>": 0.0020408163265306124, "to,the": 0.00816326530612245, "the,contrary": 0.004081632653061225, "contrary,not-content": 0.004081632653061225, "not-content,<e>": 0.004081632653061225, "the,contents": 0.0020408163265306124, "contents,have": 0.0020408163265306124, "have,it": 0.004081632653061225, "it,<e>": 0.004081632653061225, "to,i": 0.004081632653061225, "i,cannot": 0.004081632653061225, "cannot,call": 0.004081632653061225, "call,amendments": 0.0020408163265306124, "inclusive,<e>": 0.0020408163265306124, "that,amendments": 0.0020408163265306124, "to,have": 0.0020408163265306124, "have,been": 0.004081632653061225, "been,discussed": 0.004081632653061225, "discussed,and": 0.0020408163265306124, "and,unless": 0.0020408163265306124, "unless,any": 0.004081632653061225, "any,noble": 0.004081632653061225, "lord,objects": 0.004081632653061225, "objects,i": 0.004081632653061225, "i,propose": 0.006122448979591836, "propose,to": 0.006122448979591836, "to,put": 0.006122448979591836, "put,those": 0.0020408163265306124, "those,amendments": 0.0020408163265306124, "amendments,together": 0.004081632653061225, "together,<e>": 0.0020408163265306124, "lords,the": 0.006122448979591836, "the,next": 0.004081632653061225, "next,amendment": 0.0020408163265306124, "amendment,is": 0.0020408163265306124, "is,amendment": 0.0020408163265306124, "i,have": 0.0020408163265306124, "have,to": 0.004081632653061225, "to,explain": 0.0020408163265306124, "explain,that": 0.0020408163265306124, "<s>,should": 0.0020408163265306124, "should,read": 0.0020408163265306124, "read,<e>": 0.0020408163265306124, "i,now": 0.004081632653061225, "now,have": 0.0020408163265306124, "to,call": 0.0020408163265306124, "call,amendment": 0.006122448979591836, "<s>,which": 0.004081632653061225, "which,is": 0.004081632653061225, "is,an": 0.0020408163265306124, "an,amendment": 0.006122448979591836, "amendment,to": 0.004081632653061225, "to,amendment": 0.004081632653061225, "<cs>,we": 0.0020408163265306124, "we,now": 0.0020408163265306124, "now,come": 0.0020408163265306124, "come,to": 0.0020408163265306124, "to,clause": 0.0020408163265306124, "clause,amendment": 0.0020408163265306124, "<s>,but": 0.0020408163265306124, "but,i": 0.0020408163265306124, "i,must": 0.004081632653061225, "must,first": 0.0020408163265306124, "first,put": 0.0020408163265306124, "put,the": 0.0020408163265306124, "question,on": 0.0020408163265306124, "on,amendment": 0.0020408163265306124, "is,unamended": 0.0020408163265306124, "unamended,<e>": 0.0020408163265306124, "noble,baroness": 0.0020408163265306124, "baroness,seek": 0.0020408163265306124, "seek,leave": 0.0020408163265306124, "lords,it": 0.0020408163265306124, "it,may": 0.0020408163265306124, "may,assist": 0.0020408163265306124, "assist,the": 0.0020408163265306124, "noble,earl": 0.0020408163265306124, "earl,if": 0.0020408163265306124, "if,i": 0.0020408163265306124, "i,point": 0.0020408163265306124, "point,out": 0.006122448979591836, "out,that": 0.004081632653061225, "that,according": 0.0020408163265306124, "according,to": 0.0020408163265306124, "the,groupings": 0.0020408163265306124, "groupings,which": 0.0020408163265306124, "which,have": 0.0020408163265306124, "been,notified": 0.0020408163265306124, "notified,to": 0.0020408163265306124, "the,occupants": 0.0020408163265306124, "occupants,of": 0.0020408163265306124, "of,the": 0.004081632653061225, "the,woolsack": 0.0020408163265306124, "woolsack,amendment": 0.0020408163265306124, "<s>,goes": 0.0020408163265306124, "goes,with": 0.0020408163265306124, "with,amendment": 0.0020408163265306124, "i,should": 0.0020408163265306124, "should,point": 0.0020408163265306124, "out,as": 0.0020408163265306124, "as,amendment": 0.0020408163265306124, "is,being": 0.0020408163265306124, "being,referred": 0.0020408163265306124, "referred,to": 0.0020408163265306124, "to,that": 0.0020408163265306124, "the,word": 0.004081632653061225, "word,not": 0.0020408163265306124, "not,has": 0.0020408163265306124, "has,been": 0.004081632653061225, "been,omitted": 0.0020408163265306124, "omitted,in": 0.0020408163265306124, "in,the": 0.0020408163265306124, "the,penultimate": 0.0020408163265306124, "penultimate,line": 0.0020408163265306124, "line,of": 0.0020408163265306124, "amendment,before": 0.0020408163265306124, "before,the": 0.0020408163265306124, "word,apply": 0.0020408163265306124, "apply,<e>": 0.0020408163265306124, "lords,unless": 0.0020408163265306124, "put,these": 0.0020408163265306124, "these,three": 0.0020408163265306124, "three,amendments": 0.0020408163265306124, "amendments,amendments": 0.0020408163265306124, "<s>,and": 0.004081632653061225, "and,<e>": 0.0020408163265306124, "the,original": 0.0020408163265306124, "original,question": 0.0020408163265306124, "question,was": 0.0020408163265306124, "was,that": 0.0020408163265306124, "that,this": 0.004081632653061225, "this,bill": 0.0020408163265306124, "bill,be": 0.0020408163265306124, "be,now": 0.004081632653061225, "now,read": 0.0020408163265306124, "read,a": 0.0020408163265306124, "a,third": 0.0020408163265306124, "third,time": 0.0020408163265306124, "time,since": 0.0020408163265306124, "since,when": 0.0020408163265306124, "when,an": 0.0020408163265306124, "amendment,has": 0.0020408163265306124, "been,moved": 0.0020408163265306124, "moved,to": 0.0020408163265306124, "to,leave": 0.0020408163265306124, "leave,out": 0.0020408163265306124, "out,now": 0.0020408163265306124, "now,and": 0.0020408163265306124, "and,at": 0.0020408163265306124, "at,end": 0.0020408163265306124, "end,to": 0.0020408163265306124, "to,insert": 0.0020408163265306124, "insert,this": 0.0020408163265306124, "this,day": 0.0020408163265306124, "day,six": 0.0020408163265306124, "six,months": 0.0020408163265306124, "months,<e>": 0.0020408163265306124, "this,amendment": 0.004081632653061225, "amendment,be": 0.0020408163265306124, "lords,amendments": 0.0020408163265306124, "and,have": 0.0020408163265306124, "have,already": 0.0020408163265306124,