{"in,the": 0.009153318077803204, "the,case": 0.002288329519450801, "case,of": 0.0015255530129672007, "of,the": 0.02440884820747521, "the,minister": 0.002860411899313501, "that,they": 0.0013348588863463006, "they,have": 0.0009534706331045003, "have,the": 0.002097635392829901, "at,least": 0.0013348588863463006, "for,the": 0.002097635392829901, "<e>,<s>": 0.10831426392067124, "<s>,i": 0.03222730739893211, "i,sympathise": 0.0013348588863463006, "sympathise,with": 0.0015255530129672007, "what,has": 0.0017162471395881006, "has,been": 0.004576659038901602, "been,said": 0.002097635392829901, "said,<e>": 0.0013348588863463006, "<s>,if": 0.0038138825324180014, "there,is": 0.005148741418764302, "out,the": 0.0013348588863463006, "of,its": 0.0009534706331045003, "will,be": 0.0017162471395881006, "i,should": 0.008771929824561403, "should,like": 0.0064836003051106025, "like,to": 0.007055682684973303, "to,be": 0.006864988558352402, "that,<e>": 0.002097635392829901, "<cs>,perhaps": 0.002860411899313501, "perhaps,i": 0.0043859649122807015, "i,may": 0.005339435545385202, "may,ask": 0.0009534706331045003, "by,the": 0.0038138825324180014, "the,noble": 0.005720823798627002, "<cs>,it": 0.0011441647597254005, "may,be": 0.002097635392829901, "the,committee": 0.003432494279176201, "if,i": 0.0013348588863463006, "to,amendment": 0.0009534706331045003, "amendment,no": 0.006864988558352402, "no,<e>": 0.007246376811594203, "<s>,<e>": 0.0019069412662090007, "<s>,it": 0.006102212051868803, "point,<e>": 0.0036231884057971015, "<cs>,with": 0.0009534706331045003, "with,that": 0.0013348588863463006, "that,assurance": 0.0011441647597254005, "assurance,i": 0.0009534706331045003, "i,believe": 0.002479023646071701, "believe,that": 0.002288329519450801, "that,i": 0.005911517925247902, "i,am": 0.017162471395881007, "a,little": 0.002097635392829901, "i,wish": 0.002288329519450801, "wish,to": 0.0032418001525553013, "to,withdraw": 0.005720823798627002, "withdraw,the": 0.0043859649122807015, "the,amendment": 0.012395118230358505, "but,i": 0.002860411899313501, "to,ask": 0.002479023646071701, "part,of": 0.0013348588863463006, "the,bill": 0.005339435545385202, "bill,<e>": 0.002860411899313501, "<cs>,i": 0.015064836003051106, "on,the": 0.005530129672006103, "am,grateful": 0.002860411899313501, "grateful,for": 0.0017162471395881006, "and,i": 0.003432494279176201, "i,beg": 0.005720823798627002, "beg,leave": 0.005530129672006103, "leave,to": 0.005530129672006103, "amendment,<e>": 0.008199847444698703, "to,say": 0.002097635392829901, "a,few": 0.0019069412662090007, "on,this": 0.0017162471395881006, "this,point": 0.002097635392829901, "very,much": 0.0017162471395881006, "support,what": 0.0009534706331045003, "what,the": 0.0013348588863463006, "noble,lord": 0.004576659038901602, "lord,lord": 0.0043859649122807015, "has,said": 0.0009534706331045003, "that,if": 0.0017162471395881006, "the,local": 0.0009534706331045003, "local,authority": 0.0019069412662090007, "to,the": 0.008199847444698703, "<s>,however": 0.0038138825324180014, "as,a": 0.002097635392829901, "a,private": 0.0009534706331045003, "is,the": 0.0032418001525553013, "the,same": 0.0013348588863463006, "one,of": 0.002097635392829901, "did,not": 0.002097635392829901, "in,a": 0.0015255530129672007, "the,last": 0.0017162471395881006, "at,the": 0.0043859649122807015, "bottom,of": 0.0009534706331045003, "of,page": 0.0015255530129672007, "my,noble": 0.012776506483600306, "noble,friend": 0.011632341723874905, "friend,lord": 0.0036231884057971015, "should,be": 0.0036231884057971015, "out,of": 0.0009534706331045003, "i,feel": 0.0038138825324180014, "feel,that": 0.004004576659038902, "that,the": 0.008009153318077803, "the,words": 0.002097635392829901, "members,of": 0.0015255530129672007, "it,is": 0.009916094584286803, "i,shall": 0.002479023646071701, "<cs>,my": 0.015446224256292907, "my,lords": 0.014874141876430207, "lords,i": 0.008962623951182304, "i,have": 0.005720823798627002, "have,a": 0.002288329519450801, "i,must": 0.002669717772692601, "is,very": 0.0011441647597254005, "<s>,this": 0.0019069412662090007, "this,bill": 0.0017162471395881006, "the,scottish": 0.0015255530129672007, "is,to": 0.0013348588863463006, "in,<e>": 0.0009534706331045003, "of,my": 0.0015255530129672007, "national,rivers": 0.0015255530129672007, "rivers,authority": 0.0013348588863463006, "<s>,at": 0.0009534706331045003, "refers,to": 0.0015255530129672007, "ask,one": 0.0011441647597254005, "one,question": 0.0013348588863463006, "question,<e>": 0.0015255530129672007, "<s>,the": 0.007055682684973303, "that,there": 0.002097635392829901, "there,was": 0.0011441647597254005, "section,of": 0.0015255530129672007, "the,housing": 0.0009534706331045003, "scotland,act": 0.0009534706331045003, "act,<e>": 0.0009534706331045003, "that,that": 0.0017162471395881006, "as,well": 0.0009534706331045003, "i,cannot": 0.0011441647597254005, "the,act": 0.0009534706331045003, "of,<e>": 0.0009534706331045003, "<s>,perhaps": 0.0011441647597254005, "between,now": 0.0009534706331045003, "now,and": 0.0009534706331045003, "and,report": 0.0009534706331045003, "in,order": 0.0011441647597254005, "order,to": 0.0011441647597254005, "have,been": 0.002097635392829901, "it,<e>": 0.0032418001525553013, "i,wonder": 0.002288329519450801, "wonder,whether": 0.0015255530129672007, "<s>,there": 0.002860411899313501, "might,be": 0.0013348588863463006, "can,be": 0.002097635392829901, "local,authorities": 0.0009534706331045003, "i,do": 0.0032418001525553013, "do,not": 0.0036231884057971015, "not,want": 0.0009534706331045003, "is,not": 0.002669717772692601, "to,a": 0.002288329519450801, "a,great": 0.0015255530129672007, "one,further": 0.0013348588863463006, "that,he": 0.0011441647597254005, "of,a": 0.0043859649122807015, "on,a": 0.0013348588863463006, "<s>,unfortunately": 0.0009534706331045003, "does,not": 0.002479023646071701, "not,have": 0.0013348588863463006, "the,best": 0.0011441647597254005, "be,in": 0.0011441647597254005, "that,a": 0.0015255530129672007, "the,house": 0.0015255530129672007, "to,my": 0.0043859649122807015, "for,a": 0.002860411899313501, "i,hope": 0.002288329519450801, "hope,that": 0.002288329519450801, "<s>,we": 0.0017162471395881006, "we,have": 0.0013348588863463006, "the,clause": 0.0013348588863463006, "with,the": 0.004576659038901602, "however,i": 0.0009534706331045003, "committee,to": 0.0011441647597254005, "to,look": 0.0017162471395881006, "look,at": 0.0013348588863463006, "<s>,subsection": 0.0009534706331045003, "although,i": 0.0017162471395881006, "the,idea": 0.0013348588863463006, "behind,the": 0.0009534706331045003, "clause,i": 0.0009534706331045003, "a,case": 0.0009534706331045003, "which,is": 0.0015255530129672007, "could,be": 0.0030511060259344014, "<s>,in": 0.0030511060259344014, "the,wording": 0.0011441647597254005, "the,word": 0.0009534706331045003, "would,be": 0.002860411899313501, "support,the": 0.0011441647597254005, "when,i": 0.0009534706331045003, "i,was": 0.0019069412662090007, "number,of": 0.0013348588863463006, "and,that": 0.0009534706331045003, "is,no": 0.0009534706331045003, "definition,of": 0.0009534706331045003, "this,is": 0.0009534706331045003, "is,a": 0.005339435545385202, "a,very": 0.0013348588863463006, "in,scotland": 0.003432494279176201, "scotland,<e>": 0.0030511060259344014, "am,most": 0.0032418001525553013, "most,grateful": 0.0032418001525553013, "grateful,to": 0.003432494279176201, "friend,for": 0.0015255530129672007, "for,his": 0.0011441647597254005, "<cs>,before": 0.0011441647597254005, "before,my": 0.0011441647597254005, "in,which": 0.0009534706331045003, "who,is": 0.0009534706331045003, "<s>,from": 0.0009534706331045003, "from,the": 0.0015255530129672007, "they,are": 0.0015255530129672007, "<s>,on": 0.0011441647597254005, "kind,of": 0.0009534706331045003, "your,lordships": 0.0009534706331045003, "under,the": 0.0019069412662090007, "to,make": 0.0015255530129672007, "a,person": 0.002097635392829901, "and,the": 0.0030511060259344014, "has,a": 0.0011441647597254005,