{"<cs>,my": 0.036581709145427285, "my,lords": 0.036581709145427285, "it,is": 0.009595202398800599, "on,the": 0.005697151424287856, "matter,of": 0.002098950524737631, "in,a": 0.0014992503748125937, "maiden,speech": 0.0014992503748125937, "of,this": 0.004497751124437781, "but,i": 0.0026986506746626685, "i,am": 0.012893553223388306, "by,the": 0.005397301349325337, "which,has": 0.0029985007496251873, "has,been": 0.005697151424287856, "the,noble": 0.03328335832083958, "noble,lord": 0.0239880059970015, "lord,lord": 0.011694152923538231, "lords,the": 0.0017991004497751124, "to,the": 0.018590704647676162, "<e>,<s>": 0.07916041979010495, "<s>,i": 0.017991004497751123, "that,this": 0.0023988005997001498, "this,is": 0.0026986506746626685, "is,not": 0.002098950524737631, "the,point": 0.003598200899550225, "the,time": 0.0014992503748125937, "this,matter": 0.0017991004497751124, "and,to": 0.0014992503748125937, "at,the": 0.006596701649175412, "the,present": 0.0029985007496251873, "present,time": 0.0014992503748125937, "time,<e>": 0.0014992503748125937, "noble,earl": 0.0026986506746626685, "agree,that": 0.005697151424287856, "that,that": 0.002098950524737631, "that,is": 0.0047976011994002995, "why,i": 0.0017991004497751124, "that,it": 0.005997001499250375, "it,was": 0.003298350824587706, "of,a": 0.002098950524737631, "into,the": 0.0017991004497751124, "on,a": 0.0017991004497751124, "point,of": 0.0023988005997001498, "lord,the": 0.003298350824587706, "the,minister": 0.01649175412293853, "that,i": 0.004197901049475262, "that,the": 0.015892053973013492, "<s>,it": 0.0047976011994002995, "it,<e>": 0.0014992503748125937, "of,the": 0.029685157421289354, "some,of": 0.002098950524737631, "of,us": 0.003598200899550225, "the,kind": 0.0014992503748125937, "we,have": 0.0038980509745127436, "have,been": 0.005397301349325337, "with,the": 0.002098950524737631, "which,are": 0.0014992503748125937, "lords,i": 0.012593703148425787, "am,grateful": 0.0017991004497751124, "for,the": 0.005697151424287856, "the,opportunity": 0.0014992503748125937, "opportunity,to": 0.0014992503748125937, "the,bill": 0.0029985007496251873, "for,a": 0.0014992503748125937, "a,number": 0.0014992503748125937, "number,of": 0.0038980509745127436, "your,lordships": 0.004497751124437781, "the,way": 0.0014992503748125937, "in,which": 0.0029985007496251873, "which,the": 0.0014992503748125937, "noble,baroness": 0.005097451274362818, "that,in": 0.002098950524737631, "in,the": 0.022188905547226388, "this,debate": 0.0029985007496251873, "which,i": 0.0023988005997001498, "i,have": 0.003298350824587706, "and,i": 0.0023988005997001498, "if,i": 0.0014992503748125937, "am,not": 0.0017991004497751124, "the,end": 0.0017991004497751124, "debate,<e>": 0.0026986506746626685, "lords,will": 0.0017991004497751124, "will,the": 0.0017991004497751124, "south,africa": 0.0014992503748125937, "does,the": 0.004497751124437781, "the,whole": 0.0017991004497751124, "that,there": 0.006596701649175412, "there,is": 0.005997001499250375, "is,a": 0.005697151424287856, "and,that": 0.004197901049475262, "<s>,the": 0.0074962518740629685, "point,that": 0.0014992503748125937, "that,he": 0.003598200899550225, "he,is": 0.0029985007496251873, "about,the": 0.005997001499250375, "and,the": 0.004197901049475262, "the,need": 0.0017991004497751124, "what,is": 0.0023988005997001498, "lords,is": 0.003598200899550225, "is,the": 0.0074962518740629685, "minister,aware": 0.0023988005997001498, "whether,the": 0.002098950524737631, "the,fact": 0.0038980509745127436, "is,that": 0.003598200899550225, "a,very": 0.0026986506746626685, "of,england": 0.0026986506746626685, "fact,that": 0.0029985007496251873, "<cs>,perhaps": 0.0014992503748125937, "lord,will": 0.0017991004497751124, "to,interrupt": 0.002098950524737631, "point,<e>": 0.002098950524737631, "am,sorry": 0.0014992503748125937, "in,this": 0.00719640179910045, "it,not": 0.0014992503748125937, "are,in": 0.0017991004497751124, "<cs>,i": 0.005397301349325337, "interrupt,the": 0.0014992503748125937, "can,he": 0.0017991004497751124, "the,committee": 0.0023988005997001498, "to,make": 0.0029985007496251873, "of,those": 0.0023988005997001498, "whether,he": 0.0017991004497751124, "aware,that": 0.005397301349325337, "am,sure": 0.0038980509745127436, "sure,that": 0.0029985007496251873, "will,be": 0.003598200899550225, "very,grateful": 0.0014992503748125937, "grateful,to": 0.0029985007496251873, "from,the": 0.0029985007496251873, "is,in": 0.0017991004497751124, "one,of": 0.0023988005997001498, "a,great": 0.0014992503748125937, "i,should": 0.005997001499250375, "should,like": 0.005397301349325337, "like,to": 0.0047976011994002995, "ask,the": 0.0017991004497751124, "accept,that": 0.0017991004497751124, "<s>,one": 0.0023988005997001498, "to,be": 0.004497751124437781, "there,are": 0.004497751124437781, "which,he": 0.002098950524737631, "he,has": 0.003298350824587706, "on,this": 0.0023988005997001498, "i,was": 0.0029985007496251873, "of,people": 0.0014992503748125937, "people,in": 0.0026986506746626685, "is,no": 0.002098950524737631, "as,the": 0.0023988005997001498, "the,other": 0.0017991004497751124, "in,my": 0.0017991004497751124, "the,debate": 0.004197901049475262, "i,hope": 0.0026986506746626685, "do,not": 0.005397301349325337, "i,think": 0.0026986506746626685, "is,an": 0.0017991004497751124, "those,who": 0.005097451274362818, "who,have": 0.0017991004497751124, "many,of": 0.0023988005997001498, "that,we": 0.0038980509745127436, "lord,for": 0.0014992503748125937, "for,giving": 0.002098950524737631, "giving,way": 0.002098950524737631, "way,<e>": 0.0029985007496251873, "<s>,is": 0.003298350824587706, "if,the": 0.002098950524737631, "i,do": 0.003598200899550225, "of,such": 0.0014992503748125937, "south,african": 0.0014992503748125937, "noble,and": 0.0014992503748125937, "the,amendment": 0.0038980509745127436, "<s>,we": 0.004497751124437781, "<s>,he": 0.0017991004497751124, "he,also": 0.0014992503748125937, "of,which": 0.0014992503748125937, "can,the": 0.0017991004497751124, "the,government": 0.0023988005997001498, "the,country": 0.0017991004497751124, "this,country": 0.003598200899550225, "<s>,will": 0.0017991004497751124, "will,he": 0.0026986506746626685, "has,a": 0.0014992503748125937, "who,are": 0.003598200899550225, "to,support": 0.0017991004497751124, "support,the": 0.0014992503748125937, "this,amendment": 0.003298350824587706, "appreciate,that": 0.0017991004497751124, "we,are": 0.005397301349325337, "<s>,however": 0.0026986506746626685, "as,a": 0.0026986506746626685, "<s>,in": 0.0017991004497751124, "i,thank": 0.0023988005997001498, "thank,the": 0.0023988005997001498, "the,church": 0.0023988005997001498, "church,of": 0.0023988005997001498, "that,as": 0.0014992503748125937, "among,the": 0.0014992503748125937, "the,churches": 0.003598200899550225, "lords,does": 0.0038980509745127436, "the,house": 0.0023988005997001498, "the,british": 0.0014992503748125937, "in,our": 0.0017991004497751124, "country,<e>": 0.0038980509745127436, "may,be": 0.003298350824587706, "is,now": 0.0014992503748125937, "it,would": 0.0017991004497751124, "would,be": 0.0023988005997001498, "be,a": 0.0023988005997001498, "in,any": 0.0014992503748125937, "perhaps,i": 0.0029985007496251873, "i,may": 0.0038980509745127436, "to,say": 0.002098950524737631, "the,matter": 0.0017991004497751124, "is,he": 0.0017991004497751124, "that,when": 0.0014992503748125937, "deep,concern": 0.0017991004497751124, "not,be": 0.002098950524737631, "which,we": 0.0026986506746626685, "this,afternoon": 0.0017991004497751124, "our,country": 0.0014992503748125937, "i,believe": 0.0026986506746626685, "believe,that": 0.0026986506746626685, "have,already": 0.0014992503748125937, "say,that": 0.0014992503748125937, "have,to": 0.0014992503748125937, "may,say": 0.0014992503748125937, "seems,to": 0.002098950524737631, "<s>,there": 0.0023988005997001498, "that,<e>": 0.0026986506746626685, "on,that": 0.0014992503748125937, "baroness,lady": 0.002098950524737631, "think,that": 0.002098950524737631,