{"<cs>,i": 0.0137524557956778, "i,have": 0.010805500982318271, "have,to": 0.011787819253438114, "to,inform": 0.010805500982318271, "inform,the": 0.0137524557956778, "the,committee": 0.01669941060903733, "committee,that": 0.014734774066797643, "that,amendments": 0.0009823182711198428, "amendments,nos": 0.007858546168958742, "nos,<e>": 0.007858546168958742, "<e>,<s>": 0.06581532416502947, "<s>,and": 0.0029469548133595285, "and,should": 0.0009823182711198428, "should,be": 0.0019646365422396855, "be,but": 0.0009823182711198428, "but,are": 0.0009823182711198428, "are,not": 0.0009823182711198428, "not,due": 0.0009823182711198428, "due,to": 0.0009823182711198428, "to,a": 0.0009823182711198428, "a,printing": 0.0029469548133595285, "printing,error": 0.0029469548133595285, "error,in": 0.0019646365422396855, "in,the": 0.003929273084479371, "the,names": 0.0009823182711198428, "names,of": 0.0009823182711198428, "of,the": 0.005893909626719057, "the,lord": 0.0029469548133595285, "lord,bishop": 0.0009823182711198428, "bishop,of": 0.0009823182711198428, "of,london": 0.0009823182711198428, "london,the": 0.0009823182711198428, "lord,graham": 0.0009823182711198428, "graham,of": 0.0009823182711198428, "of,edmonton": 0.0009823182711198428, "edmonton,the": 0.0009823182711198428, "the,earl": 0.0009823182711198428, "earl,of": 0.0009823182711198428, "of,lauderdale": 0.0009823182711198428, "lauderdale,and": 0.0009823182711198428, "and,the": 0.0009823182711198428, "lord,beaumont": 0.0009823182711198428, "beaumont,of": 0.0009823182711198428, "of,whitley": 0.0009823182711198428, "whitley,<e>": 0.0009823182711198428, "that,if": 0.011787819253438114, "if,amendment": 0.003929273084479371, "amendment,no": 0.03831041257367387, "no,<e>": 0.04027504911591356, "<s>,is": 0.0029469548133595285, "is,agreed": 0.010805500982318271, "agreed,to": 0.011787819253438114, "to,i": 0.010805500982318271, "i,cannot": 0.011787819253438114, "cannot,call": 0.011787819253438114, "call,amendment": 0.012770137524557957, "<s>,<e>": 0.004911591355599214, "<cs>,amendment": 0.004911591355599214, "<s>,lord": 0.0009823182711198428, "lord,lloyd": 0.0009823182711198428, "lloyd,of": 0.0009823182711198428, "of,kilgerran": 0.0009823182711198428, "kilgerran,<e>": 0.0009823182711198428, "<cs>,before": 0.007858546168958742, "before,i": 0.0029469548133595285, "i,call": 0.004911591355599214, "<s>,i": 0.0137524557956778, "i,must": 0.0019646365422396855, "must,inform": 0.0009823182711198428, "inform,your": 0.0009823182711198428, "your,lordships": 0.0019646365422396855, "lordships,that": 0.0019646365422396855, "if,no": 0.0009823182711198428, "<cs>,in": 0.0009823182711198428, "in,calling": 0.0009823182711198428, "calling,amendment": 0.005893909626719057, "i,remind": 0.0019646365422396855, "remind,your": 0.0009823182711198428, "that,the": 0.0019646365422396855, "the,debate": 0.0019646365422396855, "debate,upon": 0.0009823182711198428, "upon,it": 0.0009823182711198428, "it,was": 0.0009823182711198428, "was,adjourned": 0.0009823182711198428, "adjourned,at": 0.0009823182711198428, "at,the": 0.0019646365422396855, "the,previous": 0.0009823182711198428, "previous,sitting": 0.0009823182711198428, "sitting,pursuant": 0.0009823182711198428, "pursuant,to": 0.0009823182711198428, "to,standing": 0.0009823182711198428, "standing,order": 0.0009823182711198428, "order,<e>": 0.0009823182711198428, "<s>,unless": 0.0009823182711198428, "unless,therefore": 0.0009823182711198428, "therefore,the": 0.0009823182711198428, "the,noble": 0.012770137524557957, "noble,lord": 0.009823182711198428, "lord,wishes": 0.0009823182711198428, "wishes,to": 0.0019646365422396855, "to,continue": 0.0009823182711198428, "continue,the": 0.0009823182711198428, "debate,i": 0.0009823182711198428, "i,shall": 0.0019646365422396855, "shall,now": 0.0009823182711198428, "now,put": 0.0009823182711198428, "put,the": 0.0019646365422396855, "the,question": 0.0029469548133595285, "question,<e>": 0.0009823182711198428, "<s>,has": 0.0019646365422396855, "has,been": 0.003929273084479371, "been,withdrawn": 0.0009823182711198428, "withdrawn,and": 0.0009823182711198428, "and,transferred": 0.0009823182711198428, "transferred,<e>": 0.0009823182711198428, "that,amendment": 0.0009823182711198428, "been,marshalled": 0.0009823182711198428, "marshalled,in": 0.0009823182711198428, "the,wrong": 0.0009823182711198428, "wrong,order": 0.0009823182711198428, "order,and": 0.0009823182711198428, "and,i": 0.0019646365422396855, "i,am": 0.0029469548133595285, "am,therefore": 0.0009823182711198428, "therefore,bound": 0.0009823182711198428, "bound,to": 0.0019646365422396855, "to,call": 0.0019646365422396855, "call,it": 0.0009823182711198428, "it,now": 0.0009823182711198428, "now,after": 0.0009823182711198428, "after,amendment": 0.0009823182711198428, "<cs>,the": 0.0019646365422396855, "question,is": 0.0009823182711198428, "is,that": 0.0009823182711198428, "that,i": 0.0009823182711198428, "i,report": 0.0009823182711198428, "report,the": 0.0009823182711198428, "the,bill": 0.0019646365422396855, "bill,to": 0.0009823182711198428, "to,the": 0.003929273084479371, "the,house": 0.0019646365422396855, "house,without": 0.0009823182711198428, "without,amendment": 0.0009823182711198428, "amendment,<e>": 0.0029469548133595285, "must,remind": 0.0009823182711198428, "remind,the": 0.0019646365422396855, "noble,baroness": 0.0009823182711198428, "baroness,that": 0.0009823182711198428, "that,while": 0.0009823182711198428, "while,she": 0.0009823182711198428, "she,can": 0.0009823182711198428, "can,speak": 0.0019646365422396855, "speak,to": 0.0029469548133595285, "to,no": 0.0009823182711198428, "<s>,she": 0.0019646365422396855, "she,must": 0.0009823182711198428, "must,not": 0.0009823182711198428, "not,move": 0.0019646365422396855, "move,it": 0.0029469548133595285, "it,at": 0.0019646365422396855, "at,this": 0.0029469548133595285, "this,stage": 0.0029469548133595285, "stage,<e>": 0.0029469548133595285, "she,will": 0.0009823182711198428, "will,have": 0.0009823182711198428, "to,move": 0.0009823182711198428, "it,when": 0.0009823182711198428, "when,we": 0.0009823182711198428, "we,come": 0.0009823182711198428, "come,to": 0.0009823182711198428, "to,it": 0.0009823182711198428, "it,<e>": 0.0029469548133595285, "i,hope": 0.0009823182711198428, "hope,she": 0.0009823182711198428, "she,does": 0.0009823182711198428, "does,not": 0.0009823182711198428, "not,mind": 0.0009823182711198428, "mind,my": 0.0009823182711198428, "my,pointing": 0.0009823182711198428, "pointing,that": 0.0009823182711198428, "that,out": 0.0009823182711198428, "out,to": 0.0009823182711198428, "to,her": 0.0009823182711198428, "her,<e>": 0.0009823182711198428, "<s>,a": 0.008840864440078585, "a,is": 0.0019646365422396855, "to,then": 0.0009823182711198428, "then,i": 0.0009823182711198428, "<s>,b": 0.003929273084479371, "b,<e>": 0.003929273084479371, "i,should": 0.003929273084479371, "should,inform": 0.003929273084479371, "that,there": 0.0019646365422396855, "there,is": 0.0019646365422396855, "is,a": 0.0019646365422396855, "in,amendment": 0.0009823182711198428, "<s>,h": 0.0019646365422396855, "h,<e>": 0.0019646365422396855, "<s>,after": 0.0009823182711198428, "after,the": 0.0009823182711198428, "the,words": 0.0009823182711198428, "words,paid": 0.0009823182711198428, "paid,up": 0.0009823182711198428, "up,in": 0.0009823182711198428, "the,last": 0.0009823182711198428, "last,line": 0.0009823182711198428, "line,there": 0.0009823182711198428, "there,should": 0.0009823182711198428, "be,inserted": 0.0009823182711198428, "inserted,the": 0.0009823182711198428, "the,word": 0.0009823182711198428, "word,or": 0.0009823182711198428, "or,<e>": 0.0009823182711198428, "<cs>,is": 0.0019646365422396855, "is,the": 0.0029469548133595285, "lord,withdrawing": 0.0009823182711198428, "withdrawing,his": 0.0009823182711198428, "his,amendment": 0.0019646365422396855, "before,calling": 0.004911591355599214, "inform,members": 0.0009823182711198428, "members,of": 0.0009823182711198428,