{"<cs>,my": 0.0379746835443038, "my,lords": 0.0379746835443038, "lords,i": 0.02531645569620253, "i,beg": 0.0379746835443038, "beg,to": 0.0379746835443038, "to,move": 0.05063291139240506, "move,that": 0.0379746835443038, "that,this": 0.0379746835443038, "this,bill": 0.0379746835443038, "bill,be": 0.02531645569620253, "be,now": 0.02531645569620253, "now,read": 0.02531645569620253, "read,a": 0.02531645569620253, "a,second": 0.012658227848101266, "second,time": 0.012658227848101266, "time,<e>": 0.02531645569620253, "bill,do": 0.012658227848101266, "do,now": 0.012658227848101266, "now,pass": 0.012658227848101266, "pass,<e>": 0.012658227848101266, "<cs>,as": 0.012658227848101266, "as,an": 0.012658227848101266, "an,amendment": 0.012658227848101266, "amendment,to": 0.012658227848101266, "to,commons": 0.012658227848101266, "commons,amendment": 0.012658227848101266, "amendment,no": 0.02531645569620253, "no,<e>": 0.02531645569620253, "<e>,<s>": 0.02531645569620253, "<s>,i": 0.012658227848101266, "i,call": 0.012658227848101266, "call,amendment": 0.012658227848101266, "<s>,a": 0.012658227848101266, "a,<e>": 0.012658227848101266, "lords,charterhouse": 0.012658227848101266, "charterhouse,japhet": 0.012658227848101266, "japhet,bill": 0.012658227848101266, "bill,i": 0.012658227848101266, "a,third": 0.012658227848101266, "third,time": 0.012658227848101266, "<cs>,i": 0.012658227848101266, "i,understand": 0.012658227848101266, "understand,that": 0.012658227848101266, "that,the": 0.012658227848101266, "the,noble": 0.012658227848101266, "noble,earl": 0.012658227848101266, "earl,does": 0.012658227848101266, "does,not": 0.012658227848101266, "not,wish": 0.012658227848101266, "wish,to": 0.012658227848101266, "move,his": 0.012658227848101266, "his,amendments": 0.012658227848101266, "amendments,<e>": 0.012658227848101266}