{"<cs>,my": 0.07819634703196347, "my,lords": 0.08105022831050228, "lords,with": 0.0028538812785388126, "your,lordships": 0.006278538812785388, "i,should": 0.005707762557077625, "should,like": 0.003995433789954338, "like,to": 0.003995433789954338, "to,repeat": 0.0028538812785388126, "a,statement": 0.0028538812785388126, "in,another": 0.005136986301369863, "another,place": 0.005136986301369863, "place,by": 0.0028538812785388126, "by,my": 0.003424657534246575, "my,right": 0.010273972602739725, "right,honourable": 0.009703196347031963, "honourable,friend": 0.008561643835616438, "friend,the": 0.008561643835616438, "minister,of": 0.003424657534246575, "of,state": 0.005707762557077625, "state,for": 0.0045662100456621, "for,the": 0.011986301369863013, "the,armed": 0.0045662100456621, "armed,forces": 0.0045662100456621, "about,the": 0.003424657534246575, "<e>,<s>": 0.08276255707762557, "<s>,the": 0.0091324200913242, "the,governments": 0.003424657534246575, "of,the": 0.04737442922374429, "and,the": 0.00684931506849315, "the,united": 0.010844748858447488, "united,states": 0.0045662100456621, "we,are": 0.007420091324200913, "to,the": 0.016552511415525113, "at,the": 0.005707762557077625, "lords,as": 0.0045662100456621, "as,my": 0.003424657534246575, "it,is": 0.007420091324200913, "that,the": 0.014840182648401826, "to,be": 0.006278538812785388, "lords,i": 0.01769406392694064, "i,beg": 0.010273972602739725, "beg,to": 0.010273972602739725, "to,move": 0.011986301369863013, "move,that": 0.008561643835616438, "the,house": 0.007420091324200913, "house,do": 0.003995433789954338, "do,now": 0.003995433789954338, "resolve,itself": 0.003995433789954338, "itself,into": 0.003995433789954338, "into,committee": 0.003995433789954338, "committee,on": 0.005136986301369863, "on,this": 0.006278538812785388, "this,bill": 0.007420091324200913, "bill,<e>": 0.00684931506849315, "lords,the": 0.01769406392694064, "united,kingdom": 0.005136986301369863, "up,to": 0.003424657534246575, "the,government": 0.0091324200913242, "years,<e>": 0.003424657534246575, "in,the": 0.025684931506849314, "in,this": 0.0045662100456621, "from,the": 0.005136986301369863, "the,noble": 0.01598173515981735, "noble,lord": 0.01141552511415525, "lord,lord": 0.003995433789954338, "to,this": 0.003424657534246575, "that,i": 0.003995433789954338, "<s>,i": 0.010844748858447488, "i,can": 0.0028538812785388126, "on,th": 0.008561643835616438, "of,this": 0.003424657534246575, "on,the": 0.0091324200913242, "lords,we": 0.007990867579908675, "over,the": 0.003424657534246575, "under,the": 0.003424657534246575, "of,which": 0.0028538812785388126, "royal,ordnance": 0.003995433789954338, "and,we": 0.0028538812785388126, "be,now": 0.0028538812785388126, "<s>,in": 0.003995433789954338, "a,number": 0.0028538812785388126, "number,of": 0.00684931506849315, "opportunity,to": 0.0028538812785388126, "has,been": 0.007420091324200913, "this,country": 0.0028538812785388126, "i,am": 0.003424657534246575, "have,been": 0.006278538812785388, "per,cent": 0.003995433789954338, "cent,<e>": 0.003995433789954338, "the,secretary": 0.003424657534246575, "secretary,of": 0.003424657534246575, "of,a": 0.005707762557077625, "the,ministry": 0.0028538812785388126, "ministry,of": 0.0028538812785388126, "of,defence": 0.0028538812785388126, "with,the": 0.0091324200913242, "not,yet": 0.0028538812785388126, "be,a": 0.003424657534246575, "to,meet": 0.0028538812785388126, "<s>,we": 0.010844748858447488, "would,be": 0.0028538812785388126, "my,noble": 0.008561643835616438, "noble,friend": 0.008561643835616438, "friend,lord": 0.003995433789954338, "we,have": 0.0028538812785388126, "noble,lords": 0.003424657534246575, "is,not": 0.0045662100456621, "do,not": 0.003424657534246575, "will,be": 0.008561643835616438, "that,no": 0.0028538812785388126, "as,the": 0.0028538812785388126, "government,have": 0.0028538812785388126, "to,which": 0.003424657534246575, "which,the": 0.0028538812785388126, "by,the": 0.009703196347031963, "i,have": 0.0028538812785388126, "<s>,however": 0.0028538812785388126, "the,bill": 0.005136986301369863, "the,number": 0.003424657534246575, "british,aerospace": 0.0028538812785388126, "is,a": 0.003424657534246575, "lords,in": 0.003995433789954338, "may,be": 0.0028538812785388126, "lords,it": 0.0045662100456621, "human,rights": 0.003995433789954338}