{"<cs>,my": 0.08528784648187633, "my,lords": 0.08742004264392324, "lords,i": 0.04051172707889126, "ask,the": 0.010660980810234541, "the,question": 0.01279317697228145, "my,name": 0.010660980810234541, "on,the": 0.029850746268656716, "the,minister": 0.029850746268656716, "may,i": 0.017057569296375266, "aware,that": 0.029850746268656716, "that,the": 0.021321961620469083, "in,the": 0.02771855010660981, "<e>,<s>": 0.1300639658848614, "to,be": 0.017057569296375266, "to,the": 0.029850746268656716, "from,the": 0.010660980810234541, "of,the": 0.031982942430703626, "i,should": 0.023454157782515993, "should,like": 0.019189765458422176, "like,to": 0.0255863539445629, "to,thank": 0.010660980810234541, "thank,the": 0.014925373134328358, "the,noble": 0.046908315565031986, "at,the": 0.01279317697228145, "noble,lord": 0.031982942430703626, "lord,lord": 0.019189765458422176, "in,this": 0.010660980810234541, "<s>,i": 0.03837953091684435, "is,the": 0.014925373134328358, "lords,may": 0.010660980810234541, "<s>,is": 0.014925373134328358, "is,he": 0.010660980810234541, "going,to": 0.014925373134328358, "that,i": 0.014925373134328358, "i,am": 0.019189765458422176, "with,the": 0.010660980810234541, "i,have": 0.01279317697228145}