{"<cs>,my": 0.12436548223350254, "my,lords": 0.12436548223350254, "lords,i": 0.02284263959390863, "i,beg": 0.02030456852791878, "beg,to": 0.02030456852791878, "to,move": 0.02030456852791878, "move,that": 0.015228426395939087, "bill,be": 0.012690355329949238, "be,now": 0.012690355329949238, "now,read": 0.012690355329949238, "time,<e>": 0.012690355329949238, "that,the": 0.017766497461928935, "<e>,<s>": 0.1319796954314721, "lords,the": 0.03807106598984772, "the,government": 0.02284263959390863, "of,the": 0.06345177664974619, "has,been": 0.012690355329949238, "in,the": 0.025380710659898477, "<s>,the": 0.030456852791878174, "the,noble": 0.012690355329949238, "noble,lord": 0.012690355329949238, "per,cent": 0.03553299492385787, "cent,<e>": 0.027918781725888325, "the,bill": 0.012690355329949238, "lords,no": 0.012690355329949238, "no,<e>": 0.012690355329949238, "my,right": 0.012690355329949238, "right,honourable": 0.012690355329949238, "honourable,friend": 0.012690355329949238, "friend,the": 0.012690355329949238, "on,the": 0.017766497461928935, "your,lordships": 0.012690355329949238, "to,the": 0.02030456852791878, "<s>,i": 0.017766497461928935, "noble,lords": 0.012690355329949238}