{"<cs>,my": 0.07161125319693094, "my,lords": 0.07161125319693094, "lords,i": 0.03580562659846547, "i,have": 0.020460358056265986, "have,to": 0.020460358056265986, "the,house": 0.017902813299232736, "in,accordance": 0.01278772378516624, "accordance,with": 0.01278772378516624, "royal,assent": 0.020460358056265986, "that,the": 0.017902813299232736, "to,the": 0.020460358056265986, "your,lordships": 0.030690537084398978, "lordships,that": 0.015345268542199489, "that,if": 0.020460358056265986, "if,amendment": 0.015345268542199489, "amendment,no": 0.05115089514066496, "no,<e>": 0.05370843989769821, "<e>,<s>": 0.10485933503836317, "<s>,is": 0.015345268542199489, "amendments,nos": 0.015345268542199489, "nos,<e>": 0.015345268542199489, "is,agreed": 0.017902813299232736, "agreed,to": 0.03836317135549872, "to,i": 0.015345268542199489, "not,be": 0.015345268542199489, "be,able": 0.015345268542199489, "able,to": 0.015345268542199489, "to,call": 0.015345268542199489, "call,amendment": 0.020460358056265986, "<s>,<e>": 0.015345268542199489, "advise,your": 0.01278772378516624, "i,shall": 0.015345268542199489, "shall,not": 0.01278772378516624, "this,amendment": 0.015345268542199489, "to,<e>": 0.023017902813299233, "be,agreed": 0.020460358056265986, "lords,the": 0.01278772378516624, "the,question": 0.015345268542199489, "question,is": 0.015345268542199489, "is,that": 0.015345268542199489, "that,this": 0.01278772378516624}