{"<cs>,my": 0.048160535117056855, "my,lords": 0.04749163879598662, "lords,i": 0.026755852842809364, "i,beg": 0.02073578595317726, "beg,to": 0.02140468227424749, "to,move": 0.023411371237458192, "move,that": 0.02140468227424749, "that,the": 0.024080267558528427, "the,draft": 0.014046822742474917, "northern,ireland": 0.03812709030100334, "ireland,order": 0.010702341137123745, "order,which": 0.010033444816053512, "which,was": 0.012709030100334449, "was,laid": 0.012709030100334449, "laid,before": 0.01471571906354515, "before,your": 0.012040133779264214, "your,lordships": 0.0294314381270903, "lordships,on": 0.0046822742474916385, "on,th": 0.010702341137123745, "be,approved": 0.012709030100334449, "approved,<e>": 0.013377926421404682, "of,this": 0.0046822742474916385, "this,year": 0.010702341137123745, "year,be": 0.008695652173913044, "this,evening": 0.006020066889632107, "<e>,<s>": 0.05618729096989967, "<s>,i": 0.01137123745819398, "i,am": 0.008695652173913044, "am,sure": 0.006020066889632107, "sure,that": 0.0046822742474916385, "of,your": 0.0046822742474916385, "on,the": 0.010702341137123745, "that,we": 0.0046822742474916385, "we,have": 0.0033444816053511705, "have,been": 0.004013377926421404, "it,is": 0.0046822742474916385, "to,the": 0.014046822742474917, "of,the": 0.02140468227424749, "ireland,act": 0.0046822742474916385, "my,right": 0.008695652173913044, "right,honourable": 0.008695652173913044, "honourable,friend": 0.008695652173913044, "friend,the": 0.009364548494983277, "the,secretary": 0.008695652173913044, "secretary,of": 0.008695652173913044, "of,state": 0.008695652173913044, "state,for": 0.008026755852842809, "for,northern": 0.008026755852842809, "in,another": 0.008026755852842809, "another,place": 0.009364548494983277, "in,the": 0.008026755852842809, "the,government": 0.004013377926421404, "will,be": 0.0033444816053511705, "in,northern": 0.006688963210702341, "ireland,<e>": 0.010702341137123745, "the,house": 0.007357859531772575, "house,on": 0.006688963210702341, "<s>,the": 0.012709030100334449, "the,order": 0.006020066889632107, "is,not": 0.0033444816053511705, "has,been": 0.008695652173913044, "wish,to": 0.005351170568561873, "made,in": 0.006020066889632107, "<s>,it": 0.0033444816053511705, "of,which": 0.0033444816053511705, "be,now": 0.004013377926421404, "read,a": 0.0033444816053511705, "time,<e>": 0.0033444816053511705, "lords,the": 0.004013377926421404, "for,the": 0.007357859531772575, "this,bill": 0.004013377926421404, "the,northern": 0.0046822742474916385, "my,noble": 0.004013377926421404, "noble,friend": 0.004013377926421404, "by,the": 0.006688963210702341, "the,noble": 0.012709030100334449, "noble,lord": 0.010033444816053512, "lord,lord": 0.006688963210702341, "lords,with": 0.007357859531772575, "with,the": 0.006020066889632107, "i,shall": 0.008026755852842809, "now,repeat": 0.0033444816053511705, "repeat,a": 0.005351170568561873, "a,statement": 0.006688963210702341, "being,made": 0.007357859531772575, "place,by": 0.005351170568561873, "by,my": 0.006688963210702341, "the,statement": 0.006688963210702341, "statement,is": 0.006020066889632107, "is,as": 0.006020066889632107, "as,follows": 0.006020066889632107, "follows,<e>": 0.0046822742474916385, "that,is": 0.0046822742474916385, "lordships,house": 0.009364548494983277, "no,<e>": 0.005351170568561873, "noble,lords": 0.0033444816053511705, "is,being": 0.004013377926421404, "we,are": 0.0033444816053511705}