{"<cs>,my": 0.032590051457975985, "my,lords": 0.032590051457975985, "lords,the": 0.010291595197255575, "the,noble": 0.010291595197255575, "noble,earl": 0.003430531732418525, "earl,has": 0.0017152658662092624, "has,spoken": 0.0017152658662092624, "spoken,to": 0.003430531732418525, "to,amendments": 0.0017152658662092624, "amendments,nos": 0.005145797598627788, "nos,<e>": 0.005145797598627788, "<e>,<s>": 0.06174957118353345, "<s>,to": 0.003430531732418525, "to,<e>": 0.008576329331046312, "<s>,is": 0.003430531732418525, "is,the": 0.0017152658662092624, "earl,pressing": 0.0017152658662092624, "pressing,them": 0.0017152658662092624, "them,<e>": 0.0017152658662092624, "the,next": 0.0017152658662092624, "next,amendment": 0.0017152658662092624, "amendment,is": 0.005145797598627788, "is,no": 0.0017152658662092624, "no,<e>": 0.032590051457975985, "<s>,<e>": 0.008576329331046312, "<s>,i": 0.008576329331046312, "i,think": 0.003430531732418525, "think,that": 0.0017152658662092624, "that,is": 0.0017152658662092624, "is,was": 0.0017152658662092624, "was,spoken": 0.0017152658662092624, "to,with": 0.0017152658662092624, "with,a": 0.0017152658662092624, "a,series": 0.0017152658662092624, "series,of": 0.0017152658662092624, "of,amendments": 0.0017152658662092624, "amendments,<e>": 0.003430531732418525, "<cs>,the": 0.0017152658662092624, "the,question": 0.010291595197255575, "question,is": 0.008576329331046312, "is,that": 0.008576329331046312, "that,this": 0.003430531732418525, "this,clause": 0.0017152658662092624, "clause,be": 0.0017152658662092624, "be,inserted": 0.003430531732418525, "inserted,<e>": 0.0017152658662092624, "lords,in": 0.005145797598627788, "in,calling": 0.005145797598627788, "calling,amendment": 0.005145797598627788, "amendment,no": 0.0274442538593482, "<s>,bzp": 0.0017152658662092624, "bzp,i": 0.0017152658662092624, "i,have": 0.0017152658662092624, "have,to": 0.0017152658662092624, "to,tell": 0.0017152658662092624, "tell,the": 0.0017152658662092624, "the,house": 0.003430531732418525, "house,that": 0.0017152658662092624, "that,if": 0.003430531732418525, "if,this": 0.005145797598627788, "this,amendment": 0.005145797598627788, "is,agreed": 0.005145797598627788, "agreed,it": 0.0017152658662092624, "it,will": 0.0017152658662092624, "will,not": 0.0017152658662092624, "not,be": 0.0017152658662092624, "be,possible": 0.0017152658662092624, "possible,for": 0.0017152658662092624, "for,me": 0.0017152658662092624, "me,to": 0.0017152658662092624, "to,move": 0.0017152658662092624, "move,either": 0.0017152658662092624, "either,of": 0.0017152658662092624, "of,the": 0.008576329331046312, "the,following": 0.0017152658662092624, "following,two": 0.0017152658662092624, "two,amendments": 0.0017152658662092624, "lords,i": 0.00686106346483705, "i,am": 0.0017152658662092624, "am,about": 0.0017152658662092624, "about,to": 0.0017152658662092624, "to,deal": 0.0017152658662092624, "deal,with": 0.0017152658662092624, "with,amendment": 0.0017152658662092624, "<s>,on": 0.0017152658662092624, "on,the": 0.005145797598627788, "the,marshalled": 0.003430531732418525, "marshalled,list": 0.003430531732418525, "list,which": 0.0017152658662092624, "which,has": 0.0017152658662092624, "has,not": 0.0017152658662092624, "not,yet": 0.0017152658662092624, "yet,been": 0.0017152658662092624, "been,moved": 0.003430531732418525, "moved,<e>": 0.005145797598627788, "i,should": 0.00686106346483705, "should,point": 0.005145797598627788, "point,out": 0.00686106346483705, "out,on": 0.003430531732418525, "on,amendment": 0.0017152658662092624, "<s>,that": 0.0017152658662092624, "that,in": 0.003430531732418525, "in,subparagraph": 0.0017152658662092624, "subparagraph,<e>": 0.0017152658662092624, "lords,amendment": 0.0017152658662092624, "<s>,a": 0.005145797598627788, "a,on": 0.0017152658662092624, "the,supplement": 0.0017152658662092624, "supplement,to": 0.0017152658662092624, "to,the": 0.003430531732418525, "list,the": 0.0017152658662092624, "noble,and": 0.003430531732418525, "and,learned": 0.003430531732418525, "learned,lord": 0.003430531732418525, "lord,lord": 0.005145797598627788, "lord,denning": 0.0017152658662092624, "denning,<e>": 0.0017152658662092624, "<s>,not": 0.0017152658662092624, "not,moved": 0.0017152658662092624, "<s>,amendment": 0.0017152658662092624, "lords,there": 0.0017152658662092624, "there,are": 0.0017152658662092624, "are,three": 0.0017152658662092624, "three,amendments": 0.0017152658662092624, "amendments,to": 0.0017152658662092624, "to,this": 0.003430531732418525, "amendment,<e>": 0.0017152658662092624, "i,will": 0.0017152658662092624, "will,call": 0.0017152658662092624, "call,the": 0.0017152658662092624, "the,first": 0.003430531732418525, "first,one": 0.0017152658662092624, "one,no": 0.0017152658662092624, "a,in": 0.003430531732418525, "in,the": 0.005145797598627788, "the,name": 0.003430531732418525, "name,of": 0.003430531732418525, "lord,elwyn-jones": 0.0017152658662092624, "elwyn-jones,<e>": 0.0017152658662092624, "the,original": 0.0017152658662092624, "original,motion": 0.0017152658662092624, "motion,was": 0.0017152658662092624, "was,that": 0.0017152658662092624, "that,the": 0.005145797598627788, "the,draft": 0.0017152658662092624, "draft,local": 0.0017152658662092624, "local,government": 0.0017152658662092624, "government,interim": 0.0017152658662092624, "interim,provisions": 0.0017152658662092624, "provisions,act": 0.0017152658662092624, "act,appointed": 0.0017152658662092624, "appointed,day": 0.0017152658662092624, "day,order": 0.0017152658662092624, "order,laid": 0.0017152658662092624, "laid,before": 0.0017152658662092624, "before,the": 0.0017152658662092624, "house,on": 0.0017152658662092624, "on,nd": 0.0017152658662092624, "nd,november": 0.0017152658662092624, "november,be": 0.0017152658662092624, "be,approved": 0.0017152658662092624, "approved,since": 0.0017152658662092624, "since,when": 0.0017152658662092624, "when,an": 0.0017152658662092624, "an,amendment": 0.003430531732418525, "amendment,has": 0.0017152658662092624, "has,been": 0.0017152658662092624, "moved,to": 0.0017152658662092624, "to,insert": 0.0017152658662092624, "insert,at": 0.0017152658662092624, "at,the": 0.003430531732418525, "the,end": 0.0017152658662092624, "end,the": 0.0017152658662092624, "the,words": 0.003430531732418525, "words,set": 0.0017152658662092624, "set,out": 0.0017152658662092624, "the,order": 0.0017152658662092624, "order,paper": 0.0017152658662092624, "paper,<e>": 0.0017152658662092624, "lords,may": 0.0017152658662092624, "may,i": 0.0017152658662092624, "i,first": 0.0017152658662092624, "first,put": 0.0017152658662092624, "put,the": 0.003430531732418525, "question,<e>": 0.003430531732418525, "<s>,the": 0.003430531732418525, "that,amendments": 0.0017152658662092624, "<s>,and": 0.003430531732418525, "and,a": 0.0017152658662092624, "a,be": 0.0017152658662092624, "be,agreed": 0.00686106346483705, "agreed,to": 0.010291595197255575, "out,that": 0.005145797598627788, "in,view": 0.0017152658662092624, "view,of": 0.0017152658662092624, "the,last": 0.0017152658662092624, "last,amendment": 0.0017152658662092624, "amendment,which": 0.0017152658662092624, "which,was": 0.0017152658662092624, "was,carried": 0.0017152658662092624, "carried,any": 0.0017152658662092624, "any,crop": 0.0017152658662092624, "crop,takes": 0.0017152658662092624, "takes,the": 0.0017152658662092624, "the,place": 0.0017152658662092624, "place,of": 0.0017152658662092624, "of,crops": 0.0017152658662092624, "crops,<e>": 0.0017152658662092624, "<cs>,amendment": 0.0017152658662092624, "<s>,page": 0.0017152658662092624, "page,line": 0.0017152658662092624, "line,<e>": 0.0017152658662092624, "the,word": 0.003430531732418525, "word,transferor": 0.0017152658662092624, "transferor,is": 0.0017152658662092624, "is,deleted": 0.0017152658662092624, "deleted,and": 0.0017152658662092624, "and,therefore": 0.0017152658662092624, "therefore,the": 0.0017152658662092624, "words,to": 0.0017152658662092624, "to,be": 0.0017152658662092624,