{"<cs>,there": 0.0036719706242350062, "there,have": 0.0012239902080783353, "have,voted": 0.0024479804161566705, "voted,contents": 0.0012239902080783353, "contents,not-contents": 0.0012239902080783353, "not-contents,<e>": 0.0024479804161566705, "<cs>,i": 0.0208078335373317, "i,am": 0.0012239902080783353, "am,instructed": 0.0012239902080783353, "instructed,that": 0.0012239902080783353, "that,if": 0.014687882496940025, "if,amendment": 0.011015911872705019, "amendment,no": 0.03916768665850673, "no,<e>": 0.04039167686658507, "<e>,<s>": 0.06731946144430845, "<s>,is": 0.011015911872705019, "is,agreed": 0.009791921664626682, "agreed,to": 0.01346389228886169, "to,i": 0.012239902080783354, "i,cannot": 0.014687882496940025, "cannot,call": 0.014687882496940025, "call,amendment": 0.0073439412484700125, "<cs>,amendment": 0.0024479804161566705, "<s>,seems": 0.0012239902080783353, "seems,to": 0.0012239902080783353, "to,be": 0.0012239902080783353, "be,an": 0.0012239902080783353, "an,alterna-tive": 0.0012239902080783353, "alterna-tive,to": 0.0012239902080783353, "to,amendment": 0.0036719706242350062, "<s>,<e>": 0.01346389228886169, "i,have": 0.011015911872705019, "have,to": 0.012239902080783354, "to,point": 0.006119951040391677, "point,out": 0.011015911872705019, "out,that": 0.009791921664626682, "if,amendments": 0.0024479804161566705, "amendments,nos": 0.012239902080783354, "nos,<e>": 0.012239902080783354, "<s>,to": 0.0036719706242350062, "to,are": 0.0012239902080783353, "are,not": 0.0012239902080783353, "not,agreed": 0.0012239902080783353, "call,amendments": 0.008567931456548347, "<s>,a": 0.0036719706242350062, "a,to": 0.0012239902080783353, "to,e": 0.0012239902080783353, "e,<e>": 0.0012239902080783353, "<cs>,clause": 0.0012239902080783353, "clause,amendment": 0.0012239902080783353, "<s>,lord": 0.0012239902080783353, "lord,houghton": 0.0012239902080783353, "houghton,of": 0.0012239902080783353, "of,sowerby": 0.0012239902080783353, "sowerby,<e>": 0.0012239902080783353, "<cs>,before": 0.0036719706242350062, "before,i": 0.0012239902080783353, "i,put": 0.0012239902080783353, "put,the": 0.0036719706242350062, "the,next": 0.0024479804161566705, "next,amendment": 0.0024479804161566705, "amendment,i": 0.0024479804161566705, "i,should": 0.004895960832313341, "should,have": 0.0024479804161566705, "have,put": 0.0012239902080783353, "the,question": 0.004895960832313341, "question,that": 0.0012239902080783353, "that,clause": 0.0012239902080783353, "clause,shall": 0.0012239902080783353, "shall,stand": 0.0012239902080783353, "stand,part": 0.0012239902080783353, "part,of": 0.0012239902080783353, "of,the": 0.0036719706242350062, "the,bill": 0.0024479804161566705, "bill,<e>": 0.0012239902080783353, "to,inform": 0.0024479804161566705, "inform,your": 0.0012239902080783353, "your,lordships": 0.0024479804161566705, "lordships,that": 0.0012239902080783353, "that,as": 0.0012239902080783353, "as,it": 0.0012239902080783353, "it,appears": 0.0012239902080783353, "appears,that": 0.0012239902080783353, "that,fewer": 0.0012239902080783353, "fewer,than": 0.0012239902080783353, "than,lords": 0.0012239902080783353, "lords,have": 0.0012239902080783353, "voted,in": 0.0012239902080783353, "in,accordance": 0.0024479804161566705, "accordance,with": 0.0024479804161566705, "with,standing": 0.0012239902080783353, "standing,order": 0.0024479804161566705, "order,no": 0.0012239902080783353, "<s>,i": 0.0036719706242350062, "i,declare": 0.0012239902080783353, "declare,the": 0.0012239902080783353, "question,not": 0.0012239902080783353, "not,decided": 0.0012239902080783353, "decided,and": 0.0012239902080783353, "and,pursuant": 0.0012239902080783353, "pursuant,to": 0.0012239902080783353, "to,the": 0.004895960832313341, "the,same": 0.0012239902080783353, "same,standing": 0.0012239902080783353, "order,the": 0.0012239902080783353, "the,house": 0.0012239902080783353, "house,will": 0.0012239902080783353, "will,now": 0.0012239902080783353, "now,resume": 0.0012239902080783353, "resume,<e>": 0.0012239902080783353, "<cs>,the": 0.0024479804161566705, "question,is": 0.0012239902080783353, "is,that": 0.0012239902080783353, "that,the": 0.0036719706242350062, "the,title": 0.0012239902080783353, "title,to": 0.0012239902080783353, "bill,be": 0.0012239902080783353, "be,postponed": 0.0012239902080783353, "postponed,<e>": 0.0012239902080783353, "<s>,as": 0.0024479804161566705, "as,many": 0.0012239902080783353, "many,as": 0.0012239902080783353, "as,are": 0.0012239902080783353, "are,of": 0.0012239902080783353, "of,that": 0.0012239902080783353, "that,opinion": 0.0012239902080783353, "opinion,will": 0.0012239902080783353, "will,say": 0.0012239902080783353, "say,content": 0.0012239902080783353, "content,to": 0.0012239902080783353, "the,contrary": 0.0012239902080783353, "contrary,not-content": 0.0012239902080783353, "not-content,<e>": 0.0012239902080783353, "<s>,the": 0.004895960832313341, "the,contents": 0.0012239902080783353, "contents,have": 0.0012239902080783353, "have,it": 0.0012239902080783353, "it,<e>": 0.0012239902080783353, "<cs>,amendments": 0.0012239902080783353, "<s>,and": 0.0073439412484700125, "and,are": 0.0024479804161566705, "are,alternatives": 0.0012239902080783353, "alternatives,<e>": 0.0012239902080783353, "is,approved": 0.0012239902080783353, "approved,i": 0.0012239902080783353, "and,<e>": 0.004895960832313341, "to,advise": 0.0012239902080783353, "advise,the": 0.0012239902080783353, "the,committee": 0.0073439412484700125, "committee,before": 0.0012239902080783353, "before,<e>": 0.0012239902080783353, "before,calling": 0.0024479804161566705, "calling,amendment": 0.0012239902080783353, "if,this": 0.0024479804161566705, "this,amendment": 0.0073439412484700125, "amendment,is": 0.004895960832313341, "<cs>,we": 0.0012239902080783353, "we,shall": 0.0024479804161566705, "shall,be": 0.0012239902080783353, "be,coming": 0.0012239902080783353, "coming,to": 0.0012239902080783353, "to,that": 0.0024479804161566705, "that,very": 0.0012239902080783353, "very,soon": 0.0012239902080783353, "soon,<e>": 0.0012239902080783353, "<cs>,it": 0.0012239902080783353, "it,may": 0.0012239902080783353, "may,be": 0.0012239902080783353, "be,helpful": 0.0012239902080783353, "helpful,if": 0.0012239902080783353, "if,i": 0.0012239902080783353, "i,point": 0.0012239902080783353, "out,to": 0.0012239902080783353, "committee,that": 0.004895960832313341, "are,agreed": 0.0012239902080783353, "to,they": 0.0012239902080783353, "they,would": 0.0012239902080783353, "would,fall": 0.0012239902080783353, "fall,if": 0.0012239902080783353, "<s>,were": 0.0012239902080783353, "were,carried": 0.0012239902080783353, "carried,<e>": 0.0012239902080783353, "i,must": 0.0036719706242350062, "must,announce": 0.0012239902080783353, "announce,that": 0.0024479804161566705, "the,published": 0.0012239902080783353, "published,marshalled": 0.0012239902080783353, "marshalled,list": 0.0073439412484700125, "list,of": 0.0012239902080783353, "of,amendments": 0.0012239902080783353, "amendments,has": 0.0024479804161566705, "has,not": 0.0012239902080783353, "not,been": 0.0012239902080783353, "been,printed": 0.0012239902080783353, "printed,in": 0.0012239902080783353, "with,the": 0.0012239902080783353, "the,instruction": 0.0012239902080783353, "instruction,of": 0.0012239902080783353, "of,th": 0.0012239902080783353, "th,march": 0.0012239902080783353, "march,<e>": 0.0012239902080783353, "<s>,accordingly": 0.0012239902080783353, "accordingly,photocopies": 0.0012239902080783353, "photocopies,of": 0.0012239902080783353, "the,correct": 0.0012239902080783353, "correct,list": 0.0012239902080783353, "list,have": 0.0012239902080783353, "have,been": 0.0036719706242350062, "been,placed": 0.0012239902080783353, "placed,in": 0.0012239902080783353, "in,the": 0.0036719706242350062, "the,printed": 0.0012239902080783353, "printed,paper": 0.0012239902080783353, "paper,office": 0.0012239902080783353, "office,<e>": 0.0012239902080783353, "<s>,but": 0.0012239902080783353, "but,to": 0.0012239902080783353,