{"<cs>,i": 0.02459016393442623, "i,must": 0.02459016393442623, "must,remind": 0.00819672131147541, "remind,the": 0.00819672131147541, "the,committee": 0.01639344262295082, "committee,that": 0.01639344262295082, "that,if": 0.02459016393442623, "if,this": 0.01639344262295082, "this,amendment": 0.01639344262295082, "amendment,is": 0.01639344262295082, "is,agreed": 0.02459016393442623, "agreed,to": 0.02459016393442623, "to,i": 0.02459016393442623, "i,cannot": 0.03278688524590164, "cannot,call": 0.03278688524590164, "call,amendment": 0.01639344262295082, "amendment,no": 0.040983606557377046, "no,<e>": 0.040983606557377046, "<e>,<s>": 0.05737704918032787, "<s>,<e>": 0.01639344262295082, "i,should": 0.00819672131147541, "should,point": 0.00819672131147541, "point,out": 0.00819672131147541, "out,to": 0.00819672131147541, "to,members": 0.00819672131147541, "members,of": 0.00819672131147541, "of,the": 0.01639344262295082, "if,amendment": 0.01639344262295082, "<s>,la": 0.00819672131147541, "la,is": 0.00819672131147541, "call,amendments": 0.01639344262295082, "amendments,nos": 0.01639344262295082, "nos,<e>": 0.01639344262295082, "<s>,lb": 0.00819672131147541, "lb,to": 0.00819672131147541, "to,le": 0.00819672131147541, "le,<e>": 0.00819672131147541, "<cs>,before": 0.00819672131147541, "before,calling": 0.00819672131147541, "calling,amendment": 0.00819672131147541, "<s>,i": 0.00819672131147541, "must,draw": 0.01639344262295082, "draw,attention": 0.00819672131147541, "attention,to": 0.01639344262295082, "to,the": 0.01639344262295082, "the,incorrect": 0.00819672131147541, "incorrect,wording": 0.00819672131147541, "wording,of": 0.00819672131147541, "of,paragraph": 0.00819672131147541, "paragraph,which": 0.00819672131147541, "which,should": 0.00819672131147541, "should,read": 0.00819672131147541, "read,<e>": 0.00819672131147541, "draw,the": 0.00819672131147541, "the,committees": 0.00819672131147541, "committees,attention": 0.00819672131147541, "the,fact": 0.00819672131147541, "fact,that": 0.00819672131147541, "<s>,is": 0.00819672131147541, "<s>,to": 0.00819672131147541, "to,inclusive": 0.00819672131147541, "inclusive,<e>": 0.00819672131147541, "<cs>,if": 0.00819672131147541, "is,carried": 0.00819672131147541, "carried,i": 0.00819672131147541, "<cs>,the": 0.00819672131147541, "the,question": 0.00819672131147541, "question,is": 0.00819672131147541, "is,that": 0.00819672131147541, "that,clause": 0.00819672131147541, "clause,stand": 0.00819672131147541, "stand,part": 0.00819672131147541, "part,of": 0.00819672131147541, "the,bill": 0.00819672131147541, "bill,<e>": 0.00819672131147541}