{"<cs>,my": 0.05827505827505827, "my,lords": 0.06526806526806526, "the,government": 0.02097902097902098, "lords,i": 0.04195804195804196, "that,i": 0.013986013986013986, "<e>,<s>": 0.08624708624708624, "<s>,i": 0.039627039627039624, "i,am": 0.02097902097902098, "to,the": 0.027972027972027972, "the,noble": 0.039627039627039624, "of,the": 0.06293706293706294, "i,shall": 0.013986013986013986, "i,beg": 0.018648018648018648, "beg,leave": 0.011655011655011656, "leave,to": 0.011655011655011656, "to,ask": 0.011655011655011656, "ask,the": 0.011655011655011656, "name,on": 0.011655011655011656, "on,the": 0.016317016317016316, "the,order": 0.011655011655011656, "order,paper": 0.011655011655011656, "paper,<e>": 0.011655011655011656, "and,i": 0.013986013986013986, "the,house": 0.011655011655011656, "i,should": 0.02564102564102564, "should,like": 0.02097902097902098, "like,to": 0.023310023310023312, "for,the": 0.027972027972027972, "noble,lord": 0.023310023310023312, "my,noble": 0.03263403263403263, "noble,friend": 0.03263403263403263, "friend,lord": 0.013986013986013986, "in,the": 0.013986013986013986, "your,lordships": 0.018648018648018648, "it,is": 0.013986013986013986, "to,say": 0.011655011655011656, "of,my": 0.016317016317016316, "friend,the": 0.013986013986013986, "the,chairman": 0.013986013986013986, "chairman,of": 0.016317016317016316, "of,committees": 0.013986013986013986, "by,the": 0.02097902097902098}