{"<cs>,my": 0.034709056438675806, "my,lords": 0.03572991103981333, "lords,it": 0.002333381945457197, "it,is": 0.008604345923873415, "is,a": 0.003062563803412571, "a,very": 0.002187545573866122, "for,me": 0.002916727431821496, "me,in": 0.000729181857955374, "your,lordships": 0.006854309464780516, "for,the": 0.0037917456613679452, "the,first": 0.002625054688639347, "time,to": 0.0008750182295464489, "the,noble": 0.017062855476155752, "noble,lords": 0.00393758203295902, "lord,cledwyn": 0.001458363715910748, "and,the": 0.002479218317048272, "<e>,<s>": 0.053521948373924454, "<s>,i": 0.018667055563657577, "i,am": 0.010208546011375236, "am,grateful": 0.0008750182295464489, "and,to": 0.0008750182295464489, "my,noble": 0.00729181857955374, "noble,friend": 0.005250109377278694, "to,me": 0.0020417092022750475, "<s>,as": 0.0011666909727285986, "that,is": 0.002625054688639347, "is,the": 0.0010208546011375237, "i,did": 0.0008750182295464489, "him,<e>": 0.000729181857955374, "<s>,it": 0.00364590928977687, "think,that": 0.005541782120460843, "no,doubt": 0.0008750182295464489, "me,and": 0.0010208546011375237, "and,i": 0.004520927519323319, "what,he": 0.000729181857955374, "said,<e>": 0.0008750182295464489, "lords,i": 0.018667055563657577, "i,beg": 0.009187691410237713, "beg,to": 0.009333527781828789, "to,move": 0.010354382382966312, "move,the": 0.008458509552282339, "the,motion": 0.007729327694326965, "motion,standing": 0.008458509552282339, "standing,in": 0.008458509552282339, "in,my": 0.008604345923873415, "my,name": 0.008458509552282339, "name,on": 0.008458509552282339, "on,the": 0.014000291672743182, "the,order": 0.009041855038646638, "order,paper": 0.008896018667055564, "paper,<e>": 0.008604345923873415, "lords,the": 0.002333381945457197, "the,minister": 0.0008750182295464489, "<s>,he": 0.0018958728306839726, "he,will": 0.0013125273443196734, "these,matters": 0.0010208546011375237, "to,the": 0.015312819017062855, "secretary,of": 0.000729181857955374, "of,state": 0.0011666909727285986, "the,new": 0.000729181857955374, "i,understand": 0.0013125273443196734, "understand,that": 0.0013125273443196734, "that,the": 0.007437654951144816, "noble,lord": 0.014000291672743182, "is,not": 0.0017500364590928978, "i,think": 0.008312673180691264, "the,house": 0.018958728306839725, "house,would": 0.000729181857955374, "wish,to": 0.002187545573866122, "move,on": 0.0008750182295464489, "on,<e>": 0.000729181857955374, "i,know": 0.0008750182295464489, "lord,lord": 0.005104273005687618, "wishes,to": 0.0008750182295464489, "think,it": 0.001604200087501823, "that,this": 0.002333381945457197, "this,question": 0.002187545573866122, "time,and": 0.0008750182295464489, "and,that": 0.0017500364590928978, "<s>,perhaps": 0.0013125273443196734, "perhaps,i": 0.0017500364590928978, "i,should": 0.004520927519323319, "should,say": 0.0010208546011375237, "say,to": 0.0008750182295464489, "that,he": 0.003208400175003646, "will,have": 0.000729181857955374, "on,a": 0.000729181857955374, "it,<e>": 0.0017500364590928978, "i,believe": 0.001604200087501823, "believe,that": 0.000729181857955374, "of,the": 0.02114627388070585, "in,the": 0.00787516406591804, "by,the": 0.003354236546594721, "the,government": 0.002916727431821496, "government,<e>": 0.000729181857955374, "we,have": 0.0037917456613679452, "we,shall": 0.0008750182295464489, "to,pursue": 0.0010208546011375237, "the,best": 0.0008750182295464489, "for,this": 0.000729181857955374, "first,motion": 0.0017500364590928978, "lords,perhaps": 0.001458363715910748, "it,would": 0.001604200087501823, "would,be": 0.0037917456613679452, "me,to": 0.00364590928977687, "to,answer": 0.0013125273443196734, "question,<e>": 0.0037917456613679452, "it,was": 0.003208400175003646, "the,other": 0.0013125273443196734, "should,be": 0.0017500364590928978, "from,the": 0.001458363715910748, "the,opposition": 0.000729181857955374, "the,time": 0.0010208546011375237, "time,that": 0.0008750182295464489, "that,was": 0.0010208546011375237, "have,been": 0.002479218317048272, "<s>,if": 0.002187545573866122, "<s>,but": 0.000729181857955374, "time,<e>": 0.002333381945457197, "the,last": 0.0010208546011375237, "leader,of": 0.002333381945457197, "<s>,my": 0.001458363715910748, "house,to": 0.0011666909727285986, "to,pay": 0.000729181857955374, "that,i": 0.007000145836371591, "lords,with": 0.003062563803412571, "with,the": 0.004666763890914394, "the,leave": 0.002625054688639347, "leave,of": 0.0027708910602304215, "house,i": 0.003062563803412571, "to,make": 0.0013125273443196734, "make,a": 0.0011666909727285986, "is,my": 0.0011666909727285986, "duty,to": 0.0010208546011375237, "to,have": 0.0010208546011375237, "have,to": 0.0011666909727285986, "house,of": 0.0013125273443196734, "has,been": 0.0020417092022750475, "at,the": 0.002625054688639347, "am,sure": 0.002187545573866122, "the,whole": 0.001458363715910748, "whole,house": 0.0010208546011375237, "house,will": 0.0027708910602304215, "will,be": 0.002479218317048272, "some,of": 0.0013125273443196734, "of,your": 0.0013125273443196734, "was,a": 0.0008750182295464489, "a,member": 0.0011666909727285986, "member,of": 0.0010208546011375237, "house,as": 0.0011666909727285986, "as,a": 0.0017500364590928978, "that,we": 0.005541782120460843, "have,given": 0.000729181857955374, "to,this": 0.0011666909727285986, "out,of": 0.000729181857955374, "the,debate": 0.0017500364590928978, "debate,<e>": 0.0013125273443196734, "<s>,that": 0.000729181857955374, "sure,that": 0.0017500364590928978, "that,my": 0.0008750182295464489, "to,come": 0.000729181857955374, "come,to": 0.0008750182295464489, "should,like": 0.0017500364590928978, "like,to": 0.0020417092022750475, "to,give": 0.0008750182295464489, "this,house": 0.00393758203295902, "house,<e>": 0.003062563803412571, "to,do": 0.003354236546594721, "do,so": 0.0018958728306839726, "so,<e>": 0.0018958728306839726, "not,to": 0.0010208546011375237, "the,matter": 0.001458363715910748, "i,do": 0.002625054688639347, "do,not": 0.002916727431821496, "not,think": 0.0018958728306839726, "to,a": 0.0008750182295464489, "a,debate": 0.0008750182295464489, "that,there": 0.0010208546011375237, "there,are": 0.000729181857955374, "may,i": 0.000729181857955374, "feel,that": 0.0017500364590928978, "have,had": 0.0008750182295464489, "had,a": 0.0013125273443196734, "very,good": 0.000729181857955374, "on,this": 0.0027708910602304215, "i,shall": 0.00729181857955374, "shall,now": 0.0017500364590928978, "now,repeat": 0.0018958728306839726, "repeat,a": 0.002187545573866122, "a,statement": 0.00364590928977687, "which,is": 0.0013125273443196734, "is,being": 0.0018958728306839726, "being,made": 0.0020417092022750475, "made,in": 0.002479218317048272, "in,another": 0.003208400175003646, "another,place": 0.0037917456613679452, "place,by": 0.002187545573866122, "by,my": 0.003062563803412571, "my,right": 0.003354236546594721, "right,honourable": 0.003208400175003646, "honourable,friend": 0.003208400175003646, "friend,the": 0.0042292547761411696, "the,prime": 0.003062563803412571, "prime,minister": 0.003354236546594721, "minister,on": 0.000729181857955374, "lords,<e>": 0.001458363715910748, "he,was": 0.001604200087501823, "if,it": 0.0010208546011375237, "the,fact": 0.000729181857955374, "fact,that": 0.0008750182295464489, "that,in": 0.0008750182295464489, "in,a": 0.0011666909727285986, "i,was": 0.0027708910602304215, "but,i": 0.002916727431821496, "think,i": 0.001604200087501823, "he,has": 0.0018958728306839726, "has,had": 0.000729181857955374, "i,hope": 0.0035000729181857955, "hope,that": 0.002333381945457197, "has,said": 0.0008750182295464489, "private,notice": 0.0008750182295464489, "notice,question": 0.0008750182295464489, "to,see": 0.000729181857955374, "the,past": 0.000729181857955374, "that,it": 0.004083418404550095, "the,leader": 0.0010208546011375237, "lords,as": 0.0008750182295464489, "this,is": 0.0010208546011375237, "a,matter": 0.0011666909727285986, "grateful,to": 0.0011666909727285986, "minister,of": 0.0008750182295464489,