{"<cs>,i": 0.009368836291913214, "i,beg": 0.019230769230769232, "beg,to": 0.019230769230769232, "to,move": 0.01972386587771203, "move,that": 0.01775147928994083, "that,the": 0.02514792899408284, "the,house": 0.013806706114398421, "<e>,<s>": 0.10059171597633136, "<s>,in": 0.011341222879684419, "in,moving": 0.005917159763313609, "moving,this": 0.0034516765285996054, "this,motion": 0.0034516765285996054, "motion,perhaps": 0.0029585798816568047, "perhaps,i": 0.0039447731755424065, "i,may": 0.0039447731755424065, "may,suggest": 0.0029585798816568047, "suggest,that": 0.005424063116370809, "the,committee": 0.004437869822485207, "committee,stage": 0.0034516765285996054, "again,at": 0.0034516765285996054, "past,eight": 0.0029585798816568047, "eight,<e>": 0.0034516765285996054, "<cs>,my": 0.0601577909270217, "my,lords": 0.0611439842209073, "lords,i": 0.028106508875739646, "the,motion": 0.002465483234714004, "on,the": 0.0073964497041420114, "the,order": 0.0034516765285996054, "that,further": 0.005424063116370809, "further,consideration": 0.005424063116370809, "consideration,on": 0.004930966469428008, "on,report": 0.004930966469428008, "report,be": 0.004930966469428008, "be,now": 0.007889546351084813, "now,adjourned": 0.005424063116370809, "adjourned,until": 0.002465483234714004, "until,pm": 0.0029585798816568047, "pm,<e>": 0.004930966469428008, "thank,the": 0.002465483234714004, "the,noble": 0.01775147928994083, "noble,baroness": 0.002465483234714004, "and,the": 0.0073964497041420114, "noble,lord": 0.008875739644970414, "lord,lord": 0.0034516765285996054, "answer,to": 0.0034516765285996054, "to,the": 0.015285996055226824, "by,the": 0.0039447731755424065, "to,be": 0.005917159763313609, "<s>,i": 0.015779092702169626, "hope,that": 0.0029585798816568047, "per,cent": 0.010848126232741617, "cent,<e>": 0.009861932938856016, "<s>,for": 0.002465483234714004, "<s>,the": 0.01725838264299803, "are,in": 0.0029585798816568047, "continue,to": 0.002465483234714004, "lords,on": 0.002465483234714004, "of,my": 0.0034516765285996054, "my,noble": 0.013806706114398421, "noble,friend": 0.010848126232741617, "that,this": 0.0029585798816568047, "in,the": 0.013806706114398421, "the,united": 0.004930966469428008, "united,kingdom": 0.0039447731755424065, "of,the": 0.02465483234714004, "i,have": 0.005424063116370809, "the,ec": 0.002465483234714004, "has,been": 0.005424063116370809, "for,the": 0.008875739644970414, "i,do": 0.0034516765285996054, "do,not": 0.005917159763313609, "not,have": 0.002465483234714004, "<s>,however": 0.0039447731755424065, "lords,as": 0.0034516765285996054, "as,i": 0.004437869822485207, "the,government": 0.010355029585798817, "i,am": 0.010355029585798817, "that,i": 0.002465483234714004, "the,question": 0.002465483234714004, "it,is": 0.004437869822485207, "lords,the": 0.00641025641025641, "<s>,we": 0.006903353057199211, "there,is": 0.0034516765285996054, "we,have": 0.0029585798816568047, "with,the": 0.005424063116370809, "this,bill": 0.0034516765285996054, "bill,be": 0.002465483234714004, "i,thank": 0.004437869822485207, "thank,my": 0.0029585798816568047, "the,bill": 0.0034516765285996054, "bill,<e>": 0.002465483234714004, "i,suggest": 0.002465483234714004, "house,do": 0.007889546351084813, "do,now": 0.007889546351084813, "now,resume": 0.005424063116370809, "resume,<e>": 0.005424063116370809, "begin,again": 0.002465483234714004, "<s>,it": 0.004437869822485207, "noble,lords": 0.00641025641025641, "have,been": 0.002465483234714004, "i,shall": 0.00641025641025641, "the,cda": 0.002465483234714004, "is,not": 0.0029585798816568047, "of,its": 0.002465483234714004, "support,for": 0.002465483234714004, "we,are": 0.004930966469428008, "house,<e>": 0.002465483234714004, "now,adjourn": 0.002465483234714004, "adjourn,during": 0.002465483234714004, "during,pleasure": 0.002465483234714004, "pleasure,until": 0.002465483234714004, "am,grateful": 0.002465483234714004, "government,are": 0.0034516765285996054, "committed,to": 0.002465483234714004, "<s>,that": 0.002465483234714004, "from,the": 0.002465483234714004, "friend,for": 0.0029585798816568047, "<s>,as": 0.0034516765285996054, "that,is": 0.0029585798816568047, "for,his": 0.0029585798816568047, "to,my": 0.0034516765285996054, "adjourned,<e>": 0.0034516765285996054, "moving,the": 0.002465483234714004, "the,community": 0.002465483234714004, "believe,that": 0.0029585798816568047, "of,measures": 0.002465483234714004, "agree,with": 0.002465483234714004, "friend,<e>": 0.004437869822485207, "<s>,there": 0.0039447731755424065, "to,reduce": 0.002465483234714004, "as,regards": 0.002465483234714004, "regards,the": 0.002465483234714004, "your,lordships": 0.002465483234714004, "the,secretary": 0.002465483234714004, "secretary,of": 0.002465483234714004, "of,state": 0.002465483234714004, "will,be": 0.002465483234714004, "there,are": 0.002465483234714004, "my,right": 0.002465483234714004, "right,honourable": 0.002465483234714004, "honourable,friend": 0.002465483234714004, "british,rail": 0.0029585798816568047}