{"<cs>,my": 0.09631147540983606, "my,lords": 0.09836065573770492, "lords,i": 0.020491803278688523, "to,the": 0.020491803278688523, "<e>,<s>": 0.14549180327868852, "<s>,the": 0.02459016393442623, "the,noble": 0.030737704918032786, "noble,lord": 0.020491803278688523, "i,can": 0.010245901639344262, "that,the": 0.018442622950819672, "for,the": 0.022540983606557378, "of,the": 0.07172131147540983, "the,united": 0.022540983606557378, "with,the": 0.020491803278688523, "in,the": 0.03483606557377049, "my,right": 0.014344262295081968, "right,honourable": 0.014344262295081968, "honourable,friend": 0.014344262295081968, "in,another": 0.010245901639344262, "another,place": 0.010245901639344262, "will,be": 0.010245901639344262, "lords,the": 0.02459016393442623, "the,royal": 0.012295081967213115, "number,of": 0.010245901639344262, "the,government": 0.012295081967213115, "<s>,we": 0.010245901639344262, "we,are": 0.01639344262295082, "united,kingdom": 0.01639344262295082, "i,am": 0.010245901639344262, "lord,lord": 0.012295081967213115, "<s>,i": 0.01639344262295082, "in,a": 0.010245901639344262, "on,the": 0.018442622950819672, "the,house": 0.012295081967213115, "<s>,in": 0.010245901639344262, "we,have": 0.014344262295081968, "at,the": 0.010245901639344262, "and,the": 0.012295081967213115, "and,other": 0.010245901639344262, "it,is": 0.018442622950819672, "the,udcs": 0.010245901639344262}