{"<cs>,my": 0.07792207792207792, "my,lords": 0.08163265306122448, "lords,the": 0.02040816326530612, "per,cent": 0.012987012987012988, "cent,<e>": 0.012987012987012988, "<e>,<s>": 0.16512059369202226, "<s>,in": 0.014842300556586271, "in,the": 0.055658627087198514, "the,united": 0.02040816326530612, "united,kingdom": 0.016697588126159554, "of,the": 0.0686456400742115, "the,european": 0.011131725417439703, "lords,i": 0.00927643784786642, "with,the": 0.02040816326530612, "the,airlines": 0.00927643784786642, "<s>,the": 0.03153988868274583, "has,been": 0.00927643784786642, "the,noble": 0.03896103896103896, "noble,lord": 0.03339517625231911, "lord,lord": 0.02040816326530612, "<s>,i": 0.014842300556586271, "by,the": 0.016697588126159554, "to,the": 0.025974025974025976, "will,be": 0.025974025974025976, "<s>,this": 0.011131725417439703, "my,noble": 0.011131725417439703, "noble,friend": 0.011131725417439703, "at,the": 0.011131725417439703, "<s>,it": 0.01855287569573284, "from,the": 0.014842300556586271, "have,been": 0.00927643784786642, "that,the": 0.011131725417439703, "for,the": 0.011131725417439703, "in,a": 0.00927643784786642, "a,statement": 0.00927643784786642, "and,the": 0.014842300556586271, "on,the": 0.014842300556586271, "it,is": 0.00927643784786642, "that,he": 0.00927643784786642, "to,be": 0.00927643784786642}