{"<cs>,my": 0.0790273556231003, "my,lords": 0.0790273556231003, "lords,the": 0.0182370820668693, "<e>,<s>": 0.14285714285714285, "noble,lord": 0.015197568389057751, "lords,i": 0.0182370820668693, "i,should": 0.030395136778115502, "that,if": 0.02127659574468085, "the,next": 0.015197568389057751, "next,amendment": 0.015197568389057751, "amendment,no": 0.07598784194528875, "no,<e>": 0.08206686930091185, "is,agreed": 0.02735562310030395, "agreed,to": 0.0243161094224924, "to,i": 0.02127659574468085, "i,cannot": 0.0243161094224924, "cannot,call": 0.0243161094224924, "call,amendment": 0.0182370820668693, "<s>,<e>": 0.030395136778115502, "the,house": 0.0243161094224924, "of,the": 0.015197568389057751, "lords,in": 0.0182370820668693, "in,calling": 0.02735562310030395, "calling,amendment": 0.0243161094224924, "<s>,i": 0.02735562310030395, "it,is": 0.015197568389057751, "in,the": 0.015197568389057751, "your,lordships": 0.0182370820668693, "lordships,that": 0.015197568389057751, "amendments,nos": 0.0182370820668693, "nos,<e>": 0.0182370820668693}