{"may,i": 0.0033491979552265115, "i,ask": 0.0021152829190904283, "ask,the": 0.005111933721135202, "the,noble": 0.029790234443856867, "noble,lord": 0.019213819848404725, "lord,lord": 0.005817028027498678, "if,the": 0.0019390093424995593, "do,not": 0.0029966508020447735, "of,the": 0.019390093424995595, "<e>,<s>": 0.07826546800634585, "<s>,is": 0.005288207297726071, "is,the": 0.007579763793407368, "the,money": 0.0012339150361360832, "from,the": 0.0031729243786356425, "<cs>,my": 0.03296315882249251, "my,lords": 0.03313943239908338, "lords,i": 0.011457782478406488, "i,am": 0.008637405252952583, "to,be": 0.00546448087431694, "the,first": 0.0010576414595452142, "<s>,i": 0.013749338974087784, "your,lordships": 0.0019390093424995593, "that,we": 0.0010576414595452142, "i,should": 0.0024678300722721664, "like,to": 0.0024678300722721664, "thank,the": 0.004583112991362595, "noble,baroness": 0.004406839414771726, "baroness,lady": 0.0021152829190904283, "lords,in": 0.0019390093424995593, "i,feel": 0.0008813678829543451, "i,beg": 0.0033491979552265115, "beg,leave": 0.0033491979552265115, "leave,to": 0.0033491979552265115, "to,ask": 0.0037017451084082496, "the,question": 0.0035254715318173806, "in,my": 0.0037017451084082496, "my,name": 0.0033491979552265115, "name,on": 0.0031729243786356425, "on,the": 0.00722721664022563, "the,order": 0.0035254715318173806, "order,paper": 0.0035254715318173806, "paper,<e>": 0.0033491979552265115, "i,thank": 0.004230565838180857, "lord,for": 0.0021152829190904283, "for,that": 0.0035254715318173806, "answer,<e>": 0.0015864621893178213, "<s>,would": 0.0017627357659086903, "would,he": 0.0010576414595452142, "agree,that": 0.0031729243786356425, "that,the": 0.009695046712497797, "that,there": 0.004406839414771726, "there,is": 0.005111933721135202, "is,he": 0.0029966508020447735, "in,a": 0.0026441036488630354, "to,say": 0.0008813678829543451, "say,whether": 0.0024678300722721664, "whether,the": 0.0017627357659086903, "the,government": 0.004406839414771726, "to,provide": 0.0014101886127269522, "in,this": 0.0022915564956812974, "this,country": 0.0010576414595452142, "noble,earl": 0.004583112991362595, "who,is": 0.0014101886127269522, "is,no": 0.0012339150361360832, "no,longer": 0.0008813678829543451, "a,little": 0.0008813678829543451, "i,have": 0.005817028027498678, "have,to": 0.0028203772254539045, "had,to": 0.0010576414595452142, "<s>,the": 0.006698395910453023, "in,the": 0.01604089546976908, "<s>,in": 0.0031729243786356425, "to,support": 0.0021152829190904283, "support,the": 0.0015864621893178213, "<s>,they": 0.0024678300722721664, "and,the": 0.005640754450907809, "did,not": 0.0017627357659086903, "<s>,there": 0.0024678300722721664, "there,was": 0.0014101886127269522, "for,the": 0.00546448087431694, "might,have": 0.0008813678829543451, "will,be": 0.0026441036488630354, "i,must": 0.0012339150361360832, "the,fact": 0.0028203772254539045, "fact,that": 0.0026441036488630354, "that,i": 0.0035254715318173806, "not,be": 0.0022915564956812974, "be,able": 0.0010576414595452142, "able,to": 0.0012339150361360832, "the,debate": 0.0010576414595452142, "as,i": 0.0010576414595452142, "have,a": 0.0017627357659086903, "i,wonder": 0.0008813678829543451, "which,is": 0.0010576414595452142, "is,it": 0.0019390093424995593, "the,disabled": 0.0008813678829543451, "so,much": 0.0008813678829543451, "it,is": 0.00722721664022563, "the,people": 0.0012339150361360832, "we,are": 0.0012339150361360832, "they,are": 0.0037017451084082496, "at,the": 0.004406839414771726, "they,have": 0.0017627357659086903, "have,been": 0.004759386567953464, "of,their": 0.0008813678829543451, "so,that": 0.0014101886127269522, "that,they": 0.0028203772254539045, "<s>,at": 0.0010576414595452142, "it,was": 0.0026441036488630354, "was,a": 0.0008813678829543451, "a,good": 0.0010576414595452142, "the,minister": 0.006345848757271285, "with,the": 0.0035254715318173806, "young,people": 0.0017627357659086903, "people,are": 0.0010576414595452142, "are,not": 0.0019390093424995593, "will,not": 0.0008813678829543451, "if,i": 0.0008813678829543451, "i,too": 0.0010576414595452142, "up,to": 0.0014101886127269522, "it,<e>": 0.0021152829190904283, "think,that": 0.0021152829190904283, "that,he": 0.0010576414595452142, "and,i": 0.0024678300722721664, "i,do": 0.0014101886127269522, "not,know": 0.0008813678829543451, "whether,he": 0.0008813678829543451, "i,was": 0.0024678300722721664, "to,make": 0.0010576414595452142, "about,the": 0.0037017451084082496, "them,<e>": 0.0024678300722721664, "lords,the": 0.0024678300722721664, "is,not": 0.0026441036488630354, "the,moment": 0.0008813678829543451, "but,i": 0.0014101886127269522, "should,like": 0.0021152829190904283, "to,have": 0.0028203772254539045, "lordships,house": 0.0010576414595452142, "by,the": 0.0033491979552265115, "post,office": 0.0008813678829543451, "british,telecom": 0.004406839414771726, "telecom,<e>": 0.0010576414595452142, "in,view": 0.0012339150361360832, "view,of": 0.0012339150361360832, "not,only": 0.0015864621893178213, "as,a": 0.0019390093424995593, "i,can": 0.0012339150361360832, "whether,or": 0.0010576414595452142, "or,not": 0.0010576414595452142, "aware,of": 0.0014101886127269522, "<s>,we": 0.0017627357659086903, "<cs>,i": 0.004759386567953464, "the,amendment": 0.0015864621893178213, "<s>,it": 0.0031729243786356425, "and,it": 0.0010576414595452142, "<s>,this": 0.0008813678829543451, "<s>,if": 0.0026441036488630354, "should,not": 0.0012339150361360832, "had,a": 0.0010576414595452142, "said,that": 0.0019390093424995593, "would,have": 0.0008813678829543451, "to,the": 0.010223867442270404, "at,present": 0.0014101886127269522, "to,their": 0.0010576414595452142, "the,general": 0.0008813678829543451, "dealt,with": 0.0008813678829543451, "as,the": 0.0010576414595452142, "<s>,what": 0.0015864621893178213, "wish,to": 0.0010576414595452142, "support,this": 0.0008813678829543451, "this,amendment": 0.0024678300722721664, "amendment,<e>": 0.0021152829190904283, "going,to": 0.0022915564956812974, "one,<e>": 0.0010576414595452142, "would,be": 0.0022915564956812974, "<s>,he": 0.0008813678829543451, "the,same": 0.0019390093424995593, "one,of": 0.0010576414595452142, "despite,the": 0.0012339150361360832, "years,ago": 0.0008813678829543451, "he,said": 0.0008813678829543451, "they,will": 0.0012339150361360832, "does,not": 0.0017627357659086903, "as,well": 0.0008813678829543451, "noble,lords": 0.0024678300722721664, "question,standing": 0.0029966508020447735, "standing,in": 0.0029966508020447735, "for,his": 0.0012339150361360832, "his,reply": 0.0008813678829543451, "to,my": 0.0010576414595452142, "my,question": 0.0012339150361360832, "question,<e>": 0.0014101886127269522, "<s>,may": 0.0012339150361360832, "ask,him": 0.0008813678829543451, "for,a": 0.0022915564956812974, "of,people": 0.0012339150361360832, "that,in": 0.0012339150361360832, "seem,to": 0.0008813678829543451, "service,<e>": 0.0015864621893178213, "there,are": 0.004230565838180857, "and,that": 0.0037017451084082496, "is,to": 0.0010576414595452142, "i,think": 0.0022915564956812974, "all,the": 0.0015864621893178213, "people,who": 0.0031729243786356425, "if,it": 0.0008813678829543451, "<s>,can": 0.0033491979552265115, "can,he": 0.0031729243786356425, "there,has": 0.0008813678829543451, "has,been": 0.0031729243786356425, "not,to": 0.0008813678829543451, "will,the": 0.0035254715318173806, "i,asked": 0.0010576414595452142, "not,the": 0.0015864621893178213, "the,bill": 0.0017627357659086903, "the,secretary": 0.0010576414595452142, "secretary,of": 0.0010576414595452142, "of,state": 0.0008813678829543451, "this,is": 0.0008813678829543451, "who,have": 0.0021152829190904283, "am,very": 0.0008813678829543451, "very,much": 0.0008813678829543451, "is,a": 0.0031729243786356425, "should,be": 0.0026441036488630354, "we,have": 0.0022915564956812974, "will,he": 0.0008813678829543451, "perhaps,i": 0.0019390093424995593, "the,committee": 0.0012339150361360832, "that,it": 0.0035254715318173806,