{"<cs>,my": 0.037365421152628246, "my,lords": 0.03799873337555415, "her,majestys": 0.0031665611146295125, "majestys,government": 0.0031665611146295125, "from,the": 0.007599746675110829, "and,the": 0.006333122229259025, "it,is": 0.018999366687777075, "that,in": 0.0031665611146295125, "to,the": 0.01836605446485117, "that,the": 0.01013299556681444, "of,the": 0.04179860671310956, "in,this": 0.006966434452184927, "to,be": 0.010766307789740342, "the,noble": 0.030398986700443317, "noble,lord": 0.02089930335655478, "in,the": 0.017099430018999367, "will,be": 0.004433185560481318, "those,who": 0.0031665611146295125, "for,the": 0.006966434452184927, "the,whole": 0.0031665611146295125, "of,a": 0.0031665611146295125, "<e>,<s>": 0.10512982900569981, "which,is": 0.00506649778340722, "have,to": 0.004433185560481318, "lords,i": 0.015832805573147563, "i,am": 0.01266624445851805, "am,very": 0.0031665611146295125, "the,right": 0.0037998733375554147, "right,reverend": 0.0031665611146295125, "reverend,prelate": 0.0031665611146295125, "it,would": 0.0031665611146295125, "would,be": 0.00506649778340722, "one,of": 0.006333122229259025, "on,the": 0.01013299556681444, "<s>,it": 0.012032932235592146, "i,hope": 0.00506649778340722, "hope,that": 0.0031665611146295125, "your,lordships": 0.01013299556681444, "lordships,will": 0.0037998733375554147, "has,been": 0.004433185560481318, "by,the": 0.004433185560481318, "that,there": 0.004433185560481318, "there,are": 0.0037998733375554147, "of,us": 0.008233058898036731, "on,this": 0.0037998733375554147, "many,of": 0.00506649778340722, "have,been": 0.00506649778340722, "about,a": 0.0031665611146295125, "that,this": 0.004433185560481318, "this,is": 0.0037998733375554147, "i,may": 0.004433185560481318, "<s>,i": 0.034198860037998734, "did,not": 0.0031665611146295125, "but,i": 0.004433185560481318, "i,have": 0.01266624445851805, "with,the": 0.0037998733375554147, "i,shall": 0.0031665611146295125, "very,much": 0.0037998733375554147, "to,say": 0.005699810006333122, "is,the": 0.0031665611146295125, "the,minister": 0.006333122229259025, "is,something": 0.0031665611146295125, "i,should": 0.007599746675110829, "should,like": 0.005699810006333122, "like,to": 0.006966434452184927, "that,that": 0.0031665611146295125, "that,is": 0.006966434452184927, "is,a": 0.01013299556681444, "which,i": 0.005699810006333122, "i,know": 0.004433185560481318, "to,do": 0.005699810006333122, "in,a": 0.006966434452184927, "that,it": 0.004433185560481318, "is,not": 0.005699810006333122, "it,was": 0.004433185560481318, "that,<e>": 0.0031665611146295125, "we,have": 0.005699810006333122, "have,already": 0.0037998733375554147, "noble,lords": 0.004433185560481318, "noble,baroness": 0.0037998733375554147, "if,i": 0.0031665611146295125, "and,i": 0.01266624445851805, "thank,the": 0.0037998733375554147, "lord,lord": 0.013932868904369854, "that,i": 0.011399620012666244, "about,the": 0.006333122229259025, "i,wish": 0.0031665611146295125, "within,the": 0.0037998733375554147, "<s>,in": 0.0031665611146295125, "number,of": 0.004433185560481318, "some,of": 0.004433185560481318, "that,have": 0.0031665611146295125, "i,think": 0.006333122229259025, "wish,to": 0.006966434452184927, "the,bill": 0.0031665611146295125, "housing,associations": 0.0037998733375554147, "i,do": 0.006333122229259025, "do,not": 0.008233058898036731, "want,to": 0.0031665611146295125, "which,we": 0.004433185560481318, "as,the": 0.0031665611146295125, "we,are": 0.004433185560481318, "is,an": 0.0031665611146295125, "need,to": 0.0031665611146295125, "to,make": 0.005699810006333122, "for,a": 0.00506649778340722, "the,point": 0.0037998733375554147, "i,must": 0.00506649778340722, "the,fact": 0.0037998733375554147, "fact,that": 0.0031665611146295125, "debate,<e>": 0.0031665611146295125, "the,debate": 0.00506649778340722, "that,we": 0.006333122229259025, "to,take": 0.0031665611146295125, "it,<e>": 0.0037998733375554147, "<s>,the": 0.006966434452184927, "is,that": 0.0031665611146295125, "there,is": 0.006333122229259025, "<s>,that": 0.005699810006333122, "must,be": 0.0031665611146295125, "<cs>,i": 0.00506649778340722, "i,was": 0.0031665611146295125, "i,believe": 0.0037998733375554147, "believe,that": 0.0037998733375554147, "the,question": 0.0031665611146295125, "which,the": 0.0037998733375554147, "what,the": 0.0031665611146295125, "to,this": 0.0031665611146295125, "that,point": 0.0037998733375554147, "it,will": 0.0031665611146295125, "it,has": 0.0031665611146295125, "in,which": 0.0031665611146295125, "in,london": 0.0031665611146295125, "the,mentally": 0.0031665611146295125}