{"<cs>,my": 0.04460431654676259, "my,lords": 0.04460431654676259, "the,noble": 0.060431654676258995, "noble,lord": 0.04460431654676259, "lord,lord": 0.031654676258992806, "in,the": 0.010071942446043165, "<e>,<s>": 0.1510791366906475, "<s>,i": 0.04892086330935252, "that,the": 0.017266187050359712, "he,has": 0.012949640287769784, "on,the": 0.015827338129496403, "by,the": 0.017266187050359712, "of,the": 0.04028776978417266, "to,be": 0.007194244604316547, "and,i": 0.012949640287769784, "noble,lords": 0.007194244604316547, "lords,i": 0.02446043165467626, "i,think": 0.010071942446043165, "i,do": 0.015827338129496403, "do,not": 0.017266187050359712, "i,would": 0.007194244604316547, "have,a": 0.007194244604316547, "i,am": 0.011510791366906475, "there,are": 0.007194244604316547, "i,have": 0.011510791366906475, "for,the": 0.008633093525179856, "they,have": 0.010071942446043165, "a,very": 0.007194244604316547, "at,the": 0.010071942446043165, "it,<e>": 0.010071942446043165, "<s>,it": 0.014388489208633094, "it,is": 0.012949640287769784, "has,been": 0.010071942446043165, "is,a": 0.008633093525179856, "i,should": 0.02158273381294964, "should,like": 0.015827338129496403, "like,to": 0.02302158273381295, "that,he": 0.008633093525179856, "and,the": 0.010071942446043165, "that,they": 0.012949640287769784, "<cs>,i": 0.012949640287769784, "<s>,the": 0.017266187050359712, "that,it": 0.010071942446043165, "that,there": 0.007194244604316547, "with,the": 0.008633093525179856, "have,been": 0.008633093525179856, "to,ask": 0.007194244604316547, "to,support": 0.007194244604316547, "support,the": 0.007194244604316547, "the,amendment": 0.008633093525179856, "think,that": 0.007194244604316547, "in,my": 0.007194244604316547, "my,noble": 0.010071942446043165, "noble,friend": 0.010071942446043165, "what,i": 0.007194244604316547}