{"<cs>,my": 0.07285974499089254, "my,lords": 0.07468123861566485, "the,noble": 0.02185792349726776, "noble,lord": 0.020036429872495445, "amendment,<e>": 0.009107468123861567, "lords,i": 0.01639344262295082, "the,house": 0.0273224043715847, "with,the": 0.018214936247723135, "royal,assent": 0.01092896174863388, "that,the": 0.01639344262295082, "to,the": 0.014571948998178506, "amendment,no": 0.07832422586520947, "no,<e>": 0.07832422586520947, "<e>,<s>": 0.12932604735883424, "the,amendments": 0.009107468123861567, "nos,<e>": 0.012750455373406194, "to,<e>": 0.01092896174863388, "lords,the": 0.018214936247723135, "the,question": 0.014571948998178506, "question,is": 0.012750455373406194, "is,that": 0.014571948998178506, "agreed,to": 0.01639344262295082, "i,shall": 0.01092896174863388, "call,amendment": 0.01639344262295082, "an,amendment": 0.012750455373406194, "<s>,<e>": 0.023679417122040074, "the,amendment": 0.012750455373406194, "lord,lord": 0.009107468123861567, "<s>,and": 0.012750455373406194, "has,been": 0.01092896174863388, "that,amendment": 0.012750455373406194, "of,the": 0.020036429872495445, "in,the": 0.009107468123861567, "explain,that": 0.014571948998178506, "i,should": 0.023679417122040074, "<s>,i": 0.014571948998178506, "is,agreed": 0.012750455373406194, "should,explain": 0.014571948998178506, "amendments,nos": 0.01092896174863388, "not,be": 0.009107468123861567, "be,able": 0.009107468123861567, "able,to": 0.009107468123861567, "to,call": 0.012750455373406194, "lords,before": 0.009107468123861567, "pre-empts,amendment": 0.01092896174863388}