{"<cs>,my": 0.0979498861047836, "my,lords": 0.10250569476082004, "lords,we": 0.03189066059225513, "we,have": 0.029612756264236904, "<e>,<s>": 0.14350797266514806, "for,the": 0.01366742596810934, "on,the": 0.011389521640091117, "on,a": 0.011389521640091117, "lords,the": 0.011389521640091117, "the,european": 0.01366742596810934, "european,community": 0.011389521640091117, "continue,to": 0.011389521640091117, "we,are": 0.018223234624145785, "<s>,in": 0.011389521640091117, "to,the": 0.03416856492027335, "lords,i": 0.01366742596810934, "i,beg": 0.011389521640091117, "beg,to": 0.011389521640091117, "with,the": 0.018223234624145785, "of,the": 0.07517084282460136, "<s>,i": 0.01366742596810934, "in,the": 0.025056947608200455, "by,the": 0.011389521640091117, "<s>,we": 0.04783599088838269, "<s>,the": 0.025056947608200455, "will,be": 0.011389521640091117, "i,am": 0.011389521640091117, "that,the": 0.02050113895216401, "the,house": 0.018223234624145785, "by,my": 0.011389521640091117, "my,right": 0.018223234624145785, "right,honourable": 0.018223234624145785, "honourable,friend": 0.018223234624145785, "friend,the": 0.018223234624145785, "human,rights": 0.011389521640091117, "and,the": 0.011389521640091117, "the,noble": 0.01366742596810934, "on,th": 0.011389521640091117}