{"<cs>,my": 0.030999107939339875, "my,lords": 0.03278322925958965, "lords,it": 0.001784121320249777, "it,is": 0.016057091882247992, "to,be": 0.006913470115967886, "in,a": 0.0044603033006244425, "debate,<e>": 0.0022301516503122213, "<e>,<s>": 0.08563782337198929, "<s>,i": 0.020517395182872437, "to,a": 0.002007136485280999, "one,of": 0.0015611061552185548, "in,that": 0.0011150758251561106, "that,the": 0.007582515611061552, "the,noble": 0.02207850133809099, "noble,lord": 0.017395182872435324, "lord,lord": 0.013380909901873328, "did,not": 0.0022301516503122213, "noble,friend": 0.017395182872435324, "to,make": 0.0013380909901873326, "he,might": 0.0013380909901873326, "might,have": 0.0015611061552185548, "<s>,he": 0.004014272970561998, "have,been": 0.0028991971454058875, "if,the": 0.0026761819803746653, "he,has": 0.003345227475468332, "has,been": 0.0028991971454058875, "may,i": 0.0031222123104371097, "to,do": 0.005129348795718109, "do,with": 0.0024531668153434435, "with,the": 0.005129348795718109, "of,the": 0.018510258697591438, "the,debate": 0.0011150758251561106, "her,majestys": 0.0022301516503122213, "majestys,government": 0.002007136485280999, "may,be": 0.0031222123104371097, "my,noble": 0.01784121320249777, "of,my": 0.0031222123104371097, "friend,lord": 0.006690454950936664, "that,a": 0.0013380909901873326, "by,a": 0.0013380909901873326, "lords,is": 0.0022301516503122213, "is,my": 0.0024531668153434435, "on,the": 0.00936663693131133, "to,say": 0.004683318465655665, "lords,may": 0.0013380909901873326, "i,ask": 0.0015611061552185548, "to,the": 0.012488849241748439, "as,it": 0.0011150758251561106, "is,to": 0.003345227475468332, "by,the": 0.00423728813559322, "and,the": 0.003345227475468332, "is,a": 0.005129348795718109, "to,have": 0.0015611061552185548, "have,to": 0.0011150758251561106, "to,follow": 0.001784121320249777, "<s>,it": 0.006467439785905442, "it,would": 0.0015611061552185548, "would,be": 0.003568242640499554, "but,i": 0.0028991971454058875, "i,suspect": 0.0011150758251561106, "that,it": 0.0053523639607493305, "that,they": 0.002007136485280999, "do,not": 0.008920606601248885, "<s>,therefore": 0.0013380909901873326, "or,the": 0.0011150758251561106, "the,other": 0.0011150758251561106, "i,am": 0.012265834076717217, "i,believe": 0.002007136485280999, "with,respect": 0.0011150758251561106, "i,think": 0.00825156110615522, "think,that": 0.0044603033006244425, "that,i": 0.009143621766280106, "lords,i": 0.014272970561998216, "i,should": 0.003345227475468332, "should,like": 0.002007136485280999, "like,to": 0.0028991971454058875, "to,ask": 0.0044603033006244425, "whether,he": 0.0015611061552185548, "the,government": 0.002007136485280999, "a,little": 0.0011150758251561106, "in,the": 0.010258697591436218, "a,question": 0.0011150758251561106, "that,is": 0.0044603033006244425, "<s>,my": 0.0011150758251561106, "he,is": 0.0028991971454058875, "<s>,we": 0.0026761819803746653, "we,have": 0.0031222123104371097, "for,the": 0.005575379125780553, "to,me": 0.001784121320249777, "him,<e>": 0.001784121320249777, "he,will": 0.0013380909901873326, "this,<e>": 0.002007136485280999, "he,said": 0.0011150758251561106, "there,are": 0.001784121320249777, "has,not": 0.0011150758251561106, "which,i": 0.003345227475468332, "<s>,there": 0.0013380909901873326, "there,is": 0.0026761819803746653, "a,very": 0.0015611061552185548, "else,<e>": 0.0011150758251561106, "is,not": 0.003791257805530776, "not,the": 0.001784121320249777, "the,case": 0.0011150758251561106, "which,is": 0.0031222123104371097, "is,<e>": 0.0013380909901873326, "so,<e>": 0.0011150758251561106, "must,be": 0.0015611061552185548, "the,same": 0.0011150758251561106, "so,far": 0.0011150758251561106, "i,have": 0.006913470115967886, "at,all": 0.003345227475468332, "that,<e>": 0.0011150758251561106, "all,<e>": 0.0015611061552185548, "i,did": 0.001784121320249777, "sure,that": 0.0013380909901873326, "it,was": 0.003345227475468332, "was,the": 0.0015611061552185548, "<s>,however": 0.0013380909901873326, "the,matter": 0.0013380909901873326, "<s>,the": 0.005798394290811775, "the,point": 0.0022301516503122213, "is,that": 0.0026761819803746653, "that,we": 0.0024531668153434435, "people,who": 0.0013380909901873326, "referred,to": 0.0011150758251561106, "of,a": 0.0026761819803746653, "that,there": 0.0022301516503122213, "be,a": 0.0022301516503122213, "i,hope": 0.0026761819803746653, "hope,that": 0.0015611061552185548, "i,may": 0.0022301516503122213, "at,this": 0.0011150758251561106, "i,do": 0.00847457627118644, "in,any": 0.0013380909901873326, "in,fact": 0.0015611061552185548, "if,i": 0.0024531668153434435, "noble,and": 0.0015611061552185548, "and,it": 0.0015611061552185548, "the,british": 0.0015611061552185548, "we,are": 0.0024531668153434435, "fact,that": 0.0011150758251561106, "answer,to": 0.0011150758251561106, "to,this": 0.0013380909901873326, "this,question": 0.0011150758251561106, "will,be": 0.001784121320249777, "friend,aware": 0.0013380909901873326, "aware,that": 0.0028991971454058875, "on,a": 0.0013380909901873326, "is,the": 0.004014272970561998, "<s>,if": 0.0044603033006244425, "the,bill": 0.0026761819803746653, "the,local": 0.0011150758251561106, "local,authority": 0.0013380909901873326, "a,good": 0.0015611061552185548, "lord,somers": 0.001784121320249777, "<s>,as": 0.002007136485280999, "a,great": 0.0022301516503122213, "of,it": 0.0013380909901873326, "it,in": 0.0015611061552185548, "the,first": 0.0026761819803746653, "when,i": 0.0015611061552185548, "out,of": 0.0011150758251561106, "about,the": 0.0015611061552185548, "and,i": 0.005798394290811775, "i,wish": 0.0022301516503122213, "was,a": 0.002007136485280999, "on,behalf": 0.0011150758251561106, "behalf,of": 0.0011150758251561106, "if,he": 0.0013380909901873326, "inclined,to": 0.0011150758251561106, "to,think": 0.0011150758251561106, "to,which": 0.0013380909901873326, "i,would": 0.0015611061552185548, "him,to": 0.0011150758251561106, "in,this": 0.0015611061552185548, "it,as": 0.0011150758251561106, "as,a": 0.002007136485280999, "think,i": 0.0013380909901873326, "which,we": 0.0013380909901873326, "this,debate": 0.002007136485280999, "<cs>,i": 0.005129348795718109, "am,not": 0.0024531668153434435, "lord,kilbracken": 0.0022301516503122213, "as,i": 0.0011150758251561106, "your,lordships": 0.0031222123104371097, "refer,to": 0.0015611061552185548, "a,small": 0.0015611061552185548, "not,a": 0.0022301516503122213, "and,if": 0.0011150758251561106, "of,this": 0.0024531668153434435, "this,bill": 0.001784121320249777, "<s>,this": 0.0024531668153434435, "in,his": 0.0015611061552185548, "amendment,<e>": 0.002007136485280999, "the,whole": 0.0024531668153434435, "at,the": 0.0022301516503122213, "<s>,in": 0.0015611061552185548, "to,get": 0.0011150758251561106, "as,the": 0.0022301516503122213, "me,to": 0.0013380909901873326, "wish,to": 0.001784121320249777, "that,this": 0.003568242640499554, "this,amendment": 0.0022301516503122213, "know,that": 0.0013380909901873326, "noble,lords": 0.0031222123104371097, "with,a": 0.0011150758251561106, "number,of": 0.0011150758251561106, "to,move": 0.0011150758251561106, "<s>,what": 0.001784121320249777, "what,the": 0.002007136485280999, "the,committee": 0.0013380909901873326, "no,<e>": 0.0011150758251561106, "it,<e>": 0.003791257805530776, "was,not": 0.001784121320249777, "not,to": 0.0011150758251561106, "my,name": 0.0026761819803746653, "from,the": 0.0044603033006244425, "lordships,will": 0.0013380909901873326, "time,i": 0.0011150758251561106, "the,amendment": 0.00423728813559322, "to,that": 0.0011150758251561106, "say,that": 0.0031222123104371097, "i,beg": 0.0044603033006244425, "beg,leave": 0.003568242640499554, "leave,to": 0.004014272970561998, "to,withdraw": 0.0015611061552185548, "withdraw,the": 0.0011150758251561106, "i,was": 0.001784121320249777, "to,what": 0.0013380909901873326, "not,know": 0.0022301516503122213, "<s>,perhaps": 0.0011150758251561106, "because,i": 0.002007136485280999, "this,is": 0.0028991971454058875,