{"<cs>,my": 0.08208955223880597, "my,lords": 0.0845771144278607, "lords,i": 0.024875621890547265, "i,beg": 0.012437810945273632, "beg,leave": 0.012437810945273632, "leave,to": 0.012437810945273632, "to,ask": 0.017412935323383085, "ask,the": 0.014925373134328358, "the,question": 0.014925373134328358, "question,which": 0.012437810945273632, "which,stands": 0.012437810945273632, "stands,in": 0.012437810945273632, "in,my": 0.014925373134328358, "my,name": 0.012437810945273632, "name,on": 0.012437810945273632, "on,the": 0.029850746268656716, "the,order": 0.012437810945273632, "order,paper": 0.012437810945273632, "paper,<e>": 0.012437810945273632, "the,minister": 0.022388059701492536, "minister,for": 0.012437810945273632, "for,that": 0.012437810945273632, "to,be": 0.02736318407960199, "of,the": 0.08706467661691543, "<e>,<s>": 0.12935323383084577, "is,a": 0.012437810945273632, "that,the": 0.017412935323383085, "the,noble": 0.03731343283582089, "noble,lord": 0.017412935323383085, "with,the": 0.01990049751243781, "lord,lord": 0.014925373134328358, "in,the": 0.01990049751243781, "in,this": 0.014925373134328358, "<s>,i": 0.014925373134328358, "<s>,the": 0.014925373134328358, "by,the": 0.017412935323383085, "the,community": 0.017412935323383085, "to,the": 0.017412935323383085, "that,it": 0.012437810945273632, "that,a": 0.012437810945273632, "it,is": 0.014925373134328358, "i,should": 0.012437810945273632}