{"<cs>,my": 0.025546835865753882, "my,lords": 0.02654867256637168, "lords,is": 0.0023376189681081983, "is,it": 0.0026715645349807983, "it,in": 0.0008348639171814994, "in,order": 0.0010018367006177993, "to,ask": 0.001502755050926699, "ask,the": 0.0013357822674903992, "the,noble": 0.017365169477375188, "noble,baroness": 0.003172482885289698, "lords,my": 0.0013357822674903992, "my,noble": 0.010686258139923193, "noble,friend": 0.010185339789614292, "in,this": 0.0021706461846718985, "the,bill": 0.003172482885289698, "which,i": 0.001502755050926699, "i,must": 0.0008348639171814994, "noble,lords": 0.0023376189681081983, "<e>,<s>": 0.09150108532309234, "<s>,however": 0.0010018367006177993, "of,course": 0.002504591751544498, "the,question": 0.0010018367006177993, "question,of": 0.0018367006177992986, "of,the": 0.023042244114209385, "we,should": 0.0016697278343629988, "what,we": 0.001502755050926699, "it,<e>": 0.002838537318417098, "<s>,therefore": 0.0020036734012355987, "i,am": 0.008181666388378694, "grateful,to": 0.0008348639171814994, "to,the": 0.008014693604942395, "baroness,lady": 0.0013357822674903992, "i,have": 0.006177992987143096, "have,had": 0.0013357822674903992, "education,<e>": 0.0011688094840540991, "<cs>,i": 0.006678911337451995, "this,is": 0.0016697278343629988, "<s>,of": 0.0010018367006177993, "will,not": 0.0016697278343629988, "<s>,it": 0.006678911337451995, "it,was": 0.002838537318417098, "the,other": 0.003172482885289698, "in,another": 0.0008348639171814994, "another,place": 0.0010018367006177993, "that,the": 0.011688094840540992, "the,best": 0.001502755050926699, "and,the": 0.0055101018533978965, "comprehensive,schools": 0.0020036734012355987, "was,not": 0.0011688094840540991, "not,a": 0.0016697278343629988, "a,little": 0.0011688094840540991, "than,the": 0.0013357822674903992, "grammar,schools": 0.0008348639171814994, "schools,and": 0.0010018367006177993, "<s>,i": 0.021372516279846387, "that,<e>": 0.0013357822674903992, "it,is": 0.011354149273668393, "<s>,when": 0.0018367006177992986, "when,the": 0.0011688094840540991, "and,then": 0.0013357822674903992, "to,go": 0.0011688094840540991, "go,to": 0.0011688094840540991, "to,a": 0.0013357822674903992, "i,think": 0.0055101018533978965, "know,that": 0.0018367006177992986, "that,there": 0.0036734012355985972, "there,are": 0.0021706461846718985, "a,good": 0.003005510101853398, "number,of": 0.0021706461846718985, "lords,i": 0.007847720821506095, "going,to": 0.0033394556687259976, "in,my": 0.001502755050926699, "speech,<e>": 0.0011688094840540991, "i,should": 0.004842210719652696, "should,like": 0.003172482885289698, "like,to": 0.004007346802471197, "to,take": 0.001502755050926699, "your,lordships": 0.004174319585907497, "schools,<e>": 0.0020036734012355987, "when,i": 0.0021706461846718985, "of,education": 0.0011688094840540991, "in,the": 0.01419268659208549, "the,act": 0.0021706461846718985, "act,was": 0.0008348639171814994, "to,be": 0.0073468024711971945, "as,i": 0.001502755050926699, "noble,lord": 0.012189013190849892, "lord,lord": 0.007847720821506095, "lord,alexander": 0.0010018367006177993, "alexander,of": 0.0008348639171814994, "<s>,we": 0.005677074636834196, "to,get": 0.0018367006177992986, "of,both": 0.0008348639171814994, "where,the": 0.0008348639171814994, "the,local": 0.0008348639171814994, "that,in": 0.0020036734012355987, "in,a": 0.0026715645349807983, "<s>,the": 0.007179829687760895, "the,whole": 0.0018367006177992986, "would,be": 0.0035064284521622974, "would,have": 0.0010018367006177993, "all,the": 0.002838537318417098, "whether,the": 0.0013357822674903992, "could,not": 0.0010018367006177993, "we,could": 0.0013357822674903992, "the,number": 0.0008348639171814994, "but,it": 0.001502755050926699, "that,my": 0.0010018367006177993, "you,cannot": 0.0008348639171814994, "many,of": 0.0011688094840540991, "what,the": 0.002504591751544498, "education,is": 0.0008348639171814994, "is,that": 0.0020036734012355987, "that,one": 0.0010018367006177993, "and,a": 0.001502755050926699, "sort,of": 0.0010018367006177993, "and,it": 0.0011688094840540991, "it,has": 0.0011688094840540991, "has,been": 0.0033394556687259976, "we,have": 0.002838537318417098, "<s>,if": 0.0026715645349807983, "if,we": 0.0020036734012355987, "not,have": 0.0011688094840540991, "as,a": 0.0013357822674903992, "those,who": 0.0018367006177992986, "come,from": 0.0010018367006177993, "<s>,that": 0.0026715645349807983, "that,is": 0.004341292369343797, "is,a": 0.0046752379362163966, "i,was": 0.002838537318417098, "saying,that": 0.0008348639171814994, "by,the": 0.002838537318417098, "now,<e>": 0.0013357822674903992, "sympathy,with": 0.0010018367006177993, "should,be": 0.003005510101853398, "bill,<e>": 0.0011688094840540991, "<s>,what": 0.0013357822674903992, "what,is": 0.0011688094840540991, "children,<e>": 0.0011688094840540991, "have,a": 0.002838537318417098, "the,amendment": 0.002504591751544498, "amendment,<e>": 0.002504591751544498, "i,do": 0.005009183503088996, "do,not": 0.006678911337451995, "<s>,but": 0.0020036734012355987, "in,all": 0.0010018367006177993, "and,i": 0.004508265152780097, "wonder,whether": 0.0008348639171814994, "we,want": 0.0011688094840540991, "want,to": 0.0021706461846718985, "to,have": 0.002838537318417098, "<s>,in": 0.0018367006177992986, "there,was": 0.0010018367006177993, "they,were": 0.0008348639171814994, "is,going": 0.0011688094840540991, "way,in": 0.0008348639171814994, "<s>,do": 0.0008348639171814994, "to,say": 0.0021706461846718985, "about,the": 0.0021706461846718985, "i,cannot": 0.0008348639171814994, "say,that": 0.001502755050926699, "that,i": 0.004007346802471197, "have,been": 0.0026715645349807983, "more,than": 0.0008348639171814994, "the,first": 0.0018367006177992986, "of,a": 0.0011688094840540991, "other,place": 0.0008348639171814994, "<s>,so": 0.0010018367006177993, "i,know": 0.0016697278343629988, "this,house": 0.0020036734012355987, "that,we": 0.005677074636834196, "with,the": 0.004174319585907497, "house,<e>": 0.0011688094840540991, "may,be": 0.0010018367006177993, "but,i": 0.0020036734012355987, "think,that": 0.0046752379362163966, "that,it": 0.0026715645349807983, "is,very": 0.001502755050926699, "to,do": 0.0036734012355985972, "with,which": 0.0008348639171814994, "for,that": 0.0008348639171814994, "for,a": 0.0018367006177992986, "did,not": 0.0016697278343629988, "from,the": 0.003005510101853398, "as,well": 0.0013357822674903992, "but,if": 0.0011688094840540991, "very,much": 0.002838537318417098, "and,that": 0.0020036734012355987, "said,that": 0.0021706461846718985, "that,if": 0.0013357822674903992, "on,this": 0.0010018367006177993, "this,bill": 0.0008348639171814994, "i,did": 0.0010018367006177993, "on,the": 0.004842210719652696, "a,very": 0.0036734012355985972, "are,not": 0.0016697278343629988, "as,the": 0.002504591751544498, "and,for": 0.0008348639171814994, "is,<e>": 0.0008348639171814994, "lords,as": 0.0010018367006177993, "we,are": 0.002838537318417098, "are,very": 0.0010018367006177993, "to,my": 0.0008348639171814994, "friend,lord": 0.003172482885289698, "to,this": 0.0008348639171814994, "is,the": 0.002838537318417098, "the,most": 0.0008348639171814994, "not,only": 0.0013357822674903992, "this,country": 0.001502755050926699, "<s>,he": 0.002504591751544498, "he,has": 0.0013357822674903992, "can,my": 0.0008348639171814994, "will,be": 0.002504591751544498, "be,made": 0.0008348639171814994, "we,do": 0.0013357822674903992, "are,a": 0.0008348639171814994, "the,house": 0.0023376189681081983, "<s>,this": 0.0011688094840540991, "the,minister": 0.004007346802471197, "me,<e>": 0.0008348639171814994, "to,what": 0.0008348639171814994, "may,i": 0.002838537318417098, "i,ask": 0.002838537318417098, "is,not": 0.004341292369343797, "not,the": 0.0011688094840540991, "at,the": 0.002838537318417098, "the,way": 0.0010018367006177993, "in,which": 0.0013357822674903992, "which,the": 0.0010018367006177993, "because,it": 0.0013357822674903992, "we,were": 0.0008348639171814994,