{"<cs>,my": 0.02670057215511761, "my,lords": 0.02670057215511761, "lords,i": 0.018436109345200253, "to,my": 0.006357279084551812, "because,it": 0.003178639542275906, "it,is": 0.012078830260648443, "that,i": 0.007628734901462174, "i,have": 0.0050858232676414495, "your,lordships": 0.006357279084551812, "of,the": 0.020343293070565798, "the,noble": 0.013350286077558804, "this,debate": 0.0050858232676414495, "which,is": 0.003814367450731087, "is,a": 0.004450095359186269, "i,too": 0.00572155117609663, "should,like": 0.01144310235219326, "like,to": 0.013350286077558804, "to,thank": 0.0050858232676414495, "thank,the": 0.003814367450731087, "noble,lord": 0.008900190718372537, "lord,lord": 0.009535918626827717, "for,introducing": 0.004450095359186269, "introducing,this": 0.003814367450731087, "<e>,<s>": 0.11379529561347743, "<s>,i": 0.043865225683407505, "i,may": 0.004450095359186269, "my,noble": 0.03305785123966942, "noble,friend": 0.029243483788938335, "friend,lord": 0.010171646535282899, "to,the": 0.013350286077558804, "that,we": 0.003178639542275906, "the,bill": 0.012078830260648443, "i,am": 0.026064844246662427, "am,very": 0.003178639542275906, "in,the": 0.015257469802924348, "the,debate": 0.004450095359186269, "the,government": 0.0050858232676414495, "<cs>,i": 0.013986013986013986, "i,hope": 0.0050858232676414495, "hope,that": 0.003814367450731087, "that,the": 0.01144310235219326, "and,that": 0.003178639542275906, "to,me": 0.00572155117609663, "seems,to": 0.00572155117609663, "to,be": 0.0050858232676414495, "there,are": 0.003178639542275906, "i,support": 0.003178639542275906, "support,the": 0.0050858232676414495, "the,amendment": 0.019707565162110616, "for,the": 0.008264462809917356, "by,my": 0.00572155117609663, "<s>,the": 0.01144310235219326, "that,he": 0.0050858232676414495, "to,make": 0.006357279084551812, "amendment,<e>": 0.01080737444373808, "<s>,it": 0.007628734901462174, "it,seems": 0.004450095359186269, "the,governments": 0.003178639542275906, "bill,<e>": 0.006993006993006993, "and,i": 0.0050858232676414495, "i,shall": 0.004450095359186269, "of,this": 0.004450095359186269, "noble,and": 0.004450095359186269, "and,learned": 0.004450095359186269, "learned,lord": 0.003178639542275906, "it,<e>": 0.0050858232676414495, "i,should": 0.013350286077558804, "point,<e>": 0.003178639542275906, "should,be": 0.003814367450731087, "there,is": 0.004450095359186269, "this,bill": 0.00572155117609663, "by,the": 0.0050858232676414495, "with,the": 0.003178639542275906, "of,my": 0.003814367450731087, "number,of": 0.004450095359186269, "me,that": 0.004450095359186269, "in,this": 0.003814367450731087, "what,is": 0.003814367450731087, "in,a": 0.00572155117609663, "i,believe": 0.008264462809917356, "believe,that": 0.007628734901462174, "this,amendment": 0.008264462809917356, "i,thank": 0.003178639542275906, "<s>,this": 0.003178639542275906, "does,not": 0.003178639542275906, "that,this": 0.004450095359186269, "from,the": 0.003178639542275906, "that,my": 0.0050858232676414495, "friend,the": 0.00572155117609663, "the,minister": 0.008900190718372537, "for,a": 0.003814367450731087, "will,be": 0.003814367450731087, "thank,my": 0.004450095359186269, "what,he": 0.0050858232676414495, "debate,<e>": 0.003178639542275906, "has,been": 0.003814367450731087, "on,the": 0.004450095359186269, "at,this": 0.0050858232676414495, "perhaps,i": 0.003178639542275906, "he,said": 0.003814367450731087, "said,about": 0.003814367450731087, "about,the": 0.0050858232676414495, "amendment,no": 0.006357279084551812, "no,<e>": 0.006993006993006993, "that,it": 0.003814367450731087, "do,not": 0.003178639542275906, "am,grateful": 0.006357279084551812, "grateful,to": 0.00572155117609663, "the,fact": 0.003178639542275906, "fact,that": 0.003178639542275906, "friend,for": 0.00572155117609663, "for,his": 0.003178639542275906, "<s>,however": 0.0050858232676414495, "however,i": 0.003814367450731087, "is,an": 0.003814367450731087, "i,wish": 0.003178639542275906, "wish,to": 0.004450095359186269, "the,copyright": 0.003178639542275906, "i,beg": 0.006357279084551812, "beg,leave": 0.004450095359186269, "leave,to": 0.004450095359186269, "to,withdraw": 0.004450095359186269, "withdraw,the": 0.004450095359186269}