{"<cs>,my": 0.03670886075949367, "my,lords": 0.035443037974683546, "it,is": 0.02278481012658228, "the,noble": 0.0620253164556962, "noble,lord": 0.03417721518987342, "lord,lord": 0.02278481012658228, "<e>,<s>": 0.1379746835443038, "of,the": 0.016455696202531647, "i,do": 0.012658227848101266, "do,not": 0.013924050632911392, "think,that": 0.007594936708860759, "that,i": 0.012658227848101266, "i,should": 0.016455696202531647, "should,be": 0.006329113924050633, "to,say": 0.016455696202531647, "and,i": 0.013924050632911392, "i,shall": 0.006329113924050633, "i,think": 0.013924050632911392, "<s>,i": 0.04177215189873418, "what,i": 0.006329113924050633, "that,the": 0.021518987341772152, "in,the": 0.013924050632911392, "the,debate": 0.006329113924050633, "thought,that": 0.006329113924050633, "that,it": 0.008860759493670886, "it,was": 0.010126582278481013, "agree,that": 0.007594936708860759, "lords,before": 0.007594936708860759, "before,the": 0.010126582278481013, "sits,down": 0.006329113924050633, "may,i": 0.016455696202531647, "say,that": 0.008860759493670886, "to,the": 0.008860759493670886, "on,the": 0.013924050632911392, "and,the": 0.006329113924050633, "i,would": 0.008860759493670886, "that,is": 0.006329113924050633, "<s>,it": 0.015189873417721518, "in,a": 0.008860759493670886, "a,very": 0.010126582278481013, "this,amendment": 0.006329113924050633, "monopoly,situation": 0.006329113924050633, "it,means": 0.006329113924050633, "in,this": 0.006329113924050633, "a,monopoly": 0.008860759493670886, "the,liberal": 0.007594936708860759, "<s>,the": 0.01139240506329114, "is,a": 0.017721518987341773, "i,ask": 0.006329113924050633, "on,this": 0.006329113924050633, "agree,with": 0.007594936708860759, "with,the": 0.010126582278481013, "but,i": 0.008860759493670886, "is,not": 0.007594936708860759, "to,be": 0.006329113924050633, "lords,i": 0.008860759493670886, "this,is": 0.008860759493670886, "i,am": 0.016455696202531647, "am,not": 0.007594936708860759, "should,like": 0.010126582278481013, "like,to": 0.008860759493670886, "noble,baroness": 0.006329113924050633, "did,not": 0.007594936708860759, "i,believe": 0.006329113924050633, "should,have": 0.006329113924050633, "want,to": 0.007594936708860759, "that,this": 0.006329113924050633, "lords,may": 0.007594936708860759, "the,house": 0.007594936708860759, "not,a": 0.006329113924050633, "noble,earl": 0.007594936708860759, "has,been": 0.006329113924050633}