{"<cs>,my": 0.04715302491103203, "my,lords": 0.04804270462633452, "lords,i": 0.009786476868327402, "of,the": 0.027580071174377226, "the,house": 0.012455516014234875, "as,i": 0.004448398576512456, "for,the": 0.009786476868327402, "<e>,<s>": 0.12455516014234876, "noble,lord": 0.02224199288256228, "in,this": 0.010676156583629894, "this,house": 0.010676156583629894, "house,will": 0.004448398576512456, "<s>,i": 0.033807829181494664, "another,place": 0.00800711743772242, "people,who": 0.004448398576512456, "i,am": 0.008896797153024912, "to,the": 0.03202846975088968, "the,minister": 0.019572953736654804, "<s>,is": 0.005338078291814947, "there,is": 0.011565836298932384, "the,noble": 0.029359430604982206, "that,we": 0.00800711743772242, "to,be": 0.015124555160142349, "they,are": 0.004448398576512456, "with,the": 0.0071174377224199285, "it,is": 0.015124555160142349, "is,a": 0.008896797153024912, "will,be": 0.0071174377224199285, "we,are": 0.00800711743772242, "noble,lords": 0.006227758007117438, "lords,in": 0.005338078291814947, "lord,lord": 0.011565836298932384, "<s>,it": 0.009786476868327402, "lords,will": 0.004448398576512456, "will,the": 0.005338078291814947, "that,this": 0.004448398576512456, "have,been": 0.005338078291814947, "by,the": 0.00800711743772242, "and,that": 0.005338078291814947, "the,united": 0.004448398576512456, "lords,is": 0.00800711743772242, "is,the": 0.008896797153024912, "minister,aware": 0.0071174377224199285, "aware,that": 0.009786476868327402, "that,the": 0.016903914590747332, "that,they": 0.0071174377224199285, "those,who": 0.011565836298932384, "who,are": 0.008896797153024912, "i,hope": 0.0071174377224199285, "hope,that": 0.005338078291814947, "we,shall": 0.006227758007117438, "<cs>,i": 0.005338078291814947, "i,have": 0.00800711743772242, "to,those": 0.004448398576512456, "that,there": 0.010676156583629894, "should,be": 0.004448398576512456, "at,all": 0.006227758007117438, "<s>,the": 0.009786476868327402, "has,been": 0.005338078291814947, "the,bill": 0.005338078291814947, "that,it": 0.008896797153024912, "agree,that": 0.004448398576512456, "in,the": 0.020462633451957295, "there,are": 0.0071174377224199285, "people,in": 0.004448398576512456, "be,a": 0.004448398576512456, "the,government": 0.008896797153024912, "they,will": 0.004448398576512456, "<s>,we": 0.008896797153024912, "we,have": 0.0071174377224199285, "that,i": 0.0071174377224199285, "the,other": 0.005338078291814947, "other,place": 0.005338078291814947, "realise,that": 0.005338078291814947, "of,this": 0.004448398576512456, "on,this": 0.0071174377224199285, "of,our": 0.006227758007117438, "it,not": 0.004448398576512456, "on,the": 0.005338078291814947, "the,right": 0.0071174377224199285, "and,the": 0.005338078291814947, "noble,baroness": 0.006227758007117438, "<s>,if": 0.004448398576512456, "with,great": 0.004448398576512456, "i,was": 0.004448398576512456, "right,reverend": 0.004448398576512456, "is,not": 0.006227758007117438, "bear,in": 0.004448398576512456, "in,mind": 0.004448398576512456, "mind,that": 0.004448398576512456, "will,he": 0.004448398576512456, "to,have": 0.004448398576512456, "<s>,he": 0.005338078291814947, "to,his": 0.004448398576512456, "that,he": 0.004448398576512456, "to,do": 0.005338078291814947}