{"<cs>,my": 0.043780230683368476, "my,lords": 0.04390425399975195, "lords,is": 0.007069329033858365, "my,noble": 0.003968746124271363, "noble,friend": 0.0037206994915044028, "aware,that": 0.006077142502790524, "that,there": 0.0044648393898052835, "will,be": 0.0022324196949026417, "in,this": 0.005333002604489644, "this,country": 0.0029765595932035225, "of,all": 0.0007441398983008806, "in,fact": 0.002356443011286122, "many,people": 0.0006201165819174004, "very,much": 0.0011162098474513209, "lords,will": 0.006697259084707925, "her,majestys": 0.0007441398983008806, "majestys,government": 0.0007441398983008806, "of,the": 0.017115217660920255, "to,the": 0.008309562197693167, "the,fact": 0.0028525362768200423, "fact,that": 0.0028525362768200423, "in,the": 0.01165819174004713, "<e>,<s>": 0.0535780726776634, "<s>,because": 0.0006201165819174004, "on,the": 0.008433585514076646, "the,sea": 0.0006201165819174004, "lords,i": 0.006077142502790524, "i,beg": 0.0009921865310678407, "beg,leave": 0.0009921865310678407, "leave,to": 0.0009921865310678407, "to,ask": 0.0014882797966017612, "ask,the": 0.0016123031129852412, "the,question": 0.0018603497457522014, "question,which": 0.0008681632146843607, "in,my": 0.0014882797966017612, "my,name": 0.0008681632146843607, "name,on": 0.0008681632146843607, "the,order": 0.001364256480218281, "order,paper": 0.001364256480218281, "paper,<e>": 0.0011162098474513209, "lords,may": 0.0018603497457522014, "may,i": 0.0028525362768200423, "i,thank": 0.0007441398983008806, "thank,the": 0.0011162098474513209, "the,noble": 0.034726528587374426, "noble,lord": 0.023068336847327297, "lord,for": 0.0007441398983008806, "for,that": 0.0008681632146843607, "<s>,is": 0.008061515564926207, "is,he": 0.0021083963785191616, "he,aware": 0.001364256480218281, "that,the": 0.01351854148579933, "this,question": 0.001364256480218281, "that,i": 0.0037206994915044028, "i,had": 0.0006201165819174004, "by,the": 0.004216792757038323, "they,did": 0.0006201165819174004, "did,not": 0.0006201165819174004, "not,know": 0.0006201165819174004, "that,they": 0.002356443011286122, "right,to": 0.0006201165819174004, "it,<e>": 0.0016123031129852412, "<s>,they": 0.001364256480218281, "and,the": 0.002728512960436562, "of,their": 0.0011162098474513209, "<s>,i": 0.006697259084707925, "i,have": 0.0028525362768200423, "of,a": 0.0029765595932035225, "a,number": 0.002604489644053082, "number,of": 0.005208979288106164, "of,other": 0.0007441398983008806, "other,people": 0.0006201165819174004, "people,who": 0.001364256480218281, "into,the": 0.0008681632146843607, "the,same": 0.0014882797966017612, "if,they": 0.001364256480218281, "is,it": 0.005457025920873124, "possible,to": 0.001364256480218281, "to,give": 0.0012402331638348009, "to,this": 0.0014882797966017612, "this,matter": 0.0014882797966017612, "so,that": 0.0012402331638348009, "what,they": 0.0009921865310678407, "will,the": 0.007069329033858365, "lord,not": 0.0019843730621356814, "not,agree": 0.0033486295423539626, "agree,that": 0.007689445615775766, "that,a": 0.0017363264293687214, "a,very": 0.003472652858737443, "very,good": 0.0007441398983008806, "the,best": 0.0011162098474513209, "that,we": 0.0035966761751209226, "for,the": 0.004216792757038323, "government,to": 0.0006201165819174004, "we,are": 0.0022324196949026417, "are,very": 0.0006201165819174004, "willing,to": 0.0008681632146843607, "if,the": 0.0014882797966017612, "to,do": 0.0035966761751209226, "do,so": 0.0014882797966017612, "so,<e>": 0.0012402331638348009, "we,have": 0.0021083963785191616, "lords,would": 0.004712886022572244, "would,the": 0.003968746124271363, "put,to": 0.0007441398983008806, "lord,consider": 0.0007441398983008806, "this,point": 0.0006201165819174004, "who,have": 0.0016123031129852412, "able,to": 0.0029765595932035225, "to,use": 0.0006201165819174004, "for,a": 0.002356443011286122, "such,as": 0.0006201165819174004, "who,has": 0.0006201165819174004, "that,he": 0.0011162098474513209, "he,is": 0.0009921865310678407, "<s>,will": 0.0017363264293687214, "will,he": 0.0009921865310678407, "consider,whether": 0.0006201165819174004, "might,be": 0.0009921865310678407, "form,of": 0.0012402331638348009, "as,to": 0.0009921865310678407, "to,make": 0.0021083963785191616, "them,to": 0.0009921865310678407, "which,i": 0.0008681632146843607, "i,am": 0.005208979288106164, "am,sure": 0.0009921865310678407, "will,my": 0.0006201165819174004, "to,be": 0.009053702095994046, "be,given": 0.0007441398983008806, "given,to": 0.0006201165819174004, "<s>,it": 0.002728512960436562, "not,only": 0.0009921865310678407, "to,a": 0.0017363264293687214, "and,also": 0.0008681632146843607, "is,the": 0.0074413989830088055, "lord,aware": 0.0014882797966017612, "that,this": 0.002604489644053082, "part,of": 0.0017363264293687214, "caused,by": 0.0007441398983008806, "lords,while": 0.0011162098474513209, "that,it": 0.003844722807887883, "it,is": 0.006945305717474886, "all,these": 0.0006201165819174004, "should,be": 0.004588862706188764, "there,are": 0.002604489644053082, "the,world": 0.0022324196949026417, "which,would": 0.001364256480218281, "would,be": 0.0031005829095870022, "at,a": 0.0007441398983008806, "us,<e>": 0.0006201165819174004, "<s>,can": 0.0016123031129852412, "not,be": 0.003968746124271363, "would,it": 0.0011162098474513209, "it,not": 0.0062011658191740045, "be,a": 0.0032246062259704824, "not,to": 0.0008681632146843607, "to,have": 0.0024804663276696017, "has,the": 0.0017363264293687214, "to,their": 0.0009921865310678407, "as,one": 0.0007441398983008806, "from,the": 0.0022324196949026417, "in,some": 0.0007441398983008806, "there,is": 0.005333002604489644, "is,not": 0.0033486295423539626, "not,the": 0.0032246062259704824, "as,a": 0.0031005829095870022, "way,of": 0.0007441398983008806, "the,value": 0.0006201165819174004, "of,these": 0.001364256480218281, "is,to": 0.0017363264293687214, "them,<e>": 0.0014882797966017612, "i,think": 0.0007441398983008806, "i,should": 0.001364256480218281, "noble,lords": 0.0019843730621356814, "to,move": 0.0009921865310678407, "with,the": 0.0019843730621356814, "<s>,however": 0.0007441398983008806, "happy,to": 0.0006201165819174004, "to,tell": 0.0006201165819174004, "your,lordships": 0.0006201165819174004, "of,it": 0.0006201165819174004, "which,were": 0.0006201165819174004, "is,no": 0.0008681632146843607, "me,to": 0.0009921865310678407, "<s>,therefore": 0.0006201165819174004, "would,have": 0.0006201165819174004, "and,to": 0.0007441398983008806, "to,say": 0.0011162098474513209, "is,this": 0.0012402331638348009, "this,not": 0.0012402331638348009, "not,a": 0.0017363264293687214, "state,of": 0.0006201165819174004, "does,it": 0.0007441398983008806, "this,house": 0.0021083963785191616, "some,of": 0.0011162098474513209, "lords,in": 0.0016123031129852412, "in,which": 0.002728512960436562, "the,next": 0.0006201165819174004, "which,is": 0.0019843730621356814, "noble,earl": 0.004340816073421803, "what,is": 0.0014882797966017612, "is,likely": 0.0008681632146843607, "likely,to": 0.0014882797966017612, "has,been": 0.0021083963785191616, "the,government": 0.0029765595932035225, "it,has": 0.0012402331638348009, "have,been": 0.003844722807887883, "which,was": 0.0007441398983008806, "<s>,but": 0.0007441398983008806, "which,have": 0.0008681632146843607, "be,made": 0.0012402331638348009, "at,this": 0.0012402331638348009, "tell,us": 0.0009921865310678407, "the,very": 0.0007441398983008806, "noble,and": 0.0006201165819174004, "and,learned": 0.0006201165819174004, "learned,lord": 0.0006201165819174004, "i,wonder": 0.0014882797966017612, "wonder,whether": 0.0014882797966017612, "tell,me": 0.0016123031129852412, "in,a": 0.0022324196949026417, "of,this": 0.0022324196949026417, "of,those": 0.0012402331638348009, "those,who": 0.0017363264293687214, "who,are": 0.0022324196949026417, "to,take": 0.0006201165819174004, "can,the": 0.003968746124271363, "lord,tell": 0.0009921865310678407, "me,whether": 0.0012402331638348009, "whether,they": 0.0006201165819174004,