{"to,this": 0.0013290802764486975, "this,amendment": 0.004784688995215311, "<e>,<s>": 0.09436469962785753, "<s>,i": 0.023125996810207338, "the,amendment": 0.007177033492822967, "noble,lords": 0.004253056884635832, "lords,will": 0.0013290802764486975, "agree,that": 0.003987240829346092, "that,the": 0.011695906432748537, "has,been": 0.008771929824561403, "made,by": 0.001594896331738437, "by,my": 0.0013290802764486975, "my,noble": 0.020202020202020204, "noble,friend": 0.01701222753854333, "friend,the": 0.004253056884635832, "<s>,that": 0.0034556087187666137, "that,is": 0.006379585326953748, "is,a": 0.007708665603402445, "the,government": 0.0029239766081871343, "it,would": 0.002126528442317916, "should,be": 0.003721424774056353, "<cs>,the": 0.002126528442317916, "the,noble": 0.02631578947368421, "noble,lord": 0.018341307814992026, "lord,lord": 0.012493354598617756, "lord,mccarthy": 0.0013290802764486975, "to,be": 0.007442849548112706, "this,is": 0.003189792663476874, "a,very": 0.004253056884635832, "issue,<e>": 0.001594896331738437, "<s>,the": 0.007442849548112706, "the,fact": 0.002658160552897395, "fact,is": 0.0013290802764486975, "of,us": 0.0013290802764486975, "who,have": 0.0018607123870281765, "to,do": 0.0023923444976076554, "trade,unions": 0.001594896331738437, "in,industry": 0.0018607123870281765, "<s>,it": 0.007442849548112706, "it,is": 0.01541733120680489, "and,the": 0.003189792663476874, "in,the": 0.013290802764486975, "the,past": 0.0023923444976076554, "have,been": 0.002658160552897395, "to,have": 0.003987240829346092, "they,have": 0.0018607123870281765, "we,are": 0.004784688995215311, "we,should": 0.0018607123870281765, "should,like": 0.006911217437533227, "like,to": 0.007442849548112706, "it,<e>": 0.002126528442317916, "point,<e>": 0.0018607123870281765, "wish,to": 0.001594896331738437, "have,the": 0.0013290802764486975, "of,the": 0.025252525252525252, "the,bill": 0.005582137161084529, "bill,<e>": 0.002658160552897395, "will,be": 0.0029239766081871343, "aware,that": 0.0018607123870281765, "that,there": 0.004253056884635832, "there,are": 0.002658160552897395, "which,are": 0.001594896331738437, "is,not": 0.003987240829346092, "not,a": 0.001594896331738437, "he,has": 0.0023923444976076554, "of,a": 0.0018607123870281765, "is,the": 0.0034556087187666137, "from,the": 0.0023923444976076554, "that,i": 0.002126528442317916, "i,do": 0.0029239766081871343, "do,not": 0.004518872939925572, "lords,have": 0.001594896331738437, "in,order": 0.0018607123870281765, "order,to": 0.001594896331738437, "that,it": 0.004784688995215311, "because,i": 0.0013290802764486975, "i,think": 0.002658160552897395, "on,the": 0.008506113769271665, "point,of": 0.0018607123870281765, "of,view": 0.001594896331738437, "the,point": 0.003721424774056353, "industry,and": 0.001594896331738437, "amendment,would": 0.0013290802764486975, "per,cent": 0.001594896331738437, "cent,<e>": 0.001594896331738437, "<s>,if": 0.003721424774056353, "<s>,of": 0.0013290802764486975, "<s>,is": 0.002658160552897395, "is,that": 0.0023923444976076554, "<s>,we": 0.004784688995215311, "we,have": 0.0034556087187666137, "that,if": 0.0013290802764486975, "to,a": 0.003987240829346092, "<cs>,i": 0.006645401382243487, "i,have": 0.0023923444976076554, "with,the": 0.005050505050505051, "friend,lord": 0.006645401382243487, "<cs>,my": 0.02711323763955343, "my,lords": 0.02737905369484317, "lords,i": 0.008240297713981925, "think,that": 0.0013290802764486975, "that,this": 0.0029239766081871343, "for,the": 0.005582137161084529, "i,am": 0.006911217437533227, "it,has": 0.0023923444976076554, "this,debate": 0.002658160552897395, "there,is": 0.005050505050505051, "that,we": 0.005847953216374269, "of,all": 0.001594896331738437, "all,the": 0.003189792663476874, "if,we": 0.001594896331738437, "of,that": 0.001594896331738437, "kind,of": 0.0013290802764486975, "at,the": 0.002658160552897395, "i,should": 0.008240297713981925, "to,make": 0.004253056884635832, "on,this": 0.001594896331738437, "this,bill": 0.0018607123870281765, "may,i": 0.0018607123870281765, "to,the": 0.014354066985645933, "speech,<e>": 0.0018607123870281765, "the,great": 0.001594896331738437, "which,i": 0.002126528442317916, "i,shall": 0.0018607123870281765, "in,a": 0.002126528442317916, "to,support": 0.001594896331738437, "support,the": 0.0029239766081871343, "noble,baroness": 0.001594896331738437, "<s>,there": 0.001594896331738437, "which,is": 0.001594896331738437, "as,to": 0.001594896331738437, "deal,with": 0.001594896331738437, "it,will": 0.001594896331738437, "and,i": 0.0034556087187666137, "i,understand": 0.001594896331738437, "<s>,surely": 0.002126528442317916, "as,the": 0.002126528442317916, "it,could": 0.0013290802764486975, "be,made": 0.002126528442317916, "i,believe": 0.0034556087187666137, "a,few": 0.002126528442317916, "years,<e>": 0.0013290802764486975, "if,the": 0.0034556087187666137, "not,be": 0.0018607123870281765, "very,difficult": 0.0013290802764486975, "to,deal": 0.0013290802764486975, "as,a": 0.001594896331738437, "made,a": 0.0013290802764486975, "hope,that": 0.002126528442317916, "for,a": 0.0013290802764486975, "i,may": 0.0018607123870281765, "ask,the": 0.0013290802764486975, "noble,earl": 0.003189792663476874, "is,he": 0.002126528442317916, "saying,that": 0.0013290802764486975, "lords,the": 0.0018607123870281765, "of,his": 0.0018607123870281765, "was,not": 0.001594896331738437, "that,point": 0.001594896331738437, "<s>,in": 0.0023923444976076554, "manufacturing,industry": 0.002126528442317916, "believe,that": 0.003189792663476874, "he,said": 0.0013290802764486975, "lord,boyd-carpenter": 0.0013290802764486975, "and,in": 0.002658160552897395, "in,particular": 0.0013290802764486975, "when,he": 0.0013290802764486975, "<s>,as": 0.0018607123870281765, "on,a": 0.0018607123870281765, "i,agree": 0.001594896331738437, "are,all": 0.0018607123870281765, "which,the": 0.002126528442317916, "put,forward": 0.002126528442317916, "i,support": 0.0018607123870281765, "is,it": 0.0013290802764486975, "it,not": 0.002126528442317916, "fact,that": 0.0018607123870281765, "the,house": 0.002126528442317916, "speech,of": 0.0018607123870281765, "but,i": 0.0013290802764486975, "i,was": 0.003721424774056353, "grateful,to": 0.004253056884635832, "in,this": 0.003987240829346092, "is,very": 0.0023923444976076554, "very,important": 0.003189792663476874, "which,we": 0.0013290802764486975, "not,to": 0.001594896331738437, "and,to": 0.0023923444976076554, "the,future": 0.001594896331738437, "future,<e>": 0.0013290802764486975, "point,that": 0.0018607123870281765, "i,hope": 0.001594896331738437, "said,<e>": 0.002126528442317916, "and,that": 0.0018607123870281765, "but,it": 0.001594896331738437, "industry,<e>": 0.0018607123870281765, "the,views": 0.0013290802764486975, "over,the": 0.002126528442317916, "about,the": 0.0018607123870281765, "<s>,however": 0.003721424774056353, "by,the": 0.004784688995215311, "the,secretary": 0.002658160552897395, "secretary,of": 0.0023923444976076554, "of,state": 0.0023923444976076554, "that,he": 0.003987240829346092, "would,be": 0.0018607123870281765, "to,say": 0.001594896331738437, "of,my": 0.0013290802764486975, "amendment,<e>": 0.005582137161084529, "is,no": 0.002126528442317916, "of,this": 0.003189792663476874, "he,is": 0.0013290802764486975, "we,all": 0.0018607123870281765, "the,first": 0.0013290802764486975, "a,great": 0.0013290802764486975, "noble,and": 0.0034556087187666137, "a,most": 0.001594896331738437, "of,life": 0.0013290802764486975, "those,who": 0.0013290802764486975, "earl,lord": 0.001594896331738437, "<s>,he": 0.002658160552897395, "he,was": 0.001594896331738437, "your,lordships": 0.001594896331738437, "lordships,house": 0.0013290802764486975, "<s>,but": 0.0018607123870281765, "who,are": 0.0013290802764486975, "to,ask": 0.0013290802764486975, "although,i": 0.0013290802764486975, "<s>,they": 0.0013290802764486975, "a,little": 0.001594896331738437, "that,<e>": 0.002658160552897395, "before,the": 0.002126528442317916,