{"<cs>,my": 0.05387205387205387, "my,lords": 0.05555555555555555, "i,should": 0.013468013468013467, "should,like": 0.010101010101010102, "like,to": 0.010101010101010102, "to,the": 0.025252525252525252, "the,noble": 0.045454545454545456, "noble,lord": 0.03367003367003367, "lord,lord": 0.02861952861952862, "of,the": 0.037037037037037035, "<e>,<s>": 0.13468013468013468, "to,be": 0.013468013468013467, "that,the": 0.018518518518518517, "<s>,i": 0.04040404040404041, "i,think": 0.018518518518518517, "in,the": 0.02356902356902357, "<s>,that": 0.011784511784511785, "to,me": 0.008417508417508417, "he,would": 0.008417508417508417, "i,was": 0.013468013468013467, "that,i": 0.018518518518518517, "<s>,it": 0.010101010101010102, "lords,i": 0.026936026936026935, "i,have": 0.011784511784511785, "my,noble": 0.050505050505050504, "noble,friend": 0.04713804713804714, "friend,lord": 0.018518518518518517, "years,ago": 0.010101010101010102, "when,i": 0.010101010101010102, "at,the": 0.008417508417508417, "what,my": 0.010101010101010102, "on,the": 0.011784511784511785, "of,my": 0.010101010101010102, "<s>,if": 0.011784511784511785, "in,this": 0.008417508417508417, "that,is": 0.013468013468013467, "and,that": 0.008417508417508417, "with,the": 0.013468013468013467, "a,little": 0.010101010101010102, "it,is": 0.018518518518518517, "that,it": 0.008417508417508417, "is,a": 0.015151515151515152, "<s>,the": 0.008417508417508417, "from,the": 0.011784511784511785, "noble,baroness": 0.008417508417508417, "i,am": 0.015151515151515152}