{"<cs>,my": 0.05008944543828265, "my,lords": 0.05008944543828265, "lords,i": 0.03398926654740608, "i,must": 0.01073345259391771, "the,noble": 0.04293381037567084, "noble,lords": 0.014311270125223614, "<e>,<s>": 0.1413237924865832, "<s>,i": 0.057245080500894455, "a,very": 0.008944543828264758, "in,the": 0.025044722719141325, "must,declare": 0.008944543828264758, "declare,an": 0.008944543828264758, "an,interest": 0.01073345259391771, "interest,in": 0.008944543828264758, "in,this": 0.016100178890876567, "this,subject": 0.008944543828264758, "i,am": 0.028622540250447227, "of,a": 0.01073345259391771, "as,a": 0.012522361359570662, "i,too": 0.01073345259391771, "should,like": 0.016100178890876567, "like,to": 0.016100178890876567, "to,the": 0.01967799642218247, "noble,lord": 0.03756708407871199, "lord,lord": 0.026833631484794274, "perhaps,i": 0.008944543828264758, "i,have": 0.012522361359570662, "your,lordships": 0.008944543828264758, "in,a": 0.008944543828264758, "i,should": 0.014311270125223614, "that,i": 0.02146690518783542, "with,the": 0.01073345259391771, "a,little": 0.008944543828264758, "which,is": 0.008944543828264758, "of,this": 0.008944543828264758, "by,the": 0.008944543828264758, "that,the": 0.012522361359570662, "from,the": 0.008944543828264758, "my,noble": 0.025044722719141325, "noble,friend": 0.023255813953488372, "friend,lord": 0.012522361359570662, "of,the": 0.03935599284436494, "there,is": 0.008944543828264758, "is,a": 0.012522361359570662, "of,my": 0.008944543828264758, "it,is": 0.01967799642218247, "<s>,it": 0.008944543828264758, "i,do": 0.01073345259391771, "do,not": 0.01073345259391771}