{"<cs>,my": 0.014478607450789003, "my,lords": 0.014315926468195867, "lords,i": 0.009272816007808687, "i,think": 0.007808687164470474, "think,i": 0.0016268098259313486, "i,am": 0.01268911664226452, "from,the": 0.0016268098259313486, "this,evening": 0.0016268098259313486, "at,least": 0.001301447860745079, "i,hope": 0.003253619651862697, "i,shall": 0.003090938669269562, "with,my": 0.0014641288433382138, "my,noble": 0.019684398893769318, "noble,friend": 0.014478607450789003, "friend,lord": 0.004880429477794046, "of,the": 0.02114852773710753, "i,was": 0.0019521717911176184, "very,much": 0.0019521717911176184, "<e>,<s>": 0.06962746054986173, "town,and": 0.0008134049129656743, "and,in": 0.0021148527737107534, "that,they": 0.0021148527737107534, "would,be": 0.004229705547421507, "be,the": 0.0021148527737107534, "that,we": 0.0029282576866764276, "be,able": 0.001301447860745079, "able,to": 0.0021148527737107534, "to,do": 0.0029282576866764276, "<s>,if": 0.004067024564828371, "if,i": 0.0027655767040832926, "i,can": 0.0019521717911176184, "in,that": 0.001138766878151944, "shall,be": 0.001301447860745079, "to,have": 0.002602895721490158, "and,perhaps": 0.0008134049129656743, "may,be": 0.0021148527737107534, "as,well": 0.0008134049129656743, "in,this": 0.003578981617048967, "to,what": 0.0009760858955588092, "what,i": 0.0017894908085244834, "will,be": 0.0027655767040832926, "think,that": 0.003253619651862697, "that,the": 0.009110135025215552, "the,noble": 0.016918822189686027, "noble,lord": 0.01106230681633317, "lord,lord": 0.009110135025215552, "have,been": 0.003741662599642102, "in,his": 0.0014641288433382138, "<s>,but": 0.0021148527737107534, "there,are": 0.002440214738897023, "that,have": 0.0009760858955588092, "made,<e>": 0.0008134049129656743, "that,is": 0.003904343582235237, "the,point": 0.002602895721490158, "view,of": 0.0008134049129656743, "they,are": 0.001138766878151944, "as,a": 0.002277533756303888, "a,matter": 0.0014641288433382138, "matter,of": 0.001301447860745079, "what,the": 0.002277533756303888, "<s>,it": 0.006832601268911664, "it,is": 0.009760858955588092, "in,the": 0.01106230681633317, "to,look": 0.001138766878151944, "look,at": 0.0014641288433382138, "one,of": 0.0019521717911176184, "<s>,i": 0.016268098259313486, "about,the": 0.003090938669269562, "which,we": 0.0008134049129656743, "have,to": 0.003253619651862697, "at,the": 0.004555067512607776, "the,same": 0.0009760858955588092, "made,by": 0.0008134049129656743, "by,my": 0.001138766878151944, "noble,baroness": 0.002602895721490158, "upon,this": 0.0008134049129656743, "this,matter": 0.002277533756303888, "to,say": 0.002440214738897023, "say,that": 0.0016268098259313486, "was,not": 0.0008134049129656743, "and,that": 0.0014641288433382138, "that,it": 0.003253619651862697, "am,afraid": 0.0009760858955588092, "that,i": 0.007157963234097934, "i,do": 0.004067024564828371, "do,not": 0.004880429477794046, "not,think": 0.0009760858955588092, "did,not": 0.001138766878151944, "have,no": 0.0008134049129656743, "<cs>,i": 0.009272816007808687, "member,of": 0.0009760858955588092, "the,committee": 0.003578981617048967, "committee,if": 0.0008134049129656743, "all,the": 0.001138766878151944, "the,points": 0.0009760858955588092, "i,would": 0.0019521717911176184, "to,the": 0.01106230681633317, "and,to": 0.0008134049129656743, "to,my": 0.003090938669269562, "i,could": 0.001138766878151944, "seem,to": 0.0008134049129656743, "for,instance": 0.001138766878151944, "the,question": 0.002602895721490158, "as,the": 0.001138766878151944, "of,this": 0.002440214738897023, "i,cannot": 0.0008134049129656743, "<s>,may": 0.0008134049129656743, "may,i": 0.0027655767040832926, "lord,mishcon": 0.0016268098259313486, "the,first": 0.001301447860745079, "is,to": 0.0016268098259313486, "to,make": 0.0014641288433382138, "sure,that": 0.0014641288433382138, "this,bill": 0.004880429477794046, "<s>,that": 0.0021148527737107534, "is,the": 0.003253619651862697, "<s>,there": 0.003578981617048967, "which,was": 0.001138766878151944, "of,that": 0.0008134049129656743, "that,<e>": 0.0019521717911176184, "<s>,the": 0.006181877338539124, "the,second": 0.0009760858955588092, "is,that": 0.003741662599642102, "has,been": 0.003904343582235237, "to,be": 0.006995282251504799, "of,a": 0.0019521717911176184, "with,the": 0.005368472425573451, "in,a": 0.0019521717911176184, "the,bill": 0.005531153408166585, "that,one": 0.0008134049129656743, "as,it": 0.0008134049129656743, "it,has": 0.0009760858955588092, "is,not": 0.0027655767040832926, "as,i": 0.0016268098259313486, "would,like": 0.0009760858955588092, "like,to": 0.003416300634455832, "to,see": 0.001301447860745079, "if,we": 0.0008134049129656743, "which,is": 0.0016268098259313486, "when,it": 0.0008134049129656743, "that,he": 0.003904343582235237, "he,would": 0.0008134049129656743, "right,<e>": 0.0008134049129656743, "result,of": 0.0008134049129656743, "of,my": 0.0017894908085244834, "i,may": 0.002277533756303888, "consider,the": 0.0008134049129656743, "the,matter": 0.002277533756303888, "when,i": 0.0009760858955588092, "come,to": 0.0009760858955588092, "to,that": 0.0014641288433382138, "<cs>,before": 0.0008134049129656743, "and,it": 0.0009760858955588092, "it,would": 0.003416300634455832, "be,very": 0.0009760858955588092, "me,to": 0.0014641288433382138, "to,ask": 0.0009760858955588092, "some,of": 0.001301447860745079, "the,amendment": 0.0027655767040832926, "he,has": 0.0021148527737107534, "put,down": 0.0008134049129656743, "has,to": 0.001138766878151944, "i,should": 0.004067024564828371, "should,be": 0.001138766878151944, "to,know": 0.0009760858955588092, "for,the": 0.005043110460387181, "planning,permission": 0.0008134049129656743, "am,very": 0.001138766878151944, "but,i": 0.003090938669269562, "i,have": 0.006181877338539124, "a,number": 0.001301447860745079, "number,of": 0.0017894908085244834, "should,have": 0.0009760858955588092, "have,had": 0.001138766878151944, "opportunity,to": 0.0009760858955588092, "the,difficulty": 0.001138766878151944, "and,the": 0.0021148527737107534, "the,local": 0.0009760858955588092, "who,have": 0.0016268098259313486, "under,the": 0.001301447860745079, "there,is": 0.005043110460387181, "is,no": 0.0009760858955588092, "am,sorry": 0.0008134049129656743, "noble,friends": 0.0016268098259313486, "friends,on": 0.0008134049129656743, "on,this": 0.003904343582235237, "the,house": 0.002440214738897023, "of,what": 0.0009760858955588092, "that,my": 0.0029282576866764276, "friend,has": 0.002602895721490158, "has,a": 0.0008134049129656743, "a,point": 0.001138766878151944, "point,<e>": 0.0017894908085244834, "if,it": 0.001301447860745079, "this,amendment": 0.003578981617048967, "amendment,and": 0.001138766878151944, "and,i": 0.004067024564828371, "friend,on": 0.0009760858955588092, "on,the": 0.006181877338539124, "the,front": 0.0016268098259313486, "front,bench": 0.0016268098259313486, "this,<e>": 0.002277533756303888, "is,very": 0.0008134049129656743, "the,department": 0.0008134049129656743, "have,a": 0.0016268098259313486, "a,good": 0.001138766878151944, "it,will": 0.0017894908085244834, "question,of": 0.002277533756303888, "the,time": 0.0008134049129656743, "the,very": 0.0009760858955588092, "very,good": 0.001138766878151944, "amendment,that": 0.0008134049129656743, "<s>,therefore": 0.0016268098259313486, "that,this": 0.003741662599642102, "this,house": 0.0016268098259313486, "hope,that": 0.0017894908085244834, "the,government": 0.0008134049129656743, "that,has": 0.001301447860745079, "they,have": 0.0016268098259313486, "said,that": 0.001138766878151944, "the,moment": 0.001301447860745079, "amendment,no": 0.003578981617048967, "no,<e>": 0.004229705547421507, "<s>,<e>": 0.0008134049129656743, "<s>,on": 0.0008134049129656743, "where,the": 0.0008134049129656743, "was,the": 0.0014641288433382138, "before,the": 0.0027655767040832926, "the,courts": 0.0021148527737107534, "<s>,in": 0.001138766878151944, "of,them": 0.0008134049129656743, "it,and": 0.0008134049129656743,