{"<cs>,my": 0.022920645945476645, "my,lords": 0.023094287202639348, "lords,is": 0.0013891300573016148, "is,my": 0.0015627713144643167, "my,noble": 0.026567112345893384, "noble,friend": 0.024657058517103665, "friend,aware": 0.0010418475429762111, "aware,that": 0.002430977600277826, "to,be": 0.008334780343809689, "i,think": 0.0041673901719048445, "and,that": 0.0019100538287897205, "as,a": 0.001215488800138913, "of,the": 0.017190484459107484, "might,be": 0.002257336343115124, "out,of": 0.0013891300573016148, "by,the": 0.003646466400416739, "of,this": 0.0015627713144643167, "lords,i": 0.010592116686924813, "i,beg": 0.004514672686230248, "beg,leave": 0.004861955200555652, "leave,to": 0.004861955200555652, "to,ask": 0.003646466400416739, "ask,the": 0.003646466400416739, "the,question": 0.004514672686230248, "question,which": 0.0015627713144643167, "which,stands": 0.0013891300573016148, "stands,in": 0.0013891300573016148, "in,my": 0.0029519013717659317, "my,name": 0.002604618857440528, "name,on": 0.002604618857440528, "on,the": 0.00850842160097239, "the,order": 0.002604618857440528, "order,paper": 0.002604618857440528, "paper,<e>": 0.0027782601146032295, "of,my": 0.002257336343115124, "noble,friends": 0.0013891300573016148, "a,little": 0.0019100538287897205, "for,a": 0.002430977600277826, "<e>,<s>": 0.0840423684667477, "must,be": 0.0015627713144643167, "i,thank": 0.0020836950859524223, "thank,my": 0.0019100538287897205, "friend,for": 0.0031255426289286334, "for,that": 0.0031255426289286334, "that,reply": 0.0020836950859524223, "reply,<e>": 0.0017364125716270186, "<s>,but": 0.0013891300573016148, "may,i": 0.0027782601146032295, "i,ask": 0.001215488800138913, "he,is": 0.002604618857440528, "not,only": 0.0008682062858135093, "a,certain": 0.0013891300573016148, "amount,of": 0.0013891300573016148, "i,take": 0.0010418475429762111, "take,the": 0.0010418475429762111, "the,point": 0.003820107657579441, "in,his": 0.0008682062858135093, "but,it": 0.001215488800138913, "it,would": 0.002257336343115124, "the,number": 0.0008682062858135093, "number,of": 0.0017364125716270186, "which,are": 0.0008682062858135093, "would,he": 0.0008682062858135093, "he,not": 0.0017364125716270186, "not,think": 0.0019100538287897205, "to,give": 0.0017364125716270186, "this,matter": 0.0020836950859524223, "at,the": 0.002257336343115124, "the,moment": 0.0008682062858135093, "we,are": 0.0034728251432540372, "it,not": 0.0013891300573016148, "to,get": 0.0008682062858135093, "with,the": 0.0034728251432540372, "<s>,would": 0.0013891300573016148, "friend,not": 0.0010418475429762111, "agree,that": 0.0034728251432540372, "that,the": 0.007292932800833478, "in,this": 0.003646466400416739, "this,country": 0.0019100538287897205, "do,not": 0.006251085257857267, "i,am": 0.01319673554436534, "am,grateful": 0.003299183886091335, "grateful,to": 0.0027782601146032295, "to,my": 0.004861955200555652, "<s>,is": 0.002257336343115124, "is,he": 0.0008682062858135093, "to,say": 0.0027782601146032295, "in,the": 0.009202986629623199, "and,the": 0.003993748914742142, "have,been": 0.002604618857440528, "if,a": 0.0010418475429762111, "and,in": 0.0008682062858135093, "in,particular": 0.0010418475429762111, "that,there": 0.002604618857440528, "there,is": 0.00468831394339295, "country,<e>": 0.0017364125716270186, "lords,would": 0.0010418475429762111, "if,i": 0.0017364125716270186, "lords,may": 0.0015627713144643167, "the,fact": 0.001215488800138913, "fact,that": 0.0017364125716270186, "to,make": 0.0013891300573016148, "<s>,i": 0.02239972217398854, "i,should": 0.005209237714881056, "should,like": 0.003299183886091335, "like,to": 0.003820107657579441, "on,that": 0.0010418475429762111, "that,point": 0.001215488800138913, "point,<e>": 0.0017364125716270186, "think,that": 0.003299183886091335, "that,in": 0.0015627713144643167, "in,view": 0.0008682062858135093, "view,of": 0.0008682062858135093, "of,what": 0.001215488800138913, "has,been": 0.002430977600277826, "the,house": 0.0013891300573016148, "that,it": 0.0041673901719048445, "would,be": 0.004514672686230248, "if,the": 0.0017364125716270186, "the,government": 0.005382878972043758, "were,to": 0.001215488800138913, "to,this": 0.0013891300573016148, "which,i": 0.0010418475429762111, "am,sure": 0.0013891300573016148, "that,this": 0.002430977600277826, "is,not": 0.00468831394339295, "and,i": 0.0041673901719048445, "i,believe": 0.002430977600277826, "not,agree": 0.002604618857440528, "i,would": 0.0010418475429762111, "agree,with": 0.001215488800138913, "the,second": 0.0010418475429762111, "part,of": 0.0008682062858135093, "of,his": 0.0010418475429762111, "is,an": 0.001215488800138913, "to,the": 0.00850842160097239, "would,it": 0.001215488800138913, "not,be": 0.0019100538287897205, "could,be": 0.0019100538287897205, "the,noble": 0.010071192915436707, "we,have": 0.0015627713144643167, "have,had": 0.0008682062858135093, "your,lordships": 0.003646466400416739, "noble,lord": 0.006772009029345372, "lord,lord": 0.005382878972043758, "of,our": 0.0008682062858135093, "i,was": 0.0015627713144643167, "going,to": 0.001215488800138913, "on,this": 0.001215488800138913, "it,seems": 0.001215488800138913, "seems,to": 0.0015627713144643167, "to,me": 0.0013891300573016148, "for,the": 0.003299183886091335, "about,the": 0.0017364125716270186, "but,i": 0.003646466400416739, "i,feel": 0.001215488800138913, "hope,that": 0.002257336343115124, "government,will": 0.0008682062858135093, "will,be": 0.0019100538287897205, "be,able": 0.0010418475429762111, "able,to": 0.001215488800138913, "to,see": 0.0019100538287897205, "in,a": 0.002430977600277826, "some,of": 0.001215488800138913, "<cs>,i": 0.008682062858135093, "the,minister": 0.0013891300573016148, "what,he": 0.0013891300573016148, "he,has": 0.0027782601146032295, "to,withdraw": 0.0027782601146032295, "my,amendment": 0.0015627713144643167, "amendment,<e>": 0.004514672686230248, "i,may": 0.002430977600277826, "the,whole": 0.0013891300573016148, "what,is": 0.0020836950859524223, "that,is": 0.0034728251432540372, "and,is": 0.0008682062858135093, "time,<e>": 0.0010418475429762111, "<s>,he": 0.0017364125716270186, "to,do": 0.002257336343115124, "lordships,house": 0.0020836950859524223, "this,bill": 0.002604618857440528, "bill,<e>": 0.002257336343115124, "thought,that": 0.0013891300573016148, "to,try": 0.0010418475429762111, "try,to": 0.001215488800138913, "i,do": 0.004514672686230248, "said,<e>": 0.0015627713144643167, "<s>,if": 0.004341031429067547, "if,we": 0.001215488800138913, "over,the": 0.001215488800138913, "and,if": 0.0010418475429762111, "it,in": 0.0010418475429762111, "it,is": 0.009550269143948601, "rather,than": 0.001215488800138913, "difficult,to": 0.0008682062858135093, "because,i": 0.0010418475429762111, "to,an": 0.001215488800138913, "the,country": 0.0008682062858135093, "question,of": 0.0013891300573016148, "that,if": 0.0020836950859524223, "i,too": 0.0013891300573016148, "wish,to": 0.002604618857440528, "the,bill": 0.003299183886091335, "which,he": 0.001215488800138913, "<s>,the": 0.007640215315158882, "i,have": 0.003646466400416739, "noble,baroness": 0.0017364125716270186, "have,a": 0.0015627713144643167, "<s>,my": 0.0013891300573016148, "is,the": 0.0027782601146032295, "they,are": 0.0015627713144643167, "it,may": 0.0008682062858135093, "may,be": 0.0017364125716270186, "matter,<e>": 0.0013891300573016148, "of,a": 0.0013891300573016148, "i,apologise": 0.0008682062858135093, "apologise,to": 0.0010418475429762111, "friend,lord": 0.007640215315158882, "that,i": 0.005556520229206459, "i,find": 0.001215488800138913, "the,amendment": 0.00746657405799618, "should,have": 0.002257336343115124, "have,thought": 0.001215488800138913, "ought,to": 0.0008682062858135093, "<cs>,may": 0.0008682062858135093, "the,committee": 0.001215488800138913, "if,my": 0.0013891300573016148, "to,what": 0.001215488800138913, "what,the": 0.0010418475429762111, "at,this": 0.0020836950859524223, "this,stage": 0.0010418475429762111, "i,must": 0.0013891300573016148,