{"<cs>,my": 0.042735042735042736, "my,lords": 0.04487179487179487, "lords,i": 0.023504273504273504, "i,should": 0.029914529914529916, "should,like": 0.029914529914529916, "like,to": 0.03632478632478633, "the,noble": 0.049145299145299144, "noble,lord": 0.03205128205128205, "lord,lord": 0.02564102564102564, "your,lordships": 0.010683760683760684, "of,the": 0.053418803418803416, "seat,belts": 0.010683760683760684, "<e>,<s>": 0.13247863247863248, "<s>,i": 0.029914529914529916, "may,i": 0.017094017094017096, "support,the": 0.021367521367521368, "to,support": 0.010683760683760684, "say,a": 0.010683760683760684, "a,few": 0.010683760683760684, "few,words": 0.010683760683760684, "words,about": 0.010683760683760684, "in,the": 0.027777777777777776, "to,the": 0.014957264957264958, "the,amendment": 0.014957264957264958, "by,the": 0.019230769230769232, "i,think": 0.019230769230769232, "the,present": 0.010683760683760684, "present,system": 0.010683760683760684, "for,the": 0.010683760683760684, "it,is": 0.017094017094017096, "<cs>,i": 0.010683760683760684, "it,would": 0.014957264957264958, "a,very": 0.010683760683760684, "would,be": 0.014957264957264958, "on,the": 0.03632478632478633, "think,that": 0.010683760683760684, "my,noble": 0.029914529914529916, "noble,friend": 0.027777777777777776, "friend,the": 0.010683760683760684, "the,minister": 0.023504273504273504, "<s>,the": 0.010683760683760684, "that,the": 0.010683760683760684}