{"<cs>,my": 0.037530864197530864, "my,lords": 0.03802469135802469, "lords,i": 0.019753086419753086, "of,the": 0.027654320987654323, "the,noble": 0.03358024691358025, "noble,lord": 0.016296296296296295, "lord,lord": 0.013333333333333334, "<e>,<s>": 0.10074074074074074, "in,a": 0.002962962962962963, "a,very": 0.002962962962962963, "from,the": 0.0049382716049382715, "to,have": 0.0024691358024691358, "there,is": 0.005432098765432099, "<s>,i": 0.03259259259259259, "i,believe": 0.002962962962962963, "i,am": 0.011358024691358024, "am,sure": 0.002962962962962963, "have,been": 0.0034567901234567903, "very,much": 0.0034567901234567903, "hope,that": 0.0044444444444444444, "that,there": 0.0034567901234567903, "will,be": 0.002962962962962963, "lords,may": 0.0024691358024691358, "may,i": 0.008395061728395062, "that,we": 0.002962962962962963, "with,the": 0.003950617283950617, "noble,earl": 0.006419753086419753, "who,has": 0.002962962962962963, "has,just": 0.0044444444444444444, "in,the": 0.007901234567901235, "the,north": 0.0024691358024691358, "north,yorkshire": 0.002962962962962963, "on,the": 0.010864197530864197, "we,are": 0.0024691358024691358, "to,be": 0.006913580246913581, "not,be": 0.0034567901234567903, "some,of": 0.0044444444444444444, "a,little": 0.002962962962962963, "and,i": 0.006913580246913581, "i,have": 0.005925925925925926, "has,said": 0.0024691358024691358, "to,the": 0.013827160493827161, "and,it": 0.002962962962962963, "<s>,there": 0.0034567901234567903, "there,are": 0.0034567901234567903, "in,my": 0.002962962962962963, "<s>,it": 0.005925925925925926, "noble,lords": 0.0024691358024691358, "that,the": 0.008888888888888889, "your,lordships": 0.003950617283950617, "i,should": 0.023209876543209877, "should,like": 0.017777777777777778, "like,to": 0.025185185185185185, "to,ask": 0.005925925925925926, "the,right": 0.003950617283950617, "<cs>,i": 0.012839506172839505, "as,a": 0.0034567901234567903, "member,of": 0.0024691358024691358, "it,seems": 0.0024691358024691358, "seems,to": 0.0024691358024691358, "to,me": 0.002962962962962963, "that,this": 0.002962962962962963, "the,minister": 0.014320987654320988, "disabled,people": 0.008395061728395062, "it,is": 0.007407407407407408, "is,not": 0.0024691358024691358, "to,support": 0.008395061728395062, "support,this": 0.007407407407407408, "this,amendment": 0.009382716049382716, "for,a": 0.003950617283950617, "as,the": 0.0044444444444444444, "<s>,if": 0.002962962962962963, "if,i": 0.002962962962962963, "but,i": 0.0024691358024691358, "i,would": 0.0044444444444444444, "that,i": 0.005432098765432099, "i,do": 0.0034567901234567903, "do,not": 0.005432098765432099, "follow,the": 0.0024691358024691358, "noble,baroness": 0.007407407407407408, "baroness,lady": 0.0044444444444444444, "at,the": 0.005432098765432099, "i,think": 0.0044444444444444444, "think,that": 0.002962962962962963, "is,the": 0.003950617283950617, "which,i": 0.002962962962962963, "<s>,as": 0.003950617283950617, "and,the": 0.006913580246913581, "is,a": 0.0049382716049382715, "<s>,the": 0.0034567901234567903, "are,the": 0.003950617283950617, "in,this": 0.006419753086419753, "lords,as": 0.0034567901234567903, "i,was": 0.0024691358024691358, "by,the": 0.0049382716049382715, "the,total": 0.0024691358024691358, "to,withdraw": 0.0044444444444444444, "withdraw,the": 0.0044444444444444444, "the,amendment": 0.007901234567901235, "at,this": 0.002962962962962963, "to,say": 0.0034567901234567903, "this,house": 0.0024691358024691358, "house,<e>": 0.0024691358024691358, "i,beg": 0.0044444444444444444, "beg,leave": 0.0044444444444444444, "leave,to": 0.0044444444444444444, "ask,the": 0.006913580246913581, "the,question": 0.0024691358024691358, "thanking,the": 0.002962962962962963, "minister,for": 0.0044444444444444444, "i,ask": 0.0034567901234567903, "i,too": 0.0024691358024691358, "support,the": 0.002962962962962963, "lord,campbell": 0.002962962962962963, "which,the": 0.002962962962962963, "view,of": 0.002962962962962963, "the,house": 0.0034567901234567903, "i,hope": 0.0024691358024691358, "the,government": 0.008395061728395062, "i,shall": 0.0024691358024691358, "amendment,<e>": 0.008395061728395062, "should,also": 0.0034567901234567903, "also,like": 0.0034567901234567903, "this,is": 0.002962962962962963, "that,it": 0.003950617283950617, "<s>,this": 0.0034567901234567903, "want,to": 0.002962962962962963, "this,bill": 0.002962962962962963, "would,like": 0.002962962962962963, "thank,the": 0.0034567901234567903, "would,be": 0.005432098765432099, "the,disabled": 0.0034567901234567903, "those,who": 0.002962962962962963, "said,<e>": 0.0024691358024691358, "for,the": 0.009382716049382716, "to,thank": 0.002962962962962963, "earl,lord": 0.0034567901234567903, "one,of": 0.002962962962962963, "what,he": 0.0024691358024691358, "he,has": 0.0049382716049382715, "be,a": 0.0024691358024691358, "he,is": 0.0024691358024691358, "has,been": 0.0034567901234567903, "feel,that": 0.002962962962962963, "am,very": 0.0024691358024691358, "right,to": 0.002962962962962963, "to,see": 0.003950617283950617, "number,of": 0.002962962962962963, "to,buy": 0.0024691358024691358, "are,not": 0.0024691358024691358, "<s>,he": 0.002962962962962963, "that,he": 0.002962962962962963, "of,this": 0.0024691358024691358, "hereditary,peers": 0.002962962962962963}