{"<cs>,my": 0.02594033722438392, "my,lords": 0.02594033722438392, "lords,i": 0.01232166018158236, "am,grateful": 0.011024643320363165, "grateful,to": 0.008430609597924773, "to,the": 0.023346303501945526, "the,noble": 0.0609597924773022, "noble,lord": 0.035667963683527884, "lord,lord": 0.02204928664072633, "<e>,<s>": 0.11867704280155641, "<s>,this": 0.00324254215304799, "this,is": 0.0038910505836575876, "is,the": 0.007782101167315175, "i,have": 0.011673151750972763, "and,i": 0.005836575875486381, "i,hope": 0.004539559014267186, "hope,that": 0.0038910505836575876, "that,the": 0.01297016861219196, "noble,baroness": 0.008430609597924773, "baroness,lady": 0.005836575875486381, "that,is": 0.00648508430609598, "of,the": 0.03437094682230869, "the,government": 0.005188067444876783, "<s>,i": 0.04215304798962387, "with,the": 0.007133592736705577, "have,been": 0.005188067444876783, "at,the": 0.005188067444876783, "that,we": 0.00324254215304799, "we,have": 0.00324254215304799, "<cs>,i": 0.013618677042801557, "what,the": 0.005836575875486381, "has,said": 0.00324254215304799, "said,<e>": 0.0038910505836575876, "said,that": 0.004539559014267186, "that,he": 0.00648508430609598, "i,am": 0.02464332036316472, "as,i": 0.004539559014267186, "is,a": 0.00324254215304799, "seems,to": 0.00324254215304799, "on,the": 0.01232166018158236, "will,be": 0.0038910505836575876, "but,i": 0.00324254215304799, "i,should": 0.011024643320363165, "for,the": 0.00648508430609598, "thank,the": 0.0038910505836575876, "to,be": 0.004539559014267186, "i,was": 0.011024643320363165, "in,my": 0.00324254215304799, "of,this": 0.0038910505836575876, "this,amendment": 0.007782101167315175, "in,the": 0.01621271076523995, "the,amendment": 0.009079118028534372, "we,should": 0.00324254215304799, "by,the": 0.00648508430609598, "should,like": 0.008430609597924773, "like,to": 0.009079118028534372, "from,the": 0.007133592736705577, "may,i": 0.005188067444876783, "in,his": 0.00324254215304799, "<s>,in": 0.004539559014267186, "in,which": 0.005188067444876783, "which,i": 0.0038910505836575876, "in,that": 0.0038910505836575876, "have,a": 0.00324254215304799, "which,is": 0.005188067444876783, "<s>,it": 0.009079118028534372, "it,is": 0.007782101167315175, "<s>,the": 0.009079118028534372, "on,this": 0.0038910505836575876, "this,bill": 0.004539559014267186, "to,have": 0.0038910505836575876, "about,the": 0.005188067444876783, "grateful,for": 0.00648508430609598, "for,that": 0.004539559014267186, "my,amendment": 0.00324254215304799, "<s>,however": 0.00324254215304799, "in,<e>": 0.00324254215304799, "lord,for": 0.00324254215304799, "able,to": 0.00324254215304799, "amendment,<e>": 0.008430609597924773, "the,bill": 0.013618677042801557, "to,make": 0.007133592736705577, "noble,and": 0.005836575875486381, "and,learned": 0.005836575875486381, "learned,lord": 0.005188067444876783, "which,he": 0.00324254215304799, "for,his": 0.0038910505836575876, "in,this": 0.005188067444876783, "that,there": 0.0038910505836575876, "there,is": 0.0038910505836575876, "and,the": 0.009079118028534372, "has,been": 0.0038910505836575876, "perhaps,i": 0.00648508430609598, "i,may": 0.007782101167315175, "bill,<e>": 0.00648508430609598, "i,believe": 0.00324254215304799, "the,minister": 0.00648508430609598, "noble,earl": 0.0038910505836575876, "that,i": 0.007782101167315175, "is,not": 0.00324254215304799, "amendment,no": 0.005188067444876783, "no,<e>": 0.005188067444876783, "before,the": 0.004539559014267186, "the,record": 0.00324254215304799, "the,house": 0.005836575875486381, "to,which": 0.0038910505836575876, "noble,duke": 0.0038910505836575876, "to,speak": 0.00324254215304799, "the,committee": 0.00324254215304799, "that,that": 0.00324254215304799}