{"<cs>,my": 0.017438692098092644, "my,lords": 0.017983651226158037, "lords,i": 0.008719346049046322, "of,a": 0.0038147138964577656, "<e>,<s>": 0.13133514986376021, "<s>,the": 0.010354223433242507, "the,noble": 0.021798365122615803, "noble,and": 0.005994550408719346, "and,learned": 0.005994550408719346, "learned,lord": 0.0038147138964577656, "and,i": 0.008174386920980926, "will,not": 0.0032697547683923707, "wish,to": 0.0038147138964577656, "to,be": 0.011444141689373298, "that,i": 0.015258855585831062, "i,do": 0.0032697547683923707, "do,not": 0.0038147138964577656, "on,the": 0.006539509536784741, "that,is": 0.009264305177111716, "noble,lord": 0.010899182561307902, "<s>,i": 0.03978201634877384, "to,the": 0.012534059945504087, "i,am": 0.02452316076294278, "of,the": 0.020708446866485014, "that,<e>": 0.0027247956403269754, "what,i": 0.0038147138964577656, "is,that": 0.005994550408719346, "that,the": 0.009264305177111716, "a,person": 0.0027247956403269754, "if,i": 0.004359673024523161, "i,may": 0.005449591280653951, "for,the": 0.0032697547683923707, "lord,lord": 0.008174386920980926, "but,i": 0.0027247956403269754, "that,it": 0.005449591280653951, "it,is": 0.01634877384196185, "is,a": 0.005449591280653951, "a,very": 0.0038147138964577656, "in,a": 0.0032697547683923707, "my,noble": 0.029427792915531336, "friend,lord": 0.008719346049046322, "of,this": 0.0038147138964577656, "this,bill": 0.0027247956403269754, "with,a": 0.004904632152588556, "<s>,he": 0.0032697547683923707, "he,said": 0.0027247956403269754, "it,was": 0.0038147138964577656, "in,the": 0.009809264305177113, "and,the": 0.0038147138964577656, "say,that": 0.0027247956403269754, "i,think": 0.0032697547683923707, "to,my": 0.005994550408719346, "my,speech": 0.0027247956403269754, "what,my": 0.0038147138964577656, "your,lordships": 0.004904632152588556, "i,shall": 0.010899182561307902, "to,make": 0.0038147138964577656, "to,say": 0.0027247956403269754, "am,not": 0.0027247956403269754, "i,have": 0.007084468664850136, "in,this": 0.0038147138964577656, "<s>,it": 0.011989100817438692, "i,hope": 0.005449591280653951, "hope,that": 0.0038147138964577656, "that,my": 0.0038147138964577656, "not,be": 0.0027247956403269754, "by,the": 0.004359673024523161, "it,<e>": 0.0027247956403269754, "at,the": 0.006539509536784741, "is,not": 0.0038147138964577656, "<s>,my": 0.004904632152588556, "is,to": 0.0032697547683923707, "i,believe": 0.004359673024523161, "it,would": 0.0027247956403269754, "i,understand": 0.004359673024523161, "with,the": 0.004904632152588556, "there,is": 0.009264305177111716, "may,be": 0.0038147138964577656, "i,should": 0.008719346049046322, "should,like": 0.007084468664850136, "right,<e>": 0.0032697547683923707, "would,be": 0.0032697547683923707, "which,the": 0.004359673024523161, "shall,not": 0.0027247956403269754, "<cs>,i": 0.021798365122615803, "to,have": 0.0038147138964577656, "i,said": 0.004359673024523161, "of,my": 0.004904632152588556, "and,<e>": 0.0027247956403269754, "<s>,if": 0.004359673024523161, "no,<e>": 0.005449591280653951, "noble,friend": 0.026158038147138966, "<s>,that": 0.0038147138964577656, "leave,to": 0.006539509536784741, "to,withdraw": 0.006539509536784741, "withdraw,the": 0.005449591280653951, "the,amendment": 0.01580381471389646, "seems,to": 0.0027247956403269754, "to,me": 0.0038147138964577656, "is,the": 0.0032697547683923707, "i,can": 0.0032697547683923707, "this,amendment": 0.0032697547683923707, "<s>,however": 0.004359673024523161, "however,i": 0.0027247956403269754, "like,to": 0.006539509536784741, "<s>,and": 0.0032697547683923707, "to,support": 0.005994550408719346, "<s>,there": 0.006539509536784741, "i,wish": 0.0032697547683923707, "amendment,no": 0.004904632152588556, "the,same": 0.0038147138964577656, "i,beg": 0.006539509536784741, "beg,leave": 0.005994550408719346, "amendment,<e>": 0.011989100817438692, "friend,for": 0.0027247956403269754, "for,his": 0.0027247956403269754, "to,what": 0.0038147138964577656, "has,said": 0.0027247956403269754, "going,to": 0.0027247956403269754, "should,be": 0.0032697547683923707, "support,the": 0.007629427792915531, "said,<e>": 0.004359673024523161, "what,he": 0.0038147138964577656, "the,front": 0.0027247956403269754, "will,be": 0.0032697547683923707, "believe,that": 0.0032697547683923707, "friend,the": 0.0027247956403269754, "the,minister": 0.0027247956403269754, "i,support": 0.0027247956403269754, "have,to": 0.0027247956403269754, "which,i": 0.004359673024523161, "the,committee": 0.0038147138964577656, "that,there": 0.0027247956403269754, "my,amendment": 0.0038147138964577656, "be,a": 0.0027247956403269754, "in,which": 0.0027247956403269754, "they,are": 0.0032697547683923707, "there,are": 0.0027247956403269754, "are,not": 0.0027247956403269754}