{"<cs>,my": 0.051932367149758456, "my,lords": 0.051932367149758456, "lords,i": 0.03140096618357488, "i,must": 0.002818035426731079, "by,the": 0.004428341384863124, "the,noble": 0.011272141706924315, "<e>,<s>": 0.0889694041867955, "<s>,i": 0.020531400966183576, "i,do": 0.0024154589371980675, "it,is": 0.006843800322061192, "to,be": 0.006038647342995169, "of,the": 0.017310789049919485, "that,it": 0.0036231884057971015, "will,be": 0.004025764895330112, "of,a": 0.00322061191626409, "i,should": 0.005636070853462158, "should,like": 0.006038647342995169, "like,to": 0.00644122383252818, "on,the": 0.018115942028985508, "of,this": 0.002012882447665056, "in,particular": 0.002012882447665056, "in,the": 0.010466988727858293, "that,is": 0.004025764895330112, "is,the": 0.004025764895330112, "i,have": 0.002818035426731079, "the,government": 0.00322061191626409, "white,paper": 0.002012882447665056, "i,believe": 0.002818035426731079, "that,the": 0.012077294685990338, "the,best": 0.0024154589371980675, "in,this": 0.0024154589371980675, "<s>,in": 0.004025764895330112, "agree,with": 0.0024154589371980675, "with,the": 0.005233494363929146, "noble,lord": 0.00966183574879227, "lord,lord": 0.008856682769726247, "at,the": 0.002818035426731079, "debate,and": 0.0024154589371980675, "and,i": 0.00322061191626409, "i,shall": 0.002012882447665056, "for,the": 0.004830917874396135, "the,first": 0.004428341384863124, "there,are": 0.002012882447665056, "but,i": 0.0024154589371980675, "i,beg": 0.008856682769726247, "beg,leave": 0.008856682769726247, "leave,to": 0.008856682769726247, "to,ask": 0.00966183574879227, "ask,the": 0.008454106280193236, "the,question": 0.008856682769726247, "in,my": 0.011272141706924315, "my,name": 0.009259259259259259, "name,on": 0.008454106280193236, "the,order": 0.008454106280193236, "order,paper": 0.008454106280193236, "paper,<e>": 0.009259259259259259, "i,thank": 0.010064412238325281, "thank,my": 0.011674718196457327, "my,noble": 0.0426731078904992, "noble,friend": 0.04186795491143317, "friend,for": 0.008856682769726247, "for,that": 0.00966183574879227, "reply,<e>": 0.007246376811594203, "may,i": 0.002818035426731079, "whether,he": 0.004025764895330112, "he,would": 0.0024154589371980675, "agree,that": 0.005636070853462158, "that,there": 0.004830917874396135, "that,we": 0.002012882447665056, "to,do": 0.002012882447665056, "friend,lord": 0.006843800322061192, "i,wonder": 0.004025764895330112, "wonder,whether": 0.004025764895330112, "whether,my": 0.0024154589371980675, "that,they": 0.002012882447665056, "from,the": 0.002818035426731079, "in,that": 0.002012882447665056, "i,am": 0.010466988727858293, "this,debate": 0.00322061191626409, "the,arts": 0.0024154589371980675, "to,hear": 0.002012882447665056, "that,i": 0.004428341384863124, "at,least": 0.0024154589371980675, "<s>,it": 0.004830917874396135, "to,the": 0.009259259259259259, "question,standing": 0.007648953301127214, "standing,in": 0.007648953301127214, "that,reply": 0.00644122383252818, "<s>,will": 0.002818035426731079, "confirm,that": 0.002012882447665056, "such,as": 0.00322061191626409, "tell,us": 0.0024154589371980675, "am,grateful": 0.002012882447665056, "grateful,to": 0.002012882447665056, "to,my": 0.002818035426731079, "which,i": 0.004428341384863124, "i,also": 0.002012882447665056, "is,to": 0.002818035426731079, "he,has": 0.002818035426731079, "and,the": 0.005636070853462158, "lords,can": 0.0024154589371980675, "can,my": 0.00322061191626409, "<s>,is": 0.00966183574879227, "is,my": 0.005233494363929146, "as,the": 0.0036231884057971015, "which,is": 0.004025764895330112, "friend,aware": 0.0036231884057971015, "aware,that": 0.006843800322061192, "<s>,the": 0.002012882447665056, "and,that": 0.00322061191626409, "what,is": 0.002012882447665056, "that,he": 0.00322061191626409, "<s>,however": 0.0024154589371980675, "to,a": 0.002012882447665056, "is,it": 0.006038647342995169, "it,not": 0.004830917874396135, "not,the": 0.004830917874396135, "the,case": 0.0036231884057971015, "case,that": 0.00322061191626409, "lords,is": 0.005233494363929146, "is,he": 0.004025764895330112, "he,aware": 0.0024154589371980675, "that,my": 0.002012882447665056, "what,he": 0.002012882447665056, "or,whether": 0.002012882447665056, "has,been": 0.002012882447665056, "about,the": 0.002012882447665056, "the,british": 0.002012882447665056, "so,far": 0.0024154589371980675, "there,is": 0.004025764895330112, "<s>,he": 0.0024154589371980675, "he,will": 0.002012882447665056, "for,initiating": 0.0024154589371980675, "initiating,this": 0.002012882447665056, "debate,<e>": 0.0024154589371980675, "part,of": 0.002012882447665056, "i,was": 0.0024154589371980675, "local,authorities": 0.002012882447665056, "<s>,that": 0.0024154589371980675, "i,think": 0.002818035426731079, "noble,lords": 0.002818035426731079, "will,my": 0.002818035426731079, "wish,to": 0.002818035426731079, "of,<e>": 0.002012882447665056, "<s>,my": 0.002012882447665056, "i,wish": 0.002012882447665056, "to,thank": 0.002818035426731079, "a,little": 0.002012882447665056, "as,a": 0.002012882447665056, "of,that": 0.002012882447665056, "is,a": 0.002818035426731079, "lords,does": 0.002012882447665056, "does,my": 0.0024154589371980675, "would,be": 0.002012882447665056, "<s>,can": 0.002012882447665056, "lords,will": 0.002012882447665056, "the,house": 0.002012882447665056}