{"<cs>,my": 0.0453125, "my,lords": 0.04375, "of,the": 0.0625, "on,the": 0.01875, "lords,i": 0.0203125, "had,the": 0.0078125, "the,noble": 0.028125, "noble,lord": 0.028125, "lord,lord": 0.0265625, "in,the": 0.028125, "i,do": 0.009375, "do,not": 0.0109375, "<e>,<s>": 0.153125, "i,should": 0.015625, "should,like": 0.015625, "like,to": 0.015625, "<s>,i": 0.028125, "i,am": 0.0140625, "it,is": 0.0125, "with,the": 0.0078125, "for,the": 0.0140625, "lords,may": 0.0078125, "may,i": 0.0078125, "to,the": 0.0484375, "add,my": 0.0171875, "thanks,to": 0.0109375, "<s>,it": 0.01875, "which,are": 0.0078125, "<s>,the": 0.0234375, "that,the": 0.028125, "i,add": 0.009375, "my,thanks": 0.0078125, "my,noble": 0.01875, "noble,friend": 0.01875, "friend,lord": 0.015625, "for,initiating": 0.0078125, "to,be": 0.0140625, "will,be": 0.009375, "the,minister": 0.0125, "the,committee": 0.009375, "which,the": 0.0078125, "the,government": 0.0125, "future,<e>": 0.0078125, "the,bill": 0.0078125, "<cs>,i": 0.0078125, "which,i": 0.009375, "perhaps,i": 0.0078125, "i,may": 0.009375, "of,which": 0.009375, "by,the": 0.0078125, "the,amendment": 0.0125}