{"<cs>,my": 0.017150902342250095, "my,lords": 0.017534877767822858, "the,noble": 0.033533853833354665, "noble,lord": 0.023166517342890054, "lord,lord": 0.012159221809804173, "if,i": 0.0012799180852425445, "i,do": 0.006015615000639959, "do,not": 0.008191475745552285, "follow,the": 0.0010239344681940356, "he,has": 0.0021758607449123258, "in,his": 0.00115192627671829, "<e>,<s>": 0.06975553564571868, "<s>,there": 0.0020478689363880712, "there,are": 0.00230385255343658, "to,do": 0.002815819787533598, "do,so": 0.0006399590426212722, "the,first": 0.0008959426596697811, "is,that": 0.00230385255343658, "that,i": 0.004991680532445923, "not,know": 0.00230385255343658, "about,the": 0.0026878279790093435, "and,the": 0.003711762447203379, "the,second": 0.0007679508511455267, "of,course": 0.0016638935108153079, "the,governments": 0.0010239344681940356, "are,not": 0.0015359017022910533, "and,we": 0.0012799180852425445, "we,do": 0.0010239344681940356, "it,is": 0.008959426596697812, "that,the": 0.011263279150134392, "the,government": 0.004863688723921669, "do,<e>": 0.0010239344681940356, "<s>,i": 0.019710738512735186, "i,am": 0.011903238192755664, "am,sure": 0.0019198771278638167, "sure,that": 0.0016638935108153079, "that,when": 0.0007679508511455267, "we,shall": 0.0015359017022910533, "are,many": 0.0006399590426212722, "noble,lords": 0.0021758607449123258, "in,this": 0.0021758607449123258, "will,be": 0.0021758607449123258, "be,able": 0.0007679508511455267, "able,to": 0.0007679508511455267, "to,a": 0.0012799180852425445, "on,the": 0.00460770510687316, "lords,before": 0.0016638935108153079, "before,the": 0.0038397542557276334, "the,question": 0.001407909893766799, "question,of": 0.0010239344681940356, "of,the": 0.02009471393830795, "i,should": 0.0066555740432612314, "should,like": 0.0043517214898246516, "like,to": 0.0040957378727761425, "to,raise": 0.0007679508511455267, "point,<e>": 0.00115192627671829, "<s>,he": 0.0030718034045821067, "he,said": 0.001407909893766799, "said,that": 0.0033277870216306157, "<s>,that": 0.0015359017022910533, "seems,to": 0.0024318443619608344, "to,me": 0.003967746064251888, "a,little": 0.0015359017022910533, "from,what": 0.0007679508511455267, "what,is": 0.0016638935108153079, "said,in": 0.0007679508511455267, "in,the": 0.007807500319979521, "i,wonder": 0.002559836170485089, "wonder,whether": 0.0026878279790093435, "whether,there": 0.0006399590426212722, "there,is": 0.005119672340970178, "lords,from": 0.0006399590426212722, "from,these": 0.0017918853193395622, "these,benches": 0.002815819787533598, "may,i": 0.0035837706386791244, "to,the": 0.012415205426852682, "lord,bellwin": 0.0016638935108153079, "at,the": 0.002559836170485089, "<s>,the": 0.006143606809164213, "in,which": 0.0010239344681940356, "to,make": 0.001407909893766799, "the,statement": 0.0010239344681940356, "<s>,we": 0.001407909893766799, "hope,that": 0.0019198771278638167, "as,well": 0.0008959426596697811, "well,as": 0.0006399590426212722, "as,the": 0.0038397542557276334, "in,mind": 0.0008959426596697811, "that,there": 0.002559836170485089, "<s>,if": 0.002559836170485089, "i,hope": 0.0017918853193395622, "be,made": 0.0008959426596697811, "would,be": 0.004223729681300397, "be,a": 0.0020478689363880712, "more,than": 0.0008959426596697811, "people,who": 0.0008959426596697811, "who,are": 0.0008959426596697811, "in,any": 0.0006399590426212722, "with,the": 0.004735696915397414, "lords,when": 0.0006399590426212722, "when,i": 0.0010239344681940356, "your,lordships": 0.0024318443619608344, "lordships,house": 0.0008959426596697811, "to,have": 0.0019198771278638167, "shipping,industry": 0.0006399590426212722, "of,them": 0.0008959426596697811, "by,the": 0.0055036477665429415, "we,have": 0.0012799180852425445, "have,not": 0.0010239344681940356, "to,discuss": 0.0007679508511455267, "the,position": 0.0008959426596697811, "very,much": 0.001407909893766799, "it,was": 0.0035837706386791244, "and,so": 0.0007679508511455267, "we,are": 0.0030718034045821067, "grateful,to": 0.00115192627671829, "noble,viscount": 0.001407909893766799, "it,to": 0.0007679508511455267, "to,us": 0.0007679508511455267, "what,he": 0.0010239344681940356, "has,said": 0.0017918853193395622, "<s>,it": 0.006015615000639959, "me,to": 0.001407909893766799, "to,say": 0.002943811596057852, "which,is": 0.0008959426596697811, "lords,the": 0.0008959426596697811, "the,word": 0.0006399590426212722, "one,of": 0.0010239344681940356, "but,i": 0.004479713298348906, "i,feel": 0.001407909893766799, "feel,that": 0.0015359017022910533, "that,in": 0.0012799180852425445, "the,matter": 0.00115192627671829, "which,has": 0.00115192627671829, "has,been": 0.002559836170485089, "is,an": 0.0007679508511455267, "<s>,in": 0.0017918853193395622, "in,fact": 0.0010239344681940356, "i,find": 0.0007679508511455267, "in,that": 0.0007679508511455267, "should,have": 0.0012799180852425445, "have,thought": 0.0017918853193395622, "thought,that": 0.0019198771278638167, "what,we": 0.0007679508511455267, "is,not": 0.0026878279790093435, "of,a": 0.001407909893766799, "that,it": 0.004479713298348906, "this,bill": 0.0016638935108153079, "noble,baroness": 0.004991680532445923, "baroness,lady": 0.0016638935108153079, "the,bill": 0.006015615000639959, "only,a": 0.0008959426596697811, "a,few": 0.0010239344681940356, "no,<e>": 0.0021758607449123258, "support,this": 0.0006399590426212722, "this,amendment": 0.0026878279790093435, "amendment,<e>": 0.0020478689363880712, "it,may": 0.0010239344681940356, "may,be": 0.0015359017022910533, "put,forward": 0.0007679508511455267, "there,was": 0.001407909893766799, "the,act": 0.00115192627671829, "act,<e>": 0.0006399590426212722, "<s>,but": 0.002943811596057852, "had,been": 0.0012799180852425445, "it,seems": 0.0019198771278638167, "me,that": 0.0017918853193395622, "if,there": 0.0006399590426212722, "not,to": 0.001407909893766799, "to,go": 0.0007679508511455267, "should,be": 0.002559836170485089, "the,secretary": 0.00230385255343658, "secretary,of": 0.00230385255343658, "of,state": 0.0021758607449123258, "what,the": 0.0030718034045821067, "to,that": 0.0010239344681940356, "prepared,to": 0.0007679508511455267, "on,this": 0.0021758607449123258, "when,the": 0.0020478689363880712, "this,clause": 0.0015359017022910533, "the,whole": 0.00115192627671829, "the,fact": 0.0007679508511455267, "it,does": 0.0006399590426212722, "does,not": 0.0020478689363880712, "<s>,when": 0.0012799180852425445, "if,we": 0.0007679508511455267, "seem,to": 0.0008959426596697811, "to,be": 0.007423524894406758, "second,reading": 0.001407909893766799, "as,i": 0.0016638935108153079, "i,said": 0.0006399590426212722, "not,think": 0.0016638935108153079, "think,it": 0.0012799180852425445, "is,in": 0.0007679508511455267, "house,<e>": 0.0006399590426212722, "that,was": 0.0007679508511455267, "that,we": 0.003199795213106361, "when,they": 0.0006399590426212722, "<s>,they": 0.0015359017022910533, "we,should": 0.001407909893766799, "should,not": 0.0007679508511455267, "the,other": 0.001407909893766799, "bill,<e>": 0.002559836170485089, "says,<e>": 0.0008959426596697811, "we,can": 0.0006399590426212722, "i,think": 0.004863688723921669, "think,that": 0.002815819787533598, "and,i": 0.004223729681300397, "i,shall": 0.0019198771278638167, "my,noble": 0.002943811596057852, "noble,friends": 0.0012799180852425445, "for,the": 0.0030718034045821067, "the,clause": 0.0008959426596697811, "as,we": 0.0006399590426212722, "it,<e>": 0.0019198771278638167, "<cs>,i": 0.0066555740432612314, "clause,<e>": 0.0015359017022910533, "one,point": 0.0015359017022910533, "i,would": 0.0017918853193395622, "would,have": 0.0008959426596697811, "have,been": 0.00230385255343658, "if,the": 0.0015359017022910533, "to,withdraw": 0.0012799180852425445, "withdraw,the": 0.00115192627671829, "the,amendment": 0.004479713298348906, "to,support": 0.0017918853193395622, "i,was": 0.0030718034045821067, "was,a": 0.00115192627671829, "lady,young": 0.0010239344681940356, "in,order": 0.0010239344681940356,