{"<cs>,my": 0.03026481715006305, "my,lords": 0.03026481715006305, "lords,i": 0.007566204287515763, "that,it": 0.02269861286254729, "it,is": 0.021437578814627996, "your,lordships": 0.006305170239596469, "for,the": 0.008827238335435058, "<e>,<s>": 0.13114754098360656, "<s>,it": 0.007566204287515763, "is,a": 0.01008827238335435, "lord,chancellor": 0.006305170239596469, "of,the": 0.03656998738965952, "is,the": 0.006305170239596469, "the,noble": 0.04918032786885246, "noble,and": 0.018915510718789406, "and,learned": 0.018915510718789406, "learned,lord": 0.018915510718789406, "lord,lord": 0.027742749054224466, "<s>,i": 0.02395964691046658, "that,the": 0.02269861286254729, "will,be": 0.006305170239596469, "<cs>,i": 0.007566204287515763, "this,amendment": 0.006305170239596469, "on,the": 0.018915510718789406, "it,would": 0.006305170239596469, "<s>,the": 0.008827238335435058, "<s>,that": 0.01008827238335435, "may,i": 0.011349306431273645, "to,the": 0.025220680958385876, "by,the": 0.011349306431273645, "is,not": 0.015132408575031526, "question,of": 0.007566204287515763, "i,am": 0.021437578814627996, "in,the": 0.01639344262295082, "is,that": 0.006305170239596469, "that,there": 0.006305170239596469, "should,be": 0.006305170239596469, "and,i": 0.006305170239596469, "do,not": 0.007566204287515763, "it,<e>": 0.007566204287515763, "the,minister": 0.008827238335435058, "and,the": 0.006305170239596469, "the,amendment": 0.02269861286254729, "<s>,if": 0.007566204287515763, "if,one": 0.007566204287515763, "that,i": 0.01008827238335435, "from,the": 0.006305170239596469, "at,the": 0.011349306431273645, "the,registrar": 0.007566204287515763, "satisfied,that": 0.006305170239596469, "the,principles": 0.006305170239596469, "to,be": 0.012610340479192938, "<s>,surely": 0.006305170239596469, "would,be": 0.015132408575031526, "as,the": 0.006305170239596469, "to,have": 0.011349306431273645, "that,is": 0.011349306431273645, "noble,lord": 0.025220680958385876, "<s>,as": 0.006305170239596469, "to,do": 0.008827238335435058, "one,can": 0.006305170239596469, "may,be": 0.007566204287515763, "there,is": 0.007566204287515763, "lord,mishcon": 0.01008827238335435, "like,to": 0.006305170239596469, "the,committee": 0.006305170239596469, "i,venture": 0.006305170239596469, "venture,to": 0.006305170239596469, "think,that": 0.006305170239596469, "the,bar": 0.007566204287515763, "they,are": 0.006305170239596469}