{"<cs>,my": 0.02750891492613347, "my,lords": 0.027763627101375445, "lords,i": 0.015792154865002548, "i,should": 0.018084564442180335, "should,like": 0.015792154865002548, "like,to": 0.01859398879266429, "to,start": 0.0033112582781456954, "start,by": 0.0028018339276617422, "my,noble": 0.014518593988792664, "noble,friend": 0.014009169638308712, "on,his": 0.003056546102903719, "northern,ireland": 0.01859398879266429, "ireland,and": 0.0015282730514518594, "and,to": 0.0025471217524197657, "to,a": 0.002292409577177789, "and,i": 0.006367804381049415, "i,feel": 0.0025471217524197657, "<e>,<s>": 0.08889454915944982, "<s>,i": 0.026235354049923585, "i,also": 0.0012735608762098828, "with,great": 0.0015282730514518594, "in,the": 0.015028018339276618, "in,which": 0.0015282730514518594, "it,was": 0.003565970453387672, "friend,<e>": 0.0012735608762098828, "to,thank": 0.003056546102903719, "thank,the": 0.0020376974019358125, "the,noble": 0.023433520122261846, "noble,lord": 0.016046867040244522, "lord,lord": 0.010697911360163017, "about,the": 0.0028018339276617422, "it,is": 0.008405501782985226, "by,the": 0.004839531329597555, "the,number": 0.0015282730514518594, "number,of": 0.002292409577177789, "that,<e>": 0.0012735608762098828, "should,also": 0.0015282730514518594, "also,like": 0.001782985226693836, "<s>,he": 0.003056546102903719, "<s>,the": 0.007896077432501274, "lords,the": 0.001782985226693836, "i,was": 0.001782985226693836, "on,this": 0.0012735608762098828, "i,believe": 0.0015282730514518594, "for,the": 0.007386653082017321, "of,the": 0.026490066225165563, "the,united": 0.0028018339276617422, "united,kingdom": 0.0028018339276617422, "kingdom,<e>": 0.0012735608762098828, "to,have": 0.002292409577177789, "is,that": 0.0020376974019358125, "that,it": 0.004330106979113602, "it,has": 0.003056546102903719, "<s>,this": 0.0015282730514518594, "a,very": 0.004330106979113602, "<s>,they": 0.0028018339276617422, "they,are": 0.003056546102903719, "that,if": 0.0012735608762098828, "it,will": 0.0015282730514518594, "and,the": 0.0056036678553234845, "will,be": 0.002292409577177789, "i,am": 0.008660213958227204, "that,we": 0.0033112582781456954, "we,have": 0.004075394803871625, "to,do": 0.0025471217524197657, "at,a": 0.0012735608762098828, "the,problem": 0.0012735608762098828, "the,next": 0.0015282730514518594, "to,welcome": 0.0015282730514518594, "lord,underhill": 0.001782985226693836, "his,introduction": 0.001782985226693836, "to,this": 0.0020376974019358125, "this,debate": 0.0015282730514518594, "on,the": 0.0056036678553234845, "of,northern": 0.004075394803871625, "that,i": 0.006877228731533368, "i,do": 0.003056546102903719, "do,not": 0.0038206826286296485, "i,hope": 0.001782985226693836, "hope,that": 0.0015282730514518594, "that,the": 0.011207335710646969, "is,a": 0.005094243504839531, "i,ask": 0.001782985226693836, "ask,the": 0.001782985226693836, "this,order": 0.003056546102903719, "i,think": 0.004584819154355578, "think,that": 0.003056546102903719, "that,this": 0.0020376974019358125, "this,is": 0.0015282730514518594, "is,the": 0.003056546102903719, "has,been": 0.003565970453387672, "at,the": 0.0015282730514518594, "of,a": 0.0012735608762098828, "to,the": 0.013754457463066735, "ireland,<e>": 0.005348955680081508, "there,is": 0.004584819154355578, "is,an": 0.0012735608762098828, "to,support": 0.0020376974019358125, "i,would": 0.002292409577177789, "very,much": 0.002292409577177789, "has,said": 0.0012735608762098828, "going,to": 0.0015282730514518594, "to,be": 0.006622516556291391, "in,this": 0.003565970453387672, "on,a": 0.0020376974019358125, "<s>,therefore": 0.0012735608762098828, "the,fact": 0.001782985226693836, "fact,that": 0.0012735608762098828, "in,northern": 0.007386653082017321, "<s>,there": 0.002292409577177789, "there,are": 0.002292409577177789, "a,great": 0.002292409577177789, "on,it": 0.0012735608762098828, "it,<e>": 0.0038206826286296485, "the,house": 0.0020376974019358125, "my,name": 0.0025471217524197657, "to,speak": 0.0015282730514518594, "grateful,to": 0.0012735608762098828, "me,to": 0.0020376974019358125, "to,begin": 0.002292409577177789, "begin,by": 0.002292409577177789, "the,other": 0.0012735608762098828, "as,i": 0.0015282730514518594, "i,have": 0.0058583800305654615, "the,irish": 0.003056546102903719, "to,ask": 0.0012735608762098828, "the,question": 0.0025471217524197657, "in,my": 0.0015282730514518594, "the,order": 0.0025471217524197657, "i,thank": 0.0025471217524197657, "thank,my": 0.003565970453387672, "friend,for": 0.003056546102903719, "for,his": 0.005348955680081508, "have,been": 0.0038206826286296485, "they,have": 0.0028018339276617422, "at,this": 0.001782985226693836, "to,me": 0.001782985226693836, "that,they": 0.0028018339276617422, "all,the": 0.0015282730514518594, "the,government": 0.0058583800305654615, "in,their": 0.0015282730514518594, "if,it": 0.0015282730514518594, "government,are": 0.0012735608762098828, "view,of": 0.0012735608762098828, "friend,lord": 0.004330106979113602, "his,presentation": 0.0012735608762098828, "the,report": 0.0012735608762098828, "report,<e>": 0.0015282730514518594, "i,know": 0.0012735608762098828, "he,has": 0.0038206826286296485, "<s>,it": 0.0058583800305654615, "said,that": 0.0015282730514518594, "to,say": 0.004075394803871625, "i,support": 0.002292409577177789, "said,<e>": 0.0015282730514518594, "and,all": 0.0012735608762098828, "other,noble": 0.0015282730514518594, "noble,lords": 0.0033112582781456954, "lords,in": 0.0012735608762098828, "<s>,when": 0.002292409577177789, "before,the": 0.0015282730514518594, "the,committee": 0.0015282730514518594, "to,see": 0.0015282730514518594, "as,a": 0.0020376974019358125, "by,thanking": 0.002292409577177789, "<s>,however": 0.0020376974019358125, "order,<e>": 0.002292409577177789, "aware,that": 0.001782985226693836, "he,is": 0.002292409577177789, "that,a": 0.0012735608762098828, "have,a": 0.0033112582781456954, "does,not": 0.002292409577177789, "have,to": 0.0012735608762098828, "that,he": 0.003056546102903719, "from,the": 0.0028018339276617422, "sports,council": 0.0015282730514518594, "the,same": 0.0020376974019358125, "as,it": 0.0015282730514518594, "the,use": 0.0012735608762098828, "use,of": 0.0015282730514518594, "tribute,to": 0.001782985226693836, "the,secretary": 0.0012735608762098828, "secretary,of": 0.001782985226693836, "may,be": 0.001782985226693836, "the,very": 0.0012735608762098828, "in,his": 0.002292409577177789, "question,of": 0.0015282730514518594, "should,be": 0.0020376974019358125, "at,present": 0.0012735608762098828, "give,way": 0.001782985226693836, "way,<e>": 0.001782985226693836, "to,take": 0.0012735608762098828, "this,house": 0.0028018339276617422, "feel,that": 0.0033112582781456954, "in,a": 0.001782985226693836, "the,people": 0.0028018339276617422, "people,who": 0.0012735608762098828, "<s>,that": 0.001782985226693836, "that,is": 0.0025471217524197657, "not,think": 0.0012735608762098828, "introduction,of": 0.0015282730514518594, "say,how": 0.001782985226693836, "people,in": 0.0012735608762098828, "when,the": 0.002292409577177789, "thanking,my": 0.0012735608762098828, "which,i": 0.0020376974019358125, "to,join": 0.001782985226693836, "to,my": 0.0012735608762098828, "of,this": 0.0033112582781456954, "order,and": 0.0020376974019358125, "with,the": 0.0033112582781456954, "but,i": 0.001782985226693836, "was,a": 0.002292409577177789, "that,there": 0.0028018339276617422, "is,no": 0.0015282730514518594, "those,who": 0.0015282730514518594, "i,can": 0.001782985226693836, "would,be": 0.004330106979113602, "in,dublin": 0.0012735608762098828, "lords,will": 0.001782985226693836, "the,south": 0.0012735608762098828, "<s>,we": 0.002292409577177789, "and,that": 0.0012735608762098828, "irish,republic": 0.0015282730514518594, "for,a": 0.0020376974019358125, "i,welcome": 0.0015282730514518594, "the,whole": 0.0012735608762098828, "will,the": 0.001782985226693836, "that,in": 0.0012735608762098828, "is,in": 0.0012735608762098828, "<s>,in": 0.002292409577177789,