{"<cs>,my": 0.03179824561403509, "my,lords": 0.03179824561403509, "lords,i": 0.01425438596491228, "i,too": 0.003289473684210526, "thank,the": 0.006578947368421052, "the,noble": 0.06030701754385965, "noble,lord": 0.04550438596491228, "lord,lord": 0.03618421052631579, "for,the": 0.006578947368421052, "<e>,<s>": 0.07401315789473684, "<s>,i": 0.01864035087719298, "that,i": 0.009868421052631578, "to,the": 0.030153508771929825, "and,the": 0.007675438596491228, "which,the": 0.005482456140350877, "that,is": 0.003837719298245614, "in,the": 0.019736842105263157, "as,an": 0.0027412280701754384, "i,have": 0.005482456140350877, "he,has": 0.0027412280701754384, "has,been": 0.003837719298245614, "at,the": 0.0043859649122807015, "i,am": 0.00712719298245614, "grateful,to": 0.003289473684210526, "to,speak": 0.0027412280701754384, "it,<e>": 0.0027412280701754384, "it,is": 0.006030701754385965, "i,should": 0.018092105263157895, "should,like": 0.01699561403508772, "like,to": 0.01699561403508772, "to,add": 0.003837719298245614, "add,my": 0.003837719298245614, "noble,earl": 0.0043859649122807015, "earl,lord": 0.003289473684210526, "of,the": 0.05756578947368421, "noble,lords": 0.00932017543859649, "lords,who": 0.0027412280701754384, "who,have": 0.0027412280701754384, "have,spoken": 0.0027412280701754384, "in,thanking": 0.0027412280701754384, "thanking,the": 0.0027412280701754384, "this,debate": 0.005482456140350877, "the,same": 0.003289473684210526, "in,this": 0.004934210526315789, "and,to": 0.003837719298245614, "to,be": 0.005482456140350877, "the,debate": 0.004934210526315789, "other,noble": 0.0043859649122807015, "by,the": 0.008771929824561403, "members,of": 0.0043859649122807015, "which,is": 0.003289473684210526, "to,thank": 0.0043859649122807015, "for,introducing": 0.003837719298245614, "introducing,this": 0.003289473684210526, "debate,on": 0.0027412280701754384, "<s>,the": 0.008771929824561403, "the,government": 0.007675438596491228, "my,noble": 0.003289473684210526, "to,hear": 0.0027412280701754384, "with,the": 0.005482456140350877, "for,his": 0.003837719298245614, "i,hope": 0.006030701754385965, "your,lordships": 0.017543859649122806, "lordships,house": 0.010964912280701754, "would,be": 0.0027412280701754384, "that,the": 0.017543859649122806, "<s>,it": 0.006578947368421052, "it,seems": 0.0027412280701754384, "the,governments": 0.003837719298245614, "and,not": 0.0027412280701754384, "of,this": 0.005482456140350877, "as,the": 0.005482456140350877, "may,be": 0.0027412280701754384, "before,the": 0.003837719298245614, "not,think": 0.003289473684210526, "thanks,to": 0.003289473684210526, "<s>,in": 0.0043859649122807015, "i,think": 0.006030701754385965, "think,that": 0.004934210526315789, "on,this": 0.004934210526315789, "in,your": 0.003289473684210526, "on,the": 0.007675438596491228, "of,my": 0.0043859649122807015, "than,the": 0.0027412280701754384, "i,shall": 0.003837719298245614, "the,other": 0.0027412280701754384, "with,great": 0.003289473684210526, "hope,that": 0.003837719298245614, "does,not": 0.0027412280701754384, "to,your": 0.0027412280701754384, "i,was": 0.003837719298245614, "with,a": 0.003837719298245614, "is,that": 0.003289473684210526, "suggested,that": 0.0027412280701754384, "in,another": 0.0027412280701754384, "another,place": 0.003837719298245614, "when,the": 0.0027412280701754384, "prime,minister": 0.0027412280701754384, "trying,to": 0.003289473684210526, "on,behalf": 0.0043859649122807015, "behalf,of": 0.0043859649122807015, "the,alliance": 0.0027412280701754384, "alliance,benches": 0.0027412280701754384, "the,united": 0.0043859649122807015, "united,kingdom": 0.0043859649122807015, "should,be": 0.0027412280701754384, "the,house": 0.004934210526315789, "lords,on": 0.0043859649122807015, "these,benches": 0.0043859649122807015, "benches,i": 0.0043859649122807015, "is,a": 0.003289473684210526, "lord,lucas": 0.004934210526315789, "to,support": 0.0027412280701754384, "support,the": 0.003837719298245614, "<cs>,i": 0.003837719298245614, "lord,the": 0.003837719298245614, "and,i": 0.0027412280701754384, "the,amendment": 0.00712719298245614, "amendment,<e>": 0.006030701754385965, "bill,<e>": 0.0027412280701754384, "noble,and": 0.0043859649122807015, "and,learned": 0.0043859649122807015, "learned,lord": 0.0043859649122807015, "the,bill": 0.006578947368421052, "amendment,no": 0.003837719298245614, "no,<e>": 0.003289473684210526, "lord,williams": 0.007675438596491228, "this,amendment": 0.0027412280701754384, "lord,elton": 0.003289473684210526, "the,committee": 0.003289473684210526}