{"<cs>,my": 0.042112299465240643, "my,lords": 0.0427807486631016, "the,noble": 0.026403743315508023, "noble,lord": 0.01871657754010695, "not,agree": 0.004010695187165776, "agree,that": 0.0066844919786096255, "that,the": 0.01838235294117647, "the,fact": 0.0030080213903743314, "fact,that": 0.00267379679144385, "that,there": 0.003676470588235294, "there,are": 0.00267379679144385, "and,the": 0.003676470588235294, "there,is": 0.00267379679144385, "in,the": 0.01838235294117647, "may,i": 0.004010695187165776, "my,noble": 0.03208556149732621, "noble,friend": 0.030414438502673797, "will,be": 0.005681818181818182, "<e>,<s>": 0.08455882352941177, "<s>,it": 0.008355614973262033, "it,will": 0.002005347593582888, "be,a": 0.00267379679144385, "a,great": 0.002339572192513369, "that,we": 0.00267379679144385, "we,should": 0.0016711229946524064, "which,has": 0.004010695187165776, "has,been": 0.007352941176470588, "friend,lord": 0.008355614973262033, "it,is": 0.0106951871657754, "is,very": 0.0016711229946524064, "to,follow": 0.00267379679144385, "noble,and": 0.0016711229946524064, "and,learned": 0.0016711229946524064, "lord,lord": 0.013368983957219251, "he,said": 0.0030080213903743314, "said,that": 0.002005347593582888, "that,he": 0.005013368983957219, "of,the": 0.024732620320855617, "he,has": 0.002339572192513369, "has,said": 0.0016711229946524064, "<s>,i": 0.01537433155080214, "i,must": 0.0016711229946524064, "i,am": 0.006350267379679145, "the,redgrave": 0.002005347593582888, "<s>,the": 0.006016042780748663, "is,a": 0.005681818181818182, "<s>,we": 0.0016711229946524064, "we,are": 0.00267379679144385, "a,very": 0.005681818181818182, "part,of": 0.0016711229946524064, "and,i": 0.005013368983957219, "from,the": 0.0030080213903743314, "which,we": 0.0016711229946524064, "on,a": 0.002005347593582888, "<s>,if": 0.0016711229946524064, "if,we": 0.0016711229946524064, "did,not": 0.002005347593582888, "and,that": 0.003676470588235294, "would,be": 0.003676470588235294, "to,the": 0.014705882352941176, "several,noble": 0.0016711229946524064, "noble,lords": 0.006350267379679145, "as,a": 0.00267379679144385, "i,was": 0.00267379679144385, "able,to": 0.003676470588235294, "to,be": 0.0053475935828877, "the,second": 0.0016711229946524064, "<s>,however": 0.0030080213903743314, "i,have": 0.0053475935828877, "they,have": 0.00267379679144385, "said,<e>": 0.0016711229946524064, "i,ask": 0.002339572192513369, "ask,my": 0.002005347593582888, "the,government": 0.003676470588235294, "at,this": 0.0016711229946524064, "it,may": 0.0016711229946524064, "may,be": 0.003676470588235294, "that,this": 0.005681818181818182, "that,my": 0.002005347593582888, "be,able": 0.002339572192513369, "to,say": 0.003676470588235294, "say,that": 0.003676470588235294, "which,is": 0.002005347593582888, "the,bill": 0.004010695187165776, "bill,<e>": 0.0030080213903743314, "lords,i": 0.014705882352941176, "<s>,in": 0.0030080213903743314, "in,any": 0.00267379679144385, "about,the": 0.0030080213903743314, "this,issue": 0.0016711229946524064, "issue,<e>": 0.0016711229946524064, "i,should": 0.004010695187165776, "i,think": 0.00267379679144385, "your,lordships": 0.002339572192513369, "who,has": 0.002005347593582888, "it,has": 0.00267379679144385, "for,the": 0.0033422459893048127, "in,fact": 0.002005347593582888, "i,also": 0.0016711229946524064, "support,the": 0.0016711229946524064, "this,afternoon": 0.002005347593582888, "by,my": 0.002339572192513369, "does,not": 0.0030080213903743314, "any,way": 0.002339572192513369, "seems,to": 0.00267379679144385, "to,me": 0.0030080213903743314, "be,the": 0.0016711229946524064, "the,matter": 0.0016711229946524064, "have,to": 0.002005347593582888, "is,the": 0.0030080213903743314, "we,have": 0.002339572192513369, "have,been": 0.004344919786096257, "but,it": 0.0016711229946524064, "question,<e>": 0.0016711229946524064, "if,i": 0.003676470588235294, "i,may": 0.003676470588235294, "on,the": 0.009024064171122994, "that,they": 0.00267379679144385, "this,country": 0.00267379679144385, "that,it": 0.003676470588235294, "<cs>,i": 0.003676470588235294, "should,like": 0.00267379679144385, "like,to": 0.004344919786096257, "by,the": 0.008021390374331552, "the,question": 0.002005347593582888, "friend,lady": 0.0016711229946524064, "in,this": 0.006016042780748663, "made,by": 0.002005347593582888, "the,house": 0.003676470588235294, "i,shall": 0.0016711229946524064, "latin,america": 0.00267379679144385, "in,a": 0.0016711229946524064, "<s>,but": 0.002005347593582888, "<s>,is": 0.003676470588235294, "but,i": 0.002339572192513369, "that,is": 0.002339572192513369, "very,much": 0.00267379679144385, "the,same": 0.0016711229946524064, "i,do": 0.004679144385026738, "before,the": 0.0016711229946524064, "should,be": 0.0033422459893048127, "<s>,what": 0.002005347593582888, "what,i": 0.002339572192513369, "he,will": 0.002339572192513369, "to,take": 0.0016711229946524064, "that,a": 0.0016711229946524064, "i,hope": 0.005013368983957219, "hope,that": 0.003676470588235294, "with,the": 0.004344919786096257, "<s>,as": 0.0016711229946524064, "as,it": 0.002005347593582888, "friend,agree": 0.002339572192513369, "will,forgive": 0.0016711229946524064, "forgive,me": 0.0016711229946524064, "me,if": 0.0016711229946524064, "do,not": 0.0053475935828877, "on,this": 0.003676470588235294, "the,first": 0.0016711229946524064, "i,find": 0.002005347593582888, "is,an": 0.0016711229946524064, "what,is": 0.002339572192513369, "i,beg": 0.004679144385026738, "<s>,therefore": 0.002005347593582888, "is,he": 0.0030080213903743314, "he,aware": 0.002005347593582888, "aware,that": 0.007352941176470588, "this,matter": 0.002005347593582888, "of,this": 0.0016711229946524064, "the,debate": 0.0016711229946524064, "was,a": 0.002005347593582888, "that,i": 0.005013368983957219, "think,that": 0.0016711229946524064, "lords,in": 0.0033422459893048127, "in,view": 0.002005347593582888, "view,of": 0.002005347593582888, "have,spoken": 0.0016711229946524064, "and,to": 0.0016711229946524064, "noble,baroness": 0.00267379679144385, "baroness,lady": 0.002005347593582888, "this,bill": 0.004010695187165776, "it,seems": 0.002005347593582888, "as,my": 0.0016711229946524064, "to,support": 0.0016711229946524064, "the,amendment": 0.00267379679144385, "to,which": 0.002339572192513369, "lords,is": 0.0053475935828877, "<s>,this": 0.002005347593582888, "noble,viscount": 0.002339572192513369, "viscount,lord": 0.002005347593582888, "lords,does": 0.0033422459893048127, "does,my": 0.004010695187165776, "friend,not": 0.002005347593582888, "the,national": 0.0016711229946524064, "want,to": 0.0016711229946524064, "the,very": 0.002005347593582888, "perhaps,i": 0.00267379679144385, "me,that": 0.002005347593582888, "does,he": 0.0016711229946524064, "lords,can": 0.002005347593582888, "can,my": 0.00267379679144385, "friend,say": 0.002339572192513369, "is,my": 0.004679144385026738, "friend,aware": 0.004344919786096257, "which,i": 0.0016711229946524064, "the,minister": 0.002005347593582888, "this,debate": 0.0016711229946524064, "number,of": 0.00267379679144385, "beg,to": 0.004344919786096257, "to,move": 0.004344919786096257, "move,that": 0.004010695187165776, "bill,be": 0.002005347593582888, "be,now": 0.002339572192513369, "now,read": 0.002005347593582888, "read,a": 0.002005347593582888, "time,<e>": 0.002005347593582888, "interests,of": 0.0016711229946524064, "do,now": 0.0016711229946524064, "rise,to": 0.0016711229946524064}