{"<cs>,my": 0.031909547738693464, "my,lords": 0.03291457286432161, "the,last": 0.001256281407035176, "as,a": 0.002512562814070352, "perhaps,i": 0.0032663316582914573, "in,the": 0.016582914572864323, "and,in": 0.002512562814070352, "parts,of": 0.001256281407035176, "of,the": 0.026381909547738693, "it,is": 0.008542713567839196, "with,the": 0.002763819095477387, "the,greatest": 0.0020100502512562816, "that,i": 0.008291457286432161, "i,rise": 0.004522613065326633, "rise,to": 0.0037688442211055275, "to,support": 0.005778894472361809, "support,this": 0.0017587939698492463, "this,bill": 0.0022613065326633165, "to,me": 0.001507537688442211, "<e>,<s>": 0.07160804020100503, "<s>,the": 0.0017587939698492463, "all,of": 0.002512562814070352, "of,us": 0.0017587939698492463, "lords,it": 0.0032663316582914573, "it,gives": 0.0037688442211055275, "gives,me": 0.0037688442211055275, "me,great": 0.002512562814070352, "great,pleasure": 0.0032663316582914573, "pleasure,to": 0.0037688442211055275, "other,noble": 0.0022613065326633165, "noble,lords": 0.00628140703517588, "lords,in": 0.0017587939698492463, "the,noble": 0.030402010050251255, "noble,baroness": 0.009045226130653266, "baroness,lady": 0.002512562814070352, "this,debate": 0.003015075376884422, "debate,this": 0.001256281407035176, "this,afternoon": 0.0022613065326633165, "i,had": 0.001256281407035176, "which,the": 0.001256281407035176, "will,agree": 0.0020100502512562816, "a,great": 0.003015075376884422, "<s>,it": 0.002763819095477387, "it,was": 0.001507537688442211, "to,welcome": 0.001507537688442211, "welcome,this": 0.002512562814070352, "introduced,by": 0.001256281407035176, "by,the": 0.00728643216080402, "<s>,i": 0.022613065326633167, "to,speak": 0.002512562814070352, "because,i": 0.0022613065326633165, "i,was": 0.002512562814070352, "to,be": 0.002512562814070352, "and,i": 0.006030150753768844, "i,would": 0.001256281407035176, "opportunity,to": 0.001256281407035176, "so,many": 0.001507537688442211, "many,of": 0.0037688442211055275, "of,these": 0.0020100502512562816, "over,the": 0.0020100502512562816, "the,country": 0.0032663316582914573, "country,<e>": 0.0017587939698492463, "i,am": 0.01256281407035176, "of,course": 0.0017587939698492463, "and,other": 0.0017587939698492463, "am,sure": 0.001507537688442211, "your,lordships": 0.011306532663316583, "lordships,will": 0.001507537688442211, "agree,that": 0.005778894472361809, "that,many": 0.002512562814070352, "we,would": 0.001256281407035176, "lords,like": 0.001256281407035176, "of,your": 0.002763819095477387, "on,the": 0.009547738693467337, "noble,lord": 0.016331658291457288, "lord,lord": 0.012814070351758794, "i,have": 0.0092964824120603, "have,had": 0.001256281407035176, "part,of": 0.0017587939698492463, "the,middle": 0.002763819095477387, "middle,east": 0.002763819095477387, "during,the": 0.001256281407035176, "of,which": 0.0017587939698492463, "which,i": 0.0035175879396984926, "have,been": 0.005778894472361809, "there,are": 0.001507537688442211, "at,the": 0.0032663316582914573, "the,problems": 0.001507537688442211, "and,so": 0.0020100502512562816, "i,feel": 0.002512562814070352, "feel,that": 0.0017587939698492463, "<cs>,i": 0.005527638190954774, "in,fact": 0.001507537688442211, "i,hope": 0.001507537688442211, "congratulations,to": 0.001256281407035176, "to,the": 0.01507537688442211, "lord,mayhew": 0.001256281407035176, "we,are": 0.001507537688442211, "may,i": 0.0017587939698492463, "say,that": 0.0017587939698492463, "in,touch": 0.001256281407035176, "touch,with": 0.001507537688442211, "and,to": 0.0020100502512562816, "in,that": 0.0017587939698492463, "most,of": 0.0020100502512562816, "grateful,to": 0.002763819095477387, "this,very": 0.001256281407035176, "very,important": 0.001256281407035176, "i,should": 0.007035175879396985, "like,to": 0.006532663316582915, "has,been": 0.005025125628140704, "add,my": 0.001256281407035176, "i,wish": 0.0020100502512562816, "wish,to": 0.0017587939698492463, "this,evening": 0.0017587939698492463, "about,the": 0.004773869346733669, "the,ethnic": 0.001256281407035176, "ethnic,minorities": 0.0017587939698492463, "some,of": 0.002512562814070352, "of,them": 0.0017587939698492463, "in,britain": 0.0017587939698492463, "lords,does": 0.001256281407035176, "does,the": 0.001256281407035176, "lord,the": 0.002763819095477387, "the,minister": 0.007788944723618091, "not,agree": 0.001507537688442211, "that,the": 0.0092964824120603, "the,plo": 0.001507537688442211, "which,are": 0.001256281407035176, "<s>,secondly": 0.001256281407035176, "is,the": 0.004522613065326633, "aware,that": 0.0035175879396984926, "and,the": 0.005527638190954774, "of,a": 0.0017587939698492463, "<s>,perhaps": 0.0017587939698492463, "i,may": 0.003015075376884422, "from,the": 0.0037688442211055275, "<s>,we": 0.001507537688442211, "we,have": 0.0035175879396984926, "in,our": 0.001256281407035176, "the,commonwealth": 0.001256281407035176, "as,one": 0.001256281407035176, "that,is": 0.0020100502512562816, "so,on": 0.001256281407035176, "lords,i": 0.016331658291457288, "i,must": 0.0017587939698492463, "a,very": 0.0017587939698492463, "the,age": 0.001256281407035176, "age,of": 0.001256281407035176, "my,noble": 0.0037688442211055275, "noble,friend": 0.002763819095477387, "friend,lord": 0.003015075376884422, "of,my": 0.002512562814070352, "should,like": 0.005778894472361809, "in,particular": 0.001507537688442211, "with,which": 0.001256281407035176, "for,the": 0.004271356783919598, "i,shall": 0.007035175879396985, "which,have": 0.001507537688442211, "so,ably": 0.0020100502512562816, "<s>,in": 0.0020100502512562816, "which,was": 0.0017587939698492463, "and,particularly": 0.001256281407035176, "and,it": 0.0020100502512562816, "deal,with": 0.001256281407035176, "the,third": 0.001507537688442211, "third,world": 0.001256281407035176, "me,the": 0.001256281407035176, "<s>,however": 0.0017587939698492463, "the,debate": 0.0022613065326633165, "that,it": 0.002763819095477387, "the,past": 0.001507537688442211, "<s>,as": 0.0022613065326633165, "world,<e>": 0.001256281407035176, "i,beg": 0.0032663316582914573, "beg,leave": 0.0032663316582914573, "leave,to": 0.0035175879396984926, "to,ask": 0.002512562814070352, "ask,the": 0.002763819095477387, "the,question": 0.0017587939698492463, "question,standing": 0.0020100502512562816, "standing,in": 0.0020100502512562816, "in,my": 0.0037688442211055275, "my,name": 0.002512562814070352, "name,on": 0.0022613065326633165, "the,order": 0.0020100502512562816, "order,paper": 0.0020100502512562816, "paper,<e>": 0.0020100502512562816, "i,thank": 0.0035175879396984926, "thank,the": 0.0037688442211055275, "noble,and": 0.001507537688442211, "and,learned": 0.001507537688442211, "for,that": 0.0037688442211055275, "reply,<e>": 0.0017587939698492463, "<s>,nevertheless": 0.0022613065326633165, "of,such": 0.001256281407035176, "is,he": 0.001507537688442211, "in,a": 0.0017587939698492463, "of,this": 0.002512562814070352, "bill,<e>": 0.0017587939698492463, "is,to": 0.0017587939698492463, "her,majestys": 0.0022613065326633165, "which,has": 0.001507537688442211, "baroness,the": 0.001256281407035176, "of,great": 0.001256281407035176, "of,human": 0.001507537688442211, "human,rights": 0.003015075376884422, "the,bill": 0.002763819095477387, "members,of": 0.001256281407035176, "lordships,house": 0.002763819095477387, "that,this": 0.0017587939698492463, "as,i": 0.003015075376884422, "i,said": 0.001507537688442211, "my,own": 0.001507537688442211, "i,warmly": 0.001507537688442211, "warmly,welcome": 0.001507537688442211, "it,has": 0.001256281407035176, "support,the": 0.0037688442211055275, "i,know": 0.0022613065326633165, "know,that": 0.001507537688442211, "but,i": 0.004020100502512563, "the,committee": 0.001507537688442211, "that,he": 0.001507537688442211, "and,that": 0.0017587939698492463, "that,we": 0.003015075376884422, "in,this": 0.006030150753768844, "there,is": 0.0017587939698492463, "is,a": 0.004020100502512563, "the,house": 0.002512562814070352,